model_id,min_price_old,min_price_new,date,status
1,,31.0,2025-04-29,None
2,,,,None
3,25.0,28.0,2026-06-22,None
4,31.0,30.0,2026-02-23,None
5,80.0,78.0,2026-07-22,Down
6,,225.0,2024-09-06,None
7,,,,None
8,,10.0,2026-02-23,None
9,138.0,128.0,2025-02-16,None
10,138.0,128.0,2025-02-16,None
11,88.0,90.0,2026-06-20,None
12,130.0,90.0,2026-06-20,None
13,88.0,90.0,2026-06-20,None
14,,145.0,2024-11-09,None
15,142.0,145.0,2024-11-09,None
16,,145.0,2024-11-09,None
17,,145.0,2024-11-09,None
18,,,,None
19,,135.0,2026-02-04,None
20,,,,None
21,,,,None
22,,135.0,2026-02-04,None
23,,,,None
24,42.0,40.0,2026-02-12,None
25,,,,None
26,,,,None
27,,,,None
28,145.0,150.0,2026-07-18,None
29,145.0,150.0,2026-07-18,None
30,,,,None
31,,,,None
32,,,,None
33,,140.0,2026-02-09,None
34,85.0,90.0,2024-12-23,None
35,85.0,90.0,2024-12-23,None
36,,,,None
37,,,,None
38,135.0,40.0,2026-02-12,None
39,,,,None
40,,160.0,2026-02-09,None
41,,,,None
42,,,,None
43,,,,None
44,,,,None
45,145.0,148.0,2025-01-22,None
46,145.0,148.0,2025-01-22,None
47,105.0,140.0,2026-02-21,None
48,,,,None
49,,,,None
50,,,,None
51,,,,None
52,,,,None
53,,,,None
54,,57.0,2024-08-14,None
55,85.0,90.0,2024-12-23,None
56,,,,None
57,,,,None
58,,,,None
59,85.0,90.0,2024-12-23,None
60,100.0,50.0,2025-06-26,None
61,,,,None
62,,300.0,2025-06-26,None
63,,200.0,2025-06-26,None
64,,,,None
65,,,,None
66,,,,None
67,,,,None
68,,,,None
69,,,,None
70,,,,None
71,,,,None
72,,,,None
73,,,,None
74,,,,None
75,,,,None
76,590.0,600.0,2026-06-20,None
77,,,,None
78,620.0,580.0,2026-02-18,None
79,,670.0,2025-07-28,None
80,,,,None
81,,,,None
82,,,,None
83,,,,None
84,,,,None
85,,,,None
86,,,,None
87,,,,None
88,,,,None
89,,,,None
90,,,,None
91,,,,None
92,100.0,50.0,2025-06-26,None
93,200.0,250.0,2025-06-26,None
94,,,,None
95,,,,None
96,,300.0,2025-06-26,None
97,,,,None
98,,,,None
99,,,,None
100,,,,None
101,,,,None
102,,,,None
103,,,,None
104,,,,None
105,,,,None
106,,,,None
107,,,,None
108,,,,None
109,380.0,370.0,2025-02-04,None
110,,,,None
111,,,,None
112,,,,None
113,,,,None
114,380.0,370.0,2025-02-04,None
115,400.0,390.0,2025-10-06,None
116,,,,None
117,,,,None
118,,,,None
119,,,,None
120,400.0,390.0,2025-10-06,None
121,,,,None
122,,,,None
123,,,,None
124,,,,None
125,,,,None
126,,,,None
127,645.0,650.0,2026-06-29,None
128,645.0,650.0,2026-06-29,None
129,700.0,690.0,2025-12-07,None
130,715.0,700.0,2024-11-27,None
131,675.0,660.0,2026-05-02,None
132,830.0,860.0,2024-10-22,None
133,830.0,860.0,2024-10-22,None
134,830.0,800.0,2024-11-21,None
135,860.0,800.0,2024-11-05,None
136,900.0,860.0,2025-10-01,None
137,,,,None
138,,,,None
139,,,,None
140,,,,None
141,,,,None
142,,,,None
143,,,,None
144,,,,None
145,,,,None
146,,,,None
147,,,,None
148,,,,None
149,,,,None
150,,,,None
151,,,,None
152,,,,None
153,,,,None
154,,,,None
155,,,,None
156,,,,None
157,,,,None
158,,,,None
159,,,,None
160,,,,None
161,,,,None
162,,,,None
163,,,,None
164,,,,None
165,,,,None
166,,,,None
167,,,,None
168,,,,None
169,,,,None
170,,,,None
171,,,,None
172,,,,None
173,,,,None
174,,,,None
175,,,,None
176,,,,None
177,,,,None
178,,,,None
179,,,,None
180,,,,None
181,,,,None
182,,,,None
183,,,,None
184,,,,None
185,,,,None
186,,,,None
187,,,,None
188,,,,None
189,530.0,550.0,2026-07-13,None
190,530.0,550.0,2026-07-13,None
191,500.0,510.0,2026-02-07,None
192,560.0,580.0,2025-09-05,None
193,,510.0,2025-06-11,None
194,,,,None
195,,,,None
196,,,,None
197,,,,None
198,,,,None
199,,,,None
200,,,,None
201,,,,None
202,,,,None
203,,,,None
204,900.0,800.0,2025-03-18,None
205,920.0,900.0,2024-10-10,None
206,920.0,900.0,2024-10-10,None
207,920.0,900.0,2024-10-10,None
208,900.0,820.0,2025-03-18,None
209,1120.0,1100.0,2024-10-10,None
210,1120.0,1100.0,2024-10-10,None
211,1120.0,1100.0,2024-10-10,None
212,1120.0,1100.0,2024-10-10,None
213,1120.0,1100.0,2024-10-16,None
214,,,,None
215,,,,None
216,,,,None
217,,,,None
218,,,,None
219,980.0,930.0,2024-12-03,None
220,980.0,900.0,2024-11-27,None
221,980.0,930.0,2024-12-03,None
222,940.0,930.0,2024-11-27,None
223,1100.0,1050.0,2024-11-05,None
224,1040.0,1050.0,2024-11-11,None
225,1100.0,1050.0,2024-11-05,None
226,1080.0,1100.0,2024-12-12,None
227,,,,None
228,,1100.0,2025-02-11,None
229,,,,None
230,,,,None
231,,830.0,2024-08-14,None
232,830.0,720.0,2025-03-18,None
233,,830.0,2024-08-14,None
234,,830.0,2024-08-14,None
235,,830.0,2024-08-14,None
236,,1020.0,2024-08-14,None
237,,1020.0,2024-08-14,None
238,,1020.0,2024-08-14,None
239,,1020.0,2024-08-14,None
240,,1020.0,2024-08-14,None
241,,,,None
242,,,,None
243,,,,None
244,,,,None
245,,,,None
246,,,,None
247,,,,None
248,,,,None
249,,,,None
250,,,,None
251,,,,None
252,,,,None
253,,,,None
254,,,,None
255,970.0,950.0,2024-10-30,None
256,970.0,950.0,2024-10-30,None
257,970.0,950.0,2024-10-30,None
258,1000.0,980.0,2024-11-27,None
259,1060.0,1040.0,2024-10-22,None
260,1060.0,1050.0,2024-10-22,None
261,1060.0,1040.0,2024-10-22,None
262,1070.0,1090.0,2024-10-07,None
263,,,,None
264,,,,None
265,,,,None
266,,,,None
267,750.0,620.0,2025-03-18,None
268,760.0,750.0,2024-09-12,None
269,750.0,620.0,2025-03-18,None
270,760.0,750.0,2024-09-12,None
271,760.0,750.0,2024-09-12,None
272,,920.0,2024-08-14,None
273,,920.0,2024-08-14,None
274,,920.0,2024-08-14,None
275,,920.0,2024-08-14,None
276,920.0,900.0,2025-01-21,None
277,,,,None
278,,,,None
279,,,,None
280,,,,None
281,,,,None
282,,,,None
283,,,,None
284,,,,None
285,,,,None
286,,,,None
287,,,,None
288,,,,None
289,,,,None
290,,,,None
291,,,,None
292,,,,None
293,,,,None
294,,,,None
295,,,,None
296,,,,None
297,,,,None
298,1100.0,1000.0,2025-03-12,None
299,1100.0,1050.0,2025-03-12,None
300,1100.0,1000.0,2025-03-12,None
301,1110.0,1050.0,2025-03-12,None
302,1220.0,1200.0,2025-01-04,None
303,1270.0,1250.0,2024-12-12,None
304,1220.0,1200.0,2025-01-04,None
305,1350.0,1250.0,2024-12-12,None
306,,,,None
307,,,,None
308,,,,None
309,,,,None
310,1100.0,1080.0,2025-03-12,None
311,1050.0,1100.0,2025-03-12,None
312,1100.0,1080.0,2025-03-12,None
313,1110.0,1100.0,2025-02-11,None
314,1290.0,1280.0,2024-11-22,None
315,1320.0,1300.0,2024-11-22,None
316,1320.0,1300.0,2024-11-22,None
317,1270.0,1250.0,2024-12-12,None
326,99.0,75.0,2026-02-09,None
327,,99.0,2024-08-14,None
328,,75.0,2024-08-14,None
329,,75.0,2024-08-14,None
330,,75.0,2024-08-14,None
331,42.0,133.0,2026-02-09,None
332,,42.0,2024-08-14,None
333,155.0,105.0,2024-08-16,None
334,105.0,100.0,2025-02-16,None
335,155.0,105.0,2024-08-16,None
336,165.0,120.0,2024-08-16,None
337,165.0,120.0,2024-08-16,None
338,165.0,120.0,2024-08-16,None
339,17.0,23.0,2026-02-23,None
340,230.0,225.0,2026-04-27,None
341,240.0,225.0,2026-04-27,None
342,230.0,225.0,2026-04-27,None
343,31.0,33.0,2026-04-27,None
344,31.0,33.0,2026-04-27,None
345,31.0,33.0,2026-04-27,None
346,33.0,31.0,2026-03-22,None
347,30.0,73.0,2026-02-12,None
348,73.0,85.0,2026-07-10,None
349,73.0,85.0,2026-07-10,None
350,184.0,200.0,2026-03-22,None
351,184.0,200.0,2026-03-22,None
352,165.0,163.0,2026-07-10,None
353,180.0,200.0,2026-02-12,None
354,33.0,31.0,2026-06-29,None
355,16.0,18.0,2026-06-29,None
356,5.0,7.0,2026-06-29,None
357,23.0,22.0,2026-06-29,None
358,,,,None
359,,,,None
360,,320.0,2025-05-26,None
361,,,,None
362,305.0,300.0,2025-03-18,None
363,320.0,315.0,2025-03-18,None
364,305.0,300.0,2025-03-18,None
365,305.0,300.0,2025-03-18,None
366,,,,None
367,320.0,335.0,2024-11-27,None
368,350.0,340.0,2024-10-08,None
369,320.0,335.0,2024-11-27,None
370,,,,None
371,,,,None
372,,,,None
373,,,,None
374,,,,None
375,,,,None
376,,,,None
377,,,,None
378,,,,None
379,,,,None
380,,,,None
381,,,,None
382,,,,None
383,,,,None
384,,,,None
385,,,,None
386,211.0,210.0,2025-05-26,None
387,211.0,210.0,2025-05-26,None
388,219.0,215.0,2025-02-26,None
389,194.0,202.0,2024-12-26,None
390,205.0,210.0,2024-09-10,None
391,,205.0,2024-08-27,None
392,,,,None
393,,,,None
394,,,,None
395,,,,None
396,,,,None
397,,,,None
398,220.0,225.0,2025-05-07,None
399,220.0,225.0,2025-04-21,None
400,225.0,249.0,2024-10-04,None
401,232.0,230.0,2025-02-26,None
402,,,,None
403,,,,None
404,,,,None
405,104.0,102.0,2024-12-23,None
406,105.0,104.0,2024-10-30,None
407,105.0,104.0,2024-10-30,None
408,120.0,115.0,2025-01-29,None
409,,,,None
410,118.0,117.0,2024-09-10,None
411,,,,None
412,,,,None
413,,,,None
414,,,,None
415,312.0,320.0,2025-07-19,None
416,315.0,312.0,2025-06-09,None
417,312.0,320.0,2025-07-19,None
418,,,,None
419,,,,None
420,,,,None
421,,,,None
422,,,,None
423,340.0,350.0,2025-06-11,None
424,349.0,353.0,2025-01-29,None
425,355.0,350.0,2025-06-11,None
426,345.0,342.0,2024-10-08,None
427,,355.0,2025-02-11,None
428,350.0,355.0,2025-03-12,None
429,360.0,355.0,2025-03-18,None
430,,,,None
431,83.0,75.0,2025-01-30,None
432,,,,None
433,,,,None
434,,,,None
435,,,,None
436,,,,None
437,,,,None
438,,,,None
439,,,,None
440,,,,None
441,,,,None
442,,,,None
443,,,,None
444,990.0,1000.0,2025-01-17,None
445,,,,None
446,,,,None
447,,,,None
448,,,,None
449,1100.0,1080.0,2025-02-26,None
450,,,,None
451,,,,None
452,1100.0,1080.0,2025-02-26,None
453,,,,None
454,,,,None
455,,,,None
456,,,,None
457,,,,None
458,625.0,590.0,2024-08-27,None
459,550.0,650.0,2025-01-12,None
460,,,,None
461,,,,None
462,,,,None
463,,,,None
464,,,,None
465,,,,None
466,690.0,680.0,2024-08-27,None
467,700.0,690.0,2025-04-21,None
468,,,,None
469,,,,None
470,,,,None
471,,,,None
472,,,,None
473,,,,None
474,380.0,385.0,2025-03-18,None
475,,,,None
476,380.0,385.0,2025-03-18,None
477,430.0,420.0,2024-10-08,None
478,,,,None
479,,,,None
480,430.0,420.0,2025-01-29,None
481,,480.0,2024-08-27,None
482,430.0,420.0,2025-01-29,None
483,460.0,415.0,2024-12-12,None
484,,,,None
485,,,,None
486,,,,None
487,,,,None
488,,,,None
489,,,,None
490,,,,None
491,,,,None
492,,,,None
493,,,,None
494,,,,None
495,,,,None
496,,,,None
497,,,,None
498,,,,None
499,,,,None
500,,,,None
501,,,,None
502,,,,None
503,,,,None
504,,,,None
505,,,,None
506,,,,None
507,,,,None
508,,,,None
509,,,,None
510,,,,None
511,,,,None
512,,,,None
513,,,,None
514,,,,None
515,,,,None
516,,,,None
517,,,,None
518,,,,None
519,,,,None
520,,,,None
521,,,,None
522,,,,None
523,,,,None
524,,,,None
525,,,,None
526,730.0,735.0,2024-10-22,None
527,730.0,735.0,2024-10-22,None
528,,,,None
529,,,,None
530,,,,None
531,,,,None
532,,,,None
533,,,,None
534,,,,None
535,745.0,740.0,2025-03-18,None
536,745.0,740.0,2025-03-18,None
537,760.0,750.0,2024-12-26,None
538,,,,None
539,,,,None
540,,,,None
541,,,,None
542,,,,None
543,,,,None
544,805.0,795.0,2024-10-16,None
545,805.0,795.0,2024-10-16,None
546,,,,None
547,,805.0,2024-09-25,None
548,,,,None
549,,,,None
550,,,,None
551,,,,None
552,,,,None
553,,,,None
554,,,,None
555,,,,None
556,,,,None
557,,,,None
558,,,,None
559,,,,None
560,,,,None
561,,,,None
562,910.0,950.0,2026-03-07,None
563,910.0,950.0,2026-03-07,None
564,870.0,860.0,2025-11-25,None
565,,850.0,2025-02-26,None
566,,,,None
567,,,,None
568,,,,None
569,980.0,990.0,2026-02-09,None
570,980.0,990.0,2026-02-09,None
571,975.0,1050.0,2024-12-28,None
572,,,,None
573,,,,None
574,,,,None
575,,,,None
576,,,,None
577,,,,None
578,,,,None
579,,,,None
580,,,,None
581,,,,None
582,,,,None
583,,,,None
584,780.0,850.0,2025-01-29,None
585,,,,None
586,,,,None
587,,,,None
588,,,,None
589,,,,None
590,,,,None
591,,,,None
592,,,,None
593,,,,None
594,,,,None
595,,,,None
596,,,,None
597,,,,None
598,,,,None
599,,,,None
600,,,,None
601,,,,None
602,,,,None
603,,,,None
604,,,,None
605,,,,None
606,,,,None
607,,,,None
608,,,,None
609,,,,None
610,,,,None
611,510.0,490.0,2025-01-29,None
612,505.0,530.0,2024-12-23,None
613,530.0,490.0,2025-01-29,None
614,,530.0,2024-12-23,None
615,,,,None
616,,,,None
617,570.0,530.0,2025-02-04,None
618,,,,None
619,620.0,530.0,2025-02-04,None
620,610.0,620.0,2024-12-23,None
621,,,,None
622,,,,None
623,,,,None
624,,,,None
625,,,,None
626,,,,None
627,,,,None
628,,,,None
629,,,,None
630,,,,None
631,,,,None
632,,200.0,2024-08-14,None
633,,200.0,2024-08-14,None
634,,200.0,2024-08-14,None
635,,,,None
636,,,,None
637,,,,None
638,750.0,800.0,2025-07-26,None
639,800.0,790.0,2024-09-25,None
640,750.0,800.0,2025-07-26,None
641,765.0,770.0,2024-12-23,None
642,,,,None
643,,,,None
644,,,,None
645,820.0,870.0,2025-01-12,None
646,850.0,820.0,2024-10-08,None
647,,,,None
648,,,,None
649,,,,None
650,,,,None
651,,,,None
652,140.0,143.0,2024-09-10,None
653,140.0,143.0,2024-09-10,None
654,,,,None
655,,,,None
656,152.0,160.0,2024-10-19,None
657,158.0,160.0,2024-11-21,None
658,160.0,158.0,2024-11-07,None
659,,,,None
660,,,,None
661,,,,None
662,,,,None
663,,,,None
664,188.0,182.0,2024-10-30,None
665,182.0,180.0,2024-11-13,None
666,182.0,180.0,2024-11-13,None
667,180.0,178.0,2024-08-27,None
668,1440.0,1370.0,2025-11-25,None
669,1440.0,1410.0,2025-10-29,None
670,1160.0,1300.0,2025-02-11,None
671,1300.0,1350.0,2025-08-05,None
672,1230.0,1220.0,2025-05-28,None
673,1390.0,1420.0,2025-08-05,None
674,1390.0,1420.0,2025-08-05,None
675,1470.0,1475.0,2024-10-05,None
676,,1380.0,2025-02-26,None
677,,,,None
678,,,,None
679,,,,None
680,,,,None
681,,,,None
682,,,,None
683,114.0,113.0,2024-11-21,None
684,,,,None
685,,,,None
686,,,,None
687,123.0,130.0,2025-01-12,None
688,123.0,130.0,2025-01-12,None
689,,,,None
690,123.0,130.0,2025-01-12,None
691,,,,None
692,,,,None
693,,,,None
694,,,,None
695,,,,None
696,,,,None
697,,,,None
698,,,,None
699,,,,None
700,,,,None
701,,,,None
702,,,,None
703,,,,None
704,,,,None
705,,,,None
706,,,,None
707,530.0,550.0,2026-06-03,None
708,530.0,550.0,2026-06-03,None
709,530.0,550.0,2026-06-03,None
710,530.0,550.0,2026-06-03,None
711,,,,None
712,,,,None
713,635.0,630.0,2024-09-25,None
714,590.0,585.0,2026-03-31,None
715,600.0,615.0,2026-06-15,None
716,600.0,590.0,2026-03-23,None
717,585.0,600.0,2026-06-03,None
718,,,,None
719,,,,None
720,,615.0,2026-02-09,None
721,,,,None
722,,,,None
723,,,,None
724,,,,None
725,,,,None
726,,,,None
727,,,,None
728,,600.0,2026-07-09,None
729,,600.0,2026-07-09,None
730,,,,None
731,,,,None
732,,,,None
733,,,,None
734,,,,None
735,670.0,685.0,2024-10-03,None
736,840.0,830.0,2025-10-29,None
737,770.0,830.0,2025-06-30,None
738,750.0,800.0,2025-07-01,None
739,800.0,830.0,2025-06-30,None
740,,,,None
741,,,,None
742,,880.0,2024-09-17,None
743,920.0,850.0,2025-11-25,None
744,900.0,850.0,2025-11-25,None
745,800.0,900.0,2025-06-30,None
746,780.0,790.0,2024-12-26,None
747,,,,None
748,,820.0,2025-03-18,None
749,,,,None
750,,,,None
751,260.0,250.0,2024-09-17,None
752,,,,None
753,260.0,270.0,2025-03-23,None
754,273.0,277.0,2025-02-26,None
755,260.0,270.0,2025-03-23,None
756,250.0,275.0,2025-01-12,None
757,,,,None
758,,,,None
759,,,,None
760,,,,None
761,270.0,275.0,2025-05-04,None
762,280.0,270.0,2025-03-29,None
763,270.0,275.0,2025-05-04,None
764,,307.0,2024-10-19,None
765,,,,None
766,,,,None
767,,,,None
768,,,,None
769,350.0,340.0,2025-03-18,None
770,350.0,340.0,2025-03-18,None
771,650.0,520.0,2025-04-03,None
772,650.0,520.0,2025-04-03,None
773,890.0,880.0,2025-03-06,None
774,890.0,880.0,2025-03-06,None
775,1000.0,1050.0,2025-04-03,None
776,1000.0,1050.0,2025-04-03,None
777,1165.0,1180.0,2025-02-13,None
778,1165.0,1180.0,2025-02-13,None
779,,1350.0,2024-09-17,None
780,,1350.0,2024-09-17,None
781,1650.0,1530.0,2024-12-11,None
782,1650.0,1530.0,2024-12-11,None
783,325.0,320.0,2025-04-03,None
784,325.0,320.0,2025-04-03,None
785,325.0,320.0,2025-04-03,None
786,325.0,320.0,2025-04-03,None
787,470.0,460.0,2025-03-06,None
788,470.0,460.0,2025-03-06,None
789,470.0,460.0,2025-03-06,None
790,470.0,460.0,2025-03-06,None
791,550.0,560.0,2025-04-03,None
792,550.0,560.0,2025-04-03,None
793,550.0,560.0,2025-04-03,None
794,550.0,560.0,2025-04-03,None
795,660.0,650.0,2025-03-11,None
796,660.0,650.0,2025-03-11,None
797,660.0,650.0,2025-03-11,None
798,660.0,650.0,2025-03-11,None
799,,1200.0,2024-09-17,None
800,,1200.0,2024-09-17,None
801,,1200.0,2024-09-17,None
802,,1200.0,2024-09-17,None
803,,,,None
804,,,,None
805,,,,None
806,,,,None
807,800.0,765.0,2025-03-18,None
808,800.0,765.0,2025-03-18,None
809,800.0,765.0,2025-03-18,None
810,800.0,765.0,2025-03-18,None
811,,950.0,2024-09-17,None
812,,950.0,2024-09-17,None
813,,950.0,2024-09-17,None
814,,950.0,2024-09-17,None
815,,1300.0,2024-09-17,None
816,,1300.0,2024-09-17,None
817,,1300.0,2024-09-17,None
818,,1300.0,2024-09-17,None
819,,,,None
820,,,,None
821,,,,None
822,,,,None
823,1150.0,1140.0,2025-04-03,None
824,1150.0,1140.0,2025-04-03,None
825,1355.0,1330.0,2025-03-11,None
826,1355.0,1330.0,2025-03-11,None
827,1550.0,1600.0,2025-03-11,None
828,1550.0,1600.0,2025-03-11,None
829,1700.0,1680.0,2025-04-03,None
830,1700.0,1680.0,2025-04-03,None
831,460.0,465.0,2025-03-18,None
832,460.0,465.0,2025-03-18,None
833,460.0,465.0,2025-03-18,None
834,460.0,465.0,2025-03-18,None
835,800.0,750.0,2025-03-11,None
836,800.0,750.0,2025-03-11,None
837,800.0,750.0,2025-03-11,None
838,800.0,750.0,2025-03-11,None
839,245.0,275.0,2025-04-03,None
840,245.0,275.0,2025-04-03,None
841,370.0,360.0,2025-04-03,None
842,370.0,360.0,2025-04-03,None
843,,610.0,2024-09-17,None
844,,610.0,2024-09-17,None
845,,610.0,2024-09-17,None
846,,610.0,2024-09-17,None
847,940.0,950.0,2024-10-01,None
848,940.0,950.0,2024-10-01,None
849,940.0,950.0,2024-10-01,None
850,940.0,950.0,2024-10-01,None
851,1230.0,1200.0,2025-04-03,None
852,1210.0,1200.0,2025-04-03,None
853,1500.0,1480.0,2025-03-11,None
854,1500.0,1480.0,2025-03-11,None
855,1650.0,1630.0,2025-04-03,None
856,1650.0,1630.0,2025-04-03,None
857,1730.0,1700.0,2025-03-18,None
858,1730.0,1700.0,2025-03-18,None
859,460.0,450.0,2025-03-06,None
860,460.0,450.0,2025-03-06,None
861,460.0,450.0,2025-03-06,None
862,460.0,450.0,2025-03-06,None
863,460.0,450.0,2025-03-06,None
864,620.0,600.0,2025-02-26,None
865,620.0,600.0,2025-02-26,None
866,620.0,600.0,2025-02-26,None
867,620.0,600.0,2025-02-26,None
868,620.0,600.0,2025-02-26,None
869,760.0,800.0,2024-10-16,None
870,760.0,800.0,2024-10-16,None
871,850.0,845.0,2025-03-18,None
872,850.0,845.0,2025-03-18,None
873,1120.0,900.0,2025-02-04,None
874,1120.0,900.0,2025-02-04,None
875,1350.0,1300.0,2025-01-04,None
876,1350.0,1300.0,2025-01-04,None
877,,,,None
878,,,,None
879,350.0,370.0,2025-04-03,None
880,350.0,370.0,2025-04-03,None
881,350.0,370.0,2025-04-03,None
882,350.0,370.0,2025-04-03,None
883,520.0,515.0,2025-02-26,None
884,520.0,515.0,2025-02-26,None
885,520.0,515.0,2025-02-26,None
886,520.0,515.0,2025-02-26,None
887,670.0,650.0,2024-12-11,None
888,670.0,650.0,2024-12-11,None
889,670.0,650.0,2024-12-11,None
890,670.0,650.0,2024-12-11,None
891,670.0,650.0,2024-12-11,None
892,800.0,810.0,2025-01-04,None
893,800.0,810.0,2025-01-04,None
894,800.0,810.0,2025-01-04,None
895,800.0,810.0,2025-01-04,None
896,800.0,810.0,2025-01-04,None
897,960.0,1000.0,2025-01-04,None
898,960.0,1000.0,2025-01-04,None
899,1220.0,1200.0,2025-04-03,None
900,1220.0,1200.0,2025-04-03,None
901,1200.0,1260.0,2025-04-03,None
902,1200.0,1260.0,2025-04-03,None
903,,1400.0,2024-09-17,None
904,,1400.0,2024-09-17,None
905,1450.0,1300.0,2025-04-03,None
906,1450.0,1300.0,2025-04-03,None
907,,,,None
908,,,,None
909,1200.0,1190.0,2025-04-03,None
910,1200.0,1190.0,2025-04-03,None
911,1400.0,1500.0,2025-01-04,None
912,1400.0,1500.0,2025-01-04,None
913,1900.0,1650.0,2024-12-11,None
914,1900.0,1650.0,2024-12-11,None
915,1900.0,1770.0,2025-04-03,None
916,1900.0,1770.0,2025-04-03,None
917,900.0,800.0,2025-03-11,None
918,900.0,800.0,2025-03-11,None
919,1050.0,950.0,2025-02-04,None
920,1050.0,950.0,2025-02-04,None
921,1000.0,1100.0,2025-03-18,None
922,1000.0,1100.0,2025-03-18,None
923,1300.0,1480.0,2025-01-04,None
924,1300.0,1480.0,2025-01-04,None
925,,,,None
926,,,,None
927,,,,None
928,,1100.0,2024-08-14,None
929,930.0,925.0,2025-03-06,None
930,930.0,925.0,2025-03-06,None
931,1180.0,1150.0,2025-04-03,None
932,1180.0,1150.0,2025-04-03,None
933,1450.0,1550.0,2024-11-07,None
934,1450.0,1550.0,2024-11-07,None
935,2000.0,1700.0,2024-12-11,None
936,2000.0,1700.0,2024-12-11,None
937,1050.0,1040.0,2024-12-04,None
938,1050.0,1040.0,2024-12-04,None
939,1050.0,1040.0,2024-12-04,None
940,1050.0,1040.0,2024-12-04,None
941,1270.0,1250.0,2024-10-16,None
942,1270.0,1250.0,2024-10-16,None
943,1270.0,1250.0,2024-10-16,None
944,1270.0,1250.0,2024-10-16,None
945,,,,None
946,,,,None
947,,,,None
948,,,,None
949,,,,None
950,,,,None
951,,,,None
952,,,,None
953,1550.0,1420.0,2024-10-16,None
954,1550.0,1420.0,2024-10-16,None
955,1550.0,1420.0,2024-10-16,None
956,1550.0,1420.0,2024-10-16,None
957,1650.0,1550.0,2024-10-16,None
958,1650.0,1550.0,2024-10-16,None
959,1650.0,1550.0,2024-10-16,None
960,1650.0,1550.0,2024-10-16,None
961,1900.0,1700.0,2024-10-16,None
962,1900.0,1700.0,2024-10-16,None
963,1900.0,1700.0,2024-10-16,None
964,1900.0,1700.0,2024-10-16,None
965,,,,None
966,,,,None
967,,,,None
968,,,,None
969,,,,None
970,,,,None
971,,,,None
972,,,,None
973,,,,None
974,,,,None
975,,,,None
976,,,,None
977,,,,None
978,,,,None
979,,,,None
980,,,,None
981,,,,None
982,,,,None
983,,,,None
984,,,,None
985,800.0,790.0,2024-12-12,None
986,800.0,790.0,2024-12-12,None
987,800.0,790.0,2024-12-12,None
988,800.0,790.0,2024-12-12,None
989,1070.0,1065.0,2024-11-07,None
990,1070.0,1065.0,2024-11-07,None
991,1070.0,1065.0,2024-11-07,None
992,1070.0,1065.0,2024-11-07,None
993,,,,None
994,,,,None
995,,,,None
996,,,,None
997,,,,None
998,,,,None
999,,,,None
1000,,,,None
1001,1250.0,1170.0,2024-12-04,None
1002,1250.0,1170.0,2024-12-04,None
1003,1250.0,1170.0,2024-12-04,None
1004,1250.0,1170.0,2024-12-04,None
1005,1400.0,1300.0,2024-12-04,None
1006,1400.0,1300.0,2024-12-04,None
1007,1400.0,1300.0,2024-12-04,None
1008,1400.0,1300.0,2024-12-04,None
1009,,1800.0,2024-10-16,None
1010,,1800.0,2024-10-16,None
1011,,1800.0,2024-10-16,None
1012,,1800.0,2024-10-16,None
1013,,,,None
1014,,,,None
1015,,,,None
1016,,,,None
1017,,1850.0,2024-10-16,None
1018,,1850.0,2024-10-16,None
1019,,1850.0,2024-10-16,None
1020,,1850.0,2024-10-16,None
1021,,2100.0,2024-10-16,None
1022,,2100.0,2024-10-16,None
1023,,2100.0,2024-10-16,None
1024,,2100.0,2024-10-16,None
1025,,2250.0,2024-10-16,None
1026,,2250.0,2024-10-16,None
1027,,2250.0,2024-10-16,None
1028,,2250.0,2024-10-16,None
1029,,2350.0,2024-10-16,None
1030,,2350.0,2024-10-16,None
1031,,2350.0,2024-10-16,None
1032,,2350.0,2024-10-16,None
1033,,,,None
1034,,,,None
1035,,,,None
1036,,,,None
1037,,,,None
1038,,,,None
1039,,,,None
1040,,,,None
1041,,,,None
1042,,,,None
1043,,,,None
1044,,,,None
1045,2650.0,2770.0,2024-12-19,None
1046,2650.0,2770.0,2024-12-19,None
1047,,,,None
1048,,,,None
1049,,,,None
1050,,,,None
1051,,,,None
1052,,,,None
1053,,,,None
1054,,,,None
1055,3300.0,3200.0,2024-12-19,None
1056,3300.0,3200.0,2024-12-19,None
1057,,,,None
1058,,,,None
1059,,,,None
1060,,,,None
1061,,,,None
1062,,,,None
1063,,,,None
1064,,,,None
1065,5000.0,4400.0,2024-12-19,None
1066,5000.0,4400.0,2024-12-19,None
1067,,,,None
1068,,,,None
1069,,,,None
1070,,,,None
1071,,,,None
1072,,,,None
1073,,,,None
1074,,,,None
1075,,,,None
1076,,,,None
1077,,,,None
1078,,,,None
1079,,,,None
1080,,,,None
1081,,,,None
1082,,,,None
1083,,,,None
1084,,,,None
1085,,6180.0,2024-10-16,None
1086,,6180.0,2024-10-16,None
1087,,,,None
1088,,,,None
1089,,6200.0,2024-08-14,None
1090,,6200.0,2024-08-14,None
1091,,,,None
1092,,,,None
1093,1250.0,1240.0,2024-12-12,None
1094,1250.0,1240.0,2024-12-12,None
1095,1250.0,1240.0,2024-12-12,None
1096,1460.0,1450.0,2024-11-27,None
1097,1460.0,1450.0,2024-11-27,None
1098,1460.0,1450.0,2024-11-27,None
1099,,,,None
1100,,,,None
1101,,,,None
1102,,,,None
1103,,,,None
1104,,,,None
1105,,,,None
1106,,,,None
1107,,,,None
1108,,,,None
1109,,,,None
1110,,,,None
1111,1750.0,1730.0,2024-12-04,None
1112,1600.0,1730.0,2024-12-04,None
1113,1600.0,1730.0,2024-12-04,None
1114,1850.0,1800.0,2024-11-13,None
1115,1850.0,1800.0,2024-11-13,None
1116,1850.0,1800.0,2024-11-13,None
1117,,,,None
1118,,,,None
1119,,,,None
1120,,,,None
1121,,,,None
1122,,,,None
1123,,,,None
1124,,,,None
1125,,,,None
1126,,,,None
1127,,,,None
1128,,,,None
1129,,,,None
1130,,1890.0,2024-08-14,None
1131,,1890.0,2024-08-14,None
1132,,,,None
1133,,,,None
1134,,,,None
1135,,,,None
1136,,,,None
1137,,,,None
1138,,,,None
1139,,,,None
1140,,,,None
1141,,,,None
1142,,,,None
1143,,,,None
1144,,,,None
1145,,,,None
1146,,,,None
1147,,,,None
1148,,,,None
1149,,,,None
1150,,,,None
1151,,,,None
1152,,,,None
1153,,,,None
1154,,,,None
1155,,,,None
1156,,,,None
1157,,,,None
1158,,,,None
1159,,,,None
1160,,,,None
1161,,,,None
1162,,,,None
1163,,,,None
1164,,,,None
1165,,,,None
1166,,,,None
1167,,,,None
1168,,,,None
1169,,,,None
1170,,,,None
1171,,,,None
1172,,,,None
1173,,,,None
1174,,,,None
1175,,,,None
1176,,,,None
1177,,,,None
1178,,,,None
1179,,,,None
1180,,,,None
1181,,,,None
1182,,,,None
1183,,,,None
1184,,,,None
1185,,,,None
1186,,,,None
1187,,,,None
1188,,,,None
1189,,,,None
1190,,,,None
1191,,,,None
1192,,,,None
1193,,,,None
1194,,,,None
1195,,,,None
1196,,,,None
1197,,,,None
1198,,,,None
1199,,,,None
1200,,,,None
1201,,,,None
1202,,,,None
1203,,,,None
1204,,,,None
1205,,,,None
1206,,,,None
1207,,,,None
1208,,,,None
1209,,,,None
1210,,,,None
1211,,,,None
1212,,,,None
1213,,,,None
1214,,,,None
1215,,,,None
1216,,,,None
1217,,,,None
1218,,,,None
1219,,,,None
1220,,,,None
1221,,,,None
1222,,,,None
1223,,,,None
1224,,,,None
1225,,,,None
1226,,,,None
1227,,,,None
1228,,,,None
1229,,,,None
1230,,,,None
1231,,,,None
1232,,,,None
1233,,,,None
1234,,,,None
1235,,,,None
1236,,,,None
1237,,,,None
1238,,,,None
1239,,,,None
1240,,,,None
1241,,,,None
1242,,,,None
1243,,,,None
1244,,,,None
1245,,,,None
1246,,,,None
1247,,,,None
1248,,,,None
1249,,,,None
1250,,,,None
1251,,,,None
1252,,,,None
1253,,,,None
1254,,,,None
1255,,,,None
1256,,,,None
1257,,,,None
1258,,,,None
1259,,,,None
1260,,,,None
1261,,,,None
1262,,,,None
1263,,,,None
1264,,,,None
1265,,,,None
1266,,,,None
1267,2550.0,2500.0,2024-12-19,None
1268,2550.0,2500.0,2024-12-19,None
1269,,,,None
1270,,,,None
1271,,,,None
1272,,,,None
1273,,,,None
1274,,,,None
1275,,,,None
1276,,,,None
1277,,,,None
1278,,,,None
1279,,,,None
1280,,,,None
1281,,,,None
1282,,,,None
1283,,,,None
1284,,,,None
1285,,,,None
1286,,,,None
1287,,,,None
1288,,,,None
1289,,,,None
1290,,,,None
1291,,,,None
1292,,,,None
1293,,,,None
1294,,,,None
1295,2000.0,2100.0,2024-12-12,None
1296,2000.0,2100.0,2024-12-12,None
1297,,,,None
1298,,,,None
1299,,,,None
1300,,,,None
1301,,,,None
1302,,,,None
1303,,,,None
1304,,,,None
1305,2320.0,2400.0,2024-12-12,None
1306,2320.0,2400.0,2024-12-12,None
1307,3200.0,2650.0,2024-12-19,None
1308,3200.0,2650.0,2024-12-19,None
1309,,,,None
1310,,,,None
1311,,,,None
1312,,,,None
1313,,,,None
1314,,,,None
1315,,,,None
1316,,,,None
1317,,,,None
1318,,,,None
1319,,,,None
1320,,,,None
1321,,,,None
1322,,,,None
1323,,,,None
1324,,,,None
1325,,,,None
1326,,,,None
1327,,,,None
1328,,,,None
1329,,,,None
1330,,,,None
1331,,,,None
1332,,,,None
1333,,,,None
1334,,,,None
1335,,,,None
1336,,,,None
1337,,,,None
1338,,,,None
1339,,,,None
1340,,,,None
1341,,,,None
1342,,,,None
1343,,,,None
1344,,,,None
1345,,,,None
1346,,,,None
1347,,,,None
1348,,,,None
1349,,,,None
1350,,,,None
1351,,,,None
1352,,,,None
1353,,,,None
1354,,,,None
1355,,,,None
1356,680.0,670.0,2024-12-12,None
1357,680.0,670.0,2024-12-12,None
1358,,,,None
1359,,,,None
1360,,,,None
1361,,,,None
1362,,,,None
1363,,,,None
1364,,,,None
1365,,,,None
1366,,,,None
1367,,,,None
1368,,,,None
1369,,,,None
1370,,,,None
1371,,,,None
1372,,,,None
1373,,,,None
1374,,,,None
1375,,,,None
1376,,,,None
1377,,,,None
1378,,,,None
1379,2080.0,1830.0,2024-10-16,None
1380,2080.0,1830.0,2024-10-16,None
1381,2250.0,2150.0,2024-10-16,None
1382,2250.0,2150.0,2024-10-16,None
1383,,,,None
1384,,,,None
1385,,,,None
1386,,,,None
1387,,,,None
1388,,,,None
1389,,,,None
1390,,,,None
1391,,,,None
1392,,,,None
1393,,,,None
1394,,,,None
1395,,,,None
1396,,,,None
1397,,,,None
1398,,,,None
1399,,,,None
1400,,,,None
1401,,,,None
1402,,,,None
1403,,,,None
1404,,,,None
1405,,,,None
1406,,,,None
1407,,,,None
1408,,,,None
1409,,,,None
1410,,,,None
1411,,,,None
1412,,,,None
1413,,,,None
1414,,,,None
1415,,,,None
1416,,,,None
1417,,,,None
1418,,,,None
1419,,,,None
1420,,,,None
1421,,,,None
1422,,,,None
1423,,,,None
1424,,,,None
1425,,,,None
1426,,,,None
1427,,,,None
1428,,,,None
1429,,,,None
1430,,,,None
1431,,,,None
1432,,,,None
1433,,,,None
1434,,,,None
1435,,,,None
1436,,,,None
1437,,,,None
1438,,,,None
1439,,,,None
1440,,,,None
1441,,,,None
1442,,,,None
1443,,,,None
1444,,,,None
1445,,,,None
1446,,,,None
1447,,,,None
1448,,,,None
1449,,,,None
1450,,,,None
1451,,,,None
1452,,,,None
1453,,,,None
1454,,,,None
1455,,,,None
1456,,,,None
1457,,,,None
1458,,,,None
1459,,,,None
1460,,,,None
1461,,,,None
1462,,,,None
1463,,,,None
1464,,,,None
1465,,,,None
1466,,,,None
1467,,,,None
1468,,,,None
1469,,,,None
1470,,,,None
1471,1820.0,1800.0,2024-12-19,None
1472,1820.0,1800.0,2024-12-19,None
1473,1820.0,1800.0,2024-12-19,None
1474,1950.0,2070.0,2024-12-19,None
1475,1950.0,2070.0,2024-12-19,None
1476,1950.0,2070.0,2024-12-19,None
1477,,,,None
1478,,,,None
1479,,,,None
1480,,,,None
1481,,,,None
1482,,,,None
1483,,,,None
1484,,,,None
1485,,,,None
1486,,,,None
1487,,,,None
1488,,,,None
1489,,,,None
1490,,,,None
1491,,,,None
1492,,,,None
1493,,,,None
1494,,,,None
1495,,,,None
1496,,,,None
1497,,,,None
1498,,,,None
1499,,,,None
1500,,,,None
1501,,,,None
1502,,,,None
1503,,,,None
1504,,,,None
1505,,,,None
1506,,,,None
1507,,,,None
1508,,,,None
1509,,,,None
1510,2350.0,2330.0,2024-12-04,None
1511,2350.0,2330.0,2024-12-04,None
1512,2350.0,2330.0,2024-12-04,None
1513,,,,None
1514,,,,None
1515,,,,None
1516,,,,None
1517,,,,None
1518,,,,None
1519,,,,None
1520,,,,None
1521,,,,None
1522,,,,None
1523,,,,None
1524,,,,None
1525,,,,None
1526,,,,None
1527,,,,None
1528,,,,None
1529,,,,None
1530,,,,None
1531,,,,None
1532,,,,None
1533,,,,None
1534,,,,None
1535,,,,None
1536,,,,None
1537,,,,None
1538,,,,None
1539,,,,None
1540,,,,None
1541,,,,None
1542,,,,None
1543,,,,None
1544,,,,None
1545,,,,None
1546,,,,None
1547,,,,None
1548,,,,None
1549,,,,None
1550,,,,None
1551,,,,None
1552,,,,None
1553,,,,None
1554,,,,None
1555,,,,None
1556,,,,None
1557,,,,None
1558,,,,None
1559,,,,None
1560,,,,None
1561,,,,None
1562,,,,None
1563,,,,None
1564,,,,None
1565,,,,None
1566,,,,None
1567,,,,None
1568,,,,None
1569,,,,None
1570,,,,None
1571,,,,None
1572,,,,None
1573,,,,None
1574,,,,None
1575,,,,None
1576,,,,None
1577,,,,None
1578,,,,None
1579,,,,None
1580,,,,None
1581,,,,None
1582,,,,None
1583,,,,None
1584,,,,None
1585,,,,None
1586,,,,None
1587,,,,None
1588,,,,None
1589,,,,None
1590,,,,None
1591,,,,None
1592,,,,None
1593,,,,None
1594,,,,None
1595,,,,None
1596,,,,None
1597,1600.0,1700.0,2024-11-27,None
1598,1600.0,1700.0,2024-11-27,None
1599,1750.0,1800.0,2024-11-27,None
1600,1750.0,1800.0,2024-11-27,None
1601,,,,None
1602,,,,None
1603,,,,None
1604,,,,None
1605,,,,None
1606,,,,None
1607,,2350.0,2024-08-14,None
1608,,2350.0,2024-08-14,None
1609,,,,None
1610,,,,None
1611,,,,None
1612,,,,None
1613,,,,None
1614,,,,None
1615,,,,None
1616,,,,None
1617,,,,None
1618,,,,None
1619,,,,None
1620,,,,None
1621,,,,None
1622,,,,None
1623,,,,None
1624,,,,None
1625,,,,None
1626,,,,None
1627,,,,None
1628,,,,None
1629,,,,None
1630,,,,None
1631,,,,None
1632,,,,None
1633,,,,None
1634,,,,None
1635,,,,None
1636,,,,None
1637,,,,None
1638,,,,None
1639,,,,None
1640,,,,None
1641,,,,None
1642,,,,None
1643,,,,None
1644,,,,None
1645,,,,None
1646,,,,None
1647,,,,None
1648,,,,None
1649,,,,None
1650,,,,None
1651,,,,None
1652,,,,None
1653,,,,None
1654,,,,None
1655,,,,None
1656,,,,None
1657,,,,None
1658,,,,None
1659,,,,None
1660,,,,None
1661,,,,None
1662,,,,None
1663,,,,None
1664,,,,None
1665,,,,None
1666,,,,None
1667,,,,None
1668,,,,None
1669,,,,None
1670,,,,None
1671,,,,None
1672,,,,None
1673,,,,None
1674,,,,None
1675,,,,None
1676,,,,None
1677,,,,None
1678,,,,None
1679,,,,None
1680,,,,None
1681,,,,None
1682,,,,None
1683,,,,None
1684,,,,None
1685,,,,None
1686,,,,None
1687,,,,None
1688,,,,None
1689,,,,None
1690,,,,None
1691,,,,None
1692,,,,None
1693,,,,None
1694,,,,None
1695,,,,None
1696,,,,None
1697,,,,None
1698,,,,None
1699,,,,None
1700,,,,None
1701,,,,None
1702,,,,None
1703,,,,None
1704,,,,None
1705,,,,None
1706,,,,None
1707,,,,None
1708,,,,None
1709,,,,None
1710,,,,None
1711,,,,None
1712,2820.0,2750.0,2024-10-19,None
1713,2820.0,2750.0,2024-10-19,None
1714,2820.0,2750.0,2024-10-19,None
1715,,,,None
1716,,,,None
1717,,,,None
1718,,,,None
1719,,,,None
1720,,,,None
1721,,,,None
1722,,,,None
1723,,,,None
1724,,,,None
1725,,,,None
1726,,,,None
1727,,,,None
1728,,,,None
1729,,,,None
1730,3700.0,3400.0,2024-11-07,None
1731,3700.0,3400.0,2024-11-07,None
1732,3700.0,3400.0,2024-11-07,None
1733,,,,None
1734,,,,None
1735,,,,None
1736,,,,None
1737,,,,None
1738,,,,None
1739,,,,None
1740,,,,None
1741,,,,None
1742,,,,None
1743,,,,None
1744,,,,None
1745,,,,None
1746,,,,None
1747,,,,None
1748,5000.0,4990.0,2024-10-16,None
1749,5000.0,4990.0,2024-10-16,None
1750,5000.0,4990.0,2024-10-16,None
1751,,,,None
1752,,,,None
1753,,,,None
1754,,,,None
1755,,,,None
1756,,,,None
1757,,,,None
1758,,,,None
1759,,,,None
1760,,,,None
1761,,,,None
1762,,,,None
1763,,,,None
1764,,,,None
1765,,,,None
1766,,,,None
1767,,,,None
1768,,,,None
1769,,,,None
1770,,,,None
1771,,,,None
1772,,,,None
1773,,,,None
1774,,,,None
1775,,,,None
1776,,,,None
1777,,,,None
1778,,,,None
1779,,,,None
1780,,,,None
1781,,,,None
1782,,,,None
1783,,,,None
1784,,,,None
1785,,,,None
1786,,,,None
1787,,,,None
1788,,,,None
1789,,,,None
1790,,,,None
1791,,,,None
1792,,,,None
1793,,,,None
1794,,,,None
1795,,,,None
1796,,,,None
1797,,,,None
1798,,,,None
1799,,,,None
1800,,,,None
1801,,,,None
1802,,,,None
1803,,,,None
1804,,,,None
1805,,,,None
1806,,,,None
1807,,,,None
1808,,,,None
1809,,,,None
1810,,,,None
1811,,,,None
1812,,,,None
1813,,,,None
1814,,,,None
1815,,,,None
1816,,,,None
1817,,,,None
1818,,,,None
1819,,,,None
1820,,,,None
1821,,,,None
1822,,,,None
1823,,,,None
1824,,,,None
1825,,,,None
1826,,,,None
1827,,,,None
1828,,,,None
1829,,1140.0,2024-08-14,None
1830,,1140.0,2024-08-14,None
1831,,,,None
1832,,,,None
1833,,,,None
1834,,,,None
1835,,,,None
1836,,,,None
1837,,,,None
1838,,,,None
1839,,,,None
1840,,,,None
1841,,,,None
1842,,,,None
1843,,,,None
1844,,,,None
1845,,,,None
1846,,,,None
1847,,,,None
1848,,,,None
1849,,,,None
1850,,,,None
1851,,,,None
1852,,,,None
1853,,,,None
1854,,,,None
1855,,,,None
1856,,,,None
1857,,,,None
1858,,,,None
1859,,,,None
1860,,,,None
1861,,,,None
1862,,,,None
1863,,,,None
1864,,,,None
1865,2700.0,2490.0,2024-11-13,None
1866,2700.0,2490.0,2024-11-13,None
1867,,,,None
1868,,,,None
1869,,,,None
1870,,,,None
1871,,,,None
1872,,,,None
1873,,,,None
1874,,,,None
1875,3200.0,3000.0,2024-11-13,None
1876,3200.0,3000.0,2024-11-13,None
1877,,,,None
1878,,,,None
1879,,,,None
1880,,,,None
1881,,,,None
1882,,,,None
1883,,,,None
1884,,,,None
1885,,,,None
1886,,,,None
1887,,,,None
1888,,,,None
1889,,,,None
1890,,,,None
1891,,,,None
1892,,,,None
1893,42.0,40.0,2026-01-13,None
1894,40.0,55.0,2026-06-04,None
1895,10.0,13.0,2026-02-12,None
1896,12.0,13.0,2026-02-12,None
1897,70.0,80.0,2026-02-17,None
1898,85.0,90.0,2025-08-11,None
1899,85.0,90.0,2025-08-11,None
1900,120.0,119.0,2026-07-03,None
1901,120.0,119.0,2026-07-03,None
1902,80.0,78.0,2026-07-18,None
1903,80.0,78.0,2026-07-18,None
1904,65.0,60.0,2025-03-16,None
1905,,,,None
1906,,60.0,2024-08-14,None
1907,50.0,60.0,2025-03-27,None
1908,,,,None
1909,,25.0,2025-06-11,None
1910,,20.0,2024-08-14,None
1911,20.0,25.0,2026-02-21,None
1912,,20.0,2025-06-11,None
1913,,25.0,2025-06-11,None
1914,25.0,24.0,2026-02-21,None
1915,,20.0,2024-08-14,None
1916,,,,None
1917,,,,None
1918,,,,None
1919,,,,None
1920,,,,None
1921,,,,None
1922,119.0,120.0,2025-08-15,None
1923,,,,None
1924,,120.0,2025-01-17,None
1925,119.0,120.0,2025-08-15,None
1926,,,,None
1927,,,,None
1928,,,,None
1929,,,,None
1930,120.0,139.0,2025-01-17,None
1931,,,,None
1932,,,,None
1933,120.0,139.0,2025-01-17,None
1934,,460.0,2024-08-14,None
1935,,,,None
1936,,,,None
1937,,460.0,2024-08-14,None
1938,,,,None
1939,,,,None
1940,,,,None
1941,,,,None
1942,,490.0,2024-08-14,None
1943,,490.0,2024-08-14,None
1944,,,,None
1945,,,,None
1946,,,,None
1947,,,,None
1948,,,,None
1949,,,,None
1950,,,,None
1951,,,,None
1952,,,,None
1953,,,,None
1954,,,,None
1955,,,,None
1956,,,,None
1957,,,,None
1958,,,,None
1959,,,,None
1960,,,,None
1961,,170.0,2024-08-14,None
1962,,170.0,2024-08-14,None
1963,,170.0,2024-08-14,None
1964,,182.0,2024-08-14,None
1965,,182.0,2024-08-14,None
1966,,182.0,2024-08-14,None
1967,,,,None
1968,,,,None
1969,,,,None
1970,,,,None
1971,,,,None
1972,,,,None
1973,,,,None
1974,,290.0,2024-08-14,None
1975,,290.0,2024-08-14,None
1976,,320.0,2024-08-14,None
1977,,320.0,2024-08-14,None
1978,,,,None
1979,,,,None
1980,,420.0,2024-08-14,None
1981,,,,None
1982,,420.0,2024-08-14,None
1983,,,,None
1984,,,,None
1985,,,,None
1986,,,,None
1987,,,,None
1988,,,,None
1989,,,,None
1990,,,,None
1991,,,,None
1992,,480.0,2025-01-17,None
1993,,,,None
1994,,480.0,2025-01-17,None
1995,,,,None
1996,,,,None
1997,,,,None
1998,,,,None
1999,,262.0,2024-08-14,None
2000,,262.0,2024-08-14,None
2001,,262.0,2024-08-14,None
2002,,,,None
2003,,,,None
2004,,,,None
2005,,112.0,2024-09-10,None
2006,,112.0,2024-08-14,None
2007,,105.0,2024-11-27,None
2008,,105.0,2024-11-27,None
2015,,,,None
2016,,,,None
2017,,,,None
2018,,,,None
2019,,,,None
2020,,,,None
2021,,,,None
2022,,,,None
2023,160.0,165.0,2024-10-19,None
2024,45.0,46.0,2024-08-19,None
2025,,,,None
2026,,,,None
2027,95.0,90.0,2025-06-13,None
2028,95.0,90.0,2025-06-13,None
2029,,100.0,2024-08-19,None
2030,80.0,100.0,2024-08-19,None
2031,,,,None
2032,,,,None
2033,62.0,63.0,2025-06-13,None
2034,,60.0,2024-12-30,None
2035,,,,None
2036,,80.0,2024-08-14,None
2037,,,,None
2038,70.0,73.0,2024-10-16,None
2039,,73.0,2024-10-16,None
2040,,,,None
2041,75.0,110.0,2026-02-12,None
2042,77.0,75.0,2025-04-29,None
2043,,,,None
2044,,,,None
2045,,,,None
2046,,,,None
2047,90.0,92.0,2024-10-16,None
2048,325.0,320.0,2025-03-26,None
2049,305.0,285.0,2026-02-12,None
2050,,337.0,2024-08-14,None
2051,,305.0,2026-02-09,None
2052,,338.0,2024-08-14,None
2053,230.0,210.0,2026-06-28,None
2054,230.0,245.0,2025-12-19,None
2055,,245.0,2026-02-09,None
2056,,,,None
2057,,235.0,2025-04-15,None
2058,245.0,235.0,2026-03-19,None
2059,,,,None
2060,,,,None
2061,,300.0,2026-02-09,None
2062,,,,None
2063,,,,None
2064,,,,None
2065,,,,None
2066,,,,None
2067,,,,None
2068,185.0,190.0,2026-06-01,None
2069,235.0,230.0,2026-04-17,None
2070,,225.0,2026-02-09,None
2071,,,,None
2072,225.0,220.0,2026-03-19,None
2073,,225.0,2026-02-09,None
2074,235.0,225.0,2025-12-27,None
2075,290.0,305.0,2025-04-15,None
2076,299.0,325.0,2024-11-09,None
2077,305.0,385.0,2024-11-09,None
2078,,,,None
2079,,,,None
2080,675.0,660.0,2024-12-23,None
2081,,660.0,2024-12-23,None
2082,707.0,660.0,2024-12-23,None
2083,635.0,660.0,2024-12-23,None
2084,635.0,660.0,2024-12-23,None
2085,,660.0,2024-12-23,None
2086,675.0,660.0,2024-12-23,None
2087,705.0,660.0,2024-12-23,None
2088,675.0,660.0,2024-12-23,None
2089,36.0,33.0,2026-05-06,None
2090,36.0,33.0,2026-05-06,None
2091,36.0,33.0,2026-05-06,None
2092,36.0,33.0,2026-05-06,None
2093,,,,None
2094,,,,None
2095,,,,None
2096,,,,None
2097,,,,None
2098,,,,None
2099,,459.0,2026-02-09,None
2100,,,,None
2101,,,,None
2102,,34.0,2026-02-04,None
2103,,34.0,2026-02-09,None
2104,,,,None
2105,,,,None
2106,,,,None
2107,,,,None
2108,,565.0,2026-02-09,None
2109,565.0,485.0,2026-02-09,None
2110,,,,None
2111,,,,None
2112,,93.0,2026-02-04,None
2113,,,,None
2114,,,,None
2115,,,,None
2116,,,,None
2117,59.0,57.0,2026-06-18,None
2118,82.0,80.0,2026-06-18,None
2119,36.0,43.0,2026-02-12,None
2120,39.0,43.0,2025-06-02,None
2121,260.0,255.0,2024-10-22,None
2122,,250.0,2025-03-27,None
2123,,,,None
2124,270.0,250.0,2025-02-04,None
2125,270.0,250.0,2025-02-04,None
2126,270.0,250.0,2025-02-04,None
2127,280.0,294.0,2025-03-17,None
2128,,,,None
2129,285.0,280.0,2024-09-25,None
2130,,,,None
2131,,,,None
2132,,,,None
2133,,,,None
2134,,166.0,2025-01-29,None
2135,,,,None
2136,,,,None
2137,,,,None
2138,,,,None
2139,,,,None
2140,,,,None
2141,,,,None
2142,,,,None
2143,,,,None
2144,,,,None
2145,355.0,350.0,2024-10-16,None
2146,,,,None
2147,,370.0,2024-09-07,None
2148,365.0,380.0,2024-12-23,None
2149,370.0,365.0,2024-10-30,None
2150,,420.0,2024-08-14,None
2151,,,,None
2152,,,,None
2153,,,,None
2154,,,,None
2155,,,,None
2156,,,,None
2157,,,,None
2158,,,,None
2159,,,,None
2160,,,,None
2161,,,,None
2162,,,,None
2163,,,,None
2164,,,,None
2165,,,,None
2166,,,,None
2167,,,,None
2168,,,,None
2169,,,,None
2170,,,,None
2171,,,,None
2172,,,,None
2173,,,,None
2174,,,,None
2175,,,,None
2176,,,,None
2177,,,,None
2178,,,,None
2179,,,,None
2180,,,,None
2181,,,,None
2182,,,,None
2183,,,,None
2184,320.0,305.0,2025-01-29,None
2185,320.0,310.0,2025-01-29,None
2186,320.0,310.0,2025-01-29,None
2187,,,,None
2188,,,,None
2189,,,,None
2190,340.0,320.0,2025-06-10,None
2191,314.0,313.0,2025-04-02,None
2192,314.0,313.0,2025-04-02,None
2193,,,,None
2194,,,,None
2195,,,,None
2196,124.0,115.0,2025-01-22,None
2197,,,,None
2198,,122.0,2024-08-14,None
2199,123.0,130.0,2025-01-29,None
2200,140.0,130.0,2024-12-12,None
2201,,140.0,2024-11-21,None
2202,190.0,195.0,2024-12-12,None
2203,190.0,195.0,2024-12-12,None
2204,,,,None
2205,230.0,236.0,2025-03-17,None
2206,,220.0,2024-08-14,None
2207,,,,None
2208,460.0,480.0,2025-01-12,None
2209,480.0,466.0,2025-01-29,None
2210,470.0,460.0,2025-04-04,None
2211,465.0,500.0,2025-01-12,None
2212,560.0,545.0,2025-01-17,None
2213,560.0,545.0,2025-01-17,None
2214,55.0,28.0,2026-02-09,None
2215,48.0,55.0,2025-02-11,None
2216,,,,None
2217,,,,None
2218,,,,None
2219,18.0,28.0,2026-02-12,None
2220,30.0,28.0,2024-09-10,None
2221,,28.0,2026-02-09,None
2222,42.0,54.0,2026-02-09,None
2223,,335.0,2026-02-09,None
2224,,,,None
2225,12.0,15.0,2024-09-10,None
2226,,12.0,2024-08-14,None
2227,,,,None
2228,520.0,515.0,2026-02-23,None
2229,,270.0,2024-08-14,None
2230,100.0,95.0,2025-03-27,None
2231,,,,None
2232,,,,None
2233,125.0,115.0,2026-02-21,None
2234,80.0,85.0,2026-07-07,None
2235,77.0,75.0,2026-06-06,None
2236,,,,None
2237,,,,None
2238,,,,None
2239,145.0,155.0,2026-02-12,None
2240,150.0,155.0,2025-10-23,None
2241,300.0,315.0,2026-03-19,None
2242,275.0,295.0,2026-02-12,None
2243,,,,None
2244,135.0,133.0,2025-01-22,None
2245,,,,None
2246,,,,None
2247,140.0,130.0,2025-04-23,None
2248,140.0,130.0,2025-04-23,None
2249,140.0,130.0,2025-04-23,None
2250,140.0,145.0,2025-10-23,None
2251,140.0,145.0,2025-10-23,None
2252,105.0,110.0,2025-01-10,None
2253,,,,None
2254,105.0,110.0,2025-01-10,None
2255,,,,None
2256,150.0,155.0,2025-01-22,None
2257,145.0,155.0,2025-01-22,None
2258,97.0,35.0,2026-02-09,None
2259,99.0,97.0,2025-03-27,None
2260,99.0,97.0,2025-03-27,None
2261,137.0,155.0,2025-12-27,None
2262,190.0,155.0,2026-02-09,None
2263,130.0,155.0,2026-02-09,None
2264,180.0,162.0,2025-03-13,None
2265,180.0,162.0,2025-03-13,None
2266,160.0,150.0,2026-06-04,None
2267,170.0,150.0,2026-06-04,None
2268,34.0,33.0,2026-06-04,None
2269,34.0,33.0,2026-06-04,None
2270,34.0,33.0,2026-06-04,None
2271,,130.0,2024-08-14,None
2272,,,,None
2273,140.0,162.0,2026-02-09,None
2274,,,,None
2275,150.0,145.0,2025-04-15,None
2276,,10.0,2024-08-14,None
2277,,10.0,2024-08-14,None
2278,87.0,18.0,2026-02-09,None
2279,190.0,145.0,2026-02-09,None
2280,14.0,18.0,2025-06-01,None
2281,450.0,225.0,2026-02-09,None
2282,444.0,450.0,2024-12-23,None
2283,427.0,450.0,2024-12-23,None
2284,436.0,450.0,2024-12-23,None
2285,427.0,450.0,2024-12-23,None
2286,,,,None
2287,17.0,18.0,2025-05-29,None
2288,105.0,95.0,2025-10-27,None
2289,107.0,110.0,2026-03-19,None
2290,180.0,175.0,2026-06-01,None
2291,,,,None
2292,,,,None
2293,,,,None
2294,,,,None
2295,,,,None
2296,,,,None
2297,,,,None
2298,,235.0,2024-08-14,None
2299,,,,None
2300,,,,None
2301,,,,None
2302,,,,None
2303,,,,None
2304,,,,None
2305,,,,None
2306,,,,None
2307,,,,None
2308,,,,None
2309,,,,None
2310,,,,None
2311,,,,None
2312,,,,None
2313,,,,None
2314,,,,None
2315,,,,None
2316,,,,None
2317,,215.0,2024-08-14,None
2318,,215.0,2024-08-14,None
2319,,,,None
2320,,,,None
2321,142.0,140.0,2024-11-07,None
2322,142.0,140.0,2024-11-07,None
2323,,145.0,2024-09-17,None
2324,143.0,142.0,2024-10-16,None
2325,153.0,155.0,2024-11-07,None
2326,153.0,155.0,2024-11-07,None
2327,,,,None
2328,152.0,153.0,2024-10-19,None
2329,162.0,160.0,2024-11-07,None
2330,162.0,160.0,2024-11-07,None
2331,,162.0,2024-10-16,None
2332,165.0,162.0,2024-10-16,None
2333,113.0,118.0,2024-10-19,None
2334,125.0,113.0,2024-10-04,None
2335,,,,None
2336,82.0,80.0,2025-04-11,None
2337,82.0,80.0,2025-04-11,None
2338,77.0,85.0,2025-02-16,None
2339,95.0,92.0,2025-04-02,None
2340,97.0,95.0,2025-01-12,None
2341,95.0,92.0,2025-04-02,None
2342,,,,None
2343,,,,None
2344,,,,None
2345,,,,None
2346,,,,None
2347,,,,None
2348,,,,None
2349,,,,None
2350,,,,None
2351,,,,None
2352,,,,None
2353,,,,None
2354,,,,None
2355,,,,None
2356,,,,None
2357,,,,None
2358,,,,None
2359,,,,None
2360,,,,None
2361,,,,None
2362,,,,None
2363,,,,None
2364,,,,None
2365,,,,None
2366,,,,None
2367,,,,None
2368,,,,None
2369,,,,None
2370,,,,None
2371,,,,None
2372,,,,None
2373,,,,None
2374,,,,None
2375,,,,None
2376,,,,None
2377,,,,None
2378,194.0,195.0,2024-09-10,None
2379,194.0,195.0,2024-09-17,None
2380,,,,None
2381,,,,None
2382,,,,None
2383,,,,None
2384,,,,None
2385,,,,None
2386,,,,None
2387,,,,None
2388,,,,None
2389,,,,None
2390,,,,None
2391,,,,None
2392,,,,None
2393,,,,None
2394,,,,None
2395,,,,None
2396,,,,None
2397,,,,None
2398,,,,None
2399,,,,None
2400,,,,None
2401,,540.0,2024-09-07,None
2402,,,,None
2403,,,,None
2404,,,,None
2405,,,,None
2406,,,,None
2407,,,,None
2408,,,,None
2409,710.0,700.0,2024-09-07,None
2410,720.0,675.0,2025-01-29,None
2411,,,,None
2412,675.0,680.0,2024-08-18,None
2413,725.0,700.0,2025-05-23,None
2414,,725.0,2024-12-08,None
2415,,,,None
2416,,,,None
2417,,,,None
2418,,,,None
2419,,,,None
2420,,,,None
2421,,,,None
2422,,,,None
2423,,,,None
2424,,,,None
2425,,,,None
2426,,,,None
2427,,,,None
2428,,,,None
2429,950.0,960.0,2024-11-22,None
2430,,,,None
2431,,960.0,2025-01-17,None
2432,,,,None
2433,,,,None
2434,,,,None
2435,,,,None
2436,,,,None
2437,,,,None
2438,,,,None
2439,,,,None
2440,,,,None
2441,,,,None
2442,,,,None
2443,,315.0,2024-08-14,None
2444,,315.0,2024-08-14,None
2445,,,,None
2446,,315.0,2024-08-14,None
2447,,,,None
2448,,340.0,2025-01-12,None
2449,,,,None
2450,,,,None
2451,,,,None
2452,,,,None
2453,,,,None
2454,,,,None
2455,,,,None
2456,,,,None
2457,,,,None
2458,350.0,360.0,2025-01-12,None
2459,,350.0,2024-08-14,None
2460,,,,None
2461,,350.0,2024-08-14,None
2462,,,,None
2463,,,,None
2464,,,,None
2465,,,,None
2466,,,,None
2467,,,,None
2468,,,,None
2469,,,,None
2470,,,,None
2471,,,,None
2472,,,,None
2473,,,,None
2474,,,,None
2475,,,,None
2476,,,,None
2477,,,,None
2478,,,,None
2479,,,,None
2480,,,,None
2481,,,,None
2482,,,,None
2483,,,,None
2484,,,,None
2485,,,,None
2486,215.0,225.0,2025-01-17,None
2487,215.0,225.0,2025-01-17,None
2488,215.0,225.0,2025-01-17,None
2489,243.0,240.0,2025-01-29,None
2490,245.0,240.0,2025-01-29,None
2491,245.0,240.0,2024-10-30,None
2492,262.0,270.0,2025-04-02,None
2493,270.0,265.0,2024-12-27,None
2494,265.0,275.0,2025-05-16,None
2495,,,,None
2496,,,,None
2497,,,,None
2498,,,,None
2499,,125.0,2025-03-12,None
2500,,125.0,2025-03-12,None
2501,,,,None
2502,,,,None
2503,,,,None
2504,,,,None
2505,,,,None
2506,,,,None
2507,,,,None
2508,,,,None
2509,,,,None
2510,,,,None
2511,,,,None
2512,,,,None
2513,,,,None
2514,,,,None
2515,,,,None
2516,,,,None
2517,,,,None
2518,,,,None
2519,,,,None
2520,,,,None
2521,,,,None
2522,,,,None
2523,,,,None
2524,,,,None
2525,,,,None
2526,,,,None
2527,,,,None
2528,,,,None
2529,,,,None
2530,,,,None
2531,,,,None
2532,,,,None
2533,,400.0,2024-08-14,None
2534,,,,None
2535,,,,None
2536,430.0,425.0,2024-09-07,None
2537,,,,None
2538,,,,None
2539,,,,None
2540,,,,None
2541,,,,None
2542,,,,None
2543,,,,None
2544,,,,None
2545,,,,None
2546,,,,None
2547,,,,None
2548,,,,None
2549,,,,None
2550,,,,None
2551,,,,None
2552,,,,None
2553,,,,None
2554,,,,None
2555,188.0,165.0,2024-11-21,None
2556,,175.0,2024-08-14,None
2557,,175.0,2024-08-14,None
2558,,,,None
2559,,,,None
2560,,,,None
2561,,,,None
2562,,,,None
2563,,,,None
2564,,,,None
2565,,,,None
2566,,,,None
2567,,,,None
2568,,,,None
2569,,,,None
2570,,280.0,2024-08-14,None
2571,,,,None
2572,,,,None
2573,,280.0,2024-08-14,None
2574,,,,None
2575,,,,None
2576,,,,None
2577,,,,None
2578,,,,None
2579,,,,None
2580,,,,None
2581,,,,None
2582,,,,None
2583,,,,None
2584,,,,None
2585,,,,None
2586,,,,None
2587,,,,None
2588,310.0,320.0,2025-06-15,None
2589,315.0,310.0,2025-03-18,None
2590,310.0,320.0,2025-05-26,None
2592,345.0,318.0,2025-02-16,None
2593,,,,None
2594,,,,None
2595,,,,None
2597,,,,None
2598,,,,None
2599,,,,None
2600,,,,None
2602,,,,None
2603,370.0,368.0,2025-01-22,None
2604,370.0,368.0,2025-01-22,None
2605,360.0,368.0,2025-01-29,None
2607,,377.0,2024-10-15,None
2608,,,,None
2609,,,,None
2610,,,,None
2612,,,,None
2613,142.0,149.0,2025-01-13,None
2614,142.0,149.0,2025-01-13,None
2615,142.0,149.0,2025-01-13,None
2616,,,,None
2617,154.0,155.0,2025-01-17,None
2618,154.0,155.0,2025-01-17,None
2619,152.0,155.0,2025-01-12,None
2620,,,,None
2621,160.0,162.0,2025-01-13,None
2622,160.0,162.0,2025-01-13,None
2623,160.0,162.0,2025-01-13,None
2624,172.0,160.0,2024-12-27,None
2625,115.0,107.0,2025-01-29,None
2626,115.0,107.0,2025-01-29,None
2627,114.0,115.0,2024-09-25,None
2628,,107.0,2025-01-29,None
2629,123.0,115.0,2025-01-29,None
2630,123.0,115.0,2025-01-29,None
2631,,115.0,2025-01-29,None
2632,,,,None
2633,,,,None
2634,,,,None
2635,,,,None
2636,,,,None
2637,,,,None
2638,,,,None
2639,,,,None
2640,,,,None
2641,127.0,126.0,2025-01-29,None
2642,127.0,126.0,2025-01-29,None
2643,128.0,127.0,2024-11-13,None
2644,134.0,133.0,2024-10-01,None
2645,,,,None
2646,,,,None
2647,,,,None
2648,,,,None
2649,,,,None
2650,,,,None
2651,,,,None
2652,,,,None
2653,,,,None
2654,,155.0,2024-08-14,None
2655,,,,None
2656,,,,None
2657,,,,None
2658,,,,None
2659,,,,None
2660,,,,None
2661,,,,None
2662,280.0,275.0,2024-10-30,None
2663,,,,None
2664,,,,None
2665,,,,None
2666,,,,None
2667,,,,None
2668,,,,None
2669,,,,None
2670,,,,None
2671,,,,None
2672,325.0,315.0,2024-12-12,None
2673,,315.0,2024-12-12,None
2674,,,,None
2675,,315.0,2024-12-12,None
2676,,,,None
2677,,,,None
2678,,,,None
2679,,,,None
2680,,,,None
2681,,,,None
2682,3800.0,3810.0,2026-02-23,None
2683,200.0,205.0,2026-06-18,None
2684,,21.0,2026-02-09,None
2685,,,,None
2686,,30.0,2025-06-02,None
2687,,30.0,2025-06-02,None
2688,,30.0,2025-06-02,None
2689,97.0,95.0,2026-05-16,None
2690,170.0,178.0,2026-05-16,None
2691,110.0,115.0,2026-07-22,Up
2692,24.0,22.0,2026-06-20,None
2693,64.0,62.0,2026-06-20,None
2694,125.0,110.0,2026-02-23,None
2695,75.0,60.0,2026-06-29,None
2696,25.0,15.0,2026-02-26,None
2697,74.0,45.0,2026-06-29,None
2698,44.0,52.0,2026-02-23,None
2699,95.0,100.0,2026-02-23,None
2700,,39.0,2025-05-10,None
2701,65.0,40.0,2026-06-29,None
2702,20.0,30.0,2026-06-29,None
2703,72.0,50.0,2026-06-29,None
2704,5.0,18.0,2026-06-29,None
2705,,,,None
2706,,,,None
2707,,27.0,2025-06-12,None
2708,,61.0,2024-12-23,None
2709,,61.0,2024-12-23,None
2710,,61.0,2024-12-23,None
2711,65.0,61.0,2024-12-23,None
2712,,213.0,2024-08-17,None
2713,,,,None
2715,15.0,30.0,2026-02-04,None
2716,36.0,30.0,2026-02-04,None
2717,36.0,30.0,2026-02-04,None
2718,36.0,30.0,2026-02-04,None
2719,84.0,88.0,2026-02-09,None
2720,88.0,90.0,2026-02-09,None
2721,88.0,80.0,2026-05-04,None
2722,88.0,90.0,2026-02-09,None
2723,84.0,88.0,2025-08-11,None
2724,,,,None
2725,,,,None
2726,,,,None
2727,100.0,160.0,2026-02-09,None
2728,125.0,100.0,2025-06-03,None
2729,,,,None
2730,,,,None
2731,,,,None
2732,,,,None
2733,,88.0,2026-02-04,None
2734,,88.0,2026-02-04,None
2735,,88.0,2026-02-04,None
2736,30.0,40.0,2026-02-09,None
2737,32.0,30.0,2025-10-09,None
2738,30.0,40.0,2026-02-09,None
2739,30.0,40.0,2026-02-09,None
2740,40.0,30.0,2026-02-09,None
2741,380.0,171.0,2026-02-04,None
2742,440.0,171.0,2026-02-04,None
2743,,,,None
2744,,,,None
2745,250.0,230.0,2025-04-20,None
2746,,320.0,2025-04-20,None
2747,145.0,150.0,2025-04-20,None
2748,,145.0,2024-08-14,None
2749,,145.0,2024-08-14,None
2750,,160.0,2026-02-04,None
2751,,,,None
2752,,123.0,2024-08-14,None
2753,149.0,139.0,2024-08-17,None
2754,,,,None
2755,,193.0,2024-08-14,None
2756,145.0,140.0,2025-01-22,None
2757,140.0,180.0,2025-08-11,None
2758,140.0,125.0,2025-04-20,None
2759,140.0,145.0,2025-04-20,None
2760,,190.0,2024-12-23,None
2761,,190.0,2024-12-23,None
2762,270.0,285.0,2025-03-16,None
2763,349.0,570.0,2026-02-16,None
2764,349.0,495.0,2026-02-16,None
2765,,158.0,2024-08-14,None
2766,182.0,130.0,2024-09-17,None
2767,,175.0,2024-09-17,None
2768,265.0,339.0,2026-02-09,None
2769,,339.0,2026-02-04,None
2770,119.0,114.0,2024-09-17,None
2771,113.0,109.0,2024-09-17,None
2772,,125.0,2024-08-14,None
2773,,145.0,2024-08-14,None
2774,,125.0,2024-08-14,None
2775,,179.0,2024-08-14,None
2776,,99.0,2024-08-14,None
2777,,100.0,2024-08-14,None
2778,,69.0,2024-08-14,None
2779,,179.0,2024-08-14,None
2780,,99.0,2024-08-14,None
2781,,99.0,2024-08-14,None
2782,,125.0,2024-08-14,None
2783,,69.0,2024-08-14,None
2784,,145.0,2024-08-14,None
2785,,99.0,2024-08-14,None
2786,,,,None
2787,,,,None
2788,,,,None
2789,,75.0,2026-02-23,None
2790,,210.0,2024-08-14,None
2791,,,,None
2792,,,,None
2793,,300.0,2024-08-14,None
2794,,,,None
2795,,,,None
2796,195.0,210.0,2025-10-30,None
2797,220.0,275.0,2026-02-04,None
2798,,220.0,2025-03-12,None
2799,,300.0,2026-02-04,None
2800,,,,None
2801,,,,None
2802,230.0,235.0,2026-02-09,None
2803,235.0,355.0,2026-02-04,None
2804,230.0,235.0,2026-02-09,None
2805,,,,None
2806,360.0,350.0,2025-02-04,None
2807,,325.0,2025-01-22,None
2808,,,,None
2809,,,,None
2810,,,,None
2811,265.0,260.0,2026-02-12,None
2812,280.0,290.0,2024-10-08,None
2813,285.0,290.0,2024-11-13,None
2814,,350.0,2024-08-14,None
2815,,350.0,2024-08-14,None
2816,,380.0,2024-08-14,None
2817,,380.0,2024-08-14,None
2818,,,,None
2819,,,,None
2820,480.0,540.0,2024-12-03,None
2821,,,,None
2822,,,,None
2823,,,,None
2824,,,,None
2825,,,,None
2826,,,,None
2827,,,,None
2828,,,,None
2829,145.0,140.0,2025-06-09,None
2830,145.0,140.0,2025-06-09,None
2831,145.0,140.0,2025-06-09,None
2832,,,,None
2833,150.0,160.0,2026-03-07,None
2834,155.0,145.0,2025-07-19,None
2835,,,,None
2836,,,,None
2837,,,,None
2838,160.0,155.0,2025-05-26,None
2839,160.0,180.0,2026-03-07,None
2840,160.0,155.0,2025-05-07,None
2841,285.0,290.0,2024-11-22,None
2842,,,,None
2843,45.0,36.0,2026-05-21,None
2844,45.0,36.0,2026-05-21,None
2845,,130.0,2024-08-14,None
2846,115.0,45.0,2026-03-30,None
2847,225.0,50.0,2026-03-30,None
2848,105.0,125.0,2026-03-30,None
2849,220.0,320.0,2025-09-08,None
2850,120.0,125.0,2026-06-29,None
2851,,60.0,2024-08-14,None
2852,57.0,38.0,2026-02-09,None
2853,74.0,57.0,2026-02-09,None
2854,90.0,42.0,2026-02-09,None
2855,80.0,90.0,2026-02-09,None
2856,,,,None
2857,,38.0,2026-02-04,None
2858,55.0,38.0,2026-02-04,None
2859,28.0,58.0,2026-02-04,None
2860,38.0,58.0,2026-02-09,None
2861,,,,None
2862,,,,None
2863,,,,None
2864,,,,None
2865,47.0,45.0,2024-09-17,None
2866,,,,None
2867,50.0,40.0,2026-03-22,None
2868,50.0,40.0,2026-06-19,None
2869,24.0,27.0,2025-05-29,None
2870,24.0,27.0,2025-05-29,None
2871,,,,None
2872,,415.0,2025-03-26,None
2873,400.0,410.0,2026-03-08,None
2874,,,,None
2875,,555.0,2025-10-01,None
2876,,,,None
2877,,555.0,2025-10-01,None
2878,,,,None
2879,,550.0,2025-03-26,None
2880,,,,None
2881,540.0,490.0,2025-11-29,None
2882,,,,None
2883,,660.0,2025-10-01,None
2884,640.0,605.0,2026-02-10,None
2885,,,,None
2886,800.0,780.0,2025-09-08,None
2887,,,,None
2888,,440.0,2025-04-06,None
2889,,,,None
2890,,,,None
2891,,,,None
2892,,,,None
2893,,,,None
2894,,,,None
2895,,,,None
2896,,510.0,2024-08-14,None
2897,590.0,600.0,2025-04-06,None
2898,,500.0,2024-10-22,None
2899,,,,None
2900,,,,None
2901,,120.0,2024-08-22,None
2902,,120.0,2024-09-10,None
2903,,,,None
2904,,,,None
2905,,,,None
2906,,,,None
2907,120.0,100.0,2025-07-19,None
2908,,120.0,2024-08-14,None
2909,,,,None
2910,,,,None
2911,,,,None
2912,,,,None
2913,,,,None
2914,,,,None
2915,,,,None
2916,,,,None
2917,,,,None
2918,,,,None
2919,,,,None
2920,,,,None
2921,,,,None
2922,,,,None
2923,,,,None
2924,,,,None
2925,,,,None
2926,310.0,300.0,2025-11-29,None
2927,325.0,310.0,2025-10-30,None
2928,360.0,355.0,2026-05-11,None
2929,350.0,355.0,2025-09-08,None
2930,,,,None
2931,395.0,400.0,2025-07-01,None
2932,,425.0,2025-08-13,None
2933,,,,None
2934,,,,None
2935,,,,None
2936,,,,None
2937,,,,None
2938,160.0,180.0,2026-02-10,None
2939,160.0,180.0,2026-02-10,None
2940,160.0,180.0,2026-02-10,None
2941,220.0,240.0,2026-02-10,None
2942,220.0,240.0,2026-02-10,None
2943,220.0,240.0,2026-02-10,None
2944,110.0,105.0,2026-05-11,None
2945,118.0,120.0,2024-11-13,None
2946,130.0,120.0,2026-04-04,None
2947,,,,None
2948,,,,None
2949,,,,None
2950,165.0,180.0,2026-02-09,None
2951,163.0,159.0,2024-10-30,None
2952,165.0,180.0,2026-02-09,None
2953,,930.0,2024-08-14,None
2954,,930.0,2024-08-14,None
2955,,,,None
2956,,,,None
2957,,,,None
2958,,,,None
2959,,,,None
2960,,,,None
2961,,,,None
2962,,170.0,2024-08-14,None
2963,,,,None
2964,,,,None
2965,,,,None
2966,,,,None
2967,,,,None
2968,,,,None
2969,,,,None
2970,,,,None
2971,,,,None
2972,,,,None
2973,,,,None
2974,110.0,120.0,2026-02-09,None
2975,115.0,105.0,2025-07-01,None
2976,100.0,110.0,2025-12-27,None
2977,,,,None
2978,,,,None
2979,,,,None
2980,140.0,150.0,2025-12-27,None
2981,,130.0,2025-07-01,None
2982,140.0,150.0,2025-12-27,None
2983,700.0,730.0,2024-10-30,None
2984,,,,None
2985,,,,None
2986,,,,None
2987,190.0,200.0,2026-01-19,None
2988,190.0,200.0,2026-01-19,None
2989,190.0,200.0,2026-01-19,None
2990,240.0,250.0,2026-01-19,None
2991,240.0,250.0,2026-01-19,None
2992,240.0,250.0,2026-01-19,None
2993,900.0,950.0,2024-11-07,None
2994,920.0,900.0,2024-09-25,None
2995,,,,None
2996,,,,None
2997,,,,None
2998,,,,None
2999,,,,None
3000,,,,None
3001,,,,None
3002,,,,None
3003,860.0,850.0,2024-10-30,None
3004,,,,None
3005,,,,None
3006,,,,None
3007,440.0,430.0,2025-08-05,None
3008,380.0,440.0,2024-11-22,None
3009,440.0,430.0,2025-08-05,None
3010,380.0,440.0,2024-11-22,None
3011,,460.0,2024-08-14,None
3012,425.0,480.0,2025-03-26,None
3013,470.0,480.0,2025-03-26,None
3014,430.0,425.0,2024-10-30,None
3015,,525.0,2025-10-30,None
3016,490.0,555.0,2025-11-29,None
3017,,,,None
3018,650.0,655.0,2026-02-10,None
3019,80.0,70.0,2026-02-07,None
3020,80.0,70.0,2026-02-07,None
3021,80.0,70.0,2026-02-07,None
3022,70.0,80.0,2026-03-22,None
3023,165.0,170.0,2025-10-24,None
3024,160.0,165.0,2025-05-26,None
3025,165.0,170.0,2025-10-24,None
3026,160.0,165.0,2025-05-26,None
3027,155.0,160.0,2026-06-28,None
3028,155.0,160.0,2026-06-28,None
3029,155.0,160.0,2026-06-28,None
3030,155.0,160.0,2026-06-28,None
3031,150.0,155.0,2026-07-13,None
3032,425.0,435.0,2026-01-04,None
3033,420.0,430.0,2026-03-22,None
3034,510.0,465.0,2026-06-28,None
3035,465.0,460.0,2026-07-13,None
3036,352.0,355.0,2026-06-13,None
3037,355.0,350.0,2026-07-13,None
3038,355.0,360.0,2026-07-13,None
3039,355.0,350.0,2026-07-13,None
3040,47.0,50.0,2026-01-13,None
3041,47.0,50.0,2026-01-13,None
3042,47.0,50.0,2026-01-13,None
3043,47.0,50.0,2026-01-13,None
3044,47.0,50.0,2026-01-13,None
3045,47.0,50.0,2026-01-13,None
3046,65.0,100.0,2026-02-24,None
3047,58.0,59.0,2025-05-25,None
3048,74.0,85.0,2026-01-13,None
3049,,,,None
3050,,12.0,2026-02-23,None
3051,,,,None
3052,,,,None
3053,14.0,15.0,2026-02-23,None
3054,,,,None
3055,55.0,62.0,2026-02-23,None
3056,55.0,62.0,2026-02-23,None
3067,75.0,74.0,2026-07-22,Down
3068,88.0,77.0,2026-06-20,None
3069,78.0,85.0,2026-02-23,None
3070,,19.0,2026-02-09,None
3071,19.0,22.0,2026-03-22,None
3072,19.0,22.0,2026-03-22,None
3073,150.0,140.0,2026-05-04,None
3074,150.0,140.0,2026-05-04,None
3075,160.0,140.0,2026-05-04,None
3076,,140.0,2026-02-09,None
3077,,140.0,2025-06-03,None
3078,149.0,140.0,2025-06-03,None
3079,149.0,140.0,2025-06-03,None
3080,67.0,65.0,2025-08-11,None
3081,,65.0,2026-02-09,None
3082,67.0,65.0,2025-08-11,None
3083,,,,None
3084,,,,None
3085,,,,None
3086,,70.0,2024-08-14,None
3087,70.0,40.0,2026-02-09,None
3088,,,,None
3089,,70.0,2024-08-14,None
3090,,,,None
3091,63.0,67.0,2025-03-16,None
3092,550.0,555.0,2025-09-05,None
3093,,,,None
3094,,,,None
3095,1490.0,1500.0,2024-12-12,None
3096,1500.0,1490.0,2024-10-16,None
3097,1500.0,1490.0,2024-10-16,None
3098,1500.0,1490.0,2024-10-16,None
3099,1600.0,1500.0,2024-11-22,None
3100,1600.0,1500.0,2024-11-22,None
3101,1620.0,1500.0,2024-11-22,None
3102,1720.0,1500.0,2024-11-22,None
3103,,,,None
3104,,,,None
3105,340.0,335.0,2024-11-27,None
3106,765.0,750.0,2025-04-03,None
3107,765.0,750.0,2025-04-03,None
3108,765.0,750.0,2025-04-03,None
3109,765.0,750.0,2025-04-03,None
3110,875.0,865.0,2025-04-03,None
3111,875.0,865.0,2025-04-03,None
3112,875.0,865.0,2025-04-03,None
3113,875.0,865.0,2025-04-03,None
3114,1050.0,1020.0,2025-04-03,None
3115,1050.0,1020.0,2025-04-03,None
3116,1050.0,1020.0,2025-04-03,None
3117,1050.0,1020.0,2025-04-03,None
3118,,,,None
3119,,,,None
3120,,,,None
3121,,,,None
3122,820.0,810.0,2025-04-03,None
3123,820.0,810.0,2025-04-03,None
3124,820.0,810.0,2025-04-03,None
3125,820.0,810.0,2025-04-03,None
3126,1050.0,1000.0,2025-01-17,None
3127,1050.0,1000.0,2025-01-17,None
3128,1050.0,1000.0,2025-01-17,None
3129,1050.0,1000.0,2025-01-17,None
3130,,1200.0,2025-02-04,None
3131,,1200.0,2025-02-04,None
3132,,1200.0,2025-02-04,None
3133,,1200.0,2025-02-04,None
3134,,,,None
3135,,,,None
3136,,,,None
3137,,,,None
3138,,1250.0,2024-08-14,None
3139,,,,None
3140,,,,None
3141,,,,None
3142,,,,None
3143,,,,None
3144,,,,None
3145,,,,None
3146,,,,None
3147,,,,None
3148,,,,None
3149,,,,None
3150,,,,None
3151,,,,None
3152,,,,None
3153,,,,None
3154,,,,None
3155,,,,None
3156,,,,None
3157,,,,None
3158,126.0,130.0,2024-08-27,None
3159,,,,None
3160,126.0,130.0,2024-08-27,None
3161,126.0,130.0,2024-08-27,None
3162,,,,None
3163,,,,None
3164,,,,None
3165,,,,None
3166,,,,None
3167,,,,None
3168,,,,None
3169,,,,None
3170,,185.0,2024-08-14,None
3171,182.0,185.0,2024-09-04,None
3172,182.0,185.0,2024-09-04,None
3173,,,,None
3174,,,,None
3175,,,,None
3176,,,,None
3177,,,,None
3178,,,,None
3179,,,,None
3180,,200.0,2024-08-14,None
3181,,,,None
3182,,600.0,2025-02-16,None
3183,,,,None
3184,,,,None
3185,18.0,23.0,2026-05-02,None
3186,,,,None
3187,,,,None
3188,154.0,160.0,2025-03-27,None
3189,,55.0,2025-06-02,None
3190,32.0,30.0,2026-06-22,None
3191,135.0,125.0,2024-10-19,None
3192,,,,None
3193,,,,None
3194,39.0,37.0,2026-05-02,None
3195,60.0,59.0,2026-05-02,None
3196,30.0,35.0,2026-07-22,Up
3197,420.0,395.0,2025-10-30,None
3198,395.0,360.0,2025-12-27,None
3199,370.0,395.0,2026-06-17,None
3200,420.0,360.0,2025-12-27,None
3201,400.0,470.0,2024-08-14,None
3202,450.0,490.0,2025-04-06,None
3203,515.0,650.0,2025-09-08,None
3204,470.0,490.0,2025-03-26,None
3205,199.0,195.0,2026-01-13,None
3206,199.0,195.0,2026-01-13,None
3207,,93.0,2026-02-04,None
3208,120.0,110.0,2026-05-06,None
3209,125.0,100.0,2026-02-04,None
3210,93.0,100.0,2026-02-09,None
3211,30.0,43.0,2026-02-17,None
3212,41.0,43.0,2025-06-01,None
3213,41.0,43.0,2025-06-01,None
3214,43.0,45.0,2026-05-06,None
3215,92.0,100.0,2026-01-13,None
3216,93.0,90.0,2026-05-06,None
3217,93.0,90.0,2026-05-06,None
3218,93.0,90.0,2026-05-06,None
3219,43.0,65.0,2026-02-17,None
3220,56.0,65.0,2026-02-17,None
3221,43.0,65.0,2026-02-17,None
3222,43.0,65.0,2026-02-17,None
3223,345.0,330.0,2026-06-06,None
3224,335.0,300.0,2026-05-06,None
3225,475.0,520.0,2026-07-07,None
3226,232.0,940.0,2026-02-09,None
3227,310.0,340.0,2026-02-09,None
3228,50.0,51.0,2026-02-19,None
3229,,55.0,2025-06-04,None
3230,55.0,302.0,2026-02-04,None
3231,183.0,51.0,2026-02-19,None
3232,,55.0,2025-06-04,None
3233,310.0,51.0,2026-02-19,None
3234,50.0,51.0,2026-02-19,None
3235,183.0,302.0,2026-02-09,None
3236,,,,None
3237,,,,None
3238,34.0,36.0,2024-08-26,None
3239,34.0,36.0,2024-08-26,None
3240,34.0,36.0,2024-08-26,None
3241,,,,None
3242,34.0,36.0,2024-08-26,None
3243,,,,None
3244,605.0,85.0,2026-02-19,None
3245,400.0,85.0,2026-02-19,None
3246,675.0,710.0,2026-02-09,None
3247,620.0,85.0,2026-02-19,None
3248,675.0,85.0,2026-02-19,None
3249,400.0,85.0,2026-02-19,None
3250,799.0,200.0,2026-02-19,None
3251,1020.0,200.0,2026-02-19,None
3252,425.0,200.0,2026-02-19,None
3253,605.0,115.0,2026-02-19,None
3254,115.0,100.0,2026-06-06,None
3255,692.0,115.0,2026-02-19,None
3256,725.0,115.0,2026-02-19,None
3257,935.0,115.0,2026-02-19,None
3258,690.0,115.0,2026-02-19,None
3259,690.0,115.0,2026-02-19,None
3260,225.0,220.0,2026-07-07,None
3261,505.0,225.0,2026-02-19,None
3262,559.0,220.0,2026-07-07,None
3263,400.0,395.0,2026-06-06,None
3264,725.0,312.0,2026-02-09,None
3265,,650.0,2024-08-14,None
3266,580.0,575.0,2026-07-01,None
3267,,,,None
3268,,4300.0,2025-04-04,None
3269,,4800.0,2025-04-04,None
3270,,,,None
3271,,,,None
3272,,,,None
3273,295.0,300.0,2026-03-19,None
3274,310.0,300.0,2025-08-11,None
3275,,,,None
3276,,,,None
3277,,,,None
3278,,,,None
3279,,,,None
3280,,,,None
3281,,295.0,2026-02-12,None
3282,,,,None
3283,290.0,295.0,2026-01-13,None
3284,,,,None
3285,,295.0,2026-02-09,None
3286,,,,None
3287,,,,None
3288,,,,None
3289,,,,None
3290,,295.0,2026-02-09,None
3291,,,,None
3292,,,,None
3293,,,,None
3294,,,,None
3295,135.0,160.0,2026-02-04,None
3296,110.0,105.0,2026-07-22,Down
3298,80.0,73.0,2025-06-12,None
3299,,65.0,2024-08-19,None
3300,85.0,100.0,2026-02-24,None
3301,125.0,105.0,2025-03-23,None
3302,,125.0,2024-08-19,None
3303,360.0,300.0,2026-02-24,None
3304,,300.0,2026-02-24,None
3305,165.0,185.0,2026-02-24,None
3306,165.0,185.0,2026-06-20,None
3307,,,,None
3308,135.0,133.0,2026-06-20,None
3309,400.0,360.0,2026-06-20,None
3310,410.0,360.0,2026-06-20,None
3311,260.0,320.0,2026-06-20,None
3312,260.0,320.0,2026-06-20,None
3313,,,,None
3314,110.0,100.0,2026-06-20,None
3315,127.0,120.0,2026-02-24,None
3316,115.0,110.0,2026-06-20,None
3317,,,,None
3318,,,,None
3319,,,,None
3320,,,,None
3321,,,,None
3322,,,,None
3323,,,,None
3324,,,,None
3325,,,,None
3326,,,,None
3327,,,,None
3328,,,,None
3329,,,,None
3330,,,,None
3331,,,,None
3332,,,,None
3333,,,,None
3334,,,,None
3335,,,,None
3336,,,,None
3337,,,,None
3338,,,,None
3339,,,,None
3340,,,,None
3341,,,,None
3342,,,,None
3343,,,,None
3344,,,,None
3345,,,,None
3346,,,,None
3347,,,,None
3348,,,,None
3349,,,,None
3350,,,,None
3351,,,,None
3352,,,,None
3353,,,,None
3354,,,,None
3355,,,,None
3356,,,,None
3357,,,,None
3358,,,,None
3359,,,,None
3360,,,,None
3361,,,,None
3362,,,,None
3363,,,,None
3364,,,,None
3365,,,,None
3366,,,,None
3367,,,,None
3368,,167.0,2024-08-22,None
3369,,167.0,2024-08-22,None
3370,,,,None
3371,,,,None
3372,,162.0,2024-08-22,None
3373,,162.0,2024-08-22,None
3374,,162.0,2024-08-22,None
3375,,172.0,2024-08-22,None
3376,,172.0,2024-08-22,None
3377,,172.0,2024-08-22,None
3378,,207.0,2024-08-22,None
3379,,207.0,2024-08-22,None
3380,,,,None
3381,,,,None
3382,,,,None
3383,,,,None
3384,,101.0,2024-08-22,None
3385,,,,None
3386,,101.0,2024-08-22,None
3387,,101.0,2024-08-22,None
3388,,114.0,2024-08-22,None
3389,,,,None
3390,,114.0,2024-08-22,None
3391,,114.0,2024-08-22,None
3392,,,,None
3393,,,,None
3394,,,,None
3395,,,,None
3396,,120.0,2024-08-22,None
3397,,,,None
3398,,,,None
3399,,,,None
3400,,125.0,2024-08-22,None
3401,,125.0,2024-08-22,None
3402,,125.0,2024-08-22,None
3403,,125.0,2024-08-22,None
3404,,212.0,2024-08-22,None
3405,,,,None
3406,,212.0,2024-08-22,None
3407,,227.0,2024-08-22,None
3408,,,,None
3409,,227.0,2024-08-22,None
3410,,207.0,2024-08-22,None
3411,,207.0,2024-08-22,None
3412,,,,None
3413,,207.0,2024-08-22,None
3414,,,,None
3415,,,,None
3416,120.0,105.0,2025-10-06,None
3417,,,,None
3418,,140.0,2024-11-21,None
3419,130.0,125.0,2026-02-07,None
3420,152.0,148.0,2025-01-29,None
3421,152.0,148.0,2025-01-29,None
3422,155.0,148.0,2025-01-29,None
3423,,,,None
3424,,83.0,2024-09-17,None
3425,,,,None
3426,,,,None
3427,,93.0,2024-09-17,None
3428,,,,None
3429,,,,None
3430,,93.0,2024-09-17,None
3431,,,,None
3432,,,,None
3433,,96.0,2024-09-17,None
3434,,96.0,2024-09-17,None
3435,,,,None
3436,,,,None
3437,,,,None
3438,,,,None
3439,355.0,265.0,2026-02-07,None
3440,275.0,265.0,2025-10-06,None
3441,,,,None
3442,,,,None
3443,290.0,300.0,2025-10-30,None
3444,290.0,300.0,2025-10-30,None
3445,310.0,133.0,2026-02-12,None
3446,190.0,133.0,2026-01-25,None
3447,,133.0,2026-01-25,None
3448,66.0,56.0,2026-02-04,None
3449,30.0,29.0,2026-05-06,None
3450,,24.0,2024-08-26,None
3451,54.0,49.0,2026-06-20,None
3452,54.0,49.0,2026-06-20,None
3453,54.0,49.0,2026-06-20,None
3454,42.0,40.0,2026-01-13,None
3455,105.0,95.0,2026-05-06,None
3456,43.0,41.0,2026-01-13,None
3457,,695.0,2024-08-26,None
3458,315.0,350.0,2026-02-19,None
3459,85.0,78.0,2025-10-23,None
3460,320.0,340.0,2026-02-19,None
3461,365.0,360.0,2026-05-29,None
3462,465.0,490.0,2026-02-19,None
3463,,,,None
3464,32.0,37.0,2026-01-20,None
3465,32.0,37.0,2026-01-20,None
3466,32.0,37.0,2026-01-20,None
3467,32.0,37.0,2026-01-20,None
3497,,244.0,2024-09-01,None
3498,,335.0,2024-09-01,None
3499,,670.0,2024-09-04,None
3500,,900.0,2024-09-01,None
3501,,880.0,2024-09-01,None
3502,,,,None
3503,,289.0,2024-09-01,None
3504,,319.0,2024-09-01,None
3505,,280.0,2024-09-01,None
3506,118.0,112.0,2025-08-23,None
3507,118.0,112.0,2025-08-23,None
3508,,112.0,2025-09-02,None
3509,,112.0,2024-10-16,None
3510,,,,None
3511,,,,None
3512,,,,None
3513,,,,None
3514,117.0,132.0,2025-08-15,None
3515,117.0,132.0,2025-08-15,None
3516,,,,None
3517,,132.0,2025-08-15,None
3518,,,,None
3519,,,,None
3520,,,,None
3521,,,,None
3522,,,,None
3523,,740.0,2024-09-12,None
3524,1210.0,1150.0,2026-02-06,None
3525,1150.0,1300.0,2026-02-06,None
3526,1150.0,1280.0,2026-02-06,None
3527,1210.0,1280.0,2026-02-06,None
3528,1450.0,1440.0,2024-12-19,None
3529,1450.0,1440.0,2024-12-19,None
3530,1450.0,1440.0,2024-12-19,None
3531,1450.0,1440.0,2024-12-19,None
3532,1620.0,1610.0,2024-12-19,None
3533,1620.0,1610.0,2024-12-19,None
3534,1620.0,1610.0,2024-12-19,None
3535,1620.0,1610.0,2024-12-19,None
3536,1020.0,915.0,2026-03-01,None
3537,1020.0,915.0,2026-03-01,None
3538,1020.0,915.0,2026-03-01,None
3539,1030.0,1020.0,2024-12-05,None
3540,1020.0,915.0,2026-03-01,None
3541,,,,None
3542,,,,None
3543,,,,None
3544,,,,None
3545,,,,None
3546,,,,None
3547,,,,None
3548,,,,None
3549,,,,None
3550,,,,None
3551,1010.0,1060.0,2026-03-01,None
3552,1000.0,1020.0,2026-06-20,None
3553,1000.0,1020.0,2026-06-20,None
3554,1090.0,1040.0,2026-06-20,None
3555,1230.0,1280.0,2026-03-01,None
3556,1240.0,1280.0,2026-03-01,None
3557,1230.0,1280.0,2026-03-01,None
3558,1230.0,1250.0,2026-03-01,None
3559,1700.0,1640.0,2025-11-25,None
3560,1700.0,1640.0,2025-11-25,None
3561,1700.0,1630.0,2025-11-25,None
3562,1640.0,1350.0,2026-05-07,None
3563,1580.0,1800.0,2026-05-07,None
3564,1520.0,1800.0,2026-05-07,None
3565,1520.0,1800.0,2026-05-07,None
3566,1580.0,1450.0,2026-05-07,None
3567,,,,None
3568,,,,None
3569,,,,None
3570,,,,None
3571,,,,None
3572,,,,None
3573,,,,None
3574,,,,None
3575,,,,None
3576,,,,None
3577,,,,None
3578,,,,None
3579,,,,None
3580,,,,None
3581,,,,None
3582,,685.0,2026-03-01,None
3583,,,,None
3584,,705.0,2026-03-01,None
3585,,,,None
3586,,705.0,2026-03-01,None
3587,,,,None
3588,,,,None
3589,,920.0,2025-07-01,None
3590,,,,None
3591,,,,None
3592,,,,None
3593,,,,None
3594,,,,None
3595,,,,None
3596,,,,None
3597,770.0,730.0,2026-05-02,None
3598,770.0,730.0,2026-05-02,None
3599,800.0,740.0,2026-05-02,None
3600,770.0,730.0,2026-05-02,None
3601,770.0,730.0,2026-05-02,None
3602,950.0,915.0,2026-03-01,None
3603,980.0,950.0,2024-12-05,None
3604,950.0,980.0,2024-12-12,None
3605,980.0,950.0,2024-12-05,None
3606,980.0,950.0,2024-12-05,None
3607,,,,None
3608,,,,None
3609,,,,None
3610,,,,None
3611,,,,None
3612,1350.0,1360.0,2026-05-07,None
3613,1350.0,1400.0,2025-10-30,None
3614,1350.0,1360.0,2026-05-07,None
3615,1280.0,1240.0,2026-06-20,None
3616,1420.0,1500.0,2026-06-20,None
3617,1500.0,1600.0,2026-06-20,None
3618,1450.0,1500.0,2026-06-20,None
3619,1450.0,1500.0,2026-06-20,None
3620,1500.0,1850.0,2026-03-01,None
3621,1850.0,1900.0,2025-08-01,None
3622,1850.0,1900.0,2025-08-01,None
3623,1900.0,1850.0,2025-09-15,None
3624,1010.0,1040.0,2026-02-06,None
3625,980.0,1040.0,2026-02-06,None
3626,990.0,1040.0,2026-02-06,None
3627,1010.0,1020.0,2026-02-06,None
3628,1140.0,1150.0,2024-12-19,None
3629,1140.0,1150.0,2024-12-19,None
3630,1140.0,1150.0,2024-12-19,None
3631,1140.0,1150.0,2024-12-19,None
3632,,1340.0,2024-10-07,None
3633,,,,None
3634,,,,None
3635,,1340.0,2024-10-07,None
3636,,1450.0,2025-03-20,None
3637,,,,None
3638,,,,None
3639,,,,None
3640,39.0,40.0,2026-07-22,Up
3641,39.0,40.0,2026-05-14,None
3642,39.0,40.0,2026-05-14,None
3643,39.0,40.0,2026-07-22,Up
3644,30.0,29.0,2025-03-23,None
3645,30.0,29.0,2025-03-23,None
3646,30.0,29.0,2025-03-23,None
3647,,,,None
3648,,50.0,2024-09-12,None
3649,,,,None
3650,52.0,48.0,2026-05-14,None
3651,48.0,47.0,2026-07-22,Down
3652,48.0,47.0,2026-07-22,Down
3653,52.0,48.0,2026-05-14,None
3654,60.0,62.0,2026-06-28,None
3655,60.0,62.0,2026-07-13,None
3656,62.0,60.0,2026-06-13,None
3657,960.0,950.0,2024-12-12,None
3658,960.0,950.0,2024-12-12,None
3659,960.0,950.0,2024-12-12,None
3660,960.0,950.0,2024-12-12,None
3661,1230.0,1215.0,2024-12-12,None
3662,1230.0,1215.0,2024-12-12,None
3663,1230.0,1215.0,2024-12-12,None
3664,1230.0,1215.0,2024-12-12,None
3665,,,,None
3666,,,,None
3667,,,,None
3668,,,,None
3669,,,,None
3670,,,,None
3671,,,,None
3672,,,,None
3673,1350.0,1270.0,2024-12-04,None
3674,1350.0,1270.0,2024-12-04,None
3675,1350.0,1270.0,2024-12-04,None
3676,1350.0,1270.0,2024-12-04,None
3677,1470.0,1450.0,2024-11-27,None
3678,1470.0,1450.0,2024-11-27,None
3679,1470.0,1450.0,2024-11-27,None
3680,1470.0,1450.0,2024-11-27,None
3681,1900.0,1700.0,2024-11-27,None
3682,1900.0,1700.0,2024-11-27,None
3683,1900.0,1700.0,2024-11-27,None
3684,1900.0,1700.0,2024-11-27,None
3685,,,,None
3686,,,,None
3687,,,,None
3688,,,,None
3689,,2000.0,2024-10-16,None
3690,,2000.0,2024-10-16,None
3691,,2000.0,2024-10-16,None
3692,,2000.0,2024-10-16,None
3693,,2200.0,2024-10-16,None
3694,,2200.0,2024-10-16,None
3695,,2200.0,2024-10-16,None
3696,,2200.0,2024-10-16,None
3697,,2350.0,2024-10-16,None
3698,,2350.0,2024-10-16,None
3699,,2350.0,2024-10-16,None
3700,,2350.0,2024-10-16,None
3701,,2500.0,2024-10-16,None
3702,,2500.0,2024-10-16,None
3703,,2500.0,2024-10-16,None
3704,,2500.0,2024-10-16,None
3705,,,,None
3706,,,,None
3707,,,,None
3708,,,,None
3709,,580.0,2024-10-19,None
3710,,580.0,2024-09-19,None
3711,,580.0,2024-11-27,None
3712,,,,None
3713,,,,None
3714,,,,None
3715,,,,None
3716,,,,None
3717,,,,None
3718,,,,None
3719,,,,None
3720,,,,None
3721,,,,None
3722,,215.0,2024-09-19,None
3723,,215.0,2024-09-19,None
3724,,,,None
3725,,,,None
3726,,,,None
3727,230.0,205.0,2025-10-06,None
3728,,230.0,2024-09-19,None
3729,,230.0,2024-09-19,None
3730,,,,None
3731,,230.0,2025-03-17,None
3732,,,,None
3733,15.0,12.0,2026-07-18,None
3734,11.0,12.0,2026-03-19,None
3735,11.0,12.0,2026-03-19,None
3736,102.0,103.0,2025-06-18,None
3737,102.0,103.0,2025-06-18,None
3738,102.0,103.0,2025-06-18,None
3739,102.0,103.0,2025-06-18,None
3740,,,,None
3741,,,,None
3742,,,,None
3743,,,,None
3744,109.0,108.0,2025-06-09,None
3745,118.0,108.0,2025-07-19,None
3746,120.0,109.0,2025-05-04,None
3747,119.0,108.0,2025-03-12,None
3748,,,,None
3749,,,,None
3750,,,,None
3751,,,,None
3752,123.0,125.0,2025-07-19,None
3753,123.0,125.0,2025-07-19,None
3754,122.0,125.0,2025-07-19,None
3755,123.0,125.0,2025-07-19,None
3756,219.0,160.0,2026-06-25,None
3757,339.0,160.0,2026-06-25,None
3758,42.0,40.0,2026-03-19,None
3759,42.0,40.0,2026-03-19,None
3760,29.0,30.0,2026-01-13,None
3761,29.0,30.0,2026-01-13,None
3762,460.0,430.0,2026-02-09,None
3763,440.0,450.0,2026-04-23,None
3764,,,,None
3765,430.0,450.0,2026-04-23,None
3766,,,,None
3767,475.0,500.0,2026-01-19,None
3768,475.0,500.0,2026-01-19,None
3769,475.0,500.0,2026-01-19,None
3770,475.0,500.0,2026-01-19,None
3771,,,,None
3772,,,,None
3773,,,,None
3774,,,,None
3775,,,,None
3776,,,,None
3777,645.0,675.0,2026-06-12,None
3778,645.0,675.0,2026-06-12,None
3779,645.0,675.0,2026-06-12,None
3780,645.0,675.0,2026-06-12,None
3781,645.0,675.0,2026-06-12,None
3782,645.0,675.0,2026-06-12,None
3783,645.0,675.0,2026-06-12,None
3784,645.0,675.0,2026-06-12,None
3785,645.0,675.0,2026-06-12,None
3786,830.0,835.0,2025-06-11,None
3787,615.0,635.0,2025-12-27,None
3788,750.0,740.0,2025-05-25,None
3789,615.0,635.0,2025-12-27,None
3790,615.0,635.0,2025-12-27,None
3791,640.0,625.0,2026-07-12,None
3792,640.0,625.0,2026-07-12,None
3793,615.0,635.0,2025-12-27,None
3794,615.0,635.0,2025-12-27,None
3795,640.0,625.0,2026-07-12,None
3796,935.0,720.0,2026-04-17,None
3797,310.0,300.0,2026-07-12,None
3798,335.0,300.0,2026-06-01,None
3799,310.0,300.0,2026-07-12,None
3800,185.0,165.0,2026-07-12,None
3801,110.0,107.0,2026-07-12,None
3802,330.0,320.0,2026-07-12,None
3803,330.0,320.0,2026-06-01,None
3804,350.0,330.0,2026-06-01,None
3805,550.0,560.0,2025-01-29,None
3806,,610.0,2024-10-19,None
3807,575.0,570.0,2025-05-07,None
3808,570.0,595.0,2025-04-17,None
3809,,660.0,2024-10-19,None
3810,610.0,620.0,2025-08-08,None
3811,,,,None
3812,,,,None
3813,,,,None
3814,620.0,640.0,2025-01-17,None
3815,640.0,675.0,2025-03-12,None
3816,640.0,675.0,2025-03-12,None
3817,,,,None
3818,,,,None
3819,,,,None
3820,,,,None
3821,,,,None
3822,,,,None
3823,,,,None
3824,960.0,830.0,2026-02-09,None
3825,960.0,830.0,2026-02-09,None
3826,,,,None
3827,,,,None
3828,,,,None
3829,,,,None
3830,,,,None
3831,,,,None
3832,,,,None
3833,,,,None
3834,,,,None
3835,,,,None
3836,,,,None
3837,,,,None
3838,440.0,385.0,2026-02-04,None
3839,460.0,385.0,2026-02-04,None
3840,440.0,385.0,2026-02-04,None
3841,490.0,430.0,2025-01-04,None
3842,480.0,470.0,2025-09-19,None
3843,465.0,500.0,2025-04-06,None
3844,480.0,470.0,2025-09-19,None
3845,500.0,440.0,2026-02-04,None
3846,,445.0,2026-02-04,None
3847,,445.0,2026-02-04,None
3848,,445.0,2026-02-04,None
3849,,,,None
3850,235.0,225.0,2026-02-12,None
3851,235.0,225.0,2026-02-12,None
3852,450.0,285.0,2026-02-09,None
3853,,385.0,2024-12-23,None
3854,,385.0,2024-12-23,None
3855,110.0,150.0,2026-03-01,None
3856,166.0,160.0,2026-02-24,None
3857,110.0,120.0,2026-06-20,None
3858,,,,None
3859,,,,None
3860,,,,None
3861,,,,None
3862,,,,None
3863,,,,None
3864,,,,None
3865,,,,None
3866,,,,None
3867,,,,None
3868,,,,None
3869,,,,None
3870,,,,None
3871,,,,None
3872,,,,None
3873,,,,None
3874,,,,None
3875,,,,None
3876,,,,None
3877,,,,None
3878,,,,None
3879,,,,None
3880,,,,None
3881,,,,None
3882,,,,None
3883,,,,None
3884,,,,None
3885,,,,None
3886,,,,None
3887,,,,None
3888,,,,None
3889,,,,None
3890,,,,None
3891,,,,None
3892,,,,None
3893,,,,None
3894,,,,None
3895,,,,None
3896,,,,None
3897,,,,None
3898,,,,None
3899,,,,None
3900,,,,None
3901,,,,None
3902,,,,None
3903,,,,None
3904,,,,None
3905,,,,None
3906,1140.0,1130.0,2024-12-12,None
3907,1140.0,1130.0,2024-12-12,None
3908,1140.0,1130.0,2024-12-12,None
3909,1140.0,1130.0,2024-12-12,None
3910,1340.0,1330.0,2024-12-12,None
3911,1340.0,1330.0,2024-12-12,None
3912,1340.0,1330.0,2024-12-12,None
3913,1340.0,1330.0,2024-12-12,None
3914,,,,None
3915,,,,None
3916,,,,None
3917,,,,None
3918,,,,None
3919,,,,None
3920,,,,None
3921,,,,None
3922,1550.0,1440.0,2024-11-27,None
3923,1550.0,1440.0,2024-11-27,None
3924,1550.0,1440.0,2024-11-27,None
3925,1550.0,1440.0,2024-11-27,None
3926,1620.0,1530.0,2024-11-27,None
3927,1620.0,1530.0,2024-11-27,None
3928,1620.0,1530.0,2024-11-27,None
3929,1620.0,1530.0,2024-11-27,None
3930,,1950.0,2024-11-13,None
3931,,1950.0,2024-11-13,None
3932,,1950.0,2024-11-13,None
3933,,1950.0,2024-11-13,None
3934,,,,None
3935,,,,None
3936,,,,None
3937,,,,None
3938,,,,None
3939,,,,None
3940,,,,None
3941,,,,None
3942,,,,None
3943,,,,None
3944,,,,None
3945,,,,None
3946,,,,None
3947,,,,None
3948,,,,None
3949,,,,None
3950,,,,None
3951,,,,None
3952,,,,None
3953,,,,None
3954,155.0,275.0,2026-02-16,None
3955,155.0,345.0,2026-02-16,None
3956,225.0,210.0,2026-01-13,None
3957,280.0,300.0,2026-06-25,None
3958,163.0,160.0,2026-07-18,None
3959,165.0,163.0,2026-07-09,None
3960,163.0,160.0,2026-07-18,None
3961,198.0,195.0,2025-10-27,None
3962,198.0,195.0,2025-10-27,None
3963,198.0,195.0,2025-10-27,None
3964,,,,None
3965,,,,None
3966,,,,None
3967,,,,None
3968,,,,None
3969,,,,None
3970,,,,None
3971,,,,None
3972,,,,None
3973,,,,None
3974,,,,None
3975,,,,None
3976,,,,None
3977,,,,None
3978,,,,None
3979,,,,None
3980,,,,None
3981,,,,None
3982,,,,None
3983,,,,None
3984,,,,None
3985,,265.0,2024-11-21,None
3986,,,,None
3987,,,,None
3988,,,,None
3989,,,,None
3990,,255.0,2024-11-21,None
3991,260.0,255.0,2025-01-17,None
3992,460.0,450.0,2025-03-11,None
3993,460.0,450.0,2025-03-11,None
3994,460.0,450.0,2025-03-11,None
3995,460.0,450.0,2025-03-11,None
3996,565.0,555.0,2025-03-11,None
3997,565.0,555.0,2025-03-11,None
3998,565.0,555.0,2025-03-11,None
3999,565.0,555.0,2025-03-11,None
4000,900.0,880.0,2025-02-11,None
4001,900.0,880.0,2025-02-11,None
4002,900.0,880.0,2025-02-11,None
4003,900.0,880.0,2025-02-11,None
4004,755.0,740.0,2025-03-18,None
4005,755.0,740.0,2025-03-18,None
4006,755.0,740.0,2025-03-18,None
4007,755.0,740.0,2025-03-18,None
4008,850.0,920.0,2025-03-18,None
4009,850.0,920.0,2025-03-18,None
4010,850.0,920.0,2025-03-18,None
4011,850.0,920.0,2025-03-18,None
4012,,,,None
4013,,,,None
4014,,,,None
4015,,,,None
4016,145.0,150.0,2026-01-16,None
4017,,150.0,2024-11-27,None
4018,145.0,150.0,2026-01-16,None
4019,,180.0,2024-11-27,None
4020,,180.0,2025-01-17,None
4021,180.0,175.0,2026-02-09,None
4022,126.0,125.0,2025-05-07,None
4023,126.0,130.0,2025-07-19,None
4024,126.0,130.0,2025-07-19,None
4025,137.0,136.0,2025-04-04,None
4026,137.0,136.0,2025-04-04,None
4027,,,,None
4028,310.0,250.0,2026-06-25,None
4029,300.0,250.0,2026-06-25,None
4030,655.0,670.0,2026-06-17,None
4031,695.0,690.0,2026-07-17,None
4032,,,,None
4033,,,,None
4034,870.0,880.0,2026-07-01,None
4035,870.0,880.0,2026-07-01,None
4036,1030.0,1020.0,2025-03-26,None
4037,,,,None
4038,1085.0,1000.0,2026-06-03,None
4039,1085.0,1000.0,2026-06-03,None
4040,1280.0,1250.0,2026-04-06,None
4041,1280.0,1250.0,2026-04-06,None
4042,1270.0,1300.0,2025-07-01,None
4043,,,,None
4044,840.0,850.0,2026-06-17,None
4045,990.0,850.0,2025-08-13,None
4046,1150.0,1090.0,2025-02-11,None
4047,,1050.0,2025-06-11,None
4048,,,,None
4049,,,,None
4050,160.0,170.0,2025-10-13,None
4051,160.0,170.0,2025-10-13,None
4052,160.0,170.0,2025-10-13,None
4053,,310.0,2024-11-27,None
4054,,310.0,2024-11-27,None
4055,,310.0,2024-11-27,None
4056,,,,None
4057,,340.0,2024-11-27,None
4058,340.0,320.0,2026-03-17,None
4059,,,,None
4060,,,,None
4061,,,,None
4062,155.0,150.0,2026-05-04,None
4063,155.0,150.0,2026-05-04,None
4064,155.0,150.0,2026-05-04,None
4065,151.0,150.0,2026-02-15,None
4066,160.0,165.0,2026-01-13,None
4067,160.0,165.0,2026-01-13,None
4068,185.0,170.0,2025-10-09,None
4069,180.0,200.0,2026-06-25,None
4070,25.0,58.0,2026-02-12,None
4071,25.0,58.0,2026-02-12,None
4072,37.0,58.0,2026-02-12,None
4073,,187.0,2024-12-20,None
4074,,187.0,2024-11-27,None
4075,,,,None
4076,,,,None
4077,,,,None
4078,,,,None
4079,,,,None
4080,,,,None
4081,,,,None
4082,,,,None
4083,,,,None
4084,,,,None
4085,,,,None
4086,,,,None
4087,,,,None
4088,,,,None
4089,,,,None
4090,,,,None
4091,,,,None
4092,,,,None
4093,,,,None
4094,,,,None
4095,,,,None
4096,,,,None
4097,,,,None
4098,,,,None
4099,,,,None
4100,,,,None
4101,,,,None
4102,,,,None
4103,,,,None
4104,,,,None
4105,,,,None
4106,,,,None
4107,,,,None
4108,,,,None
4109,,,,None
4110,,,,None
4111,,,,None
4112,,,,None
4113,,,,None
4114,,,,None
4115,,,,None
4116,,,,None
4117,,,,None
4118,,,,None
4119,,,,None
4120,,,,None
4121,,,,None
4122,,,,None
4123,,,,None
4124,,,,None
4125,,,,None
4126,,,,None
4127,,,,None
4128,,,,None
4129,,,,None
4130,,,,None
4131,,,,None
4132,,,,None
4133,,,,None
4134,,,,None
4135,,,,None
4136,,,,None
4137,,,,None
4138,,,,None
4139,,,,None
4140,,,,None
4141,,,,None
4142,,,,None
4143,,,,None
4144,,,,None
4145,,,,None
4146,,,,None
4147,,,,None
4148,,,,None
4149,,,,None
4150,,,,None
4151,,,,None
4152,,,,None
4153,,,,None
4154,,,,None
4155,,,,None
4156,,,,None
4157,,,,None
4158,,,,None
4159,,,,None
4160,,,,None
4161,,,,None
4162,,,,None
4163,,,,None
4164,,,,None
4165,,,,None
4166,,,,None
4167,,,,None
4168,,,,None
4169,,,,None
4170,,,,None
4171,,,,None
4172,,,,None
4173,,,,None
4174,,,,None
4175,,,,None
4176,,,,None
4177,,,,None
4178,,,,None
4179,,,,None
4180,,,,None
4181,,,,None
4182,,,,None
4183,,,,None
4184,,,,None
4185,,,,None
4186,,,,None
4187,,,,None
4188,,,,None
4189,,,,None
4190,,,,None
4191,,,,None
4192,,,,None
4193,,,,None
4194,,,,None
4195,,,,None
4196,,,,None
4197,2700.0,2430.0,2024-12-19,None
4198,2700.0,2430.0,2024-12-19,None
4199,,,,None
4200,,,,None
4201,,,,None
4202,,,,None
4203,,,,None
4204,,,,None
4205,,,,None
4206,,,,None
4207,,,,None
4208,,,,None
4209,,,,None
4210,,,,None
4211,,,,None
4212,,,,None
4213,,,,None
4214,,,,None
4215,,,,None
4216,,,,None
4217,,3200.0,2024-12-12,None
4218,,3200.0,2024-12-12,None
4219,,,,None
4220,,,,None
4221,,,,None
4222,,,,None
4223,,,,None
4224,,,,None
4225,,,,None
4226,,,,None
4227,,,,None
4228,,,,None
4229,,,,None
4230,,,,None
4231,,,,None
4232,,,,None
4233,,,,None
4234,,,,None
4235,,,,None
4236,,,,None
4237,,,,None
4238,,,,None
4239,,,,None
4240,,,,None
4241,,,,None
4242,,,,None
4243,,,,None
4244,,,,None
4245,,,,None
4246,,,,None
4247,,,,None
4248,,,,None
4249,,,,None
4250,,,,None
4251,,,,None
4252,,,,None
4253,,,,None
4254,,,,None
4255,,,,None
4256,,,,None
4257,,,,None
4258,,,,None
4259,,2225.0,2025-06-29,None
4260,,,,None
4261,,,,None
4262,,,,None
4263,,,,None
4264,,,,None
4265,,,,None
4266,,,,None
4267,,,,None
4268,,,,None
4269,,,,None
4270,,,,None
4271,,,,None
4272,,,,None
4273,,,,None
4274,,,,None
4275,,,,None
4276,,,,None
4277,,,,None
4278,,,,None
4279,,,,None
4280,,,,None
4281,,,,None
4282,,,,None
4283,,,,None
4284,,,,None
4285,,,,None
4286,,,,None
4287,,,,None
4288,,,,None
4289,,,,None
4290,,,,None
4291,,,,None
4292,,,,None
4293,,,,None
4294,,,,None
4295,,,,None
4296,,,,None
4297,,,,None
4298,,,,None
4299,,,,None
4300,,,,None
4301,,,,None
4302,,,,None
4303,,,,None
4304,,,,None
4305,,,,None
4306,,,,None
4307,,,,None
4308,,,,None
4309,,,,None
4310,,,,None
4311,,,,None
4312,,,,None
4313,,,,None
4314,,,,None
4315,,,,None
4316,,,,None
4317,,,,None
4318,,,,None
4319,,,,None
4320,,,,None
4321,,,,None
4322,,,,None
4323,,,,None
4324,,,,None
4325,,,,None
4326,,,,None
4327,,,,None
4328,,,,None
4329,,,,None
4330,,,,None
4331,,,,None
4332,,,,None
4333,,,,None
4334,,,,None
4335,,,,None
4336,,,,None
4337,,,,None
4338,,,,None
4339,,,,None
4340,,,,None
4341,,,,None
4342,,,,None
4343,,,,None
4344,,,,None
4345,,,,None
4346,,,,None
4347,,,,None
4348,,,,None
4349,,,,None
4350,,,,None
4351,,,,None
4352,,,,None
4353,,,,None
4354,,,,None
4355,,,,None
4356,,,,None
4357,,,,None
4358,,,,None
4359,,,,None
4360,,,,None
4361,,,,None
4362,,,,None
4363,,,,None
4364,,,,None
4365,,,,None
4366,,,,None
4367,,,,None
4368,,,,None
4369,,,,None
4370,,,,None
4371,,,,None
4372,,,,None
4373,,,,None
4374,,,,None
4375,,,,None
4376,,,,None
4377,,,,None
4378,,,,None
4379,,,,None
4380,,,,None
4381,,,,None
4382,,,,None
4383,,,,None
4384,,,,None
4385,,,,None
4386,,,,None
4387,,,,None
4388,,,,None
4389,,,,None
4390,,,,None
4391,,,,None
4392,,,,None
4393,,,,None
4394,,,,None
4395,,,,None
4396,,,,None
4397,,,,None
4398,,,,None
4399,,4000.0,2024-12-12,None
4400,,4000.0,2024-12-12,None
4401,,,,None
4402,,,,None
4403,,,,None
4404,,,,None
4405,,,,None
4406,,,,None
4407,,,,None
4408,,,,None
4409,,4500.0,2024-12-19,None
4410,,4500.0,2024-12-19,None
4411,,,,None
4412,,,,None
4413,,,,None
4414,,,,None
4415,,,,None
4416,,,,None
4417,,,,None
4418,,,,None
4419,,,,None
4420,,,,None
4421,,,,None
4422,,,,None
4423,,,,None
4424,,,,None
4425,,,,None
4426,,,,None
4427,,,,None
4428,,,,None
4429,,,,None
4430,,,,None
4431,,,,None
4432,,,,None
4433,,,,None
4434,,,,None
4435,,,,None
4436,,,,None
4437,,,,None
4438,,,,None
4439,,,,None
4440,,,,None
4441,,,,None
4442,,,,None
4443,,,,None
4444,,,,None
4445,,,,None
4446,,,,None
4447,,,,None
4448,,,,None
4449,,,,None
4450,,,,None
4451,,,,None
4452,,,,None
4453,,,,None
4454,,,,None
4455,,,,None
4456,,,,None
4457,,,,None
4458,,,,None
4459,,,,None
4460,,,,None
4461,,,,None
4462,,,,None
4463,,,,None
4464,,,,None
4465,,,,None
4466,,,,None
4467,,,,None
4468,,,,None
4469,,,,None
4470,,,,None
4471,,,,None
4472,,,,None
4473,,,,None
4474,,,,None
4475,,,,None
4476,,,,None
4477,,,,None
4478,,,,None
4479,,,,None
4480,,,,None
4481,,,,None
4482,,,,None
4483,,,,None
4484,,,,None
4485,,,,None
4486,,,,None
4487,,,,None
4488,,,,None
4489,,,,None
4490,,,,None
4491,,,,None
4492,,,,None
4493,,,,None
4494,,,,None
4495,,,,None
4496,,,,None
4497,,,,None
4498,,,,None
4499,,,,None
4500,,,,None
4501,,,,None
4502,,,,None
4503,,,,None
4504,,,,None
4505,,,,None
4506,,,,None
4507,1800.0,1750.0,2024-12-19,None
4508,1800.0,1750.0,2024-12-19,None
4509,,,,None
4510,,,,None
4511,,,,None
4512,,,,None
4513,,,,None
4514,,,,None
4515,,,,None
4516,,,,None
4517,2050.0,1980.0,2024-12-19,None
4518,2050.0,1980.0,2024-12-19,None
4519,,,,None
4520,,,,None
4521,,,,None
4522,,,,None
4523,,,,None
4524,,,,None
4525,,,,None
4526,,,,None
4527,,,,None
4528,,,,None
4529,,,,None
4530,,,,None
4531,,,,None
4532,,,,None
4533,,,,None
4534,,,,None
4535,,,,None
4536,,,,None
4537,,,,None
4538,,,,None
4539,3400.0,3370.0,2024-12-19,None
4540,3400.0,3370.0,2024-12-19,None
4541,,,,None
4542,,,,None
4543,,,,None
4544,,,,None
4545,,,,None
4546,,,,None
4547,,3000.0,2024-12-04,None
4548,,3000.0,2024-12-04,None
4549,,,,None
4550,,,,None
4551,,,,None
4552,,,,None
4553,,,,None
4554,,,,None
4555,,,,None
4556,,,,None
4557,,,,None
4558,,,,None
4559,,,,None
4560,,,,None
4561,,,,None
4562,,,,None
4563,,,,None
4564,,,,None
4565,,,,None
4566,,,,None
4567,,,,None
4568,,,,None
4569,,,,None
4570,,,,None
4571,,,,None
4572,,,,None
4573,,,,None
4574,,,,None
4575,,,,None
4576,,,,None
4577,,105.0,2024-12-27,None
4578,,,,None
4579,105.0,104.0,2025-10-06,None
4580,485.0,480.0,2026-04-17,None
4581,480.0,550.0,2026-03-19,None
4582,480.0,490.0,2026-03-19,None
4583,470.0,490.0,2026-03-19,None
4584,510.0,480.0,2025-08-08,None
4585,349.0,339.0,2026-02-09,None
4586,,,,None
4587,,,,None
4588,,,,None
4589,,,,None
4590,,610.0,2026-02-06,None
4591,,,,None
4592,,,,None
4593,,,,None
4594,,,,None
4595,,,,None
4596,405.0,400.0,2025-07-26,None
4597,440.0,480.0,2025-07-01,None
4598,,,,None
4599,770.0,780.0,2025-08-05,None
4600,,920.0,2024-12-22,None
4601,,,,None
4602,,,,None
4603,,,,None
4604,,,,None
4605,,,,None
4606,,,,None
4607,,,,None
4608,,,,None
4609,,,,None
4610,,,,None
4611,,,,None
4612,,,,None
4613,510.0,515.0,2025-05-17,None
4614,,,,None
4615,,,,None
4616,920.0,900.0,2025-01-04,None
4617,920.0,1000.0,2025-12-14,None
4618,,,,None
4619,940.0,960.0,2025-04-02,None
4620,1030.0,1090.0,2025-03-12,None
4621,,1200.0,2025-02-04,None
4622,850.0,830.0,2025-01-04,None
4623,1050.0,1020.0,2025-01-04,None
4624,,,,None
4625,,,,None
4626,,,,None
4627,,,,None
4628,,,,None
4629,,,,None
4630,,,,None
4631,700.0,780.0,2025-01-21,None
4632,900.0,860.0,2025-01-21,None
4633,,,,None
4634,,,,None
4635,,,,None
4636,,,,None
4637,,,,None
4638,1100.0,1050.0,2025-02-11,None
4639,1230.0,1100.0,2025-03-12,None
4640,,,,None
4641,1150.0,1050.0,2025-02-11,None
4642,1250.0,1230.0,2025-02-11,None
4643,,1500.0,2025-01-04,None
4644,,1500.0,2024-12-22,None
4645,1300.0,1250.0,2026-02-18,None
4646,1300.0,1350.0,2026-06-20,None
4647,1350.0,1530.0,2026-06-20,None
4648,1050.0,1030.0,2026-05-07,None
4649,,1090.0,2026-02-06,None
4650,,,,None
4651,1010.0,1060.0,2025-05-02,None
4652,1250.0,1280.0,2026-07-13,None
4653,1400.0,1640.0,2026-01-25,None
4654,1700.0,1800.0,2025-07-28,None
4655,880.0,1000.0,2025-07-20,None
4656,,,,None
4657,,,,None
4658,800.0,830.0,2025-07-20,None
4659,,950.0,2025-06-28,None
4660,,,,None
4661,780.0,760.0,2026-03-01,None
4662,980.0,910.0,2026-03-01,None
4663,,,,None
4664,1200.0,1260.0,2025-05-01,None
4665,1500.0,1530.0,2025-05-02,None
4666,1600.0,1630.0,2025-05-01,None
4667,1040.0,1000.0,2026-03-01,None
4668,1250.0,1200.0,2025-11-25,None
4669,,,,None
4670,,,,None
4671,1030.0,1000.0,2025-04-06,None
4672,1030.0,1000.0,2026-01-10,None
4673,,,,None
4674,,,,None
4675,1120.0,1100.0,2025-06-21,None
4676,1420.0,1410.0,2025-04-06,None
4677,,1700.0,2024-12-22,None
4678,,,,None
4679,,,,None
4680,,,,None
4681,,,,None
4682,,,,None
4683,780.0,770.0,2025-06-28,None
4684,800.0,790.0,2026-04-05,None
4685,,,,None
4686,,,,None
4687,900.0,850.0,2026-07-07,None
4688,1300.0,1120.0,2025-05-07,None
4689,,1800.0,2024-12-22,None
4690,,,,None
4691,,1850.0,2024-12-22,None
4692,,2100.0,2024-12-22,None
4693,,2250.0,2024-12-22,None
4694,,2350.0,2024-12-22,None
4695,,,,None
4696,,,,None
4697,,,,None
4698,,,,None
4699,,,,None
4700,,,,None
4701,2600.0,2550.0,2025-07-04,None
4702,,,,None
4703,,,,None
4704,,,,None
4705,,,,None
4706,2700.0,2800.0,2025-05-30,None
4707,,,,None
4708,,,,None
4709,,,,None
4710,,,,None
4711,3200.0,3500.0,2025-08-26,None
4712,,,,None
4713,,,,None
4714,,,,None
4715,,,,None
4716,,,,None
4717,,,,None
4718,,,,None
4719,,,,None
4720,,,,None
4721,,6180.0,2024-12-22,None
4722,,,,None
4723,,6180.0,2025-04-28,None
4724,,,,None
4725,1250.0,1200.0,2025-10-20,None
4726,1300.0,1280.0,2025-10-20,None
4727,,,,None
4728,,,,None
4729,,,,None
4730,,,,None
4731,1700.0,1600.0,2025-02-26,None
4732,1570.0,1550.0,2025-04-28,None
4733,,,,None
4734,,,,None
4735,,,,None
4736,,,,None
4737,,1650.0,2025-12-14,None
4738,,,,None
4739,,,,None
4740,,,,None
4741,,,,None
4742,,,,None
4743,,,,None
4744,,,,None
4745,,,,None
4746,,,,None
4747,,,,None
4748,,,,None
4749,,,,None
4750,,,,None
4751,,,,None
4752,,,,None
4753,,,,None
4754,,,,None
4755,,,,None
4756,,,,None
4757,,,,None
4758,,,,None
4759,,,,None
4760,,,,None
4761,,,,None
4762,,,,None
4763,,,,None
4764,,,,None
4765,,,,None
4766,,,,None
4767,,,,None
4768,,,,None
4769,,,,None
4770,,,,None
4771,,,,None
4772,,,,None
4773,,,,None
4774,,,,None
4775,,,,None
4776,,,,None
4777,,,,None
4778,,,,None
4779,,,,None
4780,,,,None
4781,,,,None
4782,,,,None
4783,,,,None
4784,,,,None
4785,2300.0,2350.0,2025-06-28,None
4786,,,,None
4787,,,,None
4788,,,,None
4789,,,,None
4790,,,,None
4791,,,,None
4792,,,,None
4793,,,,None
4794,,,,None
4795,,,,None
4796,,,,None
4797,,,,None
4798,,,,None
4799,2050.0,1850.0,2025-10-04,None
4800,,,,None
4801,,,,None
4802,,,,None
4803,,,,None
4804,2400.0,2500.0,2025-04-02,None
4805,2650.0,2600.0,2025-02-04,None
4806,,,,None
4807,,,,None
4808,,,,None
4809,,,,None
4810,,,,None
4811,,,,None
4812,,,,None
4813,,,,None
4814,,,,None
4815,,,,None
4816,,,,None
4817,,,,None
4818,,,,None
4819,,,,None
4820,,,,None
4821,,,,None
4822,,,,None
4823,,,,None
4824,,,,None
4825,,,,None
4826,,,,None
4827,,,,None
4828,,,,None
4829,720.0,700.0,2026-05-12,None
4830,,,,None
4831,,,,None
4832,,,,None
4833,,,,None
4834,,,,None
4835,,,,None
4836,,,,None
4837,,1600.0,2025-08-08,None
4838,1750.0,1700.0,2025-08-01,None
4839,,,,None
4840,,,,None
4841,,,,None
4842,,,,None
4843,,,,None
4844,,,,None
4845,,,,None
4846,,,,None
4847,,,,None
4848,,,,None
4849,,,,None
4850,,,,None
4851,,,,None
4852,,,,None
4853,,,,None
4854,,,,None
4855,,,,None
4856,,,,None
4857,,,,None
4858,,,,None
4859,,,,None
4860,,,,None
4861,,,,None
4862,,,,None
4863,,,,None
4864,,,,None
4865,,,,None
4866,,,,None
4867,,,,None
4868,,,,None
4869,,,,None
4870,,,,None
4871,,,,None
4872,,,,None
4873,,,,None
4874,,,,None
4875,,,,None
4876,,,,None
4877,1600.0,1540.0,2025-10-20,None
4878,2050.0,2000.0,2025-04-02,None
4879,,,,None
4880,,,,None
4881,,,,None
4882,,,,None
4883,,,,None
4884,,,,None
4885,,,,None
4886,,,,None
4887,,,,None
4888,,,,None
4889,2400.0,2360.0,2025-03-06,None
4890,2330.0,2400.0,2025-01-06,None
4891,,,,None
4892,,,,None
4893,,,,None
4894,,,,None
4895,,,,None
4896,,,,None
4897,,,,None
4898,,,,None
4899,,,,None
4900,,,,None
4901,,,,None
4902,,,,None
4903,,,,None
4904,,,,None
4905,,,,None
4906,,,,None
4907,,,,None
4908,,,,None
4909,,,,None
4910,,,,None
4911,,,,None
4912,,,,None
4913,,,,None
4914,,,,None
4915,,,,None
4916,,,,None
4917,,,,None
4918,,,,None
4919,46.0,40.0,2026-02-09,None
4920,110.0,80.0,2026-02-09,None
4921,,,,None
4922,,,,None
4923,,,,None
4924,,15.0,2026-02-04,None
4925,,,,None
4926,,,,None
4927,,,,None
4928,,,,None
4929,,,,None
4930,,,,None
4931,,,,None
4932,,,,None
4933,,,,None
4934,,30.0,2026-02-04,None
4935,,,,None
4936,,,,None
4937,,,,None
4938,,,,None
4939,,,,None
4940,,,,None
4941,,,,None
4942,,,,None
4943,,,,None
4944,,,,None
4945,,,,None
4946,,,,None
4947,,,,None
4948,,,,None
4949,,,,None
4950,,,,None
4951,,,,None
4952,,,,None
4953,,,,None
4954,,,,None
4955,,,,None
4956,,,,None
4957,,,,None
4958,,,,None
4959,,,,None
4960,,,,None
4961,,,,None
4962,,,,None
4963,,,,None
4964,2550.0,2500.0,2025-07-18,None
4965,,,,None
4966,,,,None
4967,,,,None
4968,,,,None
4969,,,,None
4970,,3400.0,2024-12-22,None
4971,,,,None
4972,,,,None
4973,,,,None
4974,,,,None
4975,,,,None
4976,,4990.0,2024-12-22,None
4977,,,,None
4978,,,,None
4979,,,,None
4980,,,,None
4981,,,,None
4982,,,,None
4983,,,,None
4984,,,,None
4985,,,,None
4986,,,,None
4987,,,,None
4988,,,,None
4989,,,,None
4990,,,,None
4991,,,,None
4992,,,,None
4993,,75.0,2026-02-04,None
4994,,,,None
4995,,,,None
4996,,,,None
4997,,,,None
4998,8.0,90.0,2026-02-09,None
4999,,19.0,2026-02-04,None
5000,,10.0,2026-02-04,None
5001,14.0,34.0,2026-02-09,None
5002,,19.0,2026-02-04,None
5003,,9.0,2026-02-04,None
5004,,,,None
5005,,9.0,2026-02-04,None
5006,,12.0,2026-02-04,None
5007,,,,None
5008,1030.0,1000.0,2025-06-21,None
5009,,,,None
5010,,,,None
5011,,57.0,2026-02-04,None
5012,,,,None
5013,,,,None
5014,,,,None
5015,,63.0,2026-02-04,None
5016,,,,None
5017,,,,None
5018,39.0,47.0,2026-02-09,None
5019,,80.0,2026-02-09,None
5020,,,,None
5021,,,,None
5022,,,,None
5023,,,,None
5024,,,,None
5025,,,,None
5026,,,,None
5027,,,,None
5028,,,,None
5029,,,,None
5030,,,,None
5031,2300.0,2350.0,2025-07-04,None
5032,,,,None
5033,,,,None
5034,,,,None
5035,,,,None
5036,,,,None
5037,,,,None
5038,,,,None
5039,,,,None
5040,850.0,900.0,2026-07-06,None
5041,900.0,950.0,2026-07-06,None
5042,1150.0,1200.0,2025-04-02,None
5043,,,,None
5044,900.0,1000.0,2026-07-06,None
5045,1050.0,1060.0,2025-10-04,None
5046,,1700.0,2024-12-22,None
5047,,,,None
5048,1190.0,1150.0,2025-07-04,None
5049,1080.0,1150.0,2025-10-04,None
5050,,2350.0,2024-12-22,None
5051,,2500.0,2024-12-22,None
5052,920.0,1000.0,2026-07-06,None
5053,1240.0,1230.0,2025-06-21,None
5054,,,,None
5055,,,,None
5056,1040.0,1200.0,2026-07-06,None
5057,1150.0,1320.0,2026-07-06,None
5058,,1950.0,2024-12-22,None
5059,,,,None
5060,,1200.0,2025-07-18,None
5061,1300.0,1400.0,2026-07-06,None
5062,,,,None
5063,,,,None
5064,,,,None
5065,,,,None
5066,,,,None
5067,,,,None
5068,,,,None
5069,,,,None
5070,,,,None
5071,,,,None
5072,,,,None
5073,,,,None
5074,,,,None
5075,,,,None
5076,,,,None
5077,,,,None
5078,,,,None
5079,,,,None
5080,,,,None
5081,,,,None
5082,,,,None
5083,,,,None
5084,,,,None
5085,,,,None
5086,,,,None
5087,,,,None
5088,,,,None
5089,,,,None
5090,,,,None
5091,,,,None
5092,,,,None
5093,,,,None
5094,,,,None
5095,,,,None
5096,,,,None
5097,,,,None
5098,,,,None
5099,,,,None
5100,,,,None
5101,,,,None
5102,,,,None
5103,,,,None
5104,,,,None
5105,3300.0,3210.0,2026-07-07,None
5106,,,,None
5107,,,,None
5108,,,,None
5109,,,,None
5110,,,,None
5111,,,,None
5112,,,,None
5113,,,,None
5114,,,,None
5115,,,,None
5116,,,,None
5117,,,,None
5118,,,,None
5119,,,,None
5120,,,,None
5121,,,,None
5122,,,,None
5123,,,,None
5124,2300.0,2600.0,2026-07-06,None
5125,,,,None
5126,,,,None
5127,,,,None
5128,,,,None
5129,,,,None
5130,,3250.0,2025-02-26,None
5131,,,,None
5132,,,,None
5133,,,,None
5134,3200.0,3160.0,2026-07-07,None
5135,3770.0,3660.0,2026-07-07,None
5136,,,,None
5137,,,,None
5138,,,,None
5139,,,,None
5140,,,,None
5141,,,,None
5142,,,,None
5143,,,,None
5144,,,,None
5145,,,,None
5146,,1650.0,2026-02-04,None
5147,,,,None
5148,,,,None
5149,,,,None
5150,,,,None
5151,,,,None
5152,,,,None
5153,,,,None
5154,2320.0,2160.0,2026-07-07,None
5155,2100.0,2400.0,2026-07-06,None
5156,,,,None
5157,,,,None
5158,,,,None
5159,,,,None
5160,,,,None
5161,,,,None
5162,,,,None
5163,,,,None
5164,,,,None
5165,,,,None
5166,,,,None
5167,,,,None
5168,,,,None
5169,,,,None
5170,,,,None
5171,,,,None
5172,,,,None
5173,,,,None
5174,,,,None
5175,,,,None
5176,,,,None
5177,,,,None
5178,,,,None
5179,,,,None
5180,,,,None
5181,,,,None
5182,,,,None
5183,,,,None
5184,,,,None
5185,,,,None
5186,,,,None
5187,,,,None
5188,,,,None
5189,,,,None
5190,,,,None
5191,,,,None
5192,,,,None
5193,,,,None
5194,,,,None
5195,,,,None
5196,,,,None
5197,,,,None
5198,,,,None
5199,,,,None
5200,,,,None
5201,,,,None
5202,,,,None
5203,,,,None
5204,,,,None
5205,,,,None
5206,,,,None
5207,,,,None
5208,,,,None
5209,,,,None
5210,,,,None
5211,,,,None
5212,,,,None
5213,,,,None
5214,,,,None
5215,,,,None
5216,,,,None
5217,,,,None
5218,,,,None
5219,,,,None
5220,,,,None
5221,,,,None
5222,,,,None
5223,,,,None
5224,,,,None
5225,3050.0,3350.0,2026-07-06,None
5226,,,,None
5227,,,,None
5228,,,,None
5229,,,,None
5230,3560.0,3860.0,2026-07-06,None
5231,,,,None
5232,,,,None
5233,,,,None
5234,,,,None
5235,,,,None
5236,,,,None
5237,,,,None
5238,,,,None
5239,,,,None
5240,,,,None
5241,,,,None
5242,,,,None
5243,,,,None
5244,,,,None
5245,,,,None
5246,,,,None
5247,,,,None
5248,,,,None
5249,,,,None
5250,,,,None
5251,,,,None
5252,,,,None
5253,,,,None
5254,,,,None
5255,,,,None
5256,,,,None
5257,,,,None
5258,,,,None
5259,,,,None
5260,,,,None
5261,,,,None
5262,,,,None
5263,,,,None
5264,,,,None
5265,,,,None
5266,,,,None
5267,,,,None
5268,,,,None
5269,,,,None
5270,,,,None
5271,,,,None
5272,,,,None
5273,,,,None
5274,,,,None
5275,,,,None
5276,,,,None
5277,,,,None
5278,,,,None
5279,1480.0,1770.0,2026-07-06,None
5280,1650.0,1950.0,2026-07-06,None
5281,,,,None
5282,,,,None
5283,,,,None
5284,1880.0,1900.0,2025-04-21,None
5285,2000.0,2300.0,2026-07-06,None
5286,,,,None
5287,,,,None
5288,,,,None
5289,,,,None
5290,,,,None
5291,,,,None
5292,,,,None
5293,,,,None
5294,,,,None
5295,2800.0,3000.0,2025-04-28,None
5296,,,,None
5297,,,,None
5298,,,,None
5299,,3000.0,2024-12-22,None
5300,,,,None
5301,,,,None
5302,,,,None
5303,,,,None
5304,,,,None
5305,,,,None
5306,,,,None
5307,,,,None
5308,,,,None
5309,,,,None
5310,,,,None
5311,,,,None
5312,,,,None
5313,,,,None
5314,,57.0,2024-12-30,None
5315,39.0,55.0,2026-06-29,None
5316,,30.0,2024-12-30,None
5317,,39.0,2024-12-30,None
5318,35.0,55.0,2026-06-29,None
5319,,45.0,2024-12-30,None
5320,,90.0,2024-12-30,None
5321,,65.0,2024-12-30,None
5322,80.0,120.0,2026-06-29,None
5323,,47.0,2024-12-30,None
5324,,80.0,2026-07-22,None
5325,,150.0,2026-05-14,None
5326,185.0,165.0,2026-01-13,None
5327,280.0,160.0,2026-02-21,None
5328,96.0,95.0,2026-07-13,None
5329,96.0,95.0,2026-07-13,None
5330,96.0,95.0,2026-07-13,None
5331,60.0,62.0,2026-06-28,None
5332,60.0,62.0,2026-06-28,None
5333,55.0,60.0,2026-02-21,None
5334,17.0,18.0,2026-02-12,None
5335,17.0,18.0,2026-01-13,None
5336,15.0,12.0,2026-07-18,None
5337,295.0,355.0,2026-02-07,None
5338,355.0,350.0,2026-05-07,None
5339,355.0,350.0,2026-03-01,None
5340,395.0,393.0,2025-01-30,None
5341,393.0,295.0,2026-02-04,None
5342,393.0,295.0,2026-02-04,None
5343,415.0,328.0,2026-02-04,None
5344,328.0,405.0,2026-02-09,None
5345,405.0,425.0,2026-06-10,None
5346,,,,None
5347,,255.0,2026-02-04,None
5348,,,,None
5349,,,,None
5350,,,,None
5351,,,,None
5352,,,,None
5353,,,,None
5354,,,,None
5355,,155.0,2026-02-04,None
5356,,170.0,2026-02-04,None
5357,,,,None
5358,,170.0,2026-02-04,None
5359,,,,None
5360,,170.0,2026-02-04,None
5361,,180.0,2026-02-04,None
5362,,180.0,2026-02-04,None
5363,,180.0,2026-02-04,None
5364,,,,None
5365,,,,None
5366,,,,None
5367,,250.0,2026-02-09,None
5368,,,,None
5369,,200.0,2026-02-04,None
5370,239.0,255.0,2026-01-15,None
5371,250.0,245.0,2025-11-25,None
5372,238.0,245.0,2025-12-07,None
5373,275.0,265.0,2025-12-07,None
5374,275.0,265.0,2025-12-07,None
5375,275.0,265.0,2025-12-07,None
5376,300.0,295.0,2025-10-06,None
5377,300.0,295.0,2025-10-06,None
5378,300.0,295.0,2025-10-06,None
5379,165.0,160.0,2026-05-25,None
5380,155.0,162.0,2026-03-07,None
5381,165.0,160.0,2026-05-25,None
5382,165.0,160.0,2026-05-25,None
5383,172.0,175.0,2026-06-10,None
5384,180.0,160.0,2026-02-04,None
5385,177.0,172.0,2026-05-25,None
5386,177.0,172.0,2026-05-25,None
5387,195.0,190.0,2026-06-20,None
5388,180.0,155.0,2026-02-04,None
5389,195.0,192.0,2026-05-25,None
5390,192.0,190.0,2026-07-01,None
5391,,256.0,2025-04-16,None
5392,,256.0,2025-04-16,None
5393,256.0,285.0,2026-02-09,None
5394,265.0,260.0,2025-12-07,None
5395,265.0,260.0,2025-12-07,None
5396,256.0,265.0,2025-08-05,None
5397,305.0,300.0,2025-10-25,None
5398,305.0,300.0,2025-10-25,None
5399,305.0,300.0,2025-10-25,None
5400,330.0,350.0,2026-04-03,None
5401,360.0,350.0,2026-03-28,None
5402,323.0,330.0,2026-01-15,None
5403,360.0,375.0,2026-03-07,None
5404,365.0,375.0,2026-03-07,None
5405,350.0,355.0,2025-06-09,None
5406,405.0,395.0,2026-03-28,None
5407,375.0,395.0,2026-03-28,None
5408,400.0,395.0,2026-05-25,None
5409,940.0,920.0,2026-07-18,None
5410,940.0,920.0,2026-07-18,None
5411,1000.0,990.0,2026-05-14,None
5412,940.0,920.0,2026-07-18,None
5413,,,,None
5414,1025.0,1010.0,2026-03-31,None
5415,,,,None
5416,1140.0,1130.0,2026-03-23,None
5417,1115.0,1095.0,2026-07-09,None
5418,1130.0,1140.0,2026-04-23,None
5419,1115.0,1095.0,2026-07-09,None
5420,,,,None
5421,1145.0,1140.0,2026-06-28,None
5422,,,,None
5423,,,,None
5424,1450.0,1400.0,2026-03-31,None
5425,,,,None
5426,,,,None
5427,,,,None
5428,,,,None
5429,,,,None
5430,,,,None
5431,,,,None
5432,,,,None
5433,,,,None
5434,,,,None
5435,,,,None
5436,,,,None
5437,840.0,850.0,2026-06-03,None
5438,870.0,900.0,2025-08-23,None
5439,880.0,830.0,2026-07-09,None
5440,830.0,850.0,2026-07-18,None
5441,,,,None
5442,,,,None
5443,,835.0,2025-11-25,None
5444,,,,None
5445,,,,None
5446,,,,None
5447,,,,None
5448,,,,None
5449,,,,None
5450,,,,None
5451,680.0,675.0,2026-07-09,None
5452,705.0,675.0,2026-07-18,None
5453,680.0,670.0,2026-03-23,None
5454,680.0,675.0,2026-07-09,None
5455,680.0,675.0,2026-07-09,None
5456,,,,None
5457,,720.0,2026-03-07,None
5458,750.0,735.0,2026-07-18,None
5459,750.0,735.0,2026-07-09,None
5460,740.0,765.0,2026-06-01,None
5461,750.0,735.0,2026-07-09,None
5462,740.0,750.0,2026-06-03,None
5463,,,,None
5464,760.0,800.0,2026-05-14,None
5465,,,,None
5466,,,,None
5467,,,,None
5468,,,,None
5469,,,,None
5470,,,,None
5471,,,,None
5472,52.0,50.0,2026-02-23,None
5473,28.0,35.0,2026-06-22,None
5474,,480.0,2025-05-25,None
5475,425.0,395.0,2026-07-16,None
5476,409.0,385.0,2026-02-23,None
5477,395.0,375.0,2026-06-15,None
5478,515.0,500.0,2026-05-09,None
5479,425.0,395.0,2026-06-15,None
5480,510.0,500.0,2026-05-09,None
5481,505.0,500.0,2026-05-09,None
5482,355.0,380.0,2026-05-09,None
5483,385.0,380.0,2026-05-09,None
5484,365.0,370.0,2026-02-23,None
5485,375.0,380.0,2026-06-15,None
5486,380.0,370.0,2026-06-15,None
5487,235.0,95.0,2026-02-12,None
5488,,95.0,2026-01-13,None
5489,235.0,95.0,2026-02-12,None
5490,,,,None
5491,,,,None
5492,,,,None
5493,,21.0,2026-02-23,None
5494,,15.0,2026-02-23,None
5495,,15.0,2026-02-23,None
5496,22.0,23.0,2026-02-23,None
5497,720.0,600.0,2026-02-07,None
5498,665.0,720.0,2026-02-06,None
5499,,840.0,2026-02-06,None
5500,,840.0,2026-02-06,None
5501,,,,None
5502,,,,None
5503,635.0,605.0,2026-03-01,None
5504,680.0,615.0,2026-03-01,None
5505,840.0,790.0,2026-02-07,None
5506,840.0,800.0,2026-02-07,None
5507,950.0,900.0,2025-10-01,None
5508,950.0,900.0,2025-10-01,None
5509,520.0,540.0,2026-02-23,None
5510,486.0,520.0,2025-05-03,None
5511,,600.0,2026-02-23,None
5512,480.0,545.0,2026-07-16,None
5513,290.0,285.0,2026-06-26,None
5514,380.0,350.0,2026-02-23,None
5515,630.0,615.0,2026-07-16,None
5516,405.0,420.0,2026-06-26,None
5517,30.0,29.0,2026-05-04,None
5518,30.0,29.0,2026-05-04,None
5519,,,,None
5520,,150.0,2026-02-24,None
5521,150.0,180.0,2026-03-01,None
5522,290.0,200.0,2026-06-20,None
5523,,245.0,2025-03-17,None
5524,,245.0,2025-03-17,None
5525,,245.0,2025-03-17,None
5526,,245.0,2026-02-09,None
5527,,95.0,2025-03-17,None
5528,,,,None
5529,,95.0,2025-03-17,None
5534,,,,None
5535,,190.0,2025-04-13,None
5536,,,,None
5537,,,,None
5538,,205.0,2025-03-17,None
5539,,205.0,2025-03-17,None
5540,,,,None
5541,,,,None
5542,,225.0,2025-03-17,None
5543,,225.0,2025-03-17,None
5544,,225.0,2025-03-17,None
5545,,,,None
5546,,,,None
5547,,,,None
5548,,,,None
5549,,,,None
5550,,,,None
5551,,,,None
5552,,135.0,2025-03-16,None
5553,,135.0,2025-03-16,None
5554,125.0,109.0,2026-02-23,None
5555,125.0,109.0,2026-02-23,None
5556,,52.0,2025-03-16,None
5557,,,,None
5558,,31.0,2025-03-16,None
5559,,31.0,2026-02-23,None
5560,770.0,720.0,2026-07-12,None
5561,855.0,720.0,2026-07-12,None
5562,910.0,720.0,2026-07-12,None
5563,,380.0,2026-02-09,None
5564,,,,None
5565,,,,None
5566,770.0,720.0,2026-07-12,None
5567,800.0,720.0,2026-07-12,None
5568,800.0,720.0,2026-07-12,None
5569,,,,None
5570,,1250.0,2025-03-20,None
5571,,,,None
5572,56.0,64.0,2026-05-06,None
5573,56.0,69.0,2026-05-06,None
5574,56.0,69.0,2026-05-06,None
5575,24.0,30.0,2026-02-17,None
5576,24.0,30.0,2026-02-17,None
5577,30.0,29.0,2026-05-06,None
5578,50.0,40.0,2025-03-27,None
5579,34.0,40.0,2026-02-16,None
5580,34.0,40.0,2026-02-16,None
5581,34.0,40.0,2026-02-16,None
5582,,100.0,2026-02-17,None
5583,,100.0,2026-01-13,None
5584,,100.0,2026-01-13,None
5585,,24.0,2026-01-13,None
5586,24.0,22.0,2026-05-06,None
5587,,24.0,2026-01-13,None
5588,66.0,60.0,2026-06-18,None
5589,,140.0,2025-05-11,None
5590,660.0,650.0,2026-07-22,Down
5591,,,,None
5592,,,,None
5593,1000.0,1070.0,2026-07-22,Up
5594,,40.0,2025-05-11,None
5599,60.0,62.0,2026-07-08,None
5600,,,,None
5601,,,,None
5602,,,,None
5603,550.0,560.0,2026-07-04,None
5604,,,,None
5605,,,,None
5606,,65.0,2025-04-22,None
5607,,18.0,2026-01-13,None
5608,,,,None
5609,,,,None
5610,16.0,15.0,2026-07-18,None
5611,,15.0,2026-06-20,None
5612,65.0,54.0,2026-06-20,None
5613,65.0,54.0,2026-06-20,None
5614,65.0,54.0,2026-06-20,None
5615,,36.0,2025-03-16,None
5616,,36.0,2025-03-16,None
5617,,36.0,2025-03-16,None
5618,,11.0,2026-02-09,None
5619,,,,None
5620,347.0,340.0,2026-07-01,None
5621,420.0,427.0,2026-07-01,None
5622,80.0,85.0,2026-07-07,None
5623,80.0,75.0,2026-07-07,None
5624,77.0,75.0,2026-06-06,None
5625,465.0,435.0,2025-06-11,None
5626,,,,None
5627,,,,None
5628,,,,None
5629,,,,None
5630,85.0,82.0,2025-04-04,None
5631,85.0,82.0,2025-04-04,None
5632,,,,None
5633,,,,None
5634,,,,None
5635,,,,None
5636,,,,None
5637,,,,None
5638,,,,None
5639,,,,None
5640,,,,None
5641,,,,None
5642,1135.0,1220.0,2026-06-13,None
5643,540.0,130.0,2026-02-19,None
5644,540.0,130.0,2026-02-19,None
5645,399.0,130.0,2026-02-19,None
5646,129.0,130.0,2026-02-19,None
5647,129.0,130.0,2026-02-19,None
5648,399.0,130.0,2026-02-19,None
5649,115.0,90.0,2026-06-06,None
5650,115.0,90.0,2026-06-06,None
5651,935.0,115.0,2026-02-19,None
5652,115.0,90.0,2026-06-06,None
5653,540.0,115.0,2026-02-19,None
5654,115.0,90.0,2026-06-06,None
5655,295.0,435.0,2026-02-04,None
5656,180.0,200.0,2026-06-06,None
5657,,200.0,2026-06-06,None
5658,175.0,180.0,2026-06-06,None
5659,,,,None
5660,,,,None
5661,,,,None
5662,,,,None
5663,,300.0,2026-02-23,None
5664,,,,None
5665,,,,None
5666,,,,None
5667,530.0,535.0,2025-05-09,None
5668,530.0,535.0,2025-05-09,None
5669,530.0,535.0,2025-05-09,None
5670,,,,None
5671,,435.0,2025-04-28,None
5672,,700.0,2025-03-16,None
5673,705.0,710.0,2026-02-23,None
5674,42.0,30.0,2026-02-09,None
5675,150.0,42.0,2026-02-04,None
5676,90.0,80.0,2026-06-20,None
5677,30.0,80.0,2026-02-12,None
5678,30.0,80.0,2026-02-12,None
5679,140.0,135.0,2026-01-13,None
5680,130.0,135.0,2026-07-18,None
5681,160.0,145.0,2026-03-19,None
5682,25.0,21.0,2026-03-19,None
5683,25.0,21.0,2026-03-19,None
5684,,25.0,2026-02-04,None
5685,92.0,96.0,2026-06-28,None
5686,94.0,100.0,2026-06-20,None
5687,70.0,66.0,2026-07-22,Down
5688,,340.0,2026-02-02,None
5689,360.0,355.0,2026-06-19,None
5690,360.0,355.0,2026-06-19,None
5691,360.0,355.0,2026-06-19,None
5692,380.0,390.0,2026-06-03,None
5693,380.0,390.0,2026-06-03,None
5694,390.0,400.0,2026-07-09,None
5695,380.0,390.0,2026-06-03,None
5696,,,,None
5697,,,,None
5698,,,,None
5699,,,,None
5700,,295.0,2026-07-09,None
5701,302.0,300.0,2025-10-06,None
5702,290.0,287.0,2026-06-01,None
5703,290.0,295.0,2026-07-09,None
5704,265.0,290.0,2026-03-07,None
5705,295.0,300.0,2026-06-19,None
5706,287.0,290.0,2026-06-03,None
5707,265.0,290.0,2026-03-07,None
5708,310.0,320.0,2026-03-07,None
5709,310.0,315.0,2026-06-01,None
5710,310.0,320.0,2026-03-07,None
5711,310.0,315.0,2026-06-01,None
5712,,,,None
5713,,,,None
5714,,,,None
5715,,,,None
5716,780.0,495.0,2026-02-04,None
5717,780.0,520.0,2026-02-04,None
5718,780.0,770.0,2025-06-15,None
5719,770.0,520.0,2026-02-04,None
5720,820.0,655.0,2026-02-04,None
5721,830.0,800.0,2025-06-18,None
5722,795.0,680.0,2026-02-04,None
5723,800.0,795.0,2025-07-26,None
5724,1265.0,1300.0,2025-04-16,None
5725,,1300.0,2025-04-16,None
5726,,,,None
5727,1180.0,1170.0,2025-12-07,None
5728,,,,None
5729,1135.0,1180.0,2026-03-01,None
5730,320.0,325.0,2025-08-13,None
5731,290.0,300.0,2026-02-12,None
5732,,325.0,2025-08-13,None
5733,310.0,305.0,2026-04-23,None
5734,370.0,335.0,2025-05-26,None
5735,335.0,325.0,2025-08-23,None
5736,,,,None
5737,,,,None
5738,,,,None
5739,395.0,400.0,2026-02-12,None
5740,,,,None
5741,,,,None
5742,415.0,425.0,2026-03-07,None
5743,,,,None
5744,,,,None
5745,460.0,570.0,2026-06-01,None
5746,,490.0,2025-04-04,None
5747,495.0,475.0,2025-06-09,None
5748,,45.0,2026-02-23,None
5749,115.0,110.0,2026-07-22,Down
5750,,60.0,2026-01-13,None
5751,140.0,100.0,2026-06-25,None
5752,140.0,100.0,2026-06-25,None
5753,140.0,100.0,2026-06-25,None
5754,500.0,490.0,2026-02-12,None
5755,480.0,440.0,2026-01-13,None
5756,1005.0,10.0,2026-02-12,None
5757,235.0,232.0,2026-07-09,None
5758,230.0,235.0,2026-06-03,None
5759,225.0,240.0,2025-10-06,None
5760,230.0,235.0,2026-06-03,None
5761,,,,None
5762,,,,None
5763,,,,None
5764,,,,None
5765,265.0,275.0,2026-07-09,None
5766,255.0,265.0,2025-08-23,None
5767,262.0,265.0,2026-06-03,None
5768,,245.0,2026-02-02,None
5769,10.0,18.0,2026-02-12,None
5770,213.0,215.0,2026-02-07,None
5771,222.0,218.0,2025-09-05,None
5772,218.0,215.0,2025-10-08,None
5773,210.0,230.0,2026-04-10,None
5774,,213.0,2026-02-04,None
5775,,213.0,2026-02-04,None
5776,,,,None
5777,,,,None
5778,,,,None
5849,500.0,550.0,2025-09-02,None
5850,800.0,700.0,2025-06-28,None
5851,1060.0,1150.0,2026-06-29,None
5852,1350.0,1330.0,2026-04-01,None
5853,1600.0,1580.0,2026-04-01,None
5854,1700.0,1650.0,2026-04-01,None
5855,850.0,800.0,2026-06-06,None
5856,,950.0,2025-04-10,None
5857,,1300.0,2025-04-10,None
5858,315.0,320.0,2025-07-26,None
5859,380.0,390.0,2025-11-28,None
5860,350.0,400.0,2025-11-08,None
5861,,520.0,2025-04-10,None
5862,540.0,530.0,2026-04-15,None
5863,630.0,700.0,2025-12-26,None
5864,1200.0,750.0,2025-06-29,None
5865,,1000.0,2025-04-10,None
5866,,1200.0,2025-04-10,None
5867,,1260.0,2025-04-10,None
5868,,,,None
5869,,1350.0,2025-04-10,None
5870,820.0,1000.0,2025-10-20,None
5871,1000.0,1100.0,2025-07-26,None
5872,,1200.0,2025-04-10,None
5873,,650.0,2025-04-10,None
5874,,810.0,2025-04-10,None
5875,900.0,1030.0,2026-06-29,None
5876,1100.0,1200.0,2026-06-29,None
5877,1530.0,1630.0,2026-06-29,None
5878,1650.0,1750.0,2026-06-29,None
5879,275.0,285.0,2025-07-26,None
5880,350.0,340.0,2025-07-26,None
5881,1550.0,1530.0,2026-04-01,None
5882,1800.0,1980.0,2026-04-01,None
5883,2000.0,2150.0,2026-04-01,None
5884,2200.0,2250.0,2026-04-01,None
5885,,,,None
5886,,950.0,2025-04-10,None
5887,,1100.0,2025-04-10,None
5888,,1480.0,2025-04-10,None
5889,,,,None
5890,450.0,610.0,2025-07-26,None
5891,950.0,800.0,2026-06-06,None
5892,440.0,540.0,2026-06-29,None
5893,525.0,625.0,2026-06-29,None
5894,850.0,950.0,2026-06-29,None
5895,760.0,730.0,2025-07-26,None
5896,750.0,770.0,2025-07-06,None
5897,860.0,850.0,2025-05-28,None
5898,960.0,950.0,2025-05-28,None
5899,,,,None
5900,470.0,460.0,2025-06-21,None
5901,,600.0,2025-04-10,None
5902,1500.0,1600.0,2026-06-29,None
5903,1730.0,1830.0,2026-06-29,None
5904,1850.0,1950.0,2026-06-29,None
5905,1950.0,2050.0,2026-06-29,None
5906,380.0,360.0,2025-10-20,None
5907,500.0,460.0,2025-09-02,None
5908,850.0,1000.0,2026-06-29,None
5909,950.0,1100.0,2026-06-29,None
5910,,,,None
5911,700.0,660.0,2025-10-20,None
5912,830.0,800.0,2025-05-20,None
5913,900.0,930.0,2025-06-28,None
5914,830.0,800.0,2025-11-28,None
5915,1050.0,965.0,2025-06-02,None
5916,,1180.0,2025-04-10,None
5917,,,,None
5918,1200.0,1330.0,2025-06-21,None
5923,,,,None
5924,,,,None
5925,,,,None
5926,,,,None
5927,,,,None
5928,,,,None
5929,,,,None
5930,,,,None
5931,,,,None
5932,,,,None
5933,,,,None
5934,,,,None
5935,,,,None
5936,,,,None
5937,,,,None
5938,,,,None
5943,,,,None
5944,,,,None
5945,,,,None
5946,,,,None
5947,,,,None
5948,,,,None
5949,,,,None
5950,,,,None
5951,,,,None
5952,,,,None
5953,,,,None
5954,,,,None
5955,,,,None
5956,,,,None
5957,,,,None
5958,,,,None
5963,,,,None
5964,,,,None
5965,,,,None
5966,,,,None
5967,,,,None
5968,,,,None
5969,,,,None
5970,,,,None
5971,,,,None
5972,,,,None
5973,,,,None
5974,,,,None
5975,,,,None
5976,,,,None
5977,,,,None
5978,,,,None
5983,,,,None
5984,,,,None
5985,,,,None
5986,,,,None
5987,,,,None
5988,,,,None
5989,,,,None
5990,,,,None
5991,,,,None
5992,,,,None
5993,,,,None
5994,,,,None
5995,,,,None
5996,,,,None
5997,,,,None
5998,,,,None
5999,720.0,800.0,2026-06-29,None
6000,910.0,1000.0,2026-06-29,None
6001,,,,None
6002,,,,None
6003,790.0,1000.0,2025-09-02,None
6004,,,,None
6005,,,,None
6006,,,,None
6007,1000.0,1100.0,2026-06-29,None
6008,,,,None
6009,,,,None
6010,,,,None
6011,530.0,650.0,2026-06-29,None
6012,640.0,740.0,2026-06-29,None
6013,,,,None
6014,,,,None
6015,,,,None
6016,,,,None
6017,,,,None
6018,,,,None
6019,,,,None
6020,,,,None
6021,,,,None
6022,,,,None
6023,,,,None
6024,,,,None
6025,,,,None
6026,,,,None
6027,,,,None
6028,,,,None
6029,,,,None
6030,,,,None
6031,,,,None
6032,,,,None
6033,,,,None
6034,,,,None
6035,,,,None
6036,,,,None
6037,,,,None
6038,,,,None
6039,,,,None
6040,,,,None
6041,,,,None
6042,,,,None
6043,,,,None
6044,,,,None
6045,,,,None
6046,,,,None
6047,,,,None
6048,,,,None
6049,,,,None
6050,,,,None
6051,,,,None
6052,,,,None
6053,,,,None
6054,,,,None
6055,,,,None
6056,,,,None
6057,,,,None
6058,,,,None
6059,,,,None
6060,,,,None
6061,,,,None
6062,,,,None
6063,,,,None
6064,,,,None
6065,,,,None
6066,,,,None
6067,,,,None
6068,,,,None
6069,,,,None
6070,,,,None
6071,,,,None
6072,,,,None
6073,,,,None
6074,,,,None
6075,,,,None
6076,,,,None
6077,,,,None
6078,,,,None
6079,,,,None
6080,,,,None
6081,,,,None
6082,,,,None
6083,,,,None
6084,,,,None
6085,,,,None
6086,,,,None
6087,,,,None
6088,,,,None
6089,,,,None
6090,,,,None
6091,,,,None
6092,,,,None
6093,,,,None
6094,,,,None
6095,,,,None
6096,,,,None
6097,,,,None
6098,,,,None
6099,,,,None
6100,,,,None
6101,,,,None
6102,,,,None
6103,,,,None
6104,,,,None
6105,,,,None
6106,,,,None
6107,,,,None
6108,,,,None
6109,,,,None
6110,,,,None
6111,,,,None
6112,,,,None
6113,,,,None
6114,,,,None
6115,,,,None
6116,,,,None
6117,,,,None
6118,,,,None
6119,,,,None
6120,,,,None
6121,,,,None
6122,,,,None
6123,,,,None
6124,,,,None
6125,,,,None
6126,,,,None
6127,,,,None
6128,,,,None
6129,,,,None
6130,,,,None
6131,,,,None
6132,,,,None
6133,,,,None
6134,,,,None
6135,,,,None
6136,,,,None
6137,,,,None
6138,,,,None
6139,,,,None
6140,,,,None
6141,,,,None
6142,,,,None
6143,,,,None
6144,,,,None
6145,,,,None
6146,,,,None
6147,,,,None
6148,,,,None
6149,,,,None
6150,,,,None
6151,,,,None
6152,,,,None
6153,,,,None
6154,,,,None
6155,,,,None
6156,,,,None
6157,,,,None
6158,,,,None
6159,,,,None
6160,,,,None
6161,,,,None
6162,,,,None
6163,1200.0,1190.0,2026-07-07,None
6164,1350.0,1220.0,2026-06-07,None
6165,,1700.0,2025-05-14,None
6166,,,,None
6167,,,,None
6168,1620.0,1600.0,2026-05-11,None
6169,,,,None
6170,,,,None
6171,,,,None
6172,,,,None
6173,,,,None
6174,,,,None
6175,,,,None
6176,,,,None
6177,,,,None
6178,,,,None
6179,,,,None
6180,,,,None
6181,,,,None
6182,,,,None
6183,,,,None
6184,,,,None
6185,,,,None
6186,,,,None
6187,940.0,930.0,2025-08-08,None
6188,1190.0,1140.0,2025-08-08,None
6189,1450.0,1550.0,2025-07-18,None
6190,,,,None
6191,,1375.0,2025-06-29,None
6192,1350.0,1310.0,2025-07-26,None
6193,,,,None
6194,,,,None
6195,,300.0,2025-04-11,None
6196,,,,None
6197,,,,None
6198,,,,None
6199,,,,None
6200,,,,None
6207,97.0,100.0,2026-06-20,None
6208,96.0,98.0,2026-04-06,None
6209,98.0,97.0,2026-05-07,None
6210,98.0,97.0,2026-05-07,None
6211,110.0,115.0,2026-07-21,Up
6212,110.0,108.0,2026-03-28,None
6213,109.0,110.0,2026-07-01,None
6214,107.0,106.0,2026-05-25,None
6219,,,,None
6220,660.0,700.0,2026-02-09,None
6221,685.0,660.0,2025-12-07,None
6222,710.0,700.0,2025-10-25,None
6223,420.0,510.0,2025-08-06,None
6224,510.0,495.0,2025-12-07,None
6225,500.0,495.0,2025-12-07,None
6226,515.0,550.0,2026-02-09,None
6227,,550.0,2025-08-23,None
6228,515.0,550.0,2026-02-09,None
6229,550.0,600.0,2025-08-10,None
6230,,650.0,2025-04-21,None
6231,,,,None
6232,,,,None
6233,,,,None
6234,,750.0,2025-06-29,None
6235,,,,None
6236,,,,None
6237,,,,None
6238,,,,None
6239,,,,None
6240,,,,None
6241,,,,None
6242,,,,None
6243,,,,None
6244,350.0,340.0,2026-02-09,None
6245,330.0,390.0,2026-06-29,None
6246,330.0,390.0,2026-06-29,None
6247,335.0,400.0,2026-06-29,None
6248,,,,None
6249,450.0,440.0,2026-06-06,None
6250,,520.0,2026-07-07,None
6251,,490.0,2026-07-07,None
6252,,510.0,2026-07-07,None
6253,,495.0,2026-07-07,None
6254,,,,None
6255,,,,None
6256,,,,None
6257,,,,None
6258,,,,None
6259,,505.0,2025-05-25,None
6260,,540.0,2025-05-25,None
6261,435.0,430.0,2026-05-09,None
6262,590.0,595.0,2025-05-09,None
6263,365.0,380.0,2026-05-09,None
6264,365.0,380.0,2026-02-23,None
6265,660.0,605.0,2026-06-26,None
6266,15.0,10.0,2026-03-22,None
6267,15.0,10.0,2026-03-22,None
6268,15.0,10.0,2026-03-22,None
6269,15.0,10.0,2026-03-22,None
6270,20.0,30.0,2026-07-16,None
6271,20.0,30.0,2026-07-16,None
6272,20.0,30.0,2026-07-16,None
6273,20.0,30.0,2026-07-16,None
6274,,300.0,2026-02-23,None
6275,420.0,410.0,2026-05-09,None
6276,445.0,440.0,2025-05-09,None
6277,420.0,410.0,2026-07-16,None
6278,385.0,380.0,2025-05-09,None
6279,430.0,420.0,2026-06-15,None
6280,,390.0,2025-06-04,None
6281,,390.0,2025-06-04,None
6282,390.0,280.0,2026-02-23,None
6283,,390.0,2025-06-04,None
6284,535.0,490.0,2025-06-11,None
6285,535.0,490.0,2025-06-11,None
6287,385.0,390.0,2025-05-09,None
6288,890.0,880.0,2026-07-16,None
6289,680.0,860.0,2026-02-23,None
6290,,,,None
6291,235.0,250.0,2025-05-10,None
6292,230.0,240.0,2026-03-22,None
6293,185.0,190.0,2026-06-26,None
6294,440.0,420.0,2026-06-26,None
6295,16.0,17.0,2026-06-29,None
6296,,21.0,2026-06-29,None
6297,,,,None
6298,9.0,12.0,2026-06-29,None
6299,9.0,12.0,2026-06-29,None
6300,9.0,12.0,2026-06-29,None
6301,9.0,12.0,2026-06-29,None
6302,,20.0,2025-04-29,None
6303,,,,None
6304,,20.0,2025-04-29,None
6305,,,,None
6306,,46.0,2025-04-29,None
6307,,46.0,2025-04-29,None
6308,,46.0,2025-04-29,None
6309,,46.0,2025-04-29,None
6310,,,,None
6311,,,,None
6312,,17.0,2025-04-29,None
6313,9.0,10.0,2026-06-29,None
6314,9.0,10.0,2026-06-29,None
6315,9.0,10.0,2026-06-29,None
6316,11.0,12.0,2026-06-29,None
6317,11.0,12.0,2026-06-29,None
6318,11.0,12.0,2026-06-29,None
6319,11.0,12.0,2026-06-29,None
6320,18.0,19.0,2026-06-29,None
6321,18.0,19.0,2026-06-29,None
6322,18.0,19.0,2026-06-29,None
6323,,9.0,2025-04-29,None
6324,,9.0,2025-04-29,None
6325,,10.0,2025-04-29,None
6326,,10.0,2025-04-29,None
6327,,10.0,2025-04-29,None
6328,10.0,11.0,2026-06-29,None
6329,10.0,11.0,2026-06-29,None
6330,,10.0,2025-04-30,None
6331,,,,None
6332,,19.0,2025-04-29,None
6333,,,,None
6334,18.0,19.0,2026-06-29,None
6335,18.0,19.0,2026-06-29,None
6336,18.0,19.0,2026-06-29,None
6337,22.0,23.0,2026-06-29,None
6338,,23.0,2025-04-29,None
6339,,,,None
6340,,,,None
6341,,18.0,2026-03-30,None
6342,,18.0,2026-03-30,None
6343,,18.0,2026-03-30,None
6344,,,,None
6345,,14.0,2025-04-29,None
6346,,14.0,2025-04-29,None
6347,,14.0,2025-04-29,None
6348,,14.0,2025-04-29,None
6349,,8.0,2025-04-29,None
6350,,8.0,2025-04-29,None
6351,,8.0,2025-04-29,None
6352,16.0,17.0,2026-03-30,None
6353,16.0,17.0,2026-06-29,None
6354,16.0,17.0,2026-03-30,None
6355,,,,None
6356,,,,None
6357,,18.0,2025-04-29,None
6358,,18.0,2025-04-29,None
6359,,,,None
6360,,40.0,2025-04-29,None
6361,,40.0,2025-04-29,None
6362,,40.0,2025-04-29,None
6363,,40.0,2025-04-29,None
6364,,18.0,2025-04-29,None
6365,,,,None
6366,,18.0,2025-04-29,None
6367,,,,None
6368,,15.0,2025-04-29,None
6369,,15.0,2025-04-29,None
6370,,,,None
6371,,17.0,2025-04-29,None
6372,,17.0,2025-04-29,None
6373,,,,None
6374,,,,None
6375,,800.0,2026-02-04,None
6376,,11.0,2025-04-29,None
6377,,10.0,2025-04-29,None
6378,,10.0,2025-04-29,None
6379,,34.0,2025-04-29,None
6380,,34.0,2025-04-29,None
6381,,39.0,2025-04-29,None
6382,,34.0,2025-04-29,None
6383,,30.0,2025-04-29,None
6384,30.0,32.0,2026-06-29,None
6385,,30.0,2026-06-29,None
6386,,30.0,2025-04-29,None
6387,,,,None
6388,,,,None
6389,,21.0,2025-04-29,None
6390,18.0,19.0,2026-06-29,None
6391,18.0,19.0,2026-06-29,None
6392,18.0,19.0,2026-06-29,None
6393,18.0,19.0,2026-06-29,None
6394,18.0,19.0,2026-06-29,None
6395,,22.0,2026-03-30,None
6396,,22.0,2026-06-29,None
6397,,22.0,2026-03-30,None
6398,,,,None
6399,17.0,18.0,2026-03-30,None
6400,17.0,18.0,2026-03-30,None
6401,,18.0,2026-03-30,None
6402,12.0,13.0,2026-06-29,None
6403,12.0,13.0,2026-06-29,None
6404,12.0,13.0,2026-06-29,None
6405,12.0,13.0,2026-06-29,None
6406,9.0,10.0,2026-06-29,None
6407,9.0,10.0,2026-06-29,None
6408,9.0,10.0,2026-06-29,None
6409,22.0,20.0,2026-03-30,None
6410,,22.0,2025-04-29,None
6411,,22.0,2025-04-29,None
6412,,16.0,2025-04-29,None
6413,,16.0,2025-04-29,None
6414,,16.0,2025-04-29,None
6415,145.0,130.0,2026-06-26,None
6416,99.0,80.0,2026-06-26,None
6417,168.0,173.0,2025-05-09,None
6418,300.0,290.0,2026-07-16,None
6419,75.0,85.0,2026-07-08,None
6420,,80.0,2025-04-29,None
6421,110.0,135.0,2026-05-28,None
6422,,110.0,2025-04-29,None
6423,,26.0,2025-04-29,None
6424,57.0,60.0,2026-02-23,None
6425,,100.0,2025-04-29,None
6426,,50.0,2025-04-29,None
6427,,20.0,2025-04-29,None
6428,,42.0,2025-04-29,None
6429,,45.0,2025-04-29,None
6430,,52.0,2025-04-29,None
6431,,55.0,2025-04-29,None
6432,,25.0,2025-04-29,None
6433,,43.0,2025-04-29,None
6434,,32.0,2025-04-29,None
6435,,25.0,2025-04-29,None
6436,,34.0,2025-04-29,None
6437,,49.0,2025-04-29,None
6438,,24.0,2025-04-29,None
6439,,27.0,2025-04-29,None
6440,,27.0,2025-04-29,None
6441,,32.0,2025-04-29,None
6442,455.0,470.0,2026-06-26,None
6443,240.0,230.0,2026-06-26,None
6444,,200.0,2025-05-03,None
6445,,48.0,2025-05-03,None
6446,50.0,48.0,2026-06-20,None
6447,48.0,88.0,2026-02-09,None
6448,,430.0,2025-05-03,None
6449,,,,None
6450,,,,None
6451,,130.0,2026-02-09,None
6452,45.0,40.0,2025-10-09,None
6453,45.0,40.0,2025-10-09,None
6454,,40.0,2026-02-15,None
6455,40.0,35.0,2026-03-22,None
6456,45.0,40.0,2025-10-09,None
6457,,40.0,2026-02-04,None
6458,40.0,35.0,2026-03-22,None
6459,633.0,623.0,2025-08-11,None
6460,,,,None
6461,,,,None
6462,455.0,425.0,2026-05-09,None
6463,,455.0,2026-02-23,None
6464,595.0,600.0,2026-07-13,None
6465,,13.0,2025-05-11,None
6466,,34.0,2025-05-11,None
6467,,77.0,2025-05-11,None
6468,,11.0,2025-05-11,None
6469,,29.0,2025-05-11,None
6470,,70.0,2025-05-11,None
6471,,8.0,2025-05-11,None
6472,,17.0,2025-05-11,None
6473,,46.0,2025-05-11,None
6474,20.0,15.0,2026-02-23,None
6475,515.0,505.0,2026-07-16,None
6476,540.0,515.0,2026-07-16,None
6477,450.0,435.0,2025-07-28,None
6478,390.0,383.0,2025-06-02,None
6479,375.0,370.0,2025-07-28,None
6480,350.0,340.0,2025-07-28,None
6481,345.0,330.0,2025-10-04,None
6482,405.0,400.0,2026-02-24,None
6483,240.0,245.0,2026-04-27,None
6484,250.0,240.0,2026-02-09,None
6485,240.0,245.0,2026-04-27,None
6486,44.0,50.0,2026-06-22,None
6487,,15.0,2026-02-23,None
6488,,15.0,2026-02-23,None
6489,,,,None
6490,24.0,25.0,2026-02-23,None
6491,110.0,75.0,2026-01-13,None
6492,38.0,75.0,2026-02-12,None
6493,110.0,75.0,2026-01-13,None
6494,,345.0,2025-06-02,None
6495,330.0,326.0,2026-06-04,None
6496,,410.0,2025-06-02,None
6497,270.0,280.0,2026-04-18,None
6498,,,,None
6499,,,,None
6500,,,,None
6501,800.0,750.0,2026-05-14,None
6502,800.0,750.0,2026-05-14,None
6503,900.0,880.0,2026-07-09,None
6504,900.0,880.0,2026-07-09,None
6505,,,,None
6506,,,,None
6507,,,,None
6508,,,,None
6509,,,,None
6510,1340.0,1300.0,2026-04-06,None
6511,,,,None
6512,,,,None
6513,,,,None
6514,,,,None
6515,,,,None
6516,,,,None
6517,,,,None
6518,,,,None
6519,,,,None
6520,,,,None
6521,,,,None
6522,81.0,80.0,2026-04-30,None
6523,81.0,80.0,2026-04-30,None
6524,81.0,80.0,2026-04-30,None
6525,81.0,80.0,2026-04-30,None
6526,81.0,80.0,2026-04-30,None
6527,150.0,140.0,2026-05-02,None
6528,180.0,170.0,2026-02-23,None
6529,365.0,380.0,2026-05-21,None
6530,335.0,330.0,2026-05-21,None
6531,285.0,280.0,2026-06-09,None
6532,305.0,300.0,2026-07-10,None
6533,465.0,470.0,2026-02-24,None
6534,23.0,20.0,2026-02-23,None
6535,23.0,20.0,2026-02-23,None
6536,23.0,20.0,2026-02-23,None
6537,23.0,20.0,2026-02-23,None
6538,23.0,20.0,2026-02-23,None
6539,230.0,225.0,2026-07-18,None
6540,365.0,335.0,2026-07-18,None
6541,245.0,240.0,2026-07-18,None
6542,,220.0,2025-10-23,None
6543,40.0,60.0,2026-06-29,None
6544,,10.0,2025-06-02,None
6545,,28.0,2026-02-23,None
6546,,33.0,2026-02-23,None
6547,,19.0,2026-02-23,None
6548,,8.0,2026-02-23,None
6549,27.0,25.0,2026-02-23,None
6550,,,,None
6551,,,,None
6552,,,,None
6553,,,,None
6554,,,,None
6555,,,,None
6556,,,,None
6557,,,,None
6558,,,,None
6559,290.0,370.0,2026-07-18,None
6560,,,,None
6561,,,,None
6562,,,,None
6563,70.0,77.0,2026-04-14,None
6564,86.0,92.0,2026-04-14,None
6565,,,,None
6566,100.0,130.0,2026-01-13,None
6567,,,,None
6568,,,,None
6569,134.0,155.0,2026-06-20,None
6570,196.0,255.0,2026-06-20,None
6571,342.0,455.0,2026-06-20,None
6572,,,,None
6573,,,,None
6574,109.0,128.0,2026-06-20,None
6575,162.0,185.0,2026-06-20,None
6576,,,,None
6577,68.0,75.0,2026-04-14,None
6578,88.0,90.0,2026-06-20,None
6579,,,,None
6580,130.0,123.0,2026-02-23,None
6581,,4.0,2026-02-23,None
6582,5.0,9.0,2026-04-14,None
6583,6.0,11.0,2026-04-14,None
6584,10.0,15.0,2026-04-14,None
6585,18.0,31.0,2026-04-14,None
6586,33.0,49.0,2026-04-14,None
6587,,,,None
6588,,,,None
6589,,,,None
6590,80.0,12.0,2026-02-12,None
6591,13.0,12.0,2025-10-23,None
6592,,85.0,2025-06-11,None
6593,,,,None
6594,,,,None
6595,,55.0,2025-06-13,None
6596,,,,None
6597,,,,None
6598,,52.0,2025-06-13,None
6599,150.0,160.0,2026-06-28,None
6600,,130.0,2025-06-04,None
6601,,,,None
6602,,130.0,2026-02-09,None
6603,,,,None
6604,130.0,360.0,2026-02-12,None
6605,319.0,360.0,2025-10-11,None
6606,240.0,190.0,2026-07-18,None
6607,92.0,90.0,2026-07-18,None
6608,,,,None
6609,55.0,50.0,2026-07-02,None
6610,145.0,143.0,2026-07-18,None
6611,485.0,470.0,2026-07-18,None
6612,33.0,35.0,2026-07-07,None
6613,33.0,35.0,2026-07-07,None
6614,,33.0,2025-06-02,None
6615,33.0,35.0,2026-07-07,None
6616,,715.0,2026-02-04,None
6617,,680.0,2026-02-04,None
6618,,,,None
6619,,,,None
6620,21.0,20.0,2026-06-20,None
6621,21.0,20.0,2026-06-20,None
6622,30.0,34.0,2026-02-12,None
6623,,34.0,2025-06-02,None
6624,,85.0,2025-06-04,None
6625,,,,None
6626,,,,None
6627,,39.0,2025-06-02,None
6628,,,,None
6629,,52.0,2025-06-04,None
6630,,,,None
6631,,,,None
6632,,,,None
6633,,,,None
6634,85.0,81.0,2025-08-11,None
6635,75.0,71.0,2026-06-06,None
6636,,81.0,2025-08-11,None
6637,,71.0,2026-06-06,None
6638,,,,None
6639,,75.0,2026-07-07,None
6640,110.0,100.0,2026-06-06,None
6641,110.0,100.0,2026-06-06,None
6642,,,,None
6643,90.0,95.0,2026-02-23,None
6644,,,,None
6645,,90.0,2025-06-04,None
6646,25.0,21.0,2026-02-23,None
6647,25.0,21.0,2026-02-23,None
6648,25.0,21.0,2026-02-23,None
6649,,75.0,2025-06-04,None
6650,,55.0,2025-06-02,None
6651,,,,None
6652,,,,None
6653,,75.0,2025-06-04,None
6654,,,,None
6655,,,,None
6656,,,,None
6657,80.0,85.0,2026-07-07,None
6658,82.0,80.0,2026-06-06,None
6659,82.0,80.0,2026-06-06,None
6660,170.0,165.0,2026-07-11,None
6661,,,,None
6662,205.0,195.0,2026-06-11,None
6663,205.0,195.0,2026-06-11,None
6664,,,,None
6665,,,,None
6666,,,,None
6667,,,,None
6668,210.0,225.0,2026-07-07,None
6669,210.0,225.0,2026-07-07,None
6670,210.0,225.0,2026-07-07,None
6671,210.0,225.0,2026-07-07,None
6672,,163.0,2025-06-04,None
6673,,163.0,2025-06-04,None
6674,,163.0,2025-06-04,None
6675,135.0,122.0,2026-06-13,None
6676,120.0,122.0,2026-06-13,None
6677,135.0,122.0,2026-06-28,None
6678,120.0,122.0,2026-06-13,None
6679,193.0,200.0,2026-07-11,None
6680,190.0,205.0,2026-04-10,None
6681,243.0,250.0,2026-07-11,None
6682,,230.0,2026-01-24,None
6683,59.0,70.0,2026-07-22,Up
6684,155.0,145.0,2026-06-20,None
6685,155.0,140.0,2026-06-20,None
6686,53.0,75.0,2026-07-18,None
6687,,40.0,2025-06-02,None
6688,43.0,40.0,2026-02-12,None
6689,36.0,25.0,2026-06-20,None
6690,34.0,36.0,2026-02-12,None
6691,54.0,47.0,2026-02-12,None
6692,,47.0,2025-06-02,None
6693,,47.0,2025-06-02,None
6694,,47.0,2026-02-09,None
6695,80.0,90.0,2026-07-18,None
6696,,80.0,2025-06-02,None
6697,,80.0,2025-06-02,None
6698,,,,None
6699,,,,None
6700,120.0,93.0,2026-02-09,None
6701,,120.0,2026-02-09,None
6702,435.0,430.0,2025-07-28,None
6703,,,,None
6704,,500.0,2025-07-20,None
6705,,405.0,2025-07-01,None
6706,,450.0,2025-07-20,None
6707,555.0,465.0,2025-07-28,None
6708,485.0,480.0,2025-07-20,None
6709,550.0,465.0,2025-07-28,None
6710,,465.0,2025-07-28,None
6711,,15.0,2025-06-04,None
6712,,15.0,2025-06-04,None
6713,,15.0,2025-06-04,None
6714,,15.0,2025-06-04,None
6715,,65.0,2025-06-12,None
6716,,65.0,2025-06-12,None
6717,,40.0,2025-06-12,None
6718,,40.0,2025-06-12,None
6719,65.0,160.0,2026-02-19,None
6720,,160.0,2025-06-04,None
6721,,160.0,2025-06-04,None
6722,,42.0,2025-06-04,None
6723,,42.0,2025-06-04,None
6724,,42.0,2025-06-04,None
6725,,42.0,2025-06-04,None
6726,42.0,37.0,2025-10-23,None
6727,42.0,37.0,2025-10-23,None
6728,,42.0,2025-06-04,None
6729,,42.0,2025-06-04,None
6730,42.0,37.0,2025-10-23,None
6731,145.0,150.0,2026-06-25,None
6732,150.0,145.0,2026-05-04,None
6733,150.0,145.0,2026-05-04,None
6734,,17.0,2025-06-10,None
6735,,,,None
6736,,,,None
6737,,40.0,2025-06-10,None
6738,,,,None
6739,,,,None
6740,,,,None
6741,,6.0,2025-06-10,None
6742,,10.0,2025-06-10,None
6743,,20.0,2025-06-10,None
6744,,,,None
6745,,10.0,2025-06-12,None
6746,,43.0,2025-06-04,None
6747,,43.0,2025-06-04,None
6748,,43.0,2025-06-04,None
6749,,43.0,2025-06-04,None
6750,,43.0,2025-06-04,None
6751,,43.0,2025-06-04,None
6752,,,,None
6753,,,,None
6754,,,,None
6755,,,,None
6756,,405.0,2025-06-10,None
6757,,,,None
6758,,,,None
6759,,,,None
6760,,,,None
6761,,,,None
6762,,,,None
6763,,,,None
6764,,,,None
6765,,,,None
6766,,,,None
6767,,,,None
6768,,,,None
6769,,,,None
6770,,,,None
6771,,,,None
6772,,,,None
6773,,,,None
6774,,,,None
6775,,,,None
6776,,,,None
6777,,,,None
6778,,,,None
6779,,,,None
6780,,,,None
6781,,,,None
6782,,,,None
6783,,,,None
6784,,,,None
6785,790.0,1000.0,2026-07-08,None
6786,,,,None
6787,,,,None
6788,,,,None
6789,,,,None
6790,,,,None
6791,,,,None
6792,,,,None
6793,,,,None
6794,,,,None
6795,,,,None
6796,,,,None
6797,,,,None
6798,,,,None
6799,,,,None
6800,,,,None
6801,,,,None
6802,,,,None
6803,,,,None
6804,,,,None
6805,,,,None
6806,,,,None
6807,,,,None
6808,,,,None
6809,,,,None
6810,,,,None
6811,,,,None
6812,,,,None
6813,,,,None
6814,,,,None
6815,,,,None
6816,,,,None
6817,,,,None
6818,,,,None
6819,,,,None
6820,,,,None
6821,,,,None
6822,,,,None
6823,,,,None
6824,,,,None
6825,,,,None
6826,,,,None
6827,,,,None
6828,,,,None
6829,,,,None
6830,,,,None
6831,,,,None
6832,,,,None
6833,,,,None
6834,,,,None
6835,,,,None
6836,,,,None
6837,,,,None
6838,,,,None
6839,,,,None
6840,,,,None
6841,,,,None
6842,,,,None
6843,,,,None
6844,,,,None
6845,,,,None
6846,,,,None
6847,,,,None
6848,,,,None
6849,,,,None
6850,,,,None
6851,,1750.0,2026-07-08,None
6852,,,,None
6853,,,,None
6854,,,,None
6855,,,,None
6856,,,,None
6857,,,,None
6858,,,,None
6859,,,,None
6860,,,,None
6861,,,,None
6862,,,,None
6863,,,,None
6864,,,,None
6865,,,,None
6866,,1275.0,2025-06-10,None
6867,,,,None
6868,,,,None
6869,,,,None
6870,,,,None
6871,,,,None
6872,,,,None
6873,,,,None
6874,,,,None
6875,,,,None
6876,,,,None
6877,,,,None
6878,,,,None
6879,,,,None
6880,,,,None
6881,,,,None
6882,,,,None
6883,,,,None
6884,,,,None
6885,,,,None
6886,,,,None
6887,,,,None
6888,,,,None
6889,,,,None
6890,,,,None
6891,,,,None
6892,,,,None
6893,,,,None
6894,,,,None
6895,,,,None
6896,,,,None
6897,,,,None
6898,,,,None
6899,,,,None
6900,,,,None
6901,,,,None
6902,,,,None
6903,,,,None
6904,,,,None
6905,,,,None
6906,,,,None
6907,,,,None
6908,,,,None
6909,,,,None
6910,,,,None
6911,,,,None
6912,,,,None
6913,,,,None
6914,,,,None
6915,,,,None
6916,,,,None
6917,,,,None
6918,,,,None
6919,,,,None
6920,,,,None
6921,,,,None
6922,,,,None
6923,,,,None
6924,,,,None
6925,,,,None
6926,,,,None
6927,,,,None
6928,,,,None
6929,,,,None
6930,,,,None
6931,,,,None
6932,,,,None
6933,,,,None
6934,,,,None
6935,,,,None
6936,,,,None
6937,,,,None
6938,,,,None
6939,,,,None
6940,,,,None
6941,,,,None
6942,,,,None
6943,,,,None
6944,,,,None
6945,,,,None
6946,,,,None
6947,,,,None
6948,,,,None
6949,,,,None
6950,,,,None
6951,,,,None
6952,,,,None
6953,,,,None
6954,,,,None
6955,,,,None
6956,,,,None
6957,,,,None
6958,,,,None
6959,,,,None
6960,,,,None
6961,,,,None
6962,,,,None
6963,,,,None
6964,,,,None
6965,,,,None
6966,,,,None
6967,,,,None
6968,,,,None
6969,,,,None
6970,,,,None
6971,,,,None
6972,,,,None
6973,,,,None
6974,,,,None
6975,,,,None
6976,,,,None
6977,,,,None
6978,,1500.0,2025-12-10,None
6979,,,,None
6980,,,,None
6981,,,,None
6982,,,,None
6983,,1490.0,2026-02-12,None
6984,,,,None
6985,,,,None
6986,,,,None
6987,,,,None
6988,,,,None
6989,,,,None
6990,,,,None
6991,,,,None
6992,,,,None
6993,,,,None
6994,,,,None
6995,,,,None
6996,,,,None
6997,,,,None
6998,,,,None
6999,,,,None
7000,,,,None
7001,,,,None
7002,,,,None
7003,,,,None
7004,,,,None
7005,,,,None
7006,,,,None
7007,,,,None
7008,,,,None
7009,,,,None
7010,,,,None
7011,,,,None
7012,,,,None
7013,,,,None
7014,,,,None
7015,,,,None
7016,,,,None
7017,,,,None
7018,,,,None
7019,,,,None
7020,,,,None
7021,,,,None
7022,,,,None
7023,,,,None
7024,,,,None
7025,,,,None
7026,,,,None
7027,,,,None
7028,,,,None
7029,,,,None
7030,,,,None
7031,,,,None
7032,,,,None
7033,,,,None
7034,,,,None
7035,610.0,620.0,2026-06-03,None
7036,610.0,620.0,2026-06-03,None
7037,,,,None
7038,,,,None
7039,,,,None
7040,815.0,795.0,2025-08-13,None
7041,750.0,780.0,2026-07-17,None
7042,730.0,750.0,2026-03-08,None
7043,,615.0,2025-06-29,None
7044,475.0,480.0,2026-07-17,None
7045,475.0,480.0,2026-07-17,None
7046,,,,None
7047,,,,None
7048,,,,None
7049,570.0,630.0,2025-10-31,None
7050,585.0,600.0,2026-07-01,None
7051,630.0,600.0,2026-02-10,None
7052,350.0,355.0,2026-07-01,None
7053,350.0,355.0,2026-07-01,None
7054,380.0,355.0,2026-05-11,None
7055,,460.0,2025-10-01,None
7056,,460.0,2025-10-01,None
7057,,,,None
7058,430.0,450.0,2026-01-04,None
7059,435.0,430.0,2026-07-17,None
7060,440.0,435.0,2026-05-11,None
7061,520.0,460.0,2026-07-17,None
7062,465.0,460.0,2026-07-17,None
7063,475.0,465.0,2026-06-17,None
7064,,,,None
7065,,,,None
7066,,,,None
7067,555.0,540.0,2026-07-17,None
7068,560.0,540.0,2026-07-17,None
7069,,650.0,2025-08-13,None
7070,35.0,33.0,2025-08-11,None
7071,35.0,33.0,2025-08-11,None
7072,,33.0,2026-05-14,None
7073,,35.0,2026-05-14,None
7074,38.0,35.0,2026-05-14,None
7075,,35.0,2026-05-14,None
7076,,,,None
7077,,,,None
7078,,,,None
7079,,,,None
7080,,,,None
7081,,,,None
7082,205.0,210.0,2026-04-10,None
7083,199.0,210.0,2026-02-17,None
7084,190.0,180.0,2026-06-01,None
7085,175.0,195.0,2026-04-23,None
7086,,1275.0,2025-06-10,None
7087,,,,None
7088,,1625.0,2025-06-10,None
7089,,,,None
7090,,1350.0,2026-02-12,None
7091,,,,None
7092,,,,None
7093,,,,None
7094,,,,None
7095,,,,None
7096,,,,None
7097,,,,None
7098,,2475.0,2025-06-10,None
7099,,,,None
7100,,,,None
7101,,,,None
7102,1525.0,1275.0,2025-06-29,None
7103,,,,None
7104,,1775.0,2025-06-10,None
7105,,,,None
7106,,,,None
7107,,,,None
7108,,,,None
7109,,,,None
7110,,2175.0,2025-06-10,None
7111,,,,None
7112,,2375.0,2025-06-10,None
7113,,,,None
7114,,2675.0,2025-06-10,None
7115,,,,None
7116,,,,None
7117,,,,None
7118,,,,None
7119,,,,None
7120,,,,None
7121,,,,None
7122,,3175.0,2025-06-10,None
7123,,,,None
7124,,,,None
7125,,,,None
7126,,,,None
7127,,,,None
7128,,,,None
7129,,,,None
7130,,,,None
7131,,,,None
7132,,,,None
7133,,,,None
7134,,1375.0,2025-06-29,None
7135,,,,None
7136,,,,None
7137,,,,None
7138,,,,None
7139,,,,None
7140,,,,None
7141,,,,None
7142,,,,None
7143,,,,None
7144,,,,None
7145,,,,None
7146,,,,None
7147,,,,None
7148,,,,None
7149,,,,None
7150,640.0,750.0,2026-07-08,None
7151,,,,None
7152,,196.0,2025-06-10,None
7153,,,,None
7154,,,,None
7155,,295.0,2025-08-05,None
7156,,295.0,2025-08-05,None
7157,,,,None
7158,,180.0,2025-06-10,None
7159,,,,None
7160,,,,None
7161,,,,None
7162,,195.0,2025-06-10,None
7163,,,,None
7164,,,,None
7165,,,,None
7166,,,,None
7167,,,,None
7168,,,,None
7169,,,,None
7170,,,,None
7171,,250.0,2025-06-10,None
7172,,,,None
7173,,,,None
7174,,,,None
7175,,,,None
7176,,,,None
7177,,,,None
7178,,,,None
7179,,,,None
7180,,95.0,2025-06-10,None
7181,,95.0,2025-06-10,None
7182,,,,None
7183,,,,None
7184,,,,None
7185,,,,None
7186,,,,None
7187,,,,None
7188,,142.0,2025-06-10,None
7189,,,,None
7190,,,,None
7191,,,,None
7192,,,,None
7193,,494.0,2025-06-10,None
7194,,494.0,2025-06-10,None
7195,,494.0,2025-06-10,None
7196,,,,None
7197,,,,None
7198,,,,None
7199,,,,None
7200,,,,None
7201,,,,None
7202,,,,None
7203,,575.0,2025-06-10,None
7204,,575.0,2025-06-10,None
7205,,,,None
7206,,,,None
7207,,,,None
7208,,,,None
7209,,,,None
7210,,,,None
7211,,,,None
7212,,,,None
7213,,,,None
7214,,,,None
7215,,,,None
7216,,,,None
7217,,,,None
7218,,1530.0,2025-06-10,None
7219,,,,None
7220,,,,None
7221,,,,None
7222,,,,None
7223,,,,None
7224,,,,None
7225,,,,None
7226,,,,None
7227,,,,None
7228,,,,None
7229,,,,None
7230,,,,None
7231,,,,None
7232,,,,None
7233,,,,None
7234,,,,None
7235,,,,None
7236,,,,None
7237,,,,None
7238,,2820.0,2025-06-10,None
7239,,161.0,2025-06-10,None
7240,,161.0,2025-06-10,None
7241,,170.0,2025-06-10,None
7242,,170.0,2025-06-10,None
7243,,146.0,2025-06-10,None
7244,,146.0,2025-06-10,None
7245,,163.0,2025-08-15,None
7246,,163.0,2025-06-10,None
7247,,349.0,2025-06-10,None
7248,,349.0,2025-06-10,None
7249,,349.0,2025-06-10,None
7250,,,,None
7251,,,,None
7252,,,,None
7253,,,,None
7254,,,,None
7255,,,,None
7256,,,,None
7257,,810.0,2025-08-15,None
7258,510.0,810.0,2025-08-15,None
7259,,,,None
7260,,,,None
7261,,,,None
7262,,,,None
7263,,,,None
7264,,,,None
7265,,,,None
7266,,,,None
7267,,,,None
7268,73.0,80.0,2025-12-19,None
7269,65.0,60.0,2026-01-13,None
7270,49.0,45.0,2026-01-13,None
7271,125.0,120.0,2026-06-13,None
7272,125.0,120.0,2026-06-13,None
7273,310.0,315.0,2026-03-22,None
7274,330.0,320.0,2026-03-22,None
7275,310.0,315.0,2026-03-22,None
7276,100.0,96.0,2026-05-04,None
7277,100.0,105.0,2026-05-04,None
7278,160.0,90.0,2026-02-09,None
7279,100.0,96.0,2026-05-04,None
7280,,399.0,2025-06-17,None
7281,,799.0,2025-06-17,None
7282,,425.0,2025-06-17,None
7283,,1020.0,2025-06-17,None
7284,,459.0,2025-06-17,None
7285,,559.0,2025-06-17,None
7286,,505.0,2025-06-17,None
7287,,520.0,2025-06-17,None
7288,,505.0,2025-06-17,None
7289,,312.0,2025-06-17,None
7290,,725.0,2025-06-17,None
7291,,455.0,2025-06-17,None
7292,140.0,165.0,2026-06-11,None
7293,,,,None
7294,133.0,150.0,2026-04-27,None
7295,170.0,185.0,2026-06-11,None
7296,,,,None
7297,140.0,170.0,2026-04-27,None
7298,,155.0,2026-02-09,None
7299,,,,None
7300,,155.0,2026-02-09,None
7301,90.0,100.0,2026-04-10,None
7302,90.0,100.0,2026-04-10,None
7303,90.0,100.0,2026-04-10,None
7304,112.0,110.0,2026-06-10,None
7305,112.0,110.0,2026-06-10,None
7306,110.0,112.0,2026-05-07,None
7307,,595.0,2025-07-31,None
7308,,940.0,2025-07-31,None
7309,,,,None
7310,,435.0,2025-07-31,None
7311,,605.0,2025-07-27,None
7312,,183.0,2025-07-27,None
7313,,,,None
7314,,302.0,2025-07-27,None
7315,,,,None
7316,,680.0,2025-07-27,None
7317,,605.0,2025-07-27,None
7318,,340.0,2025-07-27,None
7319,,690.0,2025-07-27,None
7320,,935.0,2025-07-27,None
7321,,,,None
7322,,,,None
7323,,655.0,2025-07-27,None
7324,,540.0,2025-07-27,None
7325,,725.0,2025-07-27,None
7326,,692.0,2025-07-27,None
7327,,710.0,2025-07-27,None
7328,,,,None
7329,,620.0,2025-07-27,None
7330,,540.0,2025-07-27,None
7331,,935.0,2025-07-27,None
7332,,675.0,2025-07-27,None
7333,,,,None
7334,,,,None
7335,,310.0,2025-07-27,None
7336,,,,None
7337,,,,None
7338,,400.0,2025-07-27,None
7339,,,,None
7340,505.0,500.0,2025-07-20,None
7341,,0.0,2025-06-28,None
7342,,0.0,2025-06-28,None
7343,,0.0,2025-06-28,None
7344,0.0,600.0,2025-08-15,None
7345,,0.0,2025-06-28,None
7346,0.0,600.0,2025-08-15,None
7347,600.0,575.0,2026-03-17,None
7348,,0.0,2025-06-28,None
7349,600.0,585.0,2026-04-27,None
7350,,0.0,2025-06-28,None
7351,,0.0,2025-06-28,None
7352,,0.0,2025-06-28,None
7353,410.0,400.0,2026-07-07,None
7354,370.0,355.0,2026-03-17,None
7355,370.0,355.0,2026-03-17,None
7356,400.0,470.0,2026-06-11,None
7357,,0.0,2025-06-28,None
7358,,0.0,2025-06-28,None
7359,0.0,500.0,2026-06-11,None
7360,425.0,440.0,2026-04-06,None
7361,,0.0,2025-06-28,None
7362,415.0,410.0,2025-12-07,None
7363,,0.0,2025-06-28,None
7364,,0.0,2025-06-28,None
7365,500.0,520.0,2026-03-28,None
7366,460.0,470.0,2026-01-15,None
7367,,0.0,2025-06-28,None
7368,240.0,349.0,2026-02-16,None
7369,390.0,270.0,2026-02-09,None
7370,464.0,460.0,2026-05-04,None
7371,0.0,349.0,2025-08-11,None
7372,349.0,325.0,2026-05-04,None
7373,345.0,171.0,2026-02-09,None
7374,349.0,345.0,2026-05-04,None
7375,349.0,345.0,2026-05-04,None
7376,275.0,345.0,2026-02-09,None
7377,465.0,450.0,2026-05-04,None
7378,40.0,39.0,2026-07-18,None
7379,40.0,39.0,2026-07-18,None
7380,40.0,39.0,2026-07-18,None
7381,58.0,57.0,2026-02-12,None
7341,,0.0,2025-06-28,None
7342,,0.0,2025-06-28,None
7343,,0.0,2025-06-28,None
7344,0.0,600.0,2025-08-15,None
7345,,0.0,2025-06-28,None
7346,0.0,600.0,2025-08-15,None
7347,600.0,575.0,2026-03-17,None
7348,,0.0,2025-06-28,None
7349,600.0,585.0,2026-04-27,None
7350,,0.0,2025-06-28,None
7351,,0.0,2025-06-28,None
7352,,0.0,2025-06-28,None
7353,410.0,400.0,2026-07-07,None
7354,370.0,355.0,2026-03-17,None
7355,370.0,355.0,2026-03-17,None
7356,400.0,470.0,2026-06-11,None
7357,,0.0,2025-06-28,None
7358,,0.0,2025-06-28,None
7359,0.0,500.0,2026-06-11,None
7360,425.0,440.0,2026-04-06,None
7361,,0.0,2025-06-28,None
7362,415.0,410.0,2025-12-07,None
7363,,0.0,2025-06-28,None
7364,,0.0,2025-06-28,None
7365,500.0,520.0,2026-03-28,None
7366,460.0,470.0,2026-01-15,None
7367,,0.0,2025-06-28,None
7368,240.0,349.0,2026-02-16,None
7369,390.0,270.0,2026-02-09,None
7370,464.0,460.0,2026-05-04,None
7371,0.0,349.0,2025-08-11,None
7372,349.0,325.0,2026-05-04,None
7373,345.0,171.0,2026-02-09,None
7374,349.0,345.0,2026-05-04,None
7375,349.0,345.0,2026-05-04,None
7376,275.0,345.0,2026-02-09,None
7377,465.0,450.0,2026-05-04,None
7378,40.0,39.0,2026-07-18,None
7379,40.0,39.0,2026-07-18,None
7380,40.0,39.0,2026-07-18,None
7381,58.0,57.0,2026-02-12,None
7382,,,,None
7383,,,,None
7384,,,,None
7385,,,,None
7386,,,,None
7387,,,,None
7388,,,,None
7389,,,,None
7390,,,,None
7391,750.0,740.0,2026-06-03,None
7392,780.0,775.0,2025-11-29,None
7393,,,,None
7394,,,,None
7395,995.0,960.0,2026-05-11,None
7396,,,,None
7397,,,,None
7398,,,,None
7399,,,,None
7400,,,,None
7401,,,,None
7402,,,,None
7403,,,,None
7404,,,,None
7405,,,,None
7406,,,,None
7407,,,,None
7408,,,,None
7409,,,,None
7410,,,,None
7411,,,,None
7412,,,,None
7413,,,,None
7414,,,,None
7415,,,,None
7416,,,,None
7417,,,,None
7418,,440.0,2026-07-17,None
7419,,,,None
7420,,,,None
7421,,,,None
7422,,,,None
7423,,,,None
7424,,,,None
7425,,,,None
7426,895.0,890.0,2026-07-17,None
7427,1075.0,995.0,2025-08-13,None
7428,,,,None
7429,,,,None
7430,,,,None
7431,,,,None
7432,,,,None
7433,,,,None
7434,,,,None
7435,,,,None
7436,,,,None
7437,,,,None
7438,,,,None
7439,,795.0,2025-10-01,None
7440,,,,None
7441,,,,None
7442,,,,None
7443,,,,None
7444,,,,None
7445,,,,None
7446,,,,None
7447,,,,None
7448,,,,None
7449,,,,None
7450,,,,None
7451,,,,None
7452,,,,None
7453,,,,None
7454,440.0,450.0,2026-05-21,None
7455,370.0,355.0,2025-07-28,None
7456,,,,None
7457,,,,None
7458,,,,None
7459,,,,None
7460,,,,None
7461,,,,None
7462,,,,None
7463,,,,None
7464,,,,None
7465,,,,None
7466,,,,None
7467,,,,None
7468,,,,None
7469,,,,None
7470,,,,None
7471,,,,None
7472,,,,None
7473,,,,None
7474,,,,None
7475,,,,None
7476,,,,None
7477,,,,None
7478,,,,None
7479,,,,None
7480,,,,None
7481,,,,None
7482,,,,None
7483,,,,None
7484,,,,None
7485,,,,None
7486,,,,None
7487,,,,None
7488,,,,None
7489,,,,None
7490,,,,None
7491,,,,None
7492,,,,None
7493,,,,None
7494,,,,None
7495,,,,None
7496,,,,None
7497,,,,None
7498,,,,None
7499,,,,None
7500,,,,None
7501,,,,None
7502,,,,None
7503,,,,None
7504,,,,None
7505,,,,None
7506,,,,None
7507,,,,None
7508,,,,None
7509,,,,None
7510,,,,None
7511,,,,None
7512,,,,None
7513,,,,None
7514,,,,None
7515,,,,None
7516,,,,None
7517,,,,None
7518,,,,None
7519,,,,None
7520,,,,None
7521,,,,None
7522,,,,None
7523,,,,None
7524,,,,None
7525,,,,None
7526,,,,None
7527,,,,None
7528,,,,None
7529,,,,None
7530,,,,None
7531,,,,None
7532,,,,None
7533,,,,None
7534,,,,None
7535,,,,None
7536,,,,None
7537,,,,None
7538,,,,None
7539,,,,None
7540,,,,None
7541,,,,None
7542,,,,None
7543,,,,None
7544,,,,None
7545,,,,None
7546,,,,None
7547,,,,None
7548,,,,None
7549,,,,None
7550,,,,None
7551,,,,None
7552,,,,None
7553,,,,None
7554,,,,None
7555,,,,None
7556,,,,None
7557,,,,None
7558,,,,None
7559,,,,None
7560,,,,None
7561,,,,None
7562,,,,None
7563,,,,None
7564,,,,None
7565,,,,None
7566,,,,None
7567,,,,None
7568,,,,None
7569,,,,None
7570,,,,None
7571,,,,None
7572,,,,None
7573,,,,None
7574,,,,None
7575,,,,None
7576,,,,None
7577,,,,None
7578,,,,None
7579,,,,None
7580,,,,None
7581,,,,None
7582,,,,None
7583,,,,None
7584,,,,None
7585,,,,None
7586,,,,None
7587,,,,None
7588,,,,None
7589,,,,None
7590,,,,None
7591,,,,None
7592,,,,None
7593,,,,None
7594,,,,None
7595,,,,None
7596,,,,None
7597,,,,None
7598,,,,None
7599,,,,None
7600,,,,None
7601,,,,None
7602,,,,None
7603,,,,None
7604,,,,None
7605,,,,None
7606,,,,None
7607,,,,None
7608,,,,None
7609,,,,None
7610,,,,None
7611,,,,None
7612,,,,None
7613,,,,None
7614,,,,None
7615,,,,None
7616,,,,None
7617,,,,None
7618,,,,None
7619,,,,None
7620,,,,None
7621,,,,None
7622,,,,None
7623,,,,None
7624,,,,None
7625,,,,None
7626,,,,None
7627,,,,None
7628,,,,None
7629,,,,None
7630,,,,None
7631,,,,None
7632,,,,None
7633,,,,None
7634,,,,None
7635,,,,None
7636,,,,None
7637,,,,None
7638,,,,None
7639,,,,None
7640,,,,None
7641,,,,None
7642,,,,None
7643,,,,None
7644,,,,None
7645,,,,None
7646,,,,None
7647,,,,None
7648,,,,None
7649,,,,None
7650,,,,None
7651,,,,None
7652,,,,None
7653,,,,None
7654,,,,None
7655,,,,None
7656,,,,None
7657,,,,None
7658,,,,None
7659,,,,None
7660,,,,None
7661,,,,None
7662,,,,None
7663,,,,None
7664,,,,None
7665,,,,None
7666,,,,None
7667,,,,None
7668,,,,None
7669,,,,None
7670,,,,None
7671,,,,None
7672,,,,None
7673,,,,None
7674,,,,None
7675,,,,None
7676,,,,None
7677,,,,None
7678,,,,None
7679,,,,None
7680,,,,None
7681,,,,None
7682,,,,None
7683,,,,None
7684,,,,None
7685,,,,None
7686,,,,None
7687,,,,None
7688,,,,None
7689,,,,None
7690,,,,None
7691,,,,None
7692,,,,None
7693,,,,None
7694,,,,None
7695,,,,None
7696,,,,None
7697,,,,None
7698,,,,None
7699,,,,None
7700,,,,None
7701,,,,None
7702,,,,None
7703,,,,None
7704,,,,None
7705,,,,None
7706,,,,None
7707,,,,None
7708,,,,None
7709,,,,None
7710,,,,None
7711,,,,None
7712,,,,None
7713,,,,None
7714,,,,None
7715,,,,None
7716,,,,None
7717,,,,None
7718,,,,None
7719,,,,None
7720,,,,None
7721,,,,None
7722,,,,None
7723,,,,None
7724,,,,None
7725,,,,None
7726,,,,None
7727,,,,None
7728,,,,None
7729,,,,None
7730,,,,None
7731,,,,None
7732,,,,None
7733,,,,None
7734,,,,None
7735,,,,None
7736,,,,None
7737,,,,None
7738,,,,None
7739,,,,None
7740,,,,None
7741,,,,None
7742,,,,None
7743,,,,None
7744,,,,None
7745,,,,None
7746,,,,None
7747,,,,None
7748,,,,None
7749,,,,None
7750,,,,None
7751,,,,None
7752,,,,None
7753,,,,None
7754,,,,None
7755,,,,None
7756,,,,None
7757,,,,None
7758,,,,None
7759,,,,None
7760,,,,None
7761,,,,None
7762,,,,None
7763,,,,None
7764,,,,None
7765,,,,None
7766,,,,None
7767,,,,None
7768,,,,None
7769,,,,None
7770,,,,None
7771,,,,None
7772,,,,None
7773,,,,None
7774,,,,None
7775,,,,None
7776,,,,None
7777,,,,None
7778,,75.0,2026-02-09,None
7779,,16.0,2026-02-04,None
7780,,11.0,2026-02-04,None
7781,,,,None
7782,,,,None
7783,,8.0,2026-02-04,None
7784,23.0,19.0,2026-02-09,None
7785,,10.0,2026-02-04,None
7786,,14.0,2026-02-04,None
7787,,19.0,2026-02-04,None
7788,10.0,9.0,2026-02-09,None
7789,,,,None
7790,,9.0,2026-02-09,None
7791,,12.0,2026-02-09,None
7792,,,,None
7793,,,,None
7794,,,,None
7795,,,,None
7796,55.0,57.0,2026-02-09,None
7797,,,,None
7798,,,,None
7799,,,,None
7800,,63.0,2026-02-09,None
7801,,,,None
7802,,,,None
7803,52.0,39.0,2026-02-09,None
7804,,,,None
7805,,,,None
7806,,,,None
7807,,,,None
7808,,,,None
7809,,,,None
7810,,,,None
7811,,,,None
7812,,,,None
7813,,,,None
7814,,,,None
7815,,,,None
7816,,,,None
7817,,,,None
7818,,,,None
7819,,,,None
7820,,,,None
7821,,,,None
7822,,,,None
7823,,,,None
7824,,,,None
7825,,,,None
7826,,,,None
7827,,,,None
7828,,,,None
7829,,,,None
7830,,,,None
7831,,,,None
7832,,,,None
7833,,,,None
7834,,,,None
7835,,,,None
7836,,,,None
7837,,,,None
7838,,,,None
7839,,,,None
7840,,,,None
7841,,,,None
7842,,,,None
7843,,,,None
7844,,,,None
7845,,,,None
7846,,,,None
7847,,,,None
7848,,,,None
7849,,,,None
7850,,,,None
7851,,,,None
7852,,,,None
7853,,,,None
7854,,,,None
7855,,,,None
7856,,,,None
7857,,,,None
7858,,,,None
7859,,,,None
7860,,,,None
7861,,,,None
7862,,,,None
7863,,,,None
7864,,,,None
7865,,,,None
7866,,,,None
7867,,,,None
7868,,,,None
7869,,,,None
7870,,,,None
7871,,,,None
7872,,,,None
7873,,,,None
7874,,,,None
7875,,,,None
7876,,,,None
7877,,,,None
7878,,,,None
7879,,,,None
7880,,,,None
7881,,,,None
7882,,,,None
7883,,,,None
7884,,,,None
7885,,,,None
7886,,,,None
7887,,,,None
7888,,,,None
7889,,,,None
7890,,,,None
7891,,,,None
7892,,,,None
7893,,,,None
7894,,,,None
7895,,,,None
7896,,,,None
7897,,,,None
7898,,,,None
7899,,,,None
7900,,,,None
7901,,,,None
7902,,,,None
7903,,,,None
7904,,,,None
7905,,,,None
7906,,,,None
7907,,,,None
7908,,,,None
7909,,,,None
7910,,,,None
7911,,,,None
7912,,,,None
7913,,,,None
7914,,,,None
7915,,,,None
7916,,,,None
7917,,,,None
7918,,,,None
7919,,,,None
7920,,,,None
7921,,,,None
7922,,,,None
7923,,,,None
7924,,,,None
7925,,,,None
7926,,,,None
7927,,,,None
7928,,,,None
7929,,,,None
7930,,,,None
7931,,1650.0,2026-02-09,None
7932,,,,None
7933,,,,None
7934,,,,None
7935,,,,None
7936,,,,None
7937,,,,None
7938,,,,None
7939,,,,None
7940,,,,None
7941,,,,None
7942,,,,None
7943,,,,None
7944,,,,None
7945,,,,None
7946,,,,None
7947,,,,None
7948,,,,None
7949,,,,None
7950,,,,None
7951,,,,None
7952,,,,None
7953,,,,None
7954,,,,None
7955,,,,None
7956,,,,None
7957,,,,None
7958,,,,None
7959,,,,None
7960,,,,None
7961,,,,None
7962,,,,None
7963,,,,None
7964,,,,None
7965,,,,None
7966,,,,None
7967,,,,None
7968,,,,None
7969,,,,None
7970,,,,None
7971,,,,None
7972,,,,None
7973,,,,None
7974,,,,None
7975,,,,None
7976,,,,None
7977,,,,None
7978,,,,None
7979,,,,None
7980,,,,None
7981,,,,None
7982,,,,None
7983,,,,None
7984,,,,None
7985,,,,None
7986,,,,None
7987,,,,None
7988,,,,None
7989,,,,None
7990,,,,None
7991,,,,None
7992,,,,None
7993,,,,None
7994,,,,None
7995,,,,None
7996,,,,None
7997,,,,None
7998,,,,None
7999,,,,None
8000,,,,None
8001,,,,None
8002,,,,None
8003,,,,None
8004,,,,None
8005,,,,None
8006,,,,None
8007,,,,None
8008,,,,None
8009,,,,None
8010,,,,None
8011,,,,None
8012,,,,None
8013,,,,None
8014,,,,None
8015,,,,None
8016,,,,None
8017,,,,None
8018,,,,None
8019,,,,None
8020,,,,None
8021,,,,None
8022,,,,None
8023,,,,None
8024,,,,None
8025,,,,None
8026,,,,None
8027,,,,None
8028,,,,None
8029,,,,None
8030,,,,None
8031,,,,None
8032,,,,None
8033,,,,None
8034,,,,None
8035,,,,None
8036,,,,None
8037,,,,None
8038,,,,None
8039,,,,None
8040,,,,None
8041,,,,None
8042,,,,None
8043,,,,None
8044,,,,None
8045,,,,None
8046,,,,None
8047,,,,None
8048,,,,None
8049,,,,None
8050,,,,None
8051,,,,None
8052,,,,None
8053,,,,None
8054,,,,None
8055,,,,None
8056,,,,None
8057,,,,None
8058,,,,None
8059,,,,None
8060,,,,None
8061,,,,None
8062,,,,None
8063,,,,None
8064,,,,None
8065,,,,None
8066,,,,None
8067,,,,None
8068,,,,None
8069,,,,None
8070,,,,None
8071,,,,None
8072,,,,None
8073,,,,None
8074,,,,None
8075,,,,None
8076,,,,None
8077,,,,None
8078,,,,None
8079,,,,None
8080,,,,None
8081,,,,None
8082,,,,None
8083,,,,None
8084,,,,None
8085,,,,None
8086,,,,None
8087,,,,None
8088,,,,None
8089,,,,None
8090,,,,None
8091,,,,None
8092,,,,None
8093,,,,None
8094,,,,None
8095,,,,None
8096,,,,None
8097,,,,None
8098,,,,None
8099,,,,None
8100,,,,None
8101,,,,None
8102,,,,None
8103,,,,None
8104,,,,None
8105,,,,None
8106,,,,None
8107,,,,None
8108,,,,None
8109,,,,None
8110,,,,None
8111,,,,None
8112,,,,None
8113,,,,None
8114,,,,None
8115,,,,None
8116,,,,None
8117,,,,None
8118,,,,None
8119,,,,None
8120,,,,None
8121,,,,None
8122,,,,None
8123,,,,None
8124,,,,None
8125,,,,None
8126,,,,None
8127,1050.0,1010.0,2026-07-07,None
8128,1300.0,1210.0,2026-07-07,None
8129,1650.0,1360.0,2026-07-07,None
8130,,,,None
8131,,,,None
8132,1310.0,1410.0,2026-06-29,None
8133,,,,None
8134,,,,None
8135,285.0,270.0,2026-04-27,None
8136,285.0,270.0,2026-04-27,None
8137,133.0,135.0,2026-06-20,None
8138,133.0,135.0,2026-06-20,None
8139,,,,None
8140,,,,None
8141,760.0,770.0,2026-07-08,None
8142,760.0,770.0,2026-07-08,None
8143,910.0,980.0,2026-05-21,None
8144,1000.0,990.0,2026-07-09,None
8145,990.0,1000.0,2026-06-15,None
8146,,990.0,2026-05-21,None
8147,980.0,1030.0,2026-05-21,None
8148,1030.0,1050.0,2026-06-03,None
8149,1040.0,1050.0,2026-06-15,None
8150,,,,None
8151,1650.0,1620.0,2026-07-09,None
8152,1620.0,1625.0,2026-07-18,None
8153,,,,None
8154,1620.0,1625.0,2026-07-18,None
8155,1750.0,1720.0,2026-07-09,None
8156,1740.0,1725.0,2026-07-09,None
8157,1770.0,1740.0,2026-05-14,None
8158,1740.0,1720.0,2026-07-09,None
8159,,,,None
8160,2410.0,2300.0,2026-02-26,None
8161,,,,None
8162,,,,None
8163,230.0,220.0,2026-07-18,None
8164,280.0,220.0,2026-06-04,None
8165,190.0,185.0,2026-07-18,None
8166,190.0,185.0,2026-07-03,None
8167,220.0,205.0,2026-06-04,None
8168,190.0,200.0,2026-07-18,None
8169,330.0,310.0,2026-07-03,None
8170,335.0,310.0,2026-06-04,None
8171,325.0,310.0,2026-07-18,None
8172,335.0,310.0,2026-06-04,None
8173,147.0,146.0,2025-11-25,None
8174,150.0,147.0,2025-10-25,None
8175,147.0,146.0,2025-11-25,None
8176,,,,None
8177,,,,None
8178,,,,None
8179,,,,None
8180,,,,None
8181,,,,None
8182,,,,None
8183,,,,None
8184,,,,None
8185,148.0,142.0,2025-11-25,None
8186,148.0,142.0,2025-11-25,None
8187,,,,None
8188,152.0,156.0,2025-09-08,None
8189,155.0,160.0,2026-03-07,None
8190,155.0,160.0,2026-03-07,None
8191,,,,None
8192,,,,None
8193,,,,None
8194,,,,None
8195,,,,None
8196,290.0,300.0,2026-06-03,None
8197,290.0,300.0,2026-06-03,None
8198,60.0,62.0,2026-04-04,None
8199,62.0,64.0,2026-07-08,None
8200,62.0,64.0,2026-07-08,None
8201,60.0,62.0,2026-04-04,None
8202,63.0,66.0,2026-04-04,None
8203,60.0,62.0,2026-04-04,None
8204,63.0,66.0,2026-04-04,None
8205,63.0,66.0,2026-04-04,None
8206,63.0,66.0,2026-04-04,None
8207,,,,None
8208,,,,None
8209,130.0,140.0,2026-07-13,None
8210,,,,None
8211,130.0,140.0,2026-07-13,None
8212,,,,None
8213,,,,None
8214,,,,None
8215,,,,None
8216,,,,None
8217,,,,None
8218,,,,None
8219,,,,None
8220,,,,None
8221,,,,None
8222,,,,None
8223,,,,None
8224,,,,None
8225,,,,None
8226,190.0,160.0,2026-07-21,Down
8227,190.0,160.0,2026-07-21,Down
8228,,,,None
8229,190.0,160.0,2026-07-21,Down
8230,,,,None
8231,100.0,105.0,2026-07-13,None
8232,,,,None
8233,,,,None
8234,,,,None
8235,,,,None
8236,,,,None
8237,116.0,110.0,2026-02-17,None
8238,,,,None
8239,,,,None
8240,145.0,140.0,2026-02-17,None
8241,,113.0,2025-09-12,None
8242,,,,None
8243,220.0,225.0,2025-11-29,None
8244,,,,None
8245,,,,None
8246,220.0,225.0,2025-11-29,None
8247,120.0,115.0,2026-02-17,None
8248,120.0,115.0,2026-02-17,None
8249,,125.0,2026-07-21,None
8250,,,,None
8251,,,,None
8252,,,,None
8253,,,,None
8254,,,,None
8255,,,,None
8256,,,,None
8257,,,,None
8258,,,,None
8259,260.0,255.0,2026-03-17,None
8260,260.0,255.0,2026-03-17,None
8261,255.0,270.0,2026-07-21,Up
8262,260.0,255.0,2026-03-17,None
8263,,,,None
8264,,,,None
8265,,,,None
8266,,,,None
8267,125.0,120.0,2025-08-17,None
8268,,,,None
8269,125.0,120.0,2025-08-17,None
8270,,,,None
8271,114.0,109.0,2025-08-17,None
8272,,,,None
8273,114.0,109.0,2025-08-17,None
8274,114.0,109.0,2025-08-17,None
8275,,,,None
8276,,,,None
8277,,,,None
8278,,,,None
8279,,,,None
8280,,,,None
8281,,,,None
8282,,,,None
8283,,,,None
8284,,,,None
8285,,,,None
8286,200.0,190.0,2025-08-17,None
8287,,,,None
8288,200.0,190.0,2025-08-17,None
8289,,,,None
8290,,,,None
8291,,,,None
8292,360.0,345.0,2026-02-17,None
8293,385.0,380.0,2026-03-17,None
8294,360.0,345.0,2026-02-17,None
8295,,,,None
8296,,,,None
8297,,,,None
8298,100.0,105.0,2026-07-13,None
8299,,,,None
8300,116.0,110.0,2026-02-17,None
8301,,,,None
8302,135.0,137.0,2026-07-10,None
8303,135.0,137.0,2026-07-10,None
8304,133.0,137.0,2026-07-10,None
8305,125.0,137.0,2026-07-10,None
8306,135.0,145.0,2026-07-10,None
8307,136.0,135.0,2026-05-25,None
8308,145.0,150.0,2026-07-21,Up
8309,135.0,150.0,2026-07-21,Up
8310,,132.0,2025-08-15,None
8311,,112.0,2026-02-04,None
8312,155.0,154.0,2026-07-21,Down
8313,,112.0,2026-02-04,None
8314,150.0,165.0,2026-07-10,None
8315,148.0,150.0,2026-05-07,None
8316,165.0,178.0,2026-07-21,Up
8317,148.0,150.0,2026-05-07,None
8318,40.0,35.0,2026-04-18,None
8319,40.0,35.0,2026-04-18,None
8320,76.0,70.0,2026-07-22,Down
8321,76.0,70.0,2026-07-22,Down
8322,76.0,70.0,2026-07-22,Down
8323,,,,None
8324,,,,None
8325,,127.0,2026-02-04,None
8326,168.0,163.0,2026-07-10,None
8327,165.0,162.0,2026-07-21,Down
8328,165.0,162.0,2026-07-21,Down
8329,176.0,178.0,2026-07-10,None
8330,175.0,176.0,2026-05-25,None
8331,175.0,176.0,2026-05-25,None
8332,180.0,190.0,2026-07-10,None
8333,178.0,180.0,2026-06-10,None
8334,178.0,180.0,2026-06-10,None
8335,,,,None
8336,,,,None
8337,,,,None
8338,,,,None
8339,,,,None
8340,,,,None
8341,,,,None
8342,,,,None
8343,,,,None
8344,,,,None
8345,,,,None
8346,,,,None
8347,,,,None
8348,,,,None
8349,,,,None
8350,,,,None
8351,,,,None
8352,,,,None
8353,,,,None
8354,,,,None
8355,,,,None
8356,,,,None
8357,,,,None
8358,,,,None
8359,,,,None
8360,,,,None
8361,,,,None
8362,,,,None
8363,,,,None
8364,,,,None
8365,,,,None
8366,,,,None
8367,,,,None
8368,,,,None
8369,,,,None
8370,,,,None
8371,,,,None
8372,,,,None
8373,,,,None
8374,,,,None
8375,,,,None
8376,,,,None
8377,,,,None
8378,,,,None
8379,,,,None
8380,,,,None
8381,,,,None
8382,,,,None
8383,,,,None
8384,,,,None
8385,,,,None
8386,,,,None
8387,,,,None
8388,,,,None
8389,,,,None
8390,,,,None
8391,,,,None
8392,,,,None
8393,,,,None
8394,,,,None
8395,,,,None
8396,,,,None
8397,,,,None
8398,,,,None
8399,,,,None
8400,,,,None
8401,,,,None
8402,,,,None
8403,,,,None
8404,,,,None
8405,,,,None
8406,,,,None
8407,,,,None
8408,,,,None
8409,,,,None
8410,,,,None
8411,,,,None
8412,,,,None
8413,,,,None
8414,,,,None
8415,,,,None
8416,,,,None
8417,,,,None
8418,,,,None
8419,,,,None
8420,,,,None
8421,,,,None
8422,,,,None
8423,,,,None
8424,,,,None
8425,,,,None
8426,,,,None
8427,,,,None
8428,,,,None
8429,,,,None
8430,,,,None
8431,,,,None
8432,,,,None
8433,,,,None
8434,,,,None
8435,,,,None
8436,,,,None
8437,,,,None
8438,,,,None
8439,,,,None
8440,,,,None
8441,,,,None
8442,,,,None
8443,,,,None
8444,,,,None
8445,,,,None
8446,,,,None
8447,,,,None
8448,,,,None
8449,,,,None
8450,,,,None
8451,,,,None
8452,,,,None
8453,,,,None
8454,,,,None
8455,,,,None
8456,,,,None
8457,,,,None
8458,,,,None
8459,,,,None
8460,,,,None
8461,,,,None
8462,,,,None
8463,,,,None
8464,,,,None
8465,,,,None
8466,,,,None
8467,,,,None
8468,,,,None
8469,,,,None
8470,,,,None
8471,,,,None
8472,,,,None
8473,,,,None
8474,,,,None
8475,,,,None
8476,,,,None
8477,,,,None
8478,,,,None
8479,,,,None
8480,,,,None
8481,,,,None
8482,,,,None
8483,,,,None
8484,,,,None
8485,,,,None
8486,,,,None
8487,,,,None
8488,,,,None
8489,,,,None
8490,,,,None
8491,,,,None
8492,,,,None
8493,,,,None
8494,,,,None
8495,,,,None
8496,,,,None
8497,,,,None
8498,,,,None
8499,,,,None
8500,,,,None
8501,,,,None
8502,,,,None
8503,,,,None
8504,,,,None
8505,,,,None
8506,,,,None
8507,,,,None
8508,,,,None
8509,,,,None
8510,,,,None
8511,,,,None
8512,,,,None
8513,,,,None
8514,,,,None
8515,,,,None
8516,,,,None
8517,,,,None
8518,,,,None
8519,,,,None
8520,,,,None
8521,,,,None
8522,,,,None
8523,,,,None
8524,,,,None
8525,,,,None
8526,,,,None
8527,,,,None
8528,,,,None
8529,,,,None
8530,,,,None
8531,,,,None
8532,,,,None
8533,,,,None
8534,,,,None
8535,,,,None
8536,,,,None
8537,,,,None
8538,,,,None
8539,,,,None
8540,,,,None
8541,,,,None
8542,,1860.0,2026-03-22,None
8543,,,,None
8544,,,,None
8545,,,,None
8546,,,,None
8547,,,,None
8548,,,,None
8549,,,,None
8550,,,,None
8551,,,,None
8552,,,,None
8553,,,,None
8554,,,,None
8555,,,,None
8556,,,,None
8557,,,,None
8558,,,,None
8559,,,,None
8560,,,,None
8561,,,,None
8562,,,,None
8563,,,,None
8564,,,,None
8565,,,,None
8566,,,,None
8567,,,,None
8568,,,,None
8569,,,,None
8570,,,,None
8571,,,,None
8572,,,,None
8573,,,,None
8574,,,,None
8575,,,,None
8576,,,,None
8577,,,,None
8578,,,,None
8579,,,,None
8580,,,,None
8581,,,,None
8582,,,,None
8583,,46.0,2026-02-04,None
8584,,110.0,2026-02-04,None
8585,,,,None
8586,,,,None
8587,,,,None
8588,21.0,15.0,2026-02-09,None
8589,,,,None
8590,,,,None
8591,,,,None
8592,,,,None
8593,,,,None
8594,,,,None
8595,,,,None
8596,,,,None
8597,,,,None
8598,,30.0,2026-02-04,None
8599,,,,None
8600,,,,None
8601,,,,None
8602,,,,None
8603,,,,None
8604,,,,None
8605,,,,None
8606,,,,None
8607,,,,None
8608,,,,None
8609,,,,None
8610,,,,None
8611,,,,None
8612,,,,None
8613,,,,None
8614,,,,None
8615,,,,None
8616,,,,None
8617,,,,None
8618,,,,None
8619,,,,None
8620,,,,None
8621,,,,None
8622,,,,None
8623,,,,None
8624,,,,None
8625,,,,None
8626,,,,None
8627,,,,None
8628,,,,None
8629,,,,None
8630,,,,None
8631,,,,None
8632,,,,None
8633,,,,None
8634,,,,None
8635,,,,None
8636,,,,None
8637,,,,None
8638,,,,None
8639,,,,None
8640,,,,None
8641,,,,None
8642,,,,None
8643,,,,None
8644,,,,None
8645,,,,None
8646,,,,None
8647,,,,None
8648,,,,None
8649,,,,None
8650,,,,None
8651,,,,None
8652,,,,None
8653,,,,None
8654,,,,None
8655,,,,None
8656,,,,None
8657,,,,None
8658,,16.0,2026-02-04,None
8659,,11.0,2026-02-04,None
8660,,,,None
8661,,,,None
8662,,8.0,2026-02-04,None
8663,,23.0,2026-02-09,None
8664,,10.0,2026-02-04,None
8665,,14.0,2026-02-04,None
8666,,19.0,2026-02-04,None
8667,,10.0,2026-02-04,None
8668,,22.0,2026-02-04,None
8669,,,,None
8670,,,,None
8671,,,,None
8672,,,,None
8673,,,,None
8674,,,,None
8675,,55.0,2026-02-09,None
8676,,,,None
8677,,,,None
8678,,,,None
8679,,,,None
8680,,,,None
8681,,,,None
8682,,52.0,2026-02-09,None
8683,,,,None
8684,,,,None
8685,,,,None
8686,,,,None
8687,,,,None
8688,,,,None
8689,,,,None
8690,,,,None
8691,,,,None
8692,,,,None
8693,,,,None
8694,,,,None
8695,,,,None
8696,,,,None
8697,,,,None
8698,,,,None
8699,,,,None
8700,,,,None
8701,,,,None
8702,,,,None
8703,,,,None
8704,,,,None
8705,,,,None
8706,,,,None
8707,,,,None
8708,,,,None
8709,,,,None
8710,,,,None
8711,,,,None
8712,,,,None
8713,,,,None
8714,,,,None
8715,,,,None
8716,,,,None
8717,,,,None
8718,,,,None
8719,,,,None
8720,,,,None
8721,,,,None
8722,,,,None
8723,,,,None
8724,,,,None
8725,,,,None
8726,,,,None
8727,,,,None
8728,,,,None
8729,,,,None
8730,,,,None
8731,,,,None
8732,,,,None
8733,,,,None
8734,,,,None
8735,,,,None
8736,,,,None
8737,,,,None
8738,,,,None
8739,,,,None
8740,,,,None
8741,,,,None
8742,,,,None
8743,,,,None
8744,,,,None
8745,,,,None
8746,,,,None
8747,,,,None
8748,,,,None
8749,,,,None
8750,,,,None
8751,,,,None
8752,,,,None
8753,,,,None
8754,,,,None
8755,,,,None
8756,,,,None
8757,,,,None
8758,,,,None
8759,,,,None
8760,,,,None
8761,,,,None
8762,,,,None
8763,,,,None
8764,,,,None
8765,,,,None
8766,,,,None
8767,,,,None
8768,,,,None
8769,,,,None
8770,,,,None
8771,,,,None
8772,,,,None
8773,,,,None
8774,,,,None
8775,,,,None
8776,,,,None
8777,,,,None
8778,,,,None
8779,,,,None
8780,,,,None
8781,,,,None
8782,,,,None
8783,,,,None
8784,,,,None
8785,,,,None
8786,,,,None
8787,,,,None
8788,,,,None
8789,,,,None
8790,,,,None
8791,,,,None
8792,,,,None
8793,,,,None
8794,,,,None
8795,,,,None
8796,,,,None
8797,,,,None
8798,,,,None
8799,,,,None
8800,3850.0,3760.0,2026-07-07,None
8801,,,,None
8802,,,,None
8803,,,,None
8804,,,,None
8805,,,,None
8806,,,,None
8807,,,,None
8808,,,,None
8809,,,,None
8810,,,,None
8811,,,,None
8812,,,,None
8813,,,,None
8814,,,,None
8815,,,,None
8816,,,,None
8817,,,,None
8818,,,,None
8819,,,,None
8820,,,,None
8821,,,,None
8822,,,,None
8823,,,,None
8824,,,,None
8825,,,,None
8826,,,,None
8827,,,,None
8828,,,,None
8829,,,,None
8830,,,,None
8831,,,,None
8832,,,,None
8833,,,,None
8834,,,,None
8835,,,,None
8836,,,,None
8837,,,,None
8838,,,,None
8839,,,,None
8840,,,,None
8841,,,,None
8842,,,,None
8843,,,,None
8844,,,,None
8845,,,,None
8846,,,,None
8847,,,,None
8848,,,,None
8849,,,,None
8850,,,,None
8851,,,,None
8852,,,,None
8853,,,,None
8854,,,,None
8855,,,,None
8856,,,,None
8857,,,,None
8858,,,,None
8859,,,,None
8860,,,,None
8861,,,,None
8862,,,,None
8863,,,,None
8864,,,,None
8865,,,,None
8866,,,,None
8867,,,,None
8868,,,,None
8869,,,,None
8870,,,,None
8871,,,,None
8872,,,,None
8873,,,,None
8874,,,,None
8875,,,,None
8876,,,,None
8877,,,,None
8878,,,,None
8879,,,,None
8880,,,,None
8881,,,,None
8882,,,,None
8883,,,,None
8884,,,,None
8885,,,,None
8886,,,,None
8887,,,,None
8888,,,,None
8889,,,,None
8890,,,,None
8891,,,,None
8892,,,,None
8893,,,,None
8894,,,,None
8895,,,,None
8896,,,,None
8897,,,,None
8898,,,,None
8899,,,,None
8900,,,,None
8901,,,,None
8902,,,,None
8903,,,,None
8904,,,,None
8905,,,,None
8906,,,,None
8907,,,,None
8908,,,,None
8909,,,,None
8910,,,,None
8911,,,,None
8912,,,,None
8913,,,,None
8914,,,,None
8915,,,,None
8916,,,,None
8917,,,,None
8918,,,,None
8919,,,,None
8920,,,,None
8921,,,,None
8922,,,,None
8923,,,,None
8924,,,,None
8925,,,,None
8926,,,,None
8927,,,,None
8928,,,,None
8929,,,,None
8930,,,,None
8931,,,,None
8932,,,,None
8933,,,,None
8934,,,,None
8935,,,,None
8936,,,,None
8937,,,,None
8938,,,,None
8939,,,,None
8940,,,,None
8941,,,,None
8942,,,,None
8943,,,,None
8944,,,,None
8945,,,,None
8946,,,,None
8947,,,,None
8948,,,,None
8949,,,,None
8950,,,,None
8951,,,,None
8952,,,,None
8953,,,,None
8954,,,,None
8955,,,,None
8956,,,,None
8957,,,,None
8958,,,,None
8959,,,,None
8960,,,,None
8961,,,,None
8962,,,,None
8963,,,,None
8964,,,,None
8965,,,,None
8966,,,,None
8967,,,,None
8968,,,,None
8969,,,,None
8970,,,,None
8971,,,,None
8972,,,,None
8973,,,,None
8974,,,,None
8975,,,,None
8976,,,,None
8977,,,,None
8978,,,,None
8979,,,,None
8980,,,,None
8981,,,,None
8982,,,,None
8983,,1310.0,2025-12-14,None
8984,,,,None
8985,,,,None
8986,,,,None
8987,,,,None
8988,,,,None
8989,,,,None
8990,,,,None
8991,,,,None
8992,,,,None
8993,,,,None
8994,,,,None
8995,,,,None
8996,,,,None
8997,,,,None
8998,,,,None
8999,,,,None
9000,,,,None
9001,,,,None
9002,,,,None
9003,,,,None
9004,,,,None
9005,,,,None
9006,,,,None
9007,,,,None
9008,,,,None
9009,,,,None
9010,,,,None
9011,,,,None
9012,,,,None
9013,,,,None
9014,,,,None
9015,,,,None
9016,,,,None
9017,,,,None
9018,,,,None
9019,,,,None
9020,,,,None
9021,,,,None
9022,,,,None
9023,,,,None
9024,,,,None
9025,,,,None
9026,,,,None
9027,,,,None
9028,,,,None
9029,,,,None
9030,,,,None
9031,,,,None
9032,,,,None
9033,,,,None
9034,,,,None
9035,,,,None
9036,,,,None
9037,,,,None
9038,,,,None
9039,,,,None
9040,,,,None
9041,,,,None
9042,,,,None
9043,,,,None
9044,,,,None
9045,,,,None
9046,,,,None
9047,,,,None
9048,,,,None
9049,,,,None
9050,,,,None
9051,,,,None
9052,,,,None
9053,,,,None
9054,,,,None
9055,,,,None
9056,,,,None
9057,,,,None
9058,,,,None
9059,,,,None
9060,,,,None
9061,,,,None
9062,,,,None
9063,,,,None
9064,,,,None
9065,,,,None
9066,,,,None
9067,,,,None
9068,,,,None
9069,,,,None
9070,,,,None
9071,,,,None
9072,,,,None
9073,,,,None
9074,,,,None
9075,,,,None
9076,,,,None
9077,,,,None
9078,,,,None
9079,,,,None
9080,,,,None
9081,,,,None
9082,,,,None
9083,,,,None
9084,,,,None
9085,,,,None
9086,,,,None
9087,,,,None
9088,,,,None
9089,,,,None
9090,,,,None
9091,,,,None
9092,,,,None
9093,,,,None
9094,,,,None
9095,,,,None
9096,,,,None
9097,,,,None
9098,,,,None
9099,,,,None
9100,,,,None
9101,,,,None
9102,,,,None
9103,,,,None
9104,,,,None
9105,,,,None
9106,,,,None
9107,,,,None
9108,,,,None
9109,,,,None
9110,,,,None
9111,,,,None
9112,,,,None
9113,,,,None
9114,,,,None
9115,,,,None
9116,,,,None
9117,,,,None
9118,,,,None
9119,,,,None
9120,,,,None
9121,,,,None
9122,,,,None
9123,,,,None
9124,,,,None
9125,,,,None
9126,,,,None
9127,,,,None
9128,,,,None
9129,,,,None
9130,,,,None
9131,,,,None
9132,,,,None
9133,,,,None
9134,,,,None
9135,,,,None
9136,,,,None
9137,,,,None
9138,,,,None
9139,,,,None
9140,,,,None
9141,,,,None
9142,,,,None
9143,,,,None
9144,,,,None
9145,,,,None
9146,,,,None
9147,,,,None
9148,,,,None
9149,,,,None
9150,,,,None
9151,,,,None
9152,,,,None
9153,,,,None
9154,,,,None
9155,,,,None
9156,,,,None
9157,,,,None
9158,,,,None
9159,,,,None
9160,,,,None
9161,,,,None
9162,,,,None
9163,,,,None
9164,,,,None
9165,,,,None
9166,,,,None
9167,,,,None
9168,,,,None
9169,,,,None
9170,,,,None
9171,,,,None
9172,,,,None
9173,,,,None
9174,,,,None
9175,,,,None
9176,,,,None
9177,,,,None
9178,,,,None
9179,,,,None
9180,,,,None
9181,,,,None
9182,,,,None
9183,,,,None
9184,,,,None
9185,,,,None
9186,,,,None
9187,,,,None
9188,,,,None
9189,,,,None
9190,,,,None
9191,,,,None
9192,,,,None
9193,,,,None
9194,,,,None
9195,,,,None
9196,,,,None
9197,,,,None
9198,,,,None
9199,,,,None
9200,,,,None
9201,,,,None
9202,,,,None
9203,,,,None
9204,,,,None
9205,,,,None
9206,,,,None
9207,,,,None
9208,,,,None
9209,,,,None
9210,,,,None
9211,,,,None
9212,,,,None
9213,,,,None
9214,,,,None
9215,,,,None
9216,,,,None
9217,,,,None
9218,,,,None
9219,,,,None
9220,,,,None
9221,,,,None
9222,,,,None
9223,,,,None
9224,,,,None
9225,,,,None
9226,,,,None
9227,,,,None
9228,,,,None
9229,,,,None
9230,,,,None
9231,,,,None
9232,,,,None
9233,,,,None
9234,,,,None
9235,,,,None
9236,,,,None
9237,,,,None
9238,,,,None
9239,,,,None
9240,,,,None
9241,,,,None
9242,,,,None
9243,,,,None
9244,,,,None
9245,,,,None
9246,,,,None
9247,,,,None
9248,,,,None
9249,,,,None
9250,,,,None
9251,,,,None
9252,,,,None
9253,,,,None
9254,,,,None
9255,,,,None
9256,,,,None
9257,,,,None
9258,,,,None
9259,,,,None
9260,,,,None
9261,,,,None
9262,,46.0,2026-02-04,None
9263,,110.0,2026-02-09,None
9264,,,,None
9265,,,,None
9266,,,,None
9267,18.0,21.0,2026-02-09,None
9268,,,,None
9269,,,,None
9270,,,,None
9271,,,,None
9272,,,,None
9273,,,,None
9274,,,,None
9275,,,,None
9276,,,,None
9277,31.0,30.0,2026-02-09,None
9278,,,,None
9279,,,,None
9280,,,,None
9281,,,,None
9282,,,,None
9283,,,,None
9284,,,,None
9285,,,,None
9286,,,,None
9287,,,,None
9288,,,,None
9289,,,,None
9290,,,,None
9291,,,,None
9292,,,,None
9293,,,,None
9294,,,,None
9295,,,,None
9296,,,,None
9297,,,,None
9298,,,,None
9299,,,,None
9300,,,,None
9301,,,,None
9302,,,,None
9303,,,,None
9304,,,,None
9305,,,,None
9306,,,,None
9307,,,,None
9308,,,,None
9309,,,,None
9310,,,,None
9311,,,,None
9312,,,,None
9313,,,,None
9314,,,,None
9315,,,,None
9316,,,,None
9317,,,,None
9318,,,,None
9319,,,,None
9320,,,,None
9321,,,,None
9322,,,,None
9323,,,,None
9324,,,,None
9325,,,,None
9326,,,,None
9327,,,,None
9328,,,,None
9329,,,,None
9330,,,,None
9331,,,,None
9332,,,,None
9333,,,,None
9334,,,,None
9335,,,,None
9336,,,,None
9337,,16.0,2026-02-04,None
9338,,11.0,2026-02-04,None
9339,,34.0,2026-02-04,None
9340,,19.0,2026-02-04,None
9341,9.0,8.0,2026-02-09,None
9342,,23.0,2026-02-04,None
9343,,10.0,2026-02-04,None
9344,,14.0,2026-02-04,None
9345,,19.0,2026-02-09,None
9346,,10.0,2026-02-04,None
9347,,22.0,2026-02-04,None
9348,,,,None
9349,,,,None
9350,,40.0,2026-02-04,None
9351,,,,None
9352,,,,None
9353,,,,None
9354,,,,None
9355,,,,None
9356,,,,None
9357,,35.0,2026-02-04,None
9358,,,,None
9359,,,,None
9360,,,,None
9361,,,,None
9362,,,,None
9363,,,,None
9364,,,,None
9365,,,,None
9366,,,,None
9367,,,,None
9368,,,,None
9369,,,,None
9370,,,,None
9371,,,,None
9372,,,,None
9373,,,,None
9374,,,,None
9375,,,,None
9376,,,,None
9377,,,,None
9378,,,,None
9379,,,,None
9380,,,,None
9381,,,,None
9382,,,,None
9383,,,,None
9384,,,,None
9385,,,,None
9386,,,,None
9387,,,,None
9388,,,,None
9389,,,,None
9390,,,,None
9391,,,,None
9392,,,,None
9393,,,,None
9394,,,,None
9395,,,,None
9396,,,,None
9397,,,,None
9398,,,,None
9399,,,,None
9400,,,,None
9401,,,,None
9402,,,,None
9403,,,,None
9404,,,,None
9405,,430.0,2026-02-04,None
9406,,,,None
9407,,,,None
9408,,,,None
9409,,,,None
9410,,,,None
9411,,,,None
9412,,,,None
9413,,,,None
9414,,,,None
9415,,,,None
9416,,,,None
9417,,,,None
9418,,,,None
9419,,,,None
9420,,,,None
9421,,,,None
9422,,,,None
9423,,,,None
9424,,,,None
9425,,,,None
9426,,,,None
9427,,,,None
9428,,,,None
9429,,,,None
9430,,,,None
9431,,,,None
9432,,,,None
9433,,,,None
9434,,,,None
9435,,,,None
9436,,,,None
9437,,,,None
9438,,,,None
9439,,,,None
9440,,,,None
9441,,,,None
9442,,,,None
9443,,,,None
9444,,,,None
9445,,,,None
9446,,,,None
9447,,,,None
9448,,,,None
9449,,,,None
9450,,,,None
9451,,,,None
9452,,,,None
9453,,,,None
9454,,,,None
9455,,,,None
9456,,,,None
9457,,,,None
9458,,,,None
9459,,,,None
9460,,,,None
9461,,,,None
9462,,,,None
9463,,,,None
9464,,,,None
9465,,,,None
9466,,,,None
9467,,,,None
9468,,,,None
9469,,,,None
9470,,,,None
9471,,,,None
9472,,,,None
9473,,,,None
9474,,,,None
9475,,,,None
9476,,,,None
9477,,,,None
9478,,,,None
9479,,,,None
9480,,,,None
9481,,,,None
9482,,,,None
9483,,,,None
9484,,,,None
9485,,,,None
9486,,,,None
9487,,,,None
9488,,,,None
9489,,,,None
9490,,,,None
9491,,,,None
9492,,,,None
9493,,,,None
9494,,,,None
9495,,,,None
9496,,,,None
9497,,,,None
9498,,,,None
9499,,,,None
9500,,,,None
9501,,,,None
9502,,,,None
9503,,,,None
9504,,,,None
9505,,,,None
9506,,,,None
9507,,,,None
9508,,,,None
9509,,,,None
9510,,,,None
9511,,,,None
9512,,,,None
9513,,,,None
9514,,,,None
9515,,,,None
9516,,,,None
9517,,,,None
9518,,,,None
9519,,,,None
9520,,,,None
9521,,,,None
9522,,,,None
9523,,,,None
9524,,,,None
9525,,,,None
9526,,,,None
9527,,,,None
9528,,,,None
9529,,,,None
9530,,,,None
9531,,,,None
9532,,,,None
9533,,,,None
9534,,,,None
9535,,,,None
9536,,,,None
9537,,,,None
9538,,,,None
9539,,,,None
9540,,,,None
9541,,,,None
9542,,,,None
9543,,,,None
9544,,,,None
9545,,,,None
9546,,,,None
9547,,,,None
9548,,,,None
9549,,,,None
9550,,,,None
9551,,,,None
9552,,,,None
9553,,,,None
9554,,,,None
9555,,,,None
9556,,,,None
9557,,,,None
9558,,,,None
9559,,,,None
9560,,,,None
9561,,,,None
9562,,,,None
9563,,,,None
9564,,,,None
9565,,,,None
9566,,,,None
9567,,,,None
9568,,,,None
9569,,,,None
9570,,,,None
9571,,,,None
9572,,,,None
9573,,,,None
9574,,,,None
9575,,,,None
9576,,,,None
9577,,,,None
9578,,,,None
9579,,,,None
9580,,,,None
9581,,,,None
9582,,,,None
9583,,,,None
9584,,,,None
9585,,,,None
9586,,,,None
9587,,,,None
9588,,,,None
9589,,,,None
9590,,,,None
9591,,,,None
9592,,,,None
9593,,,,None
9594,,,,None
9595,,,,None
9596,,,,None
9597,,,,None
9598,,,,None
9599,,,,None
9600,,,,None
9601,,,,None
9602,,,,None
9603,,,,None
9604,,,,None
9605,,,,None
9606,,,,None
9607,,,,None
9608,,,,None
9609,,,,None
9610,,,,None
9611,,,,None
9612,,,,None
9613,,,,None
9614,,,,None
9615,,,,None
9616,,,,None
9617,,,,None
9618,,,,None
9619,,,,None
9620,,,,None
9621,,,,None
9622,,,,None
9623,,,,None
9624,,,,None
9625,,,,None
9626,,,,None
9627,,,,None
9628,,,,None
9629,,,,None
9630,,,,None
9631,,,,None
9632,,,,None
9633,,,,None
9634,,,,None
9635,,,,None
9636,,,,None
9637,,,,None
9638,,,,None
9639,,,,None
9640,,,,None
9641,,,,None
9642,,,,None
9643,,,,None
9644,,,,None
9645,,,,None
9646,,,,None
9647,,,,None
9648,,,,None
9649,,,,None
9650,,,,None
9651,,,,None
9652,,,,None
9653,,,,None
9654,,,,None
9655,,,,None
9656,,,,None
9657,,,,None
9658,,,,None
9659,,,,None
9660,,,,None
9661,,,,None
9662,,,,None
9663,,,,None
9664,,,,None
9665,,,,None
9666,,,,None
9667,,,,None
9668,,,,None
9669,,,,None
9670,,,,None
9671,,,,None
9672,,,,None
9673,,,,None
9674,,,,None
9675,,,,None
9676,,,,None
9677,,,,None
9678,,,,None
9679,,,,None
9680,,,,None
9681,,,,None
9682,,,,None
9683,,,,None
9684,,,,None
9685,,,,None
9686,,,,None
9687,,,,None
9688,,,,None
9689,,,,None
9690,,,,None
9691,,,,None
9692,,,,None
9693,,,,None
9694,,,,None
9695,,,,None
9696,,,,None
9697,,,,None
9698,,,,None
9699,235.0,210.0,2026-07-21,Down
9700,235.0,210.0,2026-07-21,Down
9701,235.0,210.0,2026-07-21,Down
9702,230.0,235.0,2026-07-13,None
9703,,,,None
9704,230.0,235.0,2026-07-13,None
9705,115.0,120.0,2026-07-09,None
9706,115.0,120.0,2026-07-09,None
9707,115.0,120.0,2026-07-09,None
9708,128.0,125.0,2026-07-09,None
9709,129.0,125.0,2026-07-09,None
9710,129.0,125.0,2026-07-09,None
9711,134.0,133.0,2026-07-09,None
9712,123.0,127.0,2026-03-07,None
9713,134.0,133.0,2026-07-09,None
9714,,,,None
9715,560.0,545.0,2026-07-18,None
9716,560.0,545.0,2026-07-18,None
9717,,,,None
9718,590.0,600.0,2026-04-23,None
9719,625.0,605.0,2026-07-09,None
9720,585.0,600.0,2026-04-23,None
9721,625.0,605.0,2026-07-09,None
9722,630.0,650.0,2026-06-03,None
9723,630.0,650.0,2026-06-03,None
9724,630.0,650.0,2026-06-03,None
9725,,630.0,2026-04-23,None
9726,870.0,890.0,2026-07-07,None
9727,,500.0,2025-09-15,None
9728,,500.0,2025-09-15,None
9729,,500.0,2025-09-15,None
9730,,500.0,2025-09-15,None
9731,,500.0,2025-09-15,None
9732,,,,None
9733,,500.0,2025-09-15,None
9734,,500.0,2025-09-15,None
9735,,500.0,2025-09-15,None
9736,,500.0,2025-09-15,None
9737,,500.0,2025-09-15,None
9738,890.0,920.0,2026-07-07,None
9739,1220.0,1350.0,2025-10-11,None
9740,500.0,1400.0,2025-10-11,None
9741,500.0,1400.0,2025-10-11,None
9742,,500.0,2025-09-15,None
9743,500.0,1400.0,2025-10-11,None
9744,,1470.0,2026-02-06,None
9745,,500.0,2025-09-15,None
9746,,500.0,2025-09-15,None
9747,,500.0,2025-09-15,None
9748,,500.0,2025-09-15,None
9749,,500.0,2025-09-15,None
9750,,,,None
9751,1490.0,1480.0,2026-07-12,None
9752,1460.0,1470.0,2026-07-06,None
9753,1480.0,1470.0,2026-07-12,None
9754,1970.0,1950.0,2025-11-03,None
9755,1690.0,1730.0,2026-07-06,None
9756,1750.0,1700.0,2026-06-20,None
9757,1790.0,1750.0,2026-06-20,None
9758,2260.0,2150.0,2025-11-03,None
9759,2050.0,2000.0,2026-06-23,None
9760,2030.0,2000.0,2026-06-03,None
9761,2140.0,2100.0,2026-06-03,None
9762,2900.0,2700.0,2025-12-14,None
9763,2600.0,2250.0,2026-06-23,None
9764,2600.0,2500.0,2026-06-23,None
9765,2700.0,2600.0,2026-06-03,None
9766,2800.0,2500.0,2025-09-20,None
9767,1380.0,1390.0,2026-07-12,None
9768,1320.0,1340.0,2026-07-12,None
9769,1345.0,1370.0,2026-07-12,None
9770,2300.0,2400.0,2025-09-25,None
9771,1640.0,1650.0,2026-07-12,None
9772,1500.0,1530.0,2026-07-06,None
9773,1600.0,1580.0,2026-06-29,None
9774,2300.0,2200.0,2025-11-25,None
9775,2030.0,1990.0,2026-06-23,None
9776,1900.0,2000.0,2026-07-12,None
9777,2000.0,1800.0,2026-04-17,None
9778,2600.0,2200.0,2026-07-13,None
9779,2600.0,2400.0,2026-06-23,None
9780,2300.0,2200.0,2026-06-23,None
9781,2000.0,2200.0,2026-06-23,None
9782,,,,None
9783,1355.0,1350.0,2026-07-06,None
9784,1390.0,1350.0,2026-06-20,None
9785,1400.0,1360.0,2026-06-20,None
9786,1730.0,1720.0,2025-12-07,None
9787,1630.0,1600.0,2026-07-12,None
9788,1580.0,1600.0,2026-03-11,None
9789,1680.0,1650.0,2026-07-12,None
9790,,,,None
9791,,500.0,2025-09-15,None
9792,,500.0,2025-09-15,None
9793,,500.0,2025-09-15,None
9794,2000.0,1800.0,2025-09-21,None
9795,1300.0,1280.0,2026-07-12,None
9796,1290.0,1270.0,2026-06-20,None
9797,1270.0,1280.0,2026-07-06,None
9798,1730.0,1600.0,2025-12-14,None
9799,1580.0,1590.0,2026-03-01,None
9800,1430.0,1400.0,2026-06-20,None
9801,1650.0,1500.0,2026-06-20,None
9802,2600.0,1630.0,2026-07-13,None
9803,,500.0,2025-09-15,None
9804,1590.0,1630.0,2026-03-11,None
9805,,500.0,2025-09-15,None
9806,1330.0,1200.0,2026-01-10,None
9807,930.0,950.0,2026-07-07,None
9808,970.0,980.0,2026-07-07,None
9809,970.0,1000.0,2026-07-07,None
9810,970.0,1000.0,2026-07-07,None
9811,,1700.0,2025-10-11,None
9812,500.0,1440.0,2026-02-06,None
9813,500.0,1440.0,2026-02-06,None
9814,500.0,1440.0,2026-02-06,None
9815,500.0,1400.0,2026-02-06,None
9816,,,,None
9817,500.0,1670.0,2026-02-06,None
9818,500.0,1670.0,2026-02-06,None
9819,500.0,1670.0,2026-02-06,None
9820,500.0,1620.0,2026-02-06,None
9821,205.0,195.0,2026-07-12,None
9822,,,,None
9823,,,,None
9824,,,,None
9825,,,,None
9826,,,,None
9827,,,,None
9828,,,,None
9829,,,,None
9830,,,,None
9831,160.0,170.0,2026-07-10,None
9832,,,,None
9833,,,,None
9834,,,,None
9835,,,,None
9836,,,,None
9837,175.0,190.0,2026-07-10,None
9838,170.0,165.0,2026-01-15,None
9839,165.0,170.0,2025-11-25,None
9840,130.0,125.0,2026-05-07,None
9841,130.0,118.0,2026-02-09,None
9842,,,,None
9843,140.0,145.0,2026-03-07,None
9844,,,,None
9845,,,,None
9846,1200.0,1250.0,2026-07-01,None
9847,,,,None
9848,1405.0,1360.0,2026-06-03,None
9849,,,,None
9850,,,,None
9851,,,,None
9852,405.0,410.0,2026-06-03,None
9853,,,,None
9854,,,,None
9855,450.0,475.0,2026-07-01,None
9856,450.0,475.0,2026-07-01,None
9857,470.0,450.0,2026-03-07,None
9858,990.0,970.0,2026-07-17,None
9859,1030.0,1025.0,2026-06-17,None
9860,1095.0,1025.0,2026-05-11,None
9861,1125.0,1120.0,2026-07-17,None
9862,,,,None
9863,,,,None
9864,320.0,295.0,2026-07-17,None
9865,330.0,295.0,2026-05-11,None
9866,,295.0,2026-06-17,None
9867,350.0,345.0,2026-07-01,None
9868,350.0,345.0,2026-07-01,None
9869,,,,None
9870,,,,None
9871,,,,None
9872,900.0,950.0,2026-07-17,None
9873,,,,None
9874,,,,None
9875,,,,None
9876,660.0,650.0,2026-07-01,None
9877,585.0,550.0,2026-05-11,None
9878,775.0,745.0,2026-07-17,None
9879,725.0,740.0,2026-03-15,None
9880,,800.0,2026-05-11,None
9881,,,,None
9882,,,,None
9883,,,,None
9884,,,,None
9885,220.0,200.0,2026-07-18,None
9886,220.0,200.0,2026-07-18,None
9887,220.0,200.0,2026-07-18,None
9888,,,,None
9889,,,,None
9890,,,,None
9891,,,,None
9892,,,,None
9893,,,,None
9894,235.0,240.0,2026-06-15,None
9895,235.0,240.0,2026-06-19,None
9896,235.0,240.0,2026-06-19,None
9897,,,,None
9898,,,,None
9899,,,,None
9900,,,,None
9901,,,,None
9902,,,,None
9903,,,,None
9904,,,,None
9905,,,,None
9906,,,,None
9907,,,,None
9908,,,,None
9909,,,,None
9910,,,,None
9911,,,,None
9912,,,,None
9913,,,,None
9914,,,,None
9915,,,,None
9916,,,,None
9917,,,,None
9918,,,,None
9919,,,,None
9920,,,,None
9921,,,,None
9922,,,,None
9923,,,,None
9924,,,,None
9925,,,,None
9926,,,,None
9927,,,,None
9928,,,,None
9929,,,,None
9930,,,,None
9931,,,,None
9932,,,,None
9933,,,,None
9934,,,,None
9935,,,,None
9936,,,,None
9937,,,,None
9938,,,,None
9939,,,,None
9940,,,,None
9941,,,,None
9942,,,,None
9943,,,,None
9944,,,,None
9945,,,,None
9946,,,,None
9947,,,,None
9948,,,,None
9949,,,,None
9950,,,,None
9951,,,,None
9952,,,,None
9953,,,,None
9954,,,,None
9955,,,,None
9956,,,,None
9957,,,,None
9958,,,,None
9959,,,,None
9960,,,,None
9961,,,,None
9962,,,,None
9963,,,,None
9964,,,,None
9965,,,,None
9966,,,,None
9967,,,,None
9968,,,,None
9969,,,,None
9970,,,,None
9971,,,,None
9972,,,,None
9973,,,,None
9974,,,,None
9975,,,,None
9976,,,,None
9977,,,,None
9978,,,,None
9979,,,,None
9980,,,,None
9981,,,,None
9982,,,,None
9983,,,,None
9984,,,,None
9985,,,,None
9986,,,,None
9987,,,,None
9988,,,,None
9989,,,,None
9990,,,,None
9991,,,,None
9992,,,,None
9993,,,,None
9994,,,,None
9995,,,,None
9996,,,,None
9997,,,,None
9998,,,,None
9999,,,,None
10000,,,,None
10001,,,,None
10002,,,,None
10003,,,,None
10004,,,,None
10005,,,,None
10006,,,,None
10007,,,,None
10008,,,,None
10009,,,,None
10010,,,,None
10011,,,,None
10012,,,,None
10013,,,,None
10014,,,,None
10015,,,,None
10016,,,,None
10017,,,,None
10018,,,,None
10019,,,,None
10020,,,,None
10021,,,,None
10022,,,,None
10023,,,,None
10024,,,,None
10025,,,,None
10026,,,,None
10027,,,,None
10028,,,,None
10029,,,,None
10030,,,,None
10031,,,,None
10032,,,,None
10033,,,,None
10034,,,,None
10035,,,,None
10036,,,,None
10037,,,,None
10038,,,,None
10039,,,,None
10040,,,,None
10041,,,,None
10042,,,,None
10043,,,,None
10044,,,,None
10045,,,,None
10046,,,,None
10047,,,,None
10048,,,,None
10049,,,,None
10050,,,,None
10051,,,,None
10052,,,,None
10053,,,,None
10054,,,,None
10055,,,,None
10056,,,,None
10057,,,,None
10058,,,,None
10059,,,,None
10060,,,,None
10061,,,,None
10062,,,,None
10063,,,,None
10064,,,,None
10065,,,,None
10066,,,,None
10067,,,,None
10068,,,,None
10069,,,,None
10070,,,,None
10071,,,,None
10072,,,,None
10073,,,,None
10074,,,,None
10075,,,,None
10076,,,,None
10077,,,,None
10078,,,,None
10079,,,,None
10080,,,,None
10081,,,,None
10082,,,,None
10083,,,,None
10084,,,,None
10085,,,,None
10086,,,,None
10087,,,,None
10088,,,,None
10089,,,,None
10090,,,,None
10091,,,,None
10092,,,,None
10093,,,,None
10094,,,,None
10095,,,,None
10096,,,,None
10097,,,,None
10098,,,,None
10099,,,,None
10100,,,,None
10101,,,,None
10102,,,,None
10103,,,,None
10104,,,,None
10105,,,,None
10106,,,,None
10107,,,,None
10108,,,,None
10109,,,,None
10110,,,,None
10111,,,,None
10112,,,,None
10113,,,,None
10114,,,,None
10115,,,,None
10116,,,,None
10117,,,,None
10118,,,,None
10119,,,,None
10120,,,,None
10121,,,,None
10122,,,,None
10123,,,,None
10124,,,,None
10125,,,,None
10126,,,,None
10127,,,,None
10128,,,,None
10129,,,,None
10130,,,,None
10131,,,,None
10132,,,,None
10133,,,,None
10134,,,,None
10135,,,,None
10136,,,,None
10137,,,,None
10138,,,,None
10139,,,,None
10140,,,,None
10141,,,,None
10142,,,,None
10143,,,,None
10144,,,,None
10145,,46.0,2026-02-04,None
10146,,,,None
10147,,,,None
10148,,,,None
10149,,,,None
10150,,18.0,2026-02-09,None
10151,,,,None
10152,,,,None
10153,,,,None
10154,,,,None
10155,,17.0,2026-02-04,None
10156,,,,None
10157,,,,None
10158,,,,None
10159,,,,None
10160,,31.0,2026-02-09,None
10161,,,,None
10162,,,,None
10163,,,,None
10164,,,,None
10165,,,,None
10166,,,,None
10167,,,,None
10168,,,,None
10169,,,,None
10170,,,,None
10171,,,,None
10172,,,,None
10173,,,,None
10174,,,,None
10175,,,,None
10176,,,,None
10177,,,,None
10178,,,,None
10179,,,,None
10180,,,,None
10181,,,,None
10182,,,,None
10183,,,,None
10184,,,,None
10185,,,,None
10186,,,,None
10187,,,,None
10188,,,,None
10189,,,,None
10190,,,,None
10191,,,,None
10192,,,,None
10193,,,,None
10194,,,,None
10195,,,,None
10196,,,,None
10197,,,,None
10198,,,,None
10199,,,,None
10200,,,,None
10201,,,,None
10202,,,,None
10203,,,,None
10204,,,,None
10205,,,,None
10206,,,,None
10207,,,,None
10208,,,,None
10209,,,,None
10210,,,,None
10211,,,,None
10212,,,,None
10213,,,,None
10214,,,,None
10215,,,,None
10216,,,,None
10217,,,,None
10218,,,,None
10219,,,,None
10220,,16.0,2026-02-04,None
10221,,11.0,2026-02-09,None
10222,,34.0,2026-02-04,None
10223,,19.0,2026-02-09,None
10224,,9.0,2026-02-04,None
10225,,23.0,2026-02-09,None
10226,,10.0,2026-02-09,None
10227,12.0,14.0,2026-02-09,None
10228,,,,None
10229,,10.0,2026-02-04,None
10230,,22.0,2026-02-04,None
10231,,,,None
10232,,,,None
10233,,40.0,2026-02-04,None
10234,,,,None
10235,,,,None
10236,,,,None
10237,,,,None
10238,,,,None
10239,,,,None
10240,45.0,35.0,2026-02-09,None
10241,,,,None
10242,,,,None
10243,,,,None
10244,,,,None
10245,,,,None
10246,,,,None
10247,,,,None
10248,,,,None
10249,,,,None
10250,,,,None
10251,,,,None
10252,,,,None
10253,,,,None
10254,,,,None
10255,,,,None
10256,,,,None
10257,,,,None
10258,,,,None
10259,,,,None
10260,,,,None
10261,,,,None
10262,,,,None
10263,,,,None
10264,,,,None
10265,,,,None
10266,,,,None
10267,,,,None
10268,,,,None
10269,,,,None
10270,,,,None
10271,,,,None
10272,,,,None
10273,,,,None
10274,,,,None
10275,,,,None
10276,,,,None
10277,,,,None
10278,,,,None
10279,,,,None
10280,,,,None
10281,,,,None
10282,,,,None
10283,,,,None
10284,,,,None
10285,,,,None
10286,,,,None
10287,,,,None
10288,,430.0,2026-02-09,None
10289,,,,None
10290,,,,None
10291,,,,None
10292,,,,None
10293,,,,None
10294,,,,None
10295,,,,None
10296,,,,None
10297,,,,None
10298,,,,None
10299,,,,None
10300,,,,None
10301,,,,None
10302,,,,None
10303,,,,None
10304,,,,None
10305,,,,None
10306,,,,None
10307,,,,None
10308,,,,None
10309,,,,None
10310,,,,None
10311,,,,None
10312,,,,None
10313,,,,None
10314,,,,None
10315,,,,None
10316,,,,None
10317,,,,None
10318,,,,None
10319,,,,None
10320,,,,None
10321,,,,None
10322,,,,None
10323,,,,None
10324,,,,None
10325,,,,None
10326,,,,None
10327,,,,None
10328,,,,None
10329,,,,None
10330,,,,None
10331,,,,None
10332,,,,None
10333,,,,None
10334,,,,None
10335,,,,None
10336,,,,None
10337,,,,None
10338,,,,None
10339,,,,None
10340,,,,None
10341,,,,None
10342,,,,None
10343,,,,None
10344,,,,None
10345,,,,None
10346,,,,None
10347,,,,None
10348,,,,None
10349,,,,None
10350,,,,None
10351,,,,None
10352,,,,None
10353,,,,None
10354,,,,None
10355,,,,None
10356,,,,None
10357,,,,None
10358,,,,None
10359,,,,None
10360,,,,None
10361,,,,None
10362,,,,None
10363,,,,None
10364,,,,None
10365,,,,None
10366,,,,None
10367,,,,None
10368,,,,None
10369,,,,None
10370,,,,None
10371,,,,None
10372,,,,None
10373,,,,None
10374,,,,None
10375,,,,None
10376,,,,None
10377,,,,None
10378,,,,None
10379,,,,None
10380,,,,None
10381,,,,None
10382,,,,None
10383,,,,None
10384,,,,None
10385,,,,None
10386,,,,None
10387,,,,None
10388,,,,None
10389,,,,None
10390,,,,None
10391,,,,None
10392,,,,None
10393,,,,None
10394,,,,None
10395,,,,None
10396,,,,None
10397,,,,None
10398,,,,None
10399,,,,None
10400,,,,None
10401,,,,None
10402,,,,None
10403,,,,None
10404,,,,None
10405,,,,None
10406,,,,None
10407,,,,None
10408,,,,None
10409,,,,None
10410,,,,None
10411,,,,None
10412,,,,None
10413,,,,None
10414,,,,None
10415,,,,None
10416,,,,None
10417,,,,None
10418,,,,None
10419,,,,None
10420,,,,None
10421,,,,None
10422,,,,None
10423,,,,None
10424,,,,None
10425,,,,None
10426,,,,None
10427,,,,None
10428,,,,None
10429,,,,None
10430,,,,None
10431,,,,None
10432,,,,None
10433,,,,None
10434,,,,None
10435,,,,None
10436,,,,None
10437,,,,None
10438,,,,None
10439,,,,None
10440,,,,None
10441,,,,None
10442,,,,None
10443,,,,None
10444,,,,None
10445,,,,None
10446,,,,None
10447,,,,None
10448,,,,None
10449,,,,None
10450,,,,None
10451,,,,None
10452,,,,None
10453,,,,None
10454,,,,None
10455,,,,None
10456,,,,None
10457,,,,None
10458,,,,None
10459,,,,None
10460,,,,None
10461,,,,None
10462,,,,None
10463,,,,None
10464,,,,None
10465,,,,None
10466,,,,None
10467,,,,None
10468,,,,None
10469,,,,None
10470,,,,None
10471,,,,None
10472,,,,None
10473,,,,None
10474,,,,None
10475,,,,None
10476,,,,None
10477,,,,None
10478,,,,None
10479,,,,None
10480,,,,None
10481,,,,None
10482,,,,None
10483,,,,None
10484,,,,None
10485,,,,None
10486,,,,None
10487,,,,None
10488,,,,None
10489,,,,None
10490,,,,None
10491,,,,None
10492,,,,None
10493,,,,None
10494,,,,None
10495,,,,None
10496,,,,None
10497,,,,None
10498,,,,None
10499,,,,None
10500,,,,None
10501,,,,None
10502,,,,None
10503,,,,None
10504,,,,None
10505,,,,None
10506,,,,None
10507,,,,None
10508,,,,None
10509,,,,None
10510,,,,None
10511,,,,None
10512,,,,None
10513,,,,None
10514,,,,None
10515,,,,None
10516,,,,None
10517,,,,None
10518,,,,None
10519,,,,None
10520,,,,None
10521,,,,None
10522,,,,None
10523,,,,None
10524,,,,None
10525,,,,None
10526,,,,None
10527,,,,None
10528,,,,None
10529,,,,None
10530,,,,None
10531,,,,None
10532,,,,None
10533,,,,None
10534,,,,None
10535,,,,None
10536,,,,None
10537,,,,None
10538,,,,None
10539,,,,None
10540,,,,None
10541,,,,None
10542,,,,None
10543,,,,None
10544,,,,None
10545,,,,None
10546,,,,None
10547,,,,None
10548,,,,None
10549,,,,None
10550,,,,None
10551,,,,None
10552,,,,None
10553,,,,None
10554,,,,None
10555,,,,None
10556,,,,None
10557,,,,None
10558,,,,None
10559,,,,None
10560,,,,None
10561,,,,None
10562,,,,None
10563,,,,None
10564,,,,None
10565,,,,None
10566,,,,None
10567,,,,None
10568,,,,None
10569,,,,None
10570,,,,None
10571,,,,None
10572,,,,None
10573,,,,None
10574,,,,None
10575,,,,None
10576,77.0,100.0,2026-07-18,None
10577,,48.0,2026-02-09,None
10578,,88.0,2026-02-09,None
10579,105.0,100.0,2026-07-18,None
10580,105.0,100.0,2026-07-18,None
10581,180.0,175.0,2026-07-09,None
10582,180.0,175.0,2026-07-09,None
10583,180.0,175.0,2026-07-09,None
10584,215.0,220.0,2026-07-09,None
10585,215.0,220.0,2026-07-09,None
10586,215.0,220.0,2026-07-09,None
10587,,,,None
10588,,,,None
10589,,,,None
10590,,,,None
10591,,120.0,2026-04-27,None
10592,,,,None
10593,,,,None
10594,104.0,120.0,2026-01-16,None
10595,,,,None
10596,110.0,105.0,2026-04-27,None
10597,,,,None
10598,110.0,105.0,2026-04-27,None
10599,,,,None
10600,,,,None
10601,,,,None
10602,,,,None
10603,195.0,190.0,2026-06-22,None
10604,195.0,190.0,2026-06-22,None
10605,195.0,190.0,2026-06-22,None
10606,,,,None
10607,,,,None
10608,,,,None
10609,235.0,220.0,2026-06-22,None
10610,235.0,220.0,2026-06-22,None
10611,235.0,220.0,2026-06-22,None
10612,640.0,645.0,2026-02-09,None
10613,650.0,620.0,2025-11-25,None
10614,655.0,645.0,2026-02-09,None
10615,690.0,650.0,2025-11-25,None
10616,680.0,675.0,2026-02-09,None
10617,475.0,675.0,2026-02-09,None
10618,480.0,720.0,2026-02-09,None
10619,,480.0,2026-02-04,None
10620,,480.0,2026-02-04,None
10621,475.0,480.0,2026-02-15,None
10622,485.0,480.0,2026-02-01,None
10623,485.0,480.0,2026-02-01,None
10624,495.0,520.0,2026-02-15,None
10625,495.0,520.0,2026-02-15,None
10626,500.0,520.0,2026-02-01,None
10627,215.0,200.0,2026-06-06,None
10628,215.0,200.0,2026-06-06,None
10629,215.0,200.0,2026-06-06,None
10630,215.0,200.0,2026-06-06,None
10631,,88.0,2026-02-04,None
10632,105.0,100.0,2026-07-18,None
10633,,,,None
10634,,48.0,2026-02-04,None
10635,,48.0,2026-02-04,None
10636,190.0,186.0,2026-06-28,None
10637,190.0,186.0,2026-06-28,None
10638,190.0,186.0,2026-06-28,None
10639,,,,None
10640,,,,None
10641,,,,None
10642,,,,None
10647,,,,None
10648,,,,None
10649,,,,None
10650,,,,None
10679,,215.0,2026-01-13,None
10680,,215.0,2026-01-13,None
10681,,215.0,2026-01-13,None
10682,,215.0,2026-01-13,None
10686,,,,None
10687,,1040.0,2025-10-30,None
10688,,,,None
10689,,965.0,2026-02-09,None
10690,985.0,995.0,2026-01-04,None
10691,,,,None
10692,,,,None
10693,,895.0,2025-10-30,None
10694,835.0,750.0,2026-04-17,None
10695,805.0,750.0,2026-04-17,None
10696,730.0,720.0,2026-06-12,None
10697,805.0,750.0,2026-04-17,None
10698,230.0,220.0,2026-07-12,None
10699,250.0,245.0,2026-07-12,None
10700,260.0,255.0,2026-06-28,None
10701,275.0,270.0,2026-07-12,None
10702,,,,None
10703,1010.0,950.0,2025-10-30,None
10704,,,,None
10705,,,,None
10706,,,,None
10707,730.0,720.0,2026-06-12,None
10708,,975.0,2026-02-09,None
10709,,,,None
10710,,,,None
10711,,,,None
10712,,,,None
10713,,,,None
10714,950.0,920.0,2026-07-12,None
10715,920.0,900.0,2026-07-12,None
10716,320.0,315.0,2026-07-12,None
10717,325.0,330.0,2026-06-12,None
10718,325.0,330.0,2026-06-12,None
10719,320.0,315.0,2026-07-12,None
10720,360.0,355.0,2026-07-12,None
10721,360.0,365.0,2026-07-12,None
10722,370.0,365.0,2026-07-12,None
10723,390.0,365.0,2026-07-12,None
10724,,,,None
10725,,750.0,2026-06-01,None
10726,,,,None
10727,,,,None
10728,,,,None
10729,895.0,780.0,2026-02-09,None
10730,870.0,830.0,2026-07-12,None
10731,870.0,830.0,2026-07-12,None
10732,730.0,780.0,2025-12-19,None
10733,250.0,300.0,2026-01-13,None
10734,320.0,300.0,2025-12-27,None
10735,850.0,750.0,2026-04-17,None
10736,,,,None
10737,,,,None
10738,1035.0,970.0,2026-04-17,None
10739,405.0,365.0,2026-02-12,None
10740,370.0,350.0,2026-04-17,None
10741,850.0,780.0,2026-04-17,None
10742,,,,None
10743,,,,None
10744,,,,None
10745,,,,None
10746,,,,None
10747,,,,None
10748,,,,None
10749,,,,None
10750,,,,None
10751,,,,None
10752,,,,None
10753,,,,None
10754,,,,None
10755,,,,None
10756,,,,None
10757,,,,None
10758,,,,None
10759,,,,None
10760,,,,None
10761,,,,None
10762,,,,None
10763,,,,None
10764,,,,None
10765,,,,None
10766,,,,None
10767,,,,None
10768,,,,None
10769,,,,None
10770,,,,None
10771,,,,None
10772,,,,None
10773,,,,None
10774,,,,None
10775,,,,None
10776,,,,None
10777,,,,None
10778,,,,None
10779,,,,None
10780,,,,None
10781,,,,None
10782,,,,None
10783,,,,None
10784,,,,None
10785,,,,None
10786,,,,None
10787,,,,None
10788,,,,None
10789,,,,None
10790,,,,None
10791,,,,None
10792,,,,None
10793,,,,None
10794,,,,None
10795,,,,None
10796,,,,None
10797,,,,None
10798,,,,None
10799,,,,None
10800,,,,None
10801,,,,None
10802,,,,None
10803,,,,None
10804,,,,None
10805,,,,None
10806,,,,None
10807,,,,None
10808,,,,None
10809,,,,None
10810,,,,None
10811,,,,None
10812,,,,None
10813,,,,None
10814,,,,None
10815,,,,None
10816,,,,None
10817,,,,None
10818,,,,None
10819,,,,None
10820,,,,None
10821,,,,None
10822,,,,None
10823,,,,None
10824,,,,None
10825,,,,None
10826,,,,None
10827,,,,None
10828,,,,None
10829,,,,None
10830,,,,None
10831,,,,None
10832,,,,None
10833,,,,None
10834,,,,None
10835,,,,None
10836,,,,None
10837,,,,None
10838,,,,None
10839,,,,None
10840,,,,None
10841,,,,None
10842,,,,None
10843,,,,None
10844,,,,None
10845,,,,None
10846,,,,None
10847,,,,None
10848,,,,None
10849,,,,None
10850,,,,None
10851,,,,None
10852,,,,None
10853,,,,None
10854,,,,None
10855,,,,None
10856,,,,None
10857,,,,None
10858,,,,None
10859,,,,None
10860,,,,None
10861,,,,None
10862,,,,None
10863,,,,None
10864,,,,None
10865,,,,None
10866,,,,None
10867,,,,None
10868,,,,None
10869,,,,None
10870,,,,None
10871,,,,None
10872,,,,None
10873,,,,None
10874,,,,None
10875,,,,None
10876,,,,None
10877,,,,None
10878,,,,None
10879,,,,None
10880,,,,None
10881,,,,None
10882,,,,None
10883,,,,None
10884,,,,None
10885,,,,None
10886,,,,None
10887,,,,None
10888,,,,None
10889,,,,None
10890,,,,None
10891,,,,None
10892,,,,None
10893,,,,None
10894,,,,None
10895,,,,None
10896,,,,None
10897,,,,None
10898,,,,None
10899,,,,None
10900,,,,None
10901,,,,None
10902,,,,None
10903,,,,None
10904,,,,None
10905,,,,None
10906,,,,None
10907,,,,None
10908,,,,None
10909,,,,None
10910,,,,None
10911,,,,None
10912,,,,None
10913,,,,None
10914,,,,None
10915,,,,None
10916,,,,None
10917,,,,None
10918,,,,None
10919,,,,None
10920,,,,None
10921,,,,None
10922,,,,None
10923,,,,None
10924,,,,None
10925,,,,None
10926,,,,None
10927,,,,None
10928,,,,None
10929,,,,None
10930,,,,None
10931,,,,None
10932,,,,None
10933,,,,None
10934,,,,None
10935,,,,None
10936,,,,None
10937,,,,None
10938,,,,None
10939,,,,None
10940,,,,None
10941,,,,None
10942,,,,None
10943,,,,None
10944,,,,None
10945,,,,None
10946,,,,None
10947,,,,None
10948,,,,None
10949,,,,None
10950,,,,None
10951,,,,None
10952,,,,None
10953,,,,None
10954,,,,None
10955,,,,None
10956,,,,None
10957,,,,None
10958,,,,None
10959,,,,None
10960,,,,None
10961,,,,None
10962,,,,None
10963,,,,None
10964,,,,None
10965,,,,None
10966,,,,None
10967,,,,None
10968,,,,None
10969,,,,None
10970,,,,None
10971,,,,None
10972,,,,None
10973,,,,None
10974,,,,None
10975,,,,None
10976,,,,None
10977,,,,None
10978,,,,None
10979,,,,None
10980,,,,None
10981,,,,None
10982,,,,None
10983,,,,None
10984,,,,None
10985,,,,None
10986,,,,None
10987,,,,None
10988,,,,None
10989,,,,None
10990,,46.0,2026-02-09,None
10991,,,,None
10992,,,,None
10993,,,,None
10994,,,,None
10995,,18.0,2026-02-04,None
10996,,,,None
10997,,,,None
10998,,,,None
10999,,,,None
11000,,17.0,2026-02-04,None
11001,,,,None
11002,,,,None
11003,,,,None
11004,,,,None
11005,,80.0,2026-02-04,None
11006,,,,None
11007,,,,None
11008,,,,None
11009,,,,None
11010,,,,None
11011,,,,None
11012,,,,None
11013,,,,None
11014,,,,None
11015,,,,None
11016,,,,None
11017,,,,None
11018,,,,None
11019,,,,None
11020,,,,None
11021,,,,None
11022,,,,None
11023,,,,None
11024,,,,None
11025,,,,None
11026,,,,None
11027,,,,None
11028,,,,None
11029,,,,None
11030,,,,None
11031,,,,None
11032,,,,None
11033,,,,None
11034,,,,None
11035,,,,None
11036,,,,None
11037,,,,None
11038,,,,None
11039,,,,None
11040,,,,None
11041,,,,None
11042,,,,None
11043,,,,None
11044,,,,None
11045,,,,None
11046,,,,None
11047,,,,None
11048,,,,None
11049,,,,None
11050,,,,None
11051,,,,None
11052,,,,None
11053,,,,None
11054,,,,None
11055,,,,None
11056,,,,None
11057,,,,None
11058,,,,None
11059,,,,None
11060,,,,None
11061,,,,None
11062,,,,None
11063,,,,None
11064,,90.0,2026-02-04,None
11065,,16.0,2026-02-09,None
11066,,,,None
11067,39.0,34.0,2026-02-09,None
11068,,,,None
11069,,9.0,2026-02-04,None
11070,,,,None
11071,,,,None
11072,,12.0,2026-02-04,None
11073,,,,None
11074,,10.0,2026-02-04,None
11075,,22.0,2026-02-09,None
11076,,,,None
11077,,,,None
11078,,40.0,2026-02-04,None
11079,,,,None
11080,,,,None
11081,,,,None
11082,,,,None
11083,,,,None
11084,,,,None
11085,,45.0,2026-02-09,None
11086,,,,None
11087,,,,None
11088,,,,None
11089,,,,None
11090,,,,None
11091,,,,None
11092,,,,None
11093,,,,None
11094,,,,None
11095,,,,None
11096,,,,None
11097,,,,None
11098,,,,None
11099,,,,None
11100,,,,None
11101,,,,None
11102,,,,None
11103,,,,None
11104,,,,None
11105,,,,None
11106,,,,None
11107,,,,None
11108,,,,None
11109,,,,None
11110,,,,None
11111,,,,None
11112,,,,None
11113,,,,None
11114,,,,None
11115,,,,None
11116,,,,None
11117,,,,None
11118,,,,None
11119,,,,None
11120,,,,None
11121,,,,None
11122,,,,None
11123,,,,None
11124,,,,None
11125,,,,None
11126,,,,None
11127,,,,None
11128,,,,None
11129,,,,None
11130,,,,None
11131,,,,None
11132,,,,None
11133,,,,None
11134,,,,None
11135,,,,None
11136,,,,None
11137,,,,None
11138,,,,None
11139,,,,None
11140,,,,None
11141,,,,None
11142,,,,None
11143,,,,None
11144,,,,None
11145,,,,None
11146,,,,None
11147,,,,None
11148,,,,None
11149,,,,None
11150,,,,None
11151,,,,None
11152,,,,None
11153,,,,None
11154,,,,None
11155,,,,None
11156,,,,None
11157,,,,None
11158,,,,None
11159,,,,None
11160,,,,None
11161,,,,None
11162,,,,None
11163,,,,None
11164,,,,None
11165,,,,None
11166,,,,None
11167,,,,None
11168,,,,None
11169,,,,None
11170,,,,None
11171,,,,None
11172,,,,None
11173,,,,None
11174,,,,None
11175,,,,None
11176,,,,None
11177,,,,None
11178,,,,None
11179,,,,None
11180,,,,None
11181,,,,None
11182,,,,None
11183,,,,None
11184,,,,None
11185,,,,None
11186,,,,None
11187,,,,None
11188,,,,None
11189,,,,None
11190,,,,None
11191,,,,None
11192,,,,None
11193,,,,None
11194,,,,None
11195,,,,None
11196,,,,None
11197,,,,None
11198,,,,None
11199,,,,None
11200,,,,None
11201,,,,None
11202,,,,None
11203,,,,None
11204,,,,None
11205,,,,None
11206,,,,None
11207,,,,None
11208,,,,None
11209,,,,None
11210,,,,None
11211,,,,None
11212,,,,None
11213,,,,None
11214,,,,None
11215,,,,None
11216,,,,None
11217,,,,None
11218,,,,None
11219,,,,None
11220,,,,None
11221,,,,None
11222,,,,None
11223,,,,None
11224,,,,None
11225,,,,None
11226,,,,None
11227,,,,None
11228,,,,None
11229,,,,None
11230,,,,None
11231,,,,None
11232,,,,None
11233,,,,None
11234,,,,None
11235,,,,None
11236,,,,None
11237,,,,None
11238,,,,None
11239,,,,None
11240,,,,None
11241,,,,None
11242,,,,None
11243,,,,None
11244,,,,None
11245,,,,None
11246,,,,None
11247,,,,None
11248,,,,None
11249,,,,None
11250,,,,None
11251,,,,None
11252,,,,None
11253,,,,None
11254,,,,None
11255,,,,None
11256,,,,None
11257,,,,None
11258,,,,None
11259,,,,None
11260,,,,None
11261,,,,None
11262,,,,None
11263,,,,None
11264,,,,None
11265,,,,None
11266,,,,None
11267,,,,None
11268,,,,None
11269,,,,None
11270,,,,None
11271,,,,None
11272,,,,None
11273,,,,None
11274,,,,None
11275,,,,None
11276,,,,None
11277,,,,None
11278,,,,None
11279,,,,None
11280,,,,None
11281,,,,None
11282,,,,None
11283,,,,None
11284,,,,None
11285,,,,None
11286,,,,None
11287,,,,None
11288,,,,None
11289,,,,None
11290,,,,None
11291,,,,None
11292,,,,None
11293,,,,None
11294,,,,None
11295,,,,None
11296,,,,None
11297,,,,None
11298,,,,None
11299,,,,None
11300,,,,None
11301,,,,None
11302,,,,None
11303,,,,None
11304,,,,None
11305,,,,None
11306,,,,None
11307,,,,None
11308,,,,None
11309,,,,None
11310,,,,None
11311,,,,None
11312,,,,None
11313,,,,None
11314,,,,None
11315,,,,None
11316,,,,None
11317,,,,None
11318,,,,None
11319,,,,None
11320,,,,None
11321,,,,None
11322,,,,None
11323,,,,None
11324,,,,None
11325,,,,None
11326,,,,None
11327,,,,None
11328,,,,None
11329,,,,None
11330,,,,None
11331,,,,None
11332,,,,None
11333,,,,None
11334,,,,None
11335,,,,None
11336,,,,None
11337,,,,None
11338,,,,None
11339,,,,None
11340,,,,None
11341,,,,None
11342,,,,None
11343,,,,None
11344,,,,None
11345,,,,None
11346,,,,None
11347,,,,None
11348,,,,None
11349,,,,None
11350,,,,None
11351,,,,None
11352,,,,None
11353,,,,None
11354,,,,None
11355,,,,None
11356,,,,None
11357,,,,None
11358,,,,None
11359,,,,None
11360,,,,None
11361,,,,None
11362,,,,None
11363,,,,None
11364,,,,None
11365,,,,None
11366,,,,None
11367,,,,None
11368,,,,None
11369,,,,None
11370,,,,None
11371,,,,None
11372,,,,None
11373,,,,None
11374,,,,None
11375,,,,None
11376,,,,None
11377,,,,None
11378,,,,None
11379,,,,None
11380,,,,None
11381,,,,None
11382,,,,None
11383,,,,None
11384,,,,None
11385,,,,None
11386,,,,None
11387,,,,None
11388,,,,None
11389,,,,None
11390,,,,None
11391,,,,None
11392,,,,None
11393,,,,None
11394,,,,None
11395,,,,None
11396,,,,None
11397,,,,None
11398,,,,None
11399,,,,None
11400,,,,None
11401,,,,None
11402,,,,None
11403,,,,None
11404,,,,None
11405,,,,None
11406,,,,None
11407,,,,None
11408,,,,None
11409,,,,None
11410,,,,None
11411,,,,None
11412,,,,None
11413,,,,None
11414,,,,None
11415,,,,None
11416,,,,None
11417,,,,None
11418,,,,None
11419,,,,None
11420,,,,None
11421,170.0,165.0,2026-05-04,None
11422,170.0,165.0,2026-05-04,None
11423,170.0,165.0,2026-05-04,None
11424,245.0,220.0,2026-06-25,None
11425,370.0,300.0,2026-06-25,None
11426,250.0,220.0,2026-06-25,None
11427,195.0,175.0,2026-06-25,None
11428,225.0,175.0,2026-06-25,None
11429,,,,None
11430,195.0,175.0,2026-06-25,None
11431,,151.0,2026-02-04,None
11432,,,,None
11433,,,,None
11434,,,,None
11435,,,,None
11436,,,,None
11437,,,,None
11438,,,,None
11439,,,,None
11440,,,,None
11441,,,,None
11442,,,,None
11443,,,,None
11444,,,,None
11445,,,,None
11446,,,,None
11447,,,,None
11448,,,,None
11449,,,,None
11450,,,,None
11451,,,,None
11452,,,,None
11453,,,,None
11454,,,,None
11455,,,,None
11456,,,,None
11457,,,,None
11458,,,,None
11459,,,,None
11460,,,,None
11461,,,,None
11462,,,,None
11463,,,,None
11464,,,,None
11465,,,,None
11466,,,,None
11467,,,,None
11468,,,,None
11469,,,,None
11470,,,,None
11471,,,,None
11472,,,,None
11473,,,,None
11474,,,,None
11475,,,,None
11476,,,,None
11477,,,,None
11478,,,,None
11479,,,,None
11480,,,,None
11481,,,,None
11482,,,,None
11483,,,,None
11484,,,,None
11485,,,,None
11486,,,,None
11487,,,,None
11488,,,,None
11489,,,,None
11490,,,,None
11491,,,,None
11492,,,,None
11493,,,,None
11494,,,,None
11495,,,,None
11496,,,,None
11497,,,,None
11498,,,,None
11499,,,,None
11500,,,,None
11501,,,,None
11502,,,,None
11503,,,,None
11504,,,,None
11505,,,,None
11506,,,,None
11507,,,,None
11508,,,,None
11509,,,,None
11510,,,,None
11511,,,,None
11512,,,,None
11513,,,,None
11514,,,,None
11515,,,,None
11516,,,,None
11517,,,,None
11518,,,,None
11519,,,,None
11520,,,,None
11521,,,,None
11522,,,,None
11523,,,,None
11524,,,,None
11525,,,,None
11526,,,,None
11527,,,,None
11528,,,,None
11529,,,,None
11530,,,,None
11531,,,,None
11532,,,,None
11533,,,,None
11534,,,,None
11535,,,,None
11536,,,,None
11537,,,,None
11538,,,,None
11539,,,,None
11540,,,,None
11541,,,,None
11542,,,,None
11543,,,,None
11544,,,,None
11545,,,,None
11546,,,,None
11547,,,,None
11548,,,,None
11549,,,,None
11550,,,,None
11551,,,,None
11552,,,,None
11553,,,,None
11554,,,,None
11555,,,,None
11556,,,,None
11557,,,,None
11558,,,,None
11559,,,,None
11560,,,,None
11561,,,,None
11562,,,,None
11563,,,,None
11564,,,,None
11565,,,,None
11566,,,,None
11567,,,,None
11568,,,,None
11569,,,,None
11570,,,,None
11571,,,,None
11572,,,,None
11573,,,,None
11574,,,,None
11575,,,,None
11576,,,,None
11577,,,,None
11578,,,,None
11579,,,,None
11580,,,,None
11581,,,,None
11582,,,,None
11583,,,,None
11584,,,,None
11585,,,,None
11586,,,,None
11587,,,,None
11588,,,,None
11589,,,,None
11590,,,,None
11591,,,,None
11592,,,,None
11593,,,,None
11594,,,,None
11595,,,,None
11596,,,,None
11597,,,,None
11598,,,,None
11599,,,,None
11600,,,,None
11601,,,,None
11602,,,,None
11603,,,,None
11604,,,,None
11605,,,,None
11606,,,,None
11607,,,,None
11608,,,,None
11609,,,,None
11610,,,,None
11611,,,,None
11612,,,,None
11613,,,,None
11614,,,,None
11615,,,,None
11616,,,,None
11617,,,,None
11618,,,,None
11619,,,,None
11620,,,,None
11621,,,,None
11622,,,,None
11623,,,,None
11624,,,,None
11625,,,,None
11626,,,,None
11627,,,,None
11628,,,,None
11629,,,,None
11630,,,,None
11631,,,,None
11632,,,,None
11633,,,,None
11634,,,,None
11635,,,,None
11636,,,,None
11637,,,,None
11638,,,,None
11639,,,,None
11640,,,,None
11641,,,,None
11642,,,,None
11643,,,,None
11644,,,,None
11645,,,,None
11646,,,,None
11647,,,,None
11648,,,,None
11649,,,,None
11650,,,,None
11651,,,,None
11652,,,,None
11653,,,,None
11654,,,,None
11655,,,,None
11656,,,,None
11657,,,,None
11658,,,,None
11659,,,,None
11660,,,,None
11661,,,,None
11662,,,,None
11663,,,,None
11664,,,,None
11665,,,,None
11666,,,,None
11667,,,,None
11668,,,,None
11669,,,,None
11670,,,,None
11671,,,,None
11672,,,,None
11673,,,,None
11674,,,,None
11675,,,,None
11676,,,,None
11677,,,,None
11678,,,,None
11679,,,,None
11680,,15.0,2026-02-04,None
11681,,,,None
11682,,,,None
11683,,,,None
11684,,,,None
11685,,18.0,2026-02-09,None
11686,,,,None
11687,,,,None
11688,,,,None
11689,,,,None
11690,,17.0,2026-02-09,None
11691,,,,None
11692,,,,None
11693,,,,None
11694,,,,None
11695,,80.0,2026-02-04,None
11696,,,,None
11697,,,,None
11698,,,,None
11699,,,,None
11700,,,,None
11701,,,,None
11702,,,,None
11703,,,,None
11704,,,,None
11705,,,,None
11706,,,,None
11707,,,,None
11708,,,,None
11709,,,,None
11710,,,,None
11711,,,,None
11712,,,,None
11713,,,,None
11714,,,,None
11715,,,,None
11716,,,,None
11717,,,,None
11718,,,,None
11719,,,,None
11720,,,,None
11721,,,,None
11722,,,,None
11723,,,,None
11724,,,,None
11725,,,,None
11726,,,,None
11727,,,,None
11728,,,,None
11729,,,,None
11730,,,,None
11731,,,,None
11732,,,,None
11733,,,,None
11734,,,,None
11735,,,,None
11736,,,,None
11737,,,,None
11738,,,,None
11739,,,,None
11740,,,,None
11741,,,,None
11742,,,,None
11743,,,,None
11744,,,,None
11745,,,,None
11746,,,,None
11747,,,,None
11748,,,,None
11749,,,,None
11750,,,,None
11751,,,,None
11752,,,,None
11753,,,,None
11754,,90.0,2026-02-04,None
11755,,19.0,2026-02-04,None
11756,,,,None
11757,34.0,39.0,2026-02-09,None
11758,,19.0,2026-02-04,None
11759,,9.0,2026-02-04,None
11760,,,,None
11761,,,,None
11762,,12.0,2026-02-04,None
11763,,,,None
11764,,10.0,2026-02-09,None
11765,,,,None
11766,,,,None
11767,,,,None
11768,,40.0,2026-02-04,None
11769,,,,None
11770,,,,None
11771,,,,None
11772,,,,None
11773,,,,None
11774,,,,None
11775,,47.0,2026-02-04,None
11776,,80.0,2026-02-04,None
11777,,,,None
11778,,,,None
11779,,,,None
11780,,75.0,2026-02-04,None
11781,,,,None
11782,,,,None
11783,,,,None
11784,,,,None
11785,,,,None
11786,,,,None
11787,,,,None
11788,,,,None
11789,,,,None
11790,,,,None
11791,,,,None
11792,,,,None
11793,,,,None
11794,,,,None
11795,,,,None
11796,,,,None
11797,,,,None
11798,,,,None
11799,,,,None
11800,,,,None
11801,,,,None
11802,,,,None
11803,,,,None
11804,,,,None
11805,,,,None
11806,,,,None
11807,,,,None
11808,,,,None
11809,,,,None
11810,,,,None
11811,,,,None
11812,,,,None
11813,,,,None
11814,,,,None
11815,,,,None
11816,,,,None
11817,,,,None
11818,,,,None
11819,,,,None
11820,,,,None
11821,,,,None
11822,,,,None
11823,,,,None
11824,,,,None
11825,,,,None
11826,,,,None
11827,,,,None
11828,,,,None
11829,,,,None
11830,,,,None
11831,,,,None
11832,,,,None
11833,,,,None
11834,,,,None
11835,,,,None
11836,,,,None
11837,,,,None
11838,,,,None
11839,,,,None
11840,,,,None
11841,,,,None
11842,,,,None
11843,,,,None
11844,,,,None
11845,,,,None
11846,,,,None
11847,,,,None
11848,,,,None
11849,,,,None
11850,,,,None
11851,,,,None
11852,,,,None
11853,,,,None
11854,,,,None
11855,,,,None
11856,,,,None
11857,,,,None
11858,,,,None
11859,,,,None
11860,,,,None
11861,,,,None
11862,,,,None
11863,,,,None
11864,,,,None
11865,,,,None
11866,,,,None
11867,,,,None
11868,,,,None
11869,,,,None
11870,,,,None
11871,,,,None
11872,,,,None
11873,,,,None
11874,,,,None
11875,,,,None
11876,,,,None
11877,,,,None
11878,,,,None
11879,,,,None
11880,,,,None
11881,,,,None
11882,,,,None
11883,,,,None
11884,,,,None
11885,,,,None
11886,,,,None
11887,,,,None
11888,,,,None
11889,,,,None
11890,,,,None
11891,,,,None
11892,,,,None
11893,,,,None
11894,,,,None
11895,,,,None
11896,,,,None
11897,,,,None
11898,,,,None
11899,,,,None
11900,,,,None
11901,,,,None
11902,,,,None
11903,,,,None
11904,,,,None
11905,,,,None
11906,,,,None
11907,,,,None
11908,,,,None
11909,,,,None
11910,,,,None
11911,,,,None
11912,,,,None
11913,,,,None
11914,,,,None
11915,,,,None
11916,,,,None
11917,,,,None
11918,,,,None
11919,,,,None
11920,,,,None
11921,,,,None
11922,,,,None
11923,,,,None
11924,,,,None
11925,,,,None
11926,,,,None
11927,,,,None
11928,,,,None
11929,,,,None
11930,,,,None
11931,,,,None
11932,,,,None
11933,,,,None
11934,,,,None
11935,,,,None
11936,,,,None
11937,,,,None
11938,,,,None
11939,,,,None
11940,,,,None
11941,,,,None
11942,,,,None
11943,,,,None
11944,,,,None
11945,,,,None
11946,,,,None
11947,,,,None
11948,,,,None
11949,,,,None
11950,,,,None
11951,,,,None
11952,,,,None
11953,,,,None
11954,,,,None
11955,,,,None
11956,,,,None
11957,,,,None
11958,,,,None
11959,,,,None
11960,,,,None
11961,,,,None
11962,,,,None
11963,,,,None
11964,,,,None
11965,,,,None
11966,,,,None
11967,,,,None
11968,,,,None
11969,,,,None
11970,,,,None
11971,,,,None
11972,,,,None
11973,,,,None
11974,,,,None
11975,,,,None
11976,,,,None
11977,,,,None
11978,,,,None
11979,,,,None
11980,,,,None
11981,,,,None
11982,,,,None
11983,,,,None
11984,,,,None
11985,,,,None
11986,,,,None
11987,,,,None
11988,,,,None
11989,,,,None
11990,,,,None
11991,,,,None
11992,,,,None
11993,,,,None
11994,,,,None
11995,,,,None
11996,,,,None
11997,,,,None
11998,,,,None
11999,,,,None
12000,,,,None
12001,,,,None
12002,,,,None
12003,,,,None
12004,,,,None
12005,,,,None
12006,,,,None
12007,,,,None
12008,,,,None
12009,,,,None
12010,,,,None
12011,,,,None
12012,,,,None
12013,,,,None
12014,,,,None
12015,,,,None
12016,,,,None
12017,,,,None
12018,,,,None
12019,,,,None
12020,,,,None
12021,,,,None
12022,,,,None
12023,,,,None
12024,,,,None
12025,,,,None
12026,,,,None
12027,,,,None
12028,,,,None
12029,,,,None
12030,,,,None
12031,,,,None
12032,,,,None
12033,,,,None
12034,,,,None
12035,,,,None
12036,,,,None
12037,,,,None
12038,,,,None
12039,,,,None
12040,,,,None
12041,,,,None
12042,,,,None
12043,,,,None
12044,,,,None
12045,,,,None
12046,,,,None
12047,,,,None
12048,,,,None
12049,,,,None
12050,,,,None
12051,,,,None
12052,,,,None
12053,,,,None
12054,,,,None
12055,,,,None
12056,,,,None
12057,,,,None
12058,,,,None
12059,,,,None
12060,,,,None
12061,,,,None
12062,,,,None
12063,,,,None
12064,,,,None
12065,,,,None
12066,,,,None
12067,,,,None
12068,,,,None
12069,,,,None
12070,,,,None
12071,,,,None
12072,,,,None
12073,,,,None
12074,,,,None
12075,,,,None
12076,,,,None
12077,,,,None
12078,,,,None
12079,,,,None
12080,,,,None
12081,,,,None
12082,,,,None
12083,,,,None
12084,,,,None
12085,,,,None
12086,,,,None
12087,,,,None
12088,,,,None
12089,,,,None
12090,,,,None
12091,,,,None
12092,,,,None
12093,,,,None
12094,,,,None
12095,,,,None
12096,,,,None
12097,,,,None
12098,,,,None
12099,,,,None
12100,,,,None
12101,,,,None
12102,,,,None
12103,,,,None
12104,,,,None
12105,,,,None
12106,,,,None
12107,,,,None
12108,,,,None
12109,,,,None
12110,,,,None
12111,68.0,67.0,2026-07-18,None
12112,68.0,67.0,2026-07-18,None
12113,,280.0,2025-10-23,None
12114,,280.0,2025-10-23,None
12115,420.0,400.0,2026-07-07,None
12116,595.0,455.0,2026-02-09,None
12117,940.0,595.0,2026-02-09,None
12118,650.0,625.0,2026-02-19,None
12119,640.0,700.0,2026-07-07,None
12120,300.0,310.0,2026-06-06,None
12121,365.0,330.0,2026-05-06,None
12122,,,,None
12123,,,,None
12124,960.0,1100.0,2026-06-29,None
12125,,,,None
12126,,,,None
12127,,1300.0,2026-06-29,None
12128,,,,None
12129,,,,None
12130,,1550.0,2026-06-29,None
12131,,,,None
12132,,,,None
12133,,1700.0,2026-06-29,None
12134,,,,None
12135,,,,None
12136,,1550.0,2026-04-11,None
12137,,,,None
12138,,,,None
12139,,2000.0,2026-04-11,None
12140,,,,None
12141,,,,None
12142,,2200.0,2026-04-11,None
12143,,,,None
12144,,,,None
12145,2300.0,2500.0,2026-06-19,None
12146,,,,None
12147,,,,None
12148,1090.0,1300.0,2026-06-29,None
12149,,,,None
12150,,,,None
12151,1300.0,1450.0,2026-06-29,None
12152,,,,None
12153,,,,None
12154,,1600.0,2026-04-11,None
12155,,,,None
12156,,,,None
12157,1700.0,1800.0,2026-06-19,None
12158,,,,None
12159,,,,None
12160,,1550.0,2026-06-29,None
12161,,,,None
12162,,,,None
12163,,1750.0,2026-06-29,None
12164,,,,None
12165,,,,None
12166,,1900.0,2026-06-29,None
12167,,,,None
12168,,,,None
12169,,2000.0,2026-06-29,None
12170,,26.0,2026-02-21,None
12171,,50.0,2025-10-24,None
12172,16.0,14.0,2026-02-21,None
12173,50.0,45.0,2026-02-21,None
12174,22.0,24.0,2026-02-21,None
12175,,23.0,2026-02-21,None
12176,,,,None
12177,,,,None
12178,,,,None
12179,,800.0,2026-07-04,None
12180,,850.0,2026-07-04,None
12181,,,,None
12182,,,,None
12183,,850.0,2025-10-25,None
12184,750.0,700.0,2026-06-06,None
12185,,700.0,2026-05-07,None
12186,,700.0,2026-05-07,None
12187,,700.0,2026-05-07,None
12188,,800.0,2026-04-27,None
12189,,,,None
12190,,800.0,2025-10-25,None
12191,,,,None
12192,430.0,520.0,2026-04-10,None
12193,,,,None
12194,,,,None
12195,,,,None
12196,480.0,500.0,2026-07-18,None
12197,,,,None
12198,,,,None
12199,,,,None
12200,,105.0,2026-01-13,None
12201,,105.0,2026-01-13,None
12202,,105.0,2026-01-13,None
12203,,109.0,2026-02-23,None
12204,370.0,380.0,2026-07-04,None
12205,370.0,380.0,2026-07-04,None
12206,370.0,380.0,2026-07-04,None
12207,,320.0,2025-10-27,None
12208,400.0,415.0,2026-07-07,None
12209,400.0,415.0,2026-07-07,None
12210,400.0,415.0,2026-07-07,None
12211,,345.0,2025-10-27,None
12212,,,,None
12213,,,,None
12214,,,,None
12215,,,,None
12216,,10.0,2025-10-27,None
12217,125.0,120.0,2026-05-11,None
12218,,,,None
12219,170.0,160.0,2026-07-01,None
12220,,,,None
12221,160.0,158.0,2026-07-01,None
12222,160.0,158.0,2026-07-01,None
12223,190.0,195.0,2026-07-01,None
12224,190.0,195.0,2026-07-01,None
12225,725.0,720.0,2026-07-17,None
12226,,,,None
12227,,,,None
12228,,,,None
12229,,,,None
12230,,,,None
12231,,,,None
12232,400.0,440.0,2026-02-07,None
12233,,,,None
12234,,,,None
12235,,,,None
12236,,,,None
12237,,,,None
12238,,,,None
12239,,,,None
12240,,,,None
12241,,,,None
12242,,,,None
12243,,,,None
12244,,,,None
12245,,,,None
12246,,,,None
12247,,,,None
12248,,,,None
12249,,,,None
12250,,,,None
12251,,,,None
12252,420.0,440.0,2026-07-03,None
12253,170.0,175.0,2026-07-09,None
12254,170.0,175.0,2026-07-09,None
12255,180.0,200.0,2026-07-09,None
12256,180.0,200.0,2026-07-09,None
12257,,,,None
12258,,,,None
12259,178.0,180.0,2026-01-19,None
12260,205.0,210.0,2026-07-09,None
12261,205.0,210.0,2026-07-09,None
12262,,,,None
12263,,,,None
12264,,,,None
12265,,,,None
12266,,,,None
12267,,,,None
12268,,98.0,2025-12-07,None
12269,,98.0,2025-12-07,None
12270,,,,None
12271,,,,None
12272,,,,None
12273,,,,None
12274,80.0,195.0,2026-02-09,None
12275,,80.0,2026-05-06,None
12276,,,,None
12277,,80.0,2026-02-17,None
12278,49.0,44.0,2026-05-06,None
12279,,,,None
12280,,,,None
12281,,,,None
12282,,,,None
12283,,,,None
12284,,,,None
12285,,,,None
12286,,,,None
12287,,,,None
12288,,,,None
12289,,1050.0,2026-03-28,None
12290,,,,None
12291,,,,None
12292,,,,None
12293,,,,None
12294,,,,None
12295,,,,None
12296,,,,None
12297,,,,None
12298,,,,None
12299,,,,None
12300,,185.0,2026-02-21,None
12301,,,,None
12302,,,,None
12303,,,,None
12304,,100.0,2026-02-21,None
12305,,,,None
12306,,,,None
12307,,100.0,2026-02-21,None
12308,,100.0,2026-02-21,None
12309,,100.0,2026-02-21,None
12310,,100.0,2026-02-21,None
12311,,100.0,2026-02-21,None
12312,,,,None
12313,,95.0,2026-02-21,None
12314,,95.0,2026-02-21,None
12315,,95.0,2026-02-21,None
12316,,95.0,2026-02-21,None
12317,,,,None
12318,,,,None
12319,,,,None
12320,,90.0,2026-02-21,None
12321,,,,None
12322,,,,None
12323,,,,None
12324,,150.0,2026-02-21,None
12325,,,,None
12326,,,,None
12327,,,,None
12328,,,,None
12329,,,,None
12330,,,,None
12331,,195.0,2026-02-21,None
12332,,185.0,2026-02-21,None
12333,,,,None
12334,,,,None
12335,,,,None
12336,,75.0,2026-02-21,None
12337,,,,None
12338,,75.0,2026-02-21,None
12339,,75.0,2026-02-21,None
12340,,75.0,2026-02-21,None
12341,,75.0,2026-02-21,None
12342,,75.0,2026-02-21,None
12343,,75.0,2026-02-21,None
12344,,75.0,2026-02-21,None
12345,,75.0,2026-02-21,None
12346,,,,None
12347,,70.0,2026-02-21,None
12348,,70.0,2026-02-21,None
12349,,70.0,2026-02-21,None
12350,,70.0,2026-02-21,None
12351,,70.0,2026-02-21,None
12352,,70.0,2026-02-21,None
12353,,70.0,2026-02-21,None
12354,,70.0,2026-02-21,None
12355,,,,None
12356,,70.0,2026-02-21,None
12357,,,,None
12358,,,,None
12359,,,,None
12360,,,,None
12361,,,,None
12362,,,,None
12363,,,,None
12364,,,,None
12365,,195.0,2026-02-21,None
12366,,,,None
12367,,150.0,2026-02-21,None
12368,,150.0,2026-02-21,None
12369,,150.0,2026-02-21,None
12370,,150.0,2026-02-21,None
12371,,150.0,2026-02-21,None
12372,,,,None
12373,,,,None
12374,,,,None
12375,89.0,55.0,2026-06-06,None
12376,89.0,55.0,2026-06-06,None
12377,89.0,55.0,2026-06-06,None
12378,90.0,55.0,2026-06-06,None
12379,695.0,690.0,2026-07-16,None
12380,,,,None
12381,,,,None
12382,230.0,240.0,2026-06-01,None
12383,230.0,240.0,2026-06-01,None
12384,,180.0,2026-02-04,None
12385,260.0,270.0,2026-06-27,None
12386,,,,None
12387,,,,None
12388,,,,None
12389,,,,None
12390,,80.0,2026-02-04,None
12391,,80.0,2026-02-09,None
12392,,,,None
12393,1900.0,1760.0,2026-07-07,None
12394,,,,None
12395,,,,None
12396,1930.0,1860.0,2026-07-07,None
12397,,,,None
12398,,,,None
12399,1980.0,1870.0,2026-05-11,None
12400,,,,None
12401,,,,None
12402,2250.0,2160.0,2026-07-07,None
12403,,,,None
12404,,,,None
12405,,,,None
12406,,,,None
12407,,,,None
12408,,,,None
12409,,,,None
12410,,,,None
12411,,,,None
12412,,,,None
12413,,,,None
12414,,,,None
12415,,,,None
12416,,,,None
12417,,,,None
12418,,,,None
12419,,,,None
12420,,,,None
12421,,,,None
12422,,,,None
12423,,,,None
12424,,475.0,2026-02-24,None
12425,450.0,440.0,2026-06-09,None
12426,,,,None
12427,,,,None
12428,450.0,440.0,2026-07-10,None
12429,450.0,440.0,2026-06-09,None
12430,,,,None
12431,,,,None
12432,,,,None
12433,,,,None
12434,,,,None
12435,,,,None
12436,,,,None
12437,,,,None
12438,,,,None
12439,,,,None
12440,,,,None
12441,,,,None
12442,,420.0,2026-05-21,None
12443,,,,None
12444,,260.0,2026-05-19,None
12445,,275.0,2026-01-28,None
12446,260.0,265.0,2026-05-30,None
12447,260.0,265.0,2026-05-30,None
12448,190.0,205.0,2026-05-11,None
12449,,,,None
12450,,,,None
12451,280.0,290.0,2026-07-01,None
12452,,,,None
12453,,,,None
12454,270.0,269.0,2026-07-17,None
12455,,,,None
12456,,,,None
12457,295.0,300.0,2026-07-01,None
12458,,,,None
12459,,,,None
12460,355.0,391.0,2026-02-07,None
12461,380.0,377.0,2026-07-10,None
12462,385.0,380.0,2026-03-28,None
12463,377.0,380.0,2026-07-21,Up
12464,,,,None
12465,,445.0,2026-02-01,None
12466,,445.0,2026-02-01,None
12467,445.0,405.0,2026-02-04,None
12468,380.0,450.0,2026-02-07,None
12469,440.0,433.0,2026-07-10,None
12470,433.0,445.0,2026-07-21,Up
12471,426.0,433.0,2026-07-10,None
12472,,194.0,2026-01-14,None
12473,189.0,193.0,2026-07-10,None
12474,185.0,190.0,2026-07-01,None
12475,190.0,195.0,2026-07-10,None
12476,190.0,195.0,2026-07-10,None
12477,,207.0,2026-01-14,None
12478,199.0,206.0,2026-07-10,None
12479,204.0,202.0,2026-03-01,None
12480,202.0,200.0,2026-05-25,None
12481,204.0,202.0,2026-03-01,None
12482,,218.0,2026-01-14,None
12483,210.0,214.0,2026-07-10,None
12484,213.0,214.0,2026-07-10,None
12485,212.0,214.0,2026-07-10,None
12486,208.0,212.0,2026-07-01,None
12487,,,,None
12488,,202.0,2026-02-04,None
12489,,202.0,2026-02-04,None
12490,,202.0,2026-02-04,None
12491,,202.0,2026-02-04,None
12492,,275.0,2026-01-14,None
12493,265.0,270.0,2026-06-20,None
12494,265.0,270.0,2026-06-20,None
12495,265.0,270.0,2026-06-20,None
12496,,298.0,2026-01-14,None
12497,300.0,295.0,2026-07-21,Down
12498,,295.0,2026-02-01,None
12499,295.0,292.0,2026-03-28,None
12500,270.0,333.0,2026-02-07,None
12501,325.0,327.0,2026-07-10,None
12502,325.0,327.0,2026-07-10,None
12503,325.0,328.0,2026-06-20,None
12504,,,,None
12505,12.0,40.0,2026-02-12,None
12506,,,,None
12507,,40.0,2026-01-25,None
12508,,40.0,2026-02-09,None
12509,65.0,75.0,2026-02-17,None
12510,65.0,56.0,2026-02-09,None
12511,,65.0,2026-02-04,None
12512,,65.0,2026-02-04,None
12513,,65.0,2026-02-04,None
12514,,30.0,2026-02-04,None
12515,24.0,65.0,2026-02-17,None
12516,30.0,65.0,2026-02-17,None
12517,30.0,24.0,2026-02-09,None
12518,,30.0,2026-02-04,None
12519,,,,None
12520,195.0,78.0,2026-05-06,None
12521,,,,None
12522,,195.0,2026-02-09,None
12523,,,,None
12524,,49.0,2026-02-04,None
12525,,85.0,2026-05-06,None
12526,,49.0,2026-02-09,None
12531,40.0,125.0,2026-02-16,None
12532,,,,None
12533,,40.0,2026-02-04,None
12534,40.0,130.0,2026-06-06,None
12535,,40.0,2026-02-04,None
12536,,40.0,2026-02-04,None
12537,400.0,390.0,2026-07-07,None
12538,305.0,300.0,2026-07-18,None
12539,,,,None
12540,330.0,325.0,2026-06-20,None
12541,345.0,330.0,2026-06-10,None
12542,345.0,330.0,2026-06-10,None
12543,,,,None
12544,390.0,386.0,2026-06-20,None
12545,,403.0,2026-05-07,None
12546,,403.0,2026-05-07,None
12547,,,,None
12548,260.0,255.0,2026-04-10,None
12549,,265.0,2026-02-09,None
12550,,,,None
12551,,,,None
12552,,,,None
12553,,,,None
12554,,,,None
12555,,,,None
12556,255.0,240.0,2026-06-20,None
12557,,,,None
12558,,,,None
12559,,,,None
12560,300.0,285.0,2026-06-10,None
12561,300.0,285.0,2026-06-10,None
12562,300.0,285.0,2026-06-10,None
12563,1250.0,1240.0,2026-07-10,None
12564,,,,None
12565,,,,None
12566,,125.0,2026-02-19,None
12567,,,,None
12568,,,,None
12569,,,,None
12570,310.0,300.0,2026-06-01,None
12571,,,,None
12572,,,,None
12573,,,,None
12574,370.0,365.0,2026-03-28,None
12575,,255.0,2026-02-04,None
12576,370.0,365.0,2026-03-28,None
12577,,45.0,2026-02-23,None
12578,,,,None
12579,,,,None
12580,,,,None
12581,,,,None
12582,155.0,170.0,2026-07-18,None
12583,,,,None
12584,390.0,375.0,2026-04-27,None
12585,105.0,375.0,2026-04-27,None
12586,,,,None
12587,,235.0,2026-02-04,None
12588,360.0,380.0,2026-07-18,None
12589,,,,None
12590,,170.0,2026-06-20,None
12591,830.0,805.0,2026-06-26,None
12592,,,,None
12593,630.0,675.0,2026-06-26,None
12594,,,,None
12595,,,,None
12596,170.0,120.0,2026-05-04,None
12597,120.0,145.0,2026-06-25,None
12598,120.0,167.0,2026-06-25,None
12599,260.0,295.0,2026-07-04,None
12600,,,,None
12601,,,,None
12602,,,,None
12603,285.0,290.0,2026-06-18,None
12604,,330.0,2026-07-04,None
12605,,,,None
12606,,,,None
12607,,,,None
12608,,80.0,2026-02-04,None
12609,,80.0,2026-02-09,None
12610,,,,None
12611,94.0,90.0,2026-07-18,None
12612,,,,None
12613,380.0,390.0,2026-03-22,None
12614,,420.0,2026-02-23,None
12615,380.0,400.0,2026-03-22,None
12616,,,,None
12617,1450.0,1350.0,2026-07-04,None
12618,,,,None
12619,,,,None
12620,,1500.0,2026-04-27,None
12621,,,,None
12622,,,,None
12623,,,,None
12624,,,,None
12625,,,,None
12626,305.0,325.0,2026-07-10,None
12627,309.0,325.0,2026-07-10,None
12628,,310.0,2026-02-09,None
12629,309.0,325.0,2026-07-10,None
12630,,,,None
12631,,,,None
12632,,,,None
12633,,,,None
12634,,,,None
12635,,,,None
12636,327.0,355.0,2026-07-10,None
12637,350.0,340.0,2026-05-07,None
12638,,,,None
12639,350.0,335.0,2026-05-25,None
12640,,,,None
12641,,,,None
12642,,,,None
12643,,,,None
12644,,,,None
12645,140.0,135.0,2026-06-06,None
12646,,,,None
12647,,,,None
12648,,,,None
12649,,,,None
12650,220.0,210.0,2026-06-06,None
12651,,,,None
12652,145.0,143.0,2026-06-06,None
12653,,,,None
12654,,,,None
12655,,,,None
12656,,,,None
12657,180.0,170.0,2026-06-26,None
12658,,,,None
12659,,,,None
12660,,,,None
12661,,,,None
12662,,,,None
12663,,,,None
12664,,,,None
12665,,,,None
12666,300.0,295.0,2026-06-09,None
12667,,,,None
12668,390.0,380.0,2026-06-09,None
12669,,,,None
12670,,,,None
12671,,,,None
12672,,,,None
12673,,,,None
12674,,,,None
12675,,,,None
12676,,,,None
12677,,,,None
12678,340.0,325.0,2026-07-10,None
12679,360.0,350.0,2026-06-09,None
12680,,,,None
12681,,,,None
12682,,,,None
12683,385.0,390.0,2026-06-09,None
12684,295.0,285.0,2026-07-10,None
12685,330.0,300.0,2026-05-21,None
12686,290.0,285.0,2026-06-09,None
12687,,300.0,2026-06-09,None
12688,,370.0,2026-05-21,None
12689,,370.0,2026-05-21,None
12690,,,,None
12691,,,,None
12692,300.0,295.0,2026-06-09,None
12693,305.0,300.0,2026-06-09,None
12694,,,,None
12695,,,,None
12696,,,,None
12697,,,,None
12698,,,,None
12699,,,,None
12700,,,,None
12701,,,,None
12702,420.0,405.0,2026-07-10,None
12703,425.0,410.0,2026-07-10,None
12704,460.0,445.0,2026-07-10,None
12705,480.0,465.0,2026-07-10,None
12706,430.0,420.0,2026-07-10,None
12707,440.0,430.0,2026-07-10,None
12708,435.0,430.0,2026-06-09,None
12709,495.0,450.0,2026-05-21,None
12710,410.0,400.0,2026-07-10,None
12711,,420.0,2026-06-09,None
12712,480.0,470.0,2026-07-10,None
12713,500.0,490.0,2026-06-09,None
12714,,,,None
12715,,,,None
12716,410.0,400.0,2026-07-10,None
12717,,,,None
12718,450.0,430.0,2026-07-10,None
12719,,,,None
12720,475.0,470.0,2026-07-10,None
12721,,,,None
12722,475.0,470.0,2026-07-10,None
12723,,,,None
12724,475.0,470.0,2026-07-10,None
12725,,,,None
12726,400.0,380.0,2026-06-09,None
12727,,390.0,2026-07-10,None
12728,,,,None
12729,990.0,980.0,2026-06-19,None
12730,990.0,980.0,2026-06-19,None
12731,980.0,950.0,2026-06-28,None
12732,975.0,950.0,2026-06-28,None
12733,,,,None
12734,,,,None
12735,,,,None
12736,,1190.0,2026-03-05,None
12737,1125.0,1080.0,2026-07-09,None
12738,1125.0,1050.0,2026-06-28,None
12739,1190.0,1120.0,2026-06-19,None
12740,,,,None
12741,,,,None
12742,,,,None
12743,820.0,810.0,2026-07-09,None
12744,,810.0,2026-06-28,None
12745,810.0,830.0,2026-07-18,None
12746,830.0,810.0,2026-06-28,None
12747,810.0,830.0,2026-06-03,None
12748,810.0,830.0,2026-06-03,None
12749,,,,None
12750,990.0,980.0,2026-06-19,None
12751,1030.0,980.0,2026-07-18,None
12752,990.0,980.0,2026-06-19,None
12753,,1030.0,2026-03-05,None
12754,,,,None
12755,,,,None
12756,,,,None
12757,1100.0,1050.0,2026-07-09,None
12758,1140.0,1040.0,2026-07-09,None
12759,1100.0,1050.0,2026-07-09,None
12760,1140.0,1050.0,2026-07-09,None
12761,1130.0,1140.0,2026-06-19,None
12762,1130.0,1140.0,2026-06-19,None
12763,,,,None
12764,1270.0,1275.0,2026-07-18,None
12765,1290.0,1270.0,2026-07-09,None
12766,1300.0,1290.0,2026-06-15,None
12767,1360.0,1270.0,2026-07-18,None
12768,,,,None
12769,,,,None
12770,,,,None
12771,,,,None
12772,,,,None
12773,,,,None
12774,,,,None
12775,,,,None
12776,,,,None
12777,,,,None
12778,1640.0,1560.0,2026-07-09,None
12779,1640.0,1560.0,2026-07-09,None
12780,1640.0,1560.0,2026-07-09,None
12781,1650.0,1640.0,2026-06-19,None
12782,,,,None
12783,,,,None
12784,,,,None
12785,880.0,860.0,2026-07-01,None
12786,,880.0,2026-04-10,None
12787,,,,None
12788,,880.0,2026-04-10,None
12789,,,,None
12790,,,,None
12791,900.0,909.0,2026-05-26,None
12792,,950.0,2026-03-05,None
12793,910.0,909.0,2026-07-21,Down
12794,950.0,909.0,2026-05-26,None
12795,,,,None
12796,,,,None
12797,1300.0,1290.0,2026-05-26,None
12798,1276.0,1300.0,2026-04-23,None
12799,,1300.0,2026-04-10,None
12800,,,,None
12801,,,,None
12802,,1365.0,2026-04-10,None
12803,,,,None
12804,,,,None
12805,,,,None
12806,,,,None
12807,385.0,380.0,2026-04-10,None
12808,,,,None
12809,,,,None
12810,,,,None
12811,420.0,415.0,2026-07-11,None
12812,,,,None
12813,,,,None
12814,,,,None
12815,,,,None
12816,,,,None
12817,,,,None
12818,,,,None
12819,560.0,545.0,2026-06-01,None
12820,,,,None
12821,,,,None
12822,,,,None
12823,580.0,540.0,2026-04-23,None
12824,,,,None
12825,,,,None
12826,,,,None
12827,680.0,620.0,2026-04-23,None
12828,,,,None
12829,,,,None
12830,,,,None
12831,,,,None
12832,,,,None
12833,,,,None
12834,,,,None
12835,,,,None
12836,,,,None
12837,,,,None
12838,,,,None
12839,,,,None
12840,,,,None
12841,,,,None
12842,159.0,158.0,2026-07-18,None
12843,205.0,158.0,2026-06-04,None
12844,205.0,158.0,2026-06-04,None
12845,115.0,113.0,2026-07-03,None
12846,,145.0,2026-04-18,None
12847,150.0,145.0,2026-04-18,None
12848,,43.0,2026-03-15,None
12849,,,,None
12850,,,,None
12851,,17.0,2026-03-15,None
12852,,,,None
12853,,,,None
12854,,,,None
12855,,,,None
12856,,,,None
12857,,65.0,2026-06-25,None
12858,,65.0,2026-06-25,None
12859,65.0,62.0,2026-06-25,None
12860,,,,None
12861,,,,None
12864,422.0,412.0,2026-04-23,None
12865,395.0,400.0,2026-07-09,None
12866,395.0,405.0,2026-07-09,None
12867,395.0,400.0,2026-07-09,None
12868,,453.0,2026-03-15,None
12869,425.0,430.0,2026-07-09,None
12870,425.0,430.0,2026-07-09,None
12871,430.0,425.0,2026-07-18,None
12872,,,,None
12873,,,,None
12874,,,,None
12876,,,,None
12877,,,,None
12878,,,,None
12879,,,,None
12880,,367.0,2026-03-15,None
12881,348.0,350.0,2026-06-03,None
12882,348.0,350.0,2026-06-03,None
12883,367.0,366.0,2026-03-31,None
12884,,,,None
12885,376.0,380.0,2026-06-03,None
12886,376.0,380.0,2026-06-03,None
12887,,,,None
12888,,,,None
12889,,,,None
12890,,,,None
12891,,,,None
12892,,,,None
12893,,,,None
12894,,,,None
12895,,,,None
12896,,785.0,2026-06-29,None
12897,,785.0,2026-06-29,None
12898,,785.0,2026-06-29,None
12899,,800.0,2026-04-18,None
12900,,,,None
12901,,,,None
12902,,,,None
12903,,,,None
12904,1380.0,1360.0,2026-07-07,None
12905,,,,None
12906,1480.0,1500.0,2026-07-07,None
12907,,,,None
12908,,,,None
12909,1550.0,1540.0,2026-06-23,None
12910,,,,None
12911,,,,None
12912,,,,None
12913,,,,None
12914,,,,None
12915,,,,None
12916,,,,None
12917,,,,None
12918,,,,None
12919,,,,None
12920,,,,None
12921,,,,None
12922,,,,None
12923,,,,None
12924,,,,None
12925,,,,None
12926,,,,None
12927,,,,None
12928,,,,None
12929,1900.0,1890.0,2026-06-23,None
12930,,,,None
12931,,,,None
12932,,,,None
12933,,,,None
12934,,,,None
12935,,,,None
12936,,,,None
12937,,,,None
12938,,,,None
12939,,,,None
12940,,,,None
12941,,,,None
12942,,,,None
12943,,,,None
12944,,,,None
12945,,,,None
12946,,,,None
12947,,,,None
12948,,,,None
12949,,,,None
12950,,,,None
12951,,,,None
12952,,,,None
12953,,,,None
12954,,,,None
12955,,,,None
12956,,,,None
12957,,,,None
12958,,,,None
12959,,,,None
12960,,,,None
12961,,,,None
12962,,,,None
12963,,,,None
12964,4370.0,4460.0,2026-07-07,None
12965,,,,None
12966,,,,None
12967,,,,None
12968,,,,None
12969,,,,None
12970,,,,None
12971,,,,None
12972,,,,None
12973,5050.0,4960.0,2026-07-07,None
12974,,,,None
12975,,,,None
12976,,,,None
12977,,,,None
12978,,,,None
12979,,,,None
12980,,,,None
12981,,,,None
12982,,,,None
12983,,,,None
12984,,,,None
12985,,,,None
12986,,,,None
12987,,,,None
12988,,,,None
12989,,,,None
12990,,,,None
12991,,,,None
12992,,,,None
12993,,,,None
12994,,,,None
12995,,,,None
12996,,,,None
12997,,,,None
12998,,,,None
12999,,,,None
13000,2140.0,2440.0,2026-07-06,None
13001,,,,None
13002,,,,None
13003,2570.0,2870.0,2026-07-06,None
13004,,,,None
13005,,,,None
13006,,,,None
13007,,,,None
13008,,,,None
13009,,,,None
13010,,,,None
13011,,,,None
13012,,,,None
13013,,,,None
13014,,,,None
13015,,,,None
13016,,,,None
13017,,,,None
13018,3170.0,3470.0,2026-07-06,None
13019,,,,None
13020,,,,None
13021,,,,None
13022,,,,None
13023,,,,None
13024,,,,None
13025,,,,None
13026,,,,None
13027,,,,None
13028,,,,None
13029,,,,None
13030,,,,None
13031,,,,None
13032,,,,None
13033,,,,None
13034,,,,None
13035,,,,None
13036,620.0,690.0,2026-07-07,None
13037,,,,None
13038,,,,None
13039,,,,None
13040,,,,None
13041,735.0,790.0,2026-07-07,None
13042,,,,None
13043,,,,None
13044,,,,None
13045,,,,None
13046,,,,None
13047,,,,None
13048,,,,None
13049,,,,None
13050,,,,None
13051,,,,None
13052,,,,None
13053,,,,None
13054,,,,None
13055,,,,None
13056,,,,None
13057,,,,None
13058,,,,None
13059,,,,None
13060,,,,None
13061,,,,None
13062,,,,None
13063,,,,None
13064,,,,None
13065,,,,None
13066,,,,None
13067,,,,None
13068,,,,None
13069,,,,None
13070,,,,None
13071,,,,None
13072,,,,None
13073,,,,None
13074,,,,None
13075,,,,None
13076,,,,None
13077,,,,None
13078,,,,None
13079,,,,None
13080,,,,None
13081,,,,None
13082,2550.0,2850.0,2026-07-06,None
13083,,,,None
13084,,,,None
13085,,,,None
13086,,,,None
13087,,,,None
13088,,,,None
13089,,,,None
13090,,,,None
13091,,,,None
13092,,,,None
13093,,,,None
13094,4300.0,4600.0,2026-07-06,None
13095,,,,None
13096,,,,None
13097,,,,None
13098,,,,None
13099,,,,None
13100,3750.0,3560.0,2026-07-07,None
13101,,,,None
13102,,,,None
13103,,,,None
13104,,,,None
13105,,,,None
13106,,,,None
13107,,,,None
13108,,,,None
13109,,,,None
13110,,,,None
13111,,,,None
13112,,,,None
13113,,,,None
13114,,,,None
13115,,,,None
13116,,,,None
13117,,,,None
13118,1200.0,1180.0,2026-07-06,None
13119,,,,None
13120,,,,None
13121,,,,None
13122,,,,None
13123,1500.0,1410.0,2026-07-07,None
13124,,,,None
13125,,,,None
13126,,,,None
13127,,,,None
13128,,,,None
13129,,,,None
13130,,,,None
13131,,,,None
13132,,,,None
13133,,,,None
13134,,,,None
13135,,,,None
13136,,,,None
13137,,,,None
13138,,,,None
13139,,,,None
13140,,,,None
13141,,,,None
13142,,,,None
13143,,1650.0,2026-05-11,None
13144,,,,None
13145,,,,None
13146,,,,None
13147,,1850.0,2026-03-28,None
13148,,,,None
13149,,,,None
13150,,,,None
13151,,,,None
13152,,,,None
13153,,,,None
13154,,,,None
13155,,,,None
13156,,,,None
13157,,,,None
13158,,,,None
13159,,,,None
13160,,,,None
13161,,,,None
13162,,,,None
13163,,,,None
13164,,,,None
13165,,,,None
13166,,,,None
13167,,,,None
13168,,,,None
13169,,,,None
13170,,,,None
13171,,,,None
13172,,,,None
13173,,,,None
13174,,,,None
13175,,,,None
13176,,,,None
13177,,,,None
13178,590.0,720.0,2026-06-29,None
13179,,,,None
13180,,,,None
13181,,,,None
13182,,,,None
13183,720.0,840.0,2026-06-29,None
13184,,,,None
13185,,,,None
13186,,,,None
13187,,,,None
13188,,,,None
13189,,,,None
13190,,,,None
13191,,,,None
13192,,,,None
13193,,,,None
13194,,,,None
13195,,,,None
13196,,,,None
13197,,,,None
13198,,,,None
13199,,,,None
13200,,,,None
13201,,,,None
13202,,,,None
13203,,,,None
13204,,,,None
13205,,,,None
13206,,,,None
13207,,,,None
13208,,,,None
13209,,,,None
13210,,,,None
13211,,,,None
13212,,,,None
13213,,,,None
13214,,,,None
13215,,,,None
13216,,,,None
13217,,,,None
13218,,,,None
13219,,,,None
13220,,,,None
13221,,,,None
13222,,,,None
13223,,,,None
13224,,,,None
13225,,,,None
13226,,,,None
13227,,,,None
13228,,,,None
13229,,,,None
13230,,,,None
13231,,,,None
13232,,,,None
13233,,,,None
13234,,,,None
13235,,,,None
13236,,,,None
13237,,,,None
13238,800.0,900.0,2026-06-29,None
13239,,,,None
13240,,,,None
13241,,,,None
13242,,,,None
13243,970.0,1070.0,2026-06-29,None
13244,,,,None
13245,,,,None
13246,,,,None
13247,,,,None
13248,,,,None
13249,,,,None
13250,,,,None
13251,,,,None
13252,,,,None
13253,,,,None
13254,,,,None
13255,,,,None
13256,,,,None
13257,,,,None
13258,,,,None
13259,360.0,355.0,2026-06-22,None
13260,360.0,355.0,2026-06-22,None
13261,360.0,355.0,2026-06-22,None
13262,,,,None
13263,,,,None
13264,,,,None
13265,,,,None
13266,,,,None
13267,,,,None
13268,120.0,119.0,2026-05-25,None
13269,114.0,120.0,2026-07-21,Up
13270,114.0,120.0,2026-07-21,Up
13271,,,,None
13272,114.0,120.0,2026-07-21,Up
13273,130.0,129.0,2026-05-25,None
13274,124.0,130.0,2026-07-21,Up
13275,124.0,130.0,2026-07-21,Up
13276,,,,None
13277,124.0,130.0,2026-07-21,Up
13278,,,,None
13279,,,,None
13280,,,,None
13281,,,,None
13282,,,,None
13283,,,,None
13284,,,,None
13285,,,,None
13286,,,,None
13287,,,,None
13288,,,,None
13289,,,,None
13290,,,,None
13291,470.0,460.0,2026-07-21,Down
13292,470.0,460.0,2026-07-21,Down
13293,,460.0,2026-07-21,None
13294,470.0,460.0,2026-07-21,Down
13295,,470.0,2026-07-21,None
13296,,,,None
13297,,,,None
13298,,,,None
13299,,,,None
13300,,,,None
13301,,,,None
13302,,,,None
13303,,,,None
13304,285.0,290.0,2026-07-21,Up
13305,285.0,290.0,2026-07-21,Up
13306,285.0,290.0,2026-07-21,Up
13307,285.0,290.0,2026-07-21,Up
13308,,,,None
13309,,,,None
13310,135.0,150.0,2026-06-27,None
13311,95.0,110.0,2026-07-07,None
13312,125.0,140.0,2026-06-27,None
13313,,,,None
13314,,,,None
13315,,,,None
13316,,,,None
13317,,,,None
13318,,,,None
13319,1180.0,1100.0,2026-04-06,None
13320,,,,None
13321,1100.0,1090.0,2026-07-04,None
13322,,,,None
13323,,,,None
13324,,,,None
13325,,,,None
13326,,,,None
13327,,,,None
13328,,,,None
13329,,,,None
13330,,,,None
13331,,,,None
13332,,,,None
13333,,,,None
13334,,750.0,2026-04-27,None
13335,,,,None
13336,,750.0,2026-04-06,None
13337,,,,None
13338,,,,None
13339,,,,None
13340,,,,None
13341,,,,None
13342,,,,None
13343,,,,None
13344,,,,None
13345,,,,None
13346,,,,None
13347,,,,None
13348,,,,None
13349,,,,None
13350,,,,None
13351,,,,None
13352,,,,None
13353,360.0,375.0,2026-07-11,None
13354,,,,None
13355,,0.0,2026-04-10,None
13356,385.0,382.0,2026-07-10,None
13357,385.0,382.0,2026-07-10,None
13358,385.0,382.0,2026-07-10,None
13359,,0.0,2026-04-10,None
13360,400.0,410.0,2026-07-04,None
13361,0.0,410.0,2026-04-11,None
13362,0.0,410.0,2026-04-11,None
13363,,0.0,2026-04-10,None
13364,445.0,440.0,2026-07-21,Down
13365,445.0,440.0,2026-07-21,Down
13366,445.0,440.0,2026-07-21,Down
13367,,0.0,2026-04-10,None
13368,490.0,520.0,2026-07-09,None
13369,515.0,520.0,2026-07-10,None
13370,515.0,520.0,2026-07-10,None
13371,,0.0,2026-04-10,None
13372,575.0,570.0,2026-07-04,None
13373,,0.0,2026-04-10,None
13374,540.0,585.0,2026-07-10,None
13355,,0.0,2026-04-10,None
13356,385.0,382.0,2026-07-10,None
13357,385.0,382.0,2026-07-10,None
13358,385.0,382.0,2026-07-10,None
13359,,0.0,2026-04-10,None
13360,400.0,410.0,2026-07-04,None
13361,0.0,410.0,2026-04-11,None
13362,0.0,410.0,2026-04-11,None
13363,,0.0,2026-04-10,None
13364,445.0,440.0,2026-07-21,Down
13365,445.0,440.0,2026-07-21,Down
13366,445.0,440.0,2026-07-21,Down
13367,,0.0,2026-04-10,None
13368,490.0,520.0,2026-07-09,None
13369,515.0,520.0,2026-07-10,None
13370,515.0,520.0,2026-07-10,None
13371,,0.0,2026-04-10,None
13372,575.0,570.0,2026-07-04,None
13373,,0.0,2026-04-10,None
13374,540.0,585.0,2026-07-10,None
13375,595.0,555.0,2026-06-15,None
13376,595.0,585.0,2026-07-16,None
13377,,,,None
13378,380.0,370.0,2026-06-15,None
13379,,,,None
13380,,225.0,2026-04-27,None
13381,,,,None
13382,,33.0,2026-04-27,None
13383,,33.0,2026-04-27,None
13384,,,,None
13385,285.0,300.0,2026-07-10,None
13386,,285.0,2026-04-27,None
13387,,,,None
13388,165.0,163.0,2026-07-10,None
13389,,140.0,2026-05-30,None
13390,,,,None
13391,,,,None
13392,,320.0,2026-06-18,None
13393,,370.0,2026-06-18,None
13394,,,,None
13395,460.0,380.0,2026-06-15,None
13396,110.0,70.0,2026-07-22,Down
13397,,,,None
13398,175.0,185.0,2026-07-15,None
13399,184.0,185.0,2026-06-06,None
13400,175.0,185.0,2026-07-15,None
13401,115.0,110.0,2026-07-22,Down
13402,,60.0,2026-06-20,None
13403,,,,None
13404,,,,None
13405,,,,None
13406,,,,None
13407,,,,None
13408,,,,None
13409,,,,None
13410,640.0,630.0,2026-07-04,None
13411,,,,None
13412,,,,None
13413,,,,None
13414,,,,None
13415,,,,None
13416,870.0,880.0,2026-07-04,None
13417,82.0,77.0,2026-07-18,None
13418,115.0,113.0,2026-07-02,None
13419,,506.0,2026-04-30,None
13420,320.0,315.0,2026-06-04,None
13421,,113.0,2026-04-30,None
13422,,113.0,2026-04-30,None
13423,,113.0,2026-04-30,None
13424,,,,None
13425,,,,None
13426,,,,None
13427,38.0,36.0,2026-06-25,None
13428,,,,None
13429,,36.0,2026-06-25,None
13430,,,,None
13431,,,,None
13432,,,,None
13433,,103.0,2026-04-30,None
13434,,,,None
13435,,,,None
13436,,,,None
13437,,15.0,2026-04-30,None
13438,,,,None
13439,,16.0,2026-07-07,None
13440,,,,None
13441,,,,None
13442,,40.0,2026-04-30,None
13443,,,,None
13444,26.0,30.0,2026-07-07,None
13445,,,,None
13446,,30.0,2026-07-07,None
13447,,,,None
13448,,15.0,2026-04-30,None
13449,,,,None
13450,,,,None
13451,,,,None
13452,,,,None
13453,,,,None
13454,,,,None
13455,,,,None
13456,,,,None
13457,,93.0,2026-04-30,None
13458,,,,None
13459,,,,None
13460,63.0,60.0,2026-07-18,None
13461,63.0,60.0,2026-07-18,None
13462,63.0,60.0,2026-07-18,None
13463,,,,None
13464,,23.0,2026-05-07,None
13465,,23.0,2026-07-18,None
13466,,23.0,2026-06-20,None
13467,,,,None
13468,,23.0,2026-05-07,None
13469,,23.0,2026-07-18,None
13470,,23.0,2026-06-20,None
13471,,,,None
13472,,,,None
13473,,,,None
13474,,,,None
13475,,,,None
13476,,,,None
13477,,,,None
13478,,,,None
13479,,,,None
13480,,950.0,2026-05-07,None
13481,,,,None
13482,,,,None
13483,,,,None
13484,,,,None
13485,,,,None
13486,,,,None
13487,,,,None
13488,,,,None
13489,,,,None
13490,,,,None
13491,,,,None
13492,,,,None
13493,,,,None
13494,,,,None
13495,,,,None
13496,,,,None
13497,,,,None
13498,,1000.0,2026-05-07,None
13499,,,,None
13500,,900.0,2026-07-04,None
13501,,,,None
13502,,,,None
13503,,,,None
13504,,,,None
13505,,,,None
13506,,,,None
13507,,,,None
13508,,,,None
13509,,,,None
13510,,,,None
13511,,,,None
13512,168.0,170.0,2026-06-03,None
13513,168.0,170.0,2026-06-03,None
13514,,,,None
13515,,,,None
13516,,,,None
13517,,,,None
13518,,,,None
13519,,,,None
13520,110.0,120.0,2026-07-09,None
13521,,,,None
13522,160.0,158.0,2026-06-19,None
13523,160.0,158.0,2026-06-19,None
13524,,,,None
13525,170.0,168.0,2026-06-19,None
13526,170.0,168.0,2026-06-19,None
13527,,,,None
13528,197.0,205.0,2026-06-03,None
13529,197.0,205.0,2026-06-03,None
13530,197.0,205.0,2026-06-03,None
13531,,,,None
13532,,,,None
13533,,,,None
13534,,,,None
13535,,,,None
13536,,,,None
13537,,,,None
13538,,,,None
13539,,,,None
13540,,160.0,2026-05-12,None
13541,,160.0,2026-05-12,None
13542,,,,None
13543,,,,None
13544,,,,None
13545,,,,None
13546,1150.0,1120.0,2026-07-01,None
13547,1170.0,1150.0,2026-07-21,Down
13548,1250.0,1150.0,2026-07-21,Down
13549,1150.0,1120.0,2026-07-01,None
13550,,,,None
13551,,,,None
13552,,,,None
13553,,,,None
13554,,,,None
13555,,,,None
13556,,,,None
13557,,,,None
13558,,,,None
13559,,,,None
13560,,,,None
13561,135.0,145.0,2026-07-13,None
13562,,,,None
13563,135.0,145.0,2026-07-13,None
13564,,,,None
13565,,,,None
13566,560.0,540.0,2026-07-21,Down
13567,,540.0,2026-07-21,None
13568,560.0,540.0,2026-07-21,Down
13569,,,,None
13570,,,,None
13571,,,,None
13572,,,,None
13573,,,,None
13574,,,,None
13575,160.0,170.0,2026-07-13,None
13576,,,,None
13577,160.0,170.0,2026-07-13,None
13578,,,,None
13579,,,,None
13580,,,,None
13581,,,,None
13582,,,,None
13583,,212.0,2026-07-21,None
13584,,212.0,2026-07-21,None
13585,,,,None
13586,,212.0,2026-07-21,None
13587,,,,None
13588,725.0,720.0,2026-06-13,None
13589,,,,None
13590,,,,None
13591,,,,None
13592,,,,None
13593,,,,None
13594,,,,None
13595,,,,None
13596,,,,None
13597,,,,None
13598,183.0,182.0,2026-06-11,None
13599,183.0,182.0,2026-06-11,None
13600,,,,None
13601,193.0,192.0,2026-06-11,None
13602,193.0,192.0,2026-06-11,None
13603,,,,None
13604,,150.0,2026-05-18,None
13605,,,,None
13606,,,,None
13607,,160.0,2026-06-01,None
13608,,,,None
13609,106.0,85.0,2026-07-18,None
13610,175.0,162.0,2026-07-18,None
13611,,,,None
13612,175.0,139.0,2026-06-25,None
13613,,139.0,2026-06-25,None
13614,,139.0,2026-06-25,None
13615,,139.0,2026-06-25,None
13616,,139.0,2026-06-25,None
13617,,,,None
13618,220.0,180.0,2026-06-25,None
13619,,180.0,2026-06-25,None
13620,,,,None
13621,,,,None
13622,77.0,80.0,2026-07-18,None
13623,77.0,75.0,2026-07-18,None
13624,77.0,75.0,2026-07-18,None
13625,730.0,750.0,2026-07-04,None
13626,,,,None
13627,,,,None
13628,,,,None
13629,,400.0,2026-05-20,None
13630,,,,None
13631,,400.0,2026-05-20,None
13632,,,,None
13633,,400.0,2026-05-20,None
13634,,,,None
13635,,430.0,2026-07-10,None
13636,460.0,450.0,2026-06-09,None
13637,,,,None
13638,,,,None
13639,480.0,470.0,2026-07-10,None
13640,430.0,410.0,2026-06-09,None
13641,430.0,410.0,2026-06-09,None
13642,430.0,420.0,2026-06-09,None
13643,,140.0,2026-06-20,None
13644,,185.0,2026-06-20,None
13645,,,,None
13646,,82.0,2026-05-24,None
13647,43.0,55.0,2026-05-29,None
13648,,99.0,2026-05-24,None
13649,,,,None
13650,,63.0,2026-05-24,None
13651,,,,None
13652,,63.0,2026-05-24,None
13653,288.0,265.0,2026-07-18,None
13654,160.0,170.0,2026-07-18,None
13655,,,,None
13656,580.0,570.0,2026-06-28,None
13657,550.0,540.0,2026-06-28,None
13658,580.0,570.0,2026-06-28,None
13659,,,,None
13660,540.0,570.0,2026-07-12,None
13661,,,,None
13662,163.0,160.0,2026-07-18,None
13663,170.0,160.0,2026-07-18,None
13664,179.0,175.0,2026-07-18,None
13665,,,,None
13666,,175.0,2026-07-18,None
13667,,,,None
13668,,105.0,2026-07-18,None
13669,113.0,105.0,2026-07-18,None
13670,113.0,105.0,2026-07-18,None
13671,,,,None
13672,,,,None
13673,,,,None
13674,,,,None
13675,,,,None
13676,,,,None
13677,,,,None
13678,,65.0,2026-07-22,None
13679,120.0,110.0,2026-07-22,Down
13680,,,,None
13681,160.0,165.0,2026-07-04,None
13682,,,,None
13683,160.0,165.0,2026-07-04,None
13684,,,,None
13685,490.0,500.0,2026-07-04,None
13686,490.0,500.0,2026-07-04,None
13687,490.0,500.0,2026-07-04,None
13688,,,,None
13689,560.0,550.0,2026-06-22,None
13690,560.0,550.0,2026-06-22,None
13691,,,,None
13692,,,,None
13693,,,,None
13694,,,,None
13695,,,,None
13696,,,,None
13697,,820.0,2026-05-28,None
13698,,820.0,2026-05-28,None
13699,,,,None
13700,,,,None
13701,,,,None
13702,,,,None
13703,,,,None
13704,,,,None
13705,820.0,810.0,2026-06-22,None
13706,810.0,820.0,2026-07-04,None
13707,810.0,820.0,2026-07-04,None
13708,105.0,95.0,2026-07-18,None
13709,,63.0,2026-05-26,None
13710,,38.0,2026-05-26,None
13711,,,,None
13712,,,,None
13713,540.0,535.0,2026-07-10,None
13714,550.0,535.0,2026-07-10,None
13715,550.0,535.0,2026-07-10,None
13716,,,,None
13717,580.0,575.0,2026-07-10,None
13718,590.0,575.0,2026-07-10,None
13719,590.0,575.0,2026-07-10,None
13720,,,,None
13721,,,,None
13722,,,,None
13723,,,,None
13724,,,,None
13725,,,,None
13726,,,,None
13727,,,,None
13728,,,,None
13729,750.0,730.0,2026-06-03,None
13730,750.0,735.0,2026-07-10,None
13731,750.0,735.0,2026-07-10,None
13732,,,,None
13733,,,,None
13734,,,,None
13735,,,,None
13736,,,,None
13737,,,,None
13738,,,,None
13739,,,,None
13740,,,,None
13741,850.0,845.0,2026-07-21,Down
13742,850.0,845.0,2026-07-21,Down
13743,,850.0,2026-06-20,None
13744,,,,None
13745,680.0,675.0,2026-07-10,None
13746,700.0,675.0,2026-07-10,None
13747,700.0,675.0,2026-07-10,None
13748,,,,None
13749,630.0,565.0,2026-07-18,None
13750,145.0,140.0,2026-06-18,None
13751,610.0,440.0,2026-07-18,None
13752,,150.0,2026-05-29,None
13753,60.0,50.0,2026-07-18,None
13754,,,,None
13755,,,,None
13756,,,,None
13757,340.0,337.0,2026-06-06,None
13758,,,,None
13759,,445.0,2026-05-29,None
13760,,40.0,2026-06-01,None
13761,,45.0,2026-06-01,None
13762,,30.0,2026-06-01,None
13763,,220.0,2026-06-01,None
13764,,180.0,2026-06-01,None
13765,,25.0,2026-06-01,None
13766,,30.0,2026-06-01,None
13767,,30.0,2026-06-01,None
13768,,35.0,2026-06-01,None
13769,,70.0,2026-06-01,None
13770,,300.0,2026-06-06,None
13771,300.0,320.0,2026-07-03,None
13772,,,,None
13773,,,,None
13774,,320.0,2026-06-06,None
13775,,,,None
13776,,,,None
13777,,600.0,2026-06-06,None
13778,,330.0,2026-06-06,None
13779,,,,None
13780,,,,None
13781,,52.0,2026-06-06,None
13782,,52.0,2026-06-06,None
13783,,52.0,2026-06-06,None
13784,,,,None
13785,,,,None
13786,,45.0,2026-06-06,None
13787,,,,None
13788,,45.0,2026-06-06,None
13789,,45.0,2026-06-06,None
13790,,,,None
13791,50.0,49.0,2026-07-07,None
13792,,50.0,2026-06-06,None
13793,,50.0,2026-06-06,None
13794,,50.0,2026-06-06,None
13795,,,,None
13796,,50.0,2026-06-06,None
13797,,,,None
13798,,50.0,2026-06-06,None
13799,,220.0,2026-06-06,None
13800,,320.0,2026-06-06,None
13801,,,,None
13802,,,,None
13803,,325.0,2026-06-06,None
13804,,,,None
13805,,35.0,2026-06-06,None
13806,,35.0,2026-06-06,None
13807,,,,None
13808,,,,None
13809,,,,None
13810,,120.0,2026-06-06,None
13811,,,,None
13812,,120.0,2026-06-06,None
13813,155.0,150.0,2026-07-07,None
13814,,,,None
13815,180.0,165.0,2026-07-04,None
13816,,200.0,2026-07-18,None
13817,170.0,165.0,2026-07-18,None
13818,180.0,165.0,2026-07-18,None
13819,250.0,260.0,2026-07-18,None
13820,,,,None
13821,,40.0,2026-06-13,None
13822,,,,None
13823,,,,None
13824,,125.0,2026-06-13,None
13825,,,,None
13826,,,,None
13827,,,,None
13828,,135.0,2026-06-13,None
13829,,,,None
13830,,,,None
13831,,,,None
13832,,,,None
13833,,,,None
13834,,,,None
13835,,,,None
13836,,550.0,2026-06-13,None
13837,,,,None
13838,,,,None
13839,,,,None
13840,,,,None
13841,,600.0,2026-06-13,None
13842,,,,None
13843,,,,None
13844,,,,None
13845,,,,None
13846,,960.0,2026-06-13,None
13847,,800.0,2026-06-13,None
13848,,,,None
13849,,265.0,2026-06-13,None
13850,,,,None
13851,,50.0,2026-06-18,None
13852,,48.0,2026-06-18,None
13853,,52.0,2026-06-18,None
13854,,58.0,2026-06-18,None
13855,,52.0,2026-06-18,None
13856,,48.0,2026-06-18,None
13857,,52.0,2026-06-18,None
13858,410.0,400.0,2026-06-24,None
13859,,125.0,2026-06-18,None
13860,,105.0,2026-06-18,None
13861,,105.0,2026-06-18,None
13862,,115.0,2026-06-18,None
13863,,90.0,2026-06-18,None
13864,,115.0,2026-06-18,None
13865,,115.0,2026-06-18,None
13866,,135.0,2026-06-18,None
13867,,,,None
13868,,57.0,2026-07-18,None
13869,,31.0,2026-07-13,None
13870,,,,None
13871,,150.0,2026-06-25,None
13872,,150.0,2026-06-25,None
13873,,150.0,2026-06-25,None
13874,,,,None
13875,,,,None
13876,,,,None
13877,,,,None
13878,,,,None
13879,,300.0,2026-06-28,None
13880,,300.0,2026-06-28,None
13881,,12.0,2026-07-03,None
13882,,,,None
13883,,190.0,2026-07-03,None
13884,,200.0,2026-07-03,None
13885,,255.0,2026-07-18,None
13886,,45.0,2026-07-03,None
13887,,,,None
13888,,155.0,2026-07-07,None
13889,,,,None
13890,,,,None
13891,,155.0,2026-07-07,None
13892,,,,None
13893,,160.0,2026-07-07,None
13894,,160.0,2026-07-07,None
13895,,160.0,2026-07-07,None
13896,,,,None
13897,,295.0,2026-06-28,None
13898,,295.0,2026-06-28,None
13899,,,,None
13900,,295.0,2026-06-28,None
13901,,,,None
13902,,,,None
13903,,,,None
13904,,,,None
13905,,,,None
13906,,,,None
13907,,345.0,2026-06-28,None
13908,,345.0,2026-06-28,None
13909,,,,None
13910,,345.0,2026-06-28,None
13911,,,,None
13912,,310.0,2026-06-28,None
13913,,305.0,2026-07-07,None
13914,,,,None
13915,,,,None
13916,,100.0,2026-07-07,None
13917,,100.0,2026-07-07,None
13918,,,,None
13919,120.0,100.0,2026-07-07,None
13920,,,,None
13921,,,,None
13922,,,,None
13923,,,,None
13924,,,,None
13925,,,,None
13926,,,,None
13927,,,,None
13928,,,,None
13929,,,,None
13930,,,,None
13931,290.0,295.0,2026-07-08,None
13932,290.0,295.0,2026-07-08,None
13933,290.0,295.0,2026-07-08,None
13934,290.0,295.0,2026-07-08,None
13935,,,,None
13936,,,,None
13937,,,,None
13938,,,,None
13939,,,,None
13940,,,,None
13941,,,,None
13942,,,,None
13943,,,,None
13944,,,,None
13945,,,,None
13946,,,,None
13947,,,,None
13948,,,,None
13949,,,,None
13950,,172.0,2026-07-02,None
13951,,172.0,2026-07-02,None
13952,,,,None
13953,,,,None
13954,,115.0,2026-07-02,None
13955,,115.0,2026-07-02,None
13956,,115.0,2026-07-02,None
13957,,,,None
13958,122.0,124.0,2026-07-08,None
13959,122.0,124.0,2026-07-08,None
13960,122.0,124.0,2026-07-08,None
13961,122.0,124.0,2026-07-08,None
13962,,,,None
13963,300.0,310.0,2026-07-08,None
13964,300.0,310.0,2026-07-08,None
13965,300.0,310.0,2026-07-08,None
13966,300.0,310.0,2026-07-08,None
13967,,,,None
13968,,,,None
13969,,340.0,2026-07-02,None
13970,,340.0,2026-07-02,None
13971,,340.0,2026-07-02,None
13972,,,,None
13973,,,,None
13974,,,,None
13975,,,,None
13976,,,,None
13977,,,,None
13978,,,,None
13979,,,,None
13980,,,,None
13981,,,,None
13982,,,,None
13983,,,,None
13984,,,,None
13985,,,,None
13986,,,,None
13987,,,,None
13988,,,,None
13989,,,,None
13990,,,,None
13991,,,,None
13992,,,,None
13993,,,,None
13994,145.0,150.0,2026-07-08,None
13995,145.0,150.0,2026-07-08,None
13996,145.0,150.0,2026-07-08,None
13997,145.0,150.0,2026-07-08,None
13998,,,,None
13999,,,,None
14000,,,,None
14001,,,,None
14002,,,,None
14003,,,,None
14004,,,,None
14005,,,,None
14006,,,,None
14007,,,,None
14008,,,,None
14009,,,,None
14010,,,,None
14011,,,,None
14012,,,,None
14013,,,,None
14014,,,,None
14015,,,,None
14016,,,,None
14017,,,,None
14018,,,,None
14019,,230.0,2026-07-02,None
14020,,,,None
14021,,,,None
14022,,,,None
14023,,,,None
14024,,,,None
14025,,,,None
14026,,192.0,2026-07-02,None
14027,,192.0,2026-07-02,None
14028,,192.0,2026-07-02,None
14029,,,,None
14030,,560.0,2026-07-07,None
14031,,,,None
14032,,80.0,2026-07-07,None
14033,,,,None
14034,,80.0,2026-07-07,None
14035,,90.0,2026-07-07,None
14036,,17.0,2026-07-07,None
14037,,170.0,2026-07-07,None
14038,,250.0,2026-07-07,None
14039,,400.0,2026-07-07,None
14040,,125.0,2026-07-07,None
14041,,480.0,2026-07-07,None
14042,,,,None
14043,,385.0,2026-07-04,None
14044,,,,None
14045,,520.0,2026-07-04,None
14046,,,,None
14047,,,,None
14048,,350.0,2026-07-04,None
14049,,,,None
14050,,,,None
14051,,,,None
14052,,400.0,2026-07-04,None
14053,,400.0,2026-07-04,None
14054,,,,None
14055,,,,None
14056,,,,None
14057,,,,None
14058,,,,None
14059,,,,None
14060,,,,None
14061,,550.0,2026-07-04,None
14062,,,,None
14063,,,,None
14064,,,,None
14065,,,,None
14066,,,,None
14067,,450.0,2026-07-04,None
14068,,,,None
14069,,,,None
14070,,,,None
14071,,,,None
14072,,,,None
14073,,,,None
14074,,700.0,2026-07-04,None
14075,,,,None
14076,,,,None
14077,,,,None
14078,,,,None
14079,,750.0,2026-07-04,None
14080,,,,None
14081,,,,None
14082,,,,None
14083,,42.0,2026-07-07,None
14084,47.0,45.0,2026-07-22,Down
14085,,55.0,2026-07-07,None
14086,,210.0,2026-07-07,None
14087,,,,None
14088,,185.0,2026-07-07,None
14089,,185.0,2026-07-07,None
14090,,,,None
14091,,,,None
14092,,50.0,2026-07-07,None
14093,,50.0,2026-07-07,None
14094,,910.0,2026-07-12,None
14095,,910.0,2026-07-12,None
14096,,910.0,2026-07-12,None
14097,,910.0,2026-07-12,None
14098,,910.0,2026-07-12,None
14099,,,,None
14100,,,,None
14101,,,,None
14102,,,,None
14103,,,,None
14104,,1500.0,2026-07-12,None
14105,,1480.0,2026-07-12,None
14106,,1480.0,2026-07-12,None
14107,,1760.0,2026-07-12,None
14108,,1740.0,2026-07-12,None
14109,,1750.0,2026-07-12,None
14110,,2050.0,2026-07-12,None
14111,,2030.0,2026-07-12,None
14112,,2100.0,2026-07-12,None
14113,,950.0,2026-07-12,None
14114,,950.0,2026-07-12,None
14115,,970.0,2026-07-12,None
14116,,1000.0,2026-07-12,None
14117,,,,None
14118,,,,None
14119,,,,None
14120,,,,None
14121,,,,None
14122,,,,None
14123,,,,None
14124,,,,None
14125,,1370.0,2026-07-12,None
14126,,1360.0,2026-07-12,None
14127,,1400.0,2026-07-12,None
14128,,1650.0,2026-07-12,None
14129,,1620.0,2026-07-12,None
14130,,1690.0,2026-07-12,None
14131,,,,None
14132,,,,None
14133,,,,None
14134,,2630.0,2026-07-12,None
14135,,2630.0,2026-07-12,None
14136,,2630.0,2026-07-12,None
14137,,,,None
14138,,,,None
14139,,,,None
14140,,,,None
14141,,,,None
14142,,,,None
14143,,,,None
14144,,,,None
14145,,,,None
14146,,,,None
14147,,1400.0,2026-07-12,None
14148,1330.0,1350.0,2026-07-12,None
14149,1370.0,1390.0,2026-07-12,None
14150,1670.0,1700.0,2026-07-12,None
14151,,1580.0,2026-07-12,None
14152,,1600.0,2026-07-12,None
14153,,2000.0,2026-07-12,None
14154,,1900.0,2026-07-12,None
14155,,1850.0,2026-07-12,None
14156,,2600.0,2026-07-12,None
14157,,2300.0,2026-07-12,None
14158,,2200.0,2026-07-12,None
14159,,1300.0,2026-07-12,None
14160,,1290.0,2026-07-12,None
14161,,1300.0,2026-07-12,None
14162,,1660.0,2026-07-12,None
14163,,1450.0,2026-07-12,None
14164,,1660.0,2026-07-12,None
14165,,,,None
14166,,1650.0,2026-07-12,None
14167,,,,None
14168,,910.0,2026-07-12,None
14170,,,,None
14176,,,,None
14178,,,,None
14180,,,,None
14182,,,,None
14190,,2630.0,2026-07-13,None
14192,,890.0,2026-07-12,None
14194,,,,None
14196,,,,None
14198,,,,None
14200,,,,None
14202,,,,None
14204,,,,None
14206,,,,None
14208,,1650.0,2026-07-13,None
14210,,,,None
14211,,,,None
14212,,,,None
14213,,,,None
14214,,,,None
14215,,30.0,2026-07-18,None
14216,,75.0,2026-07-18,None
14217,,43.0,2026-07-18,None
14218,,580.0,2026-07-18,None
14219,,,,None
14220,,,,None
14221,,120.0,2026-07-18,None
14222,,,,None
14223,,,,None
14224,,,,None
14225,,,,None
14226,,135.0,2026-07-18,None
14227,,135.0,2026-07-18,None
14228,,,,None
14229,,135.0,2026-07-18,None
14230,,135.0,2026-07-18,None
14231,,,,None
14232,,,,None
14233,,150.0,2026-07-18,None
14234,,150.0,2026-07-18,None
14235,,150.0,2026-07-18,None
14236,,150.0,2026-07-18,None
14237,,300.0,2026-07-18,None
14238,,,,None
14239,,80.0,2026-07-18,None
14240,,,,None
14241,,,,None
14242,,,,None
14243,,,,None
14244,,,,None
14245,,,,None
14246,,,,None
14247,,590.0,2026-07-18,None
14248,,,,None
14249,,590.0,2026-07-18,None
14250,,,,None
14251,,,,None
14252,,,,None
14253,,600.0,2026-07-18,None
14254,,670.0,2026-07-18,None
14255,,,,None
318,,0.0,2026-07-22,None
319,,0.0,2026-07-22,None
320,,0.0,2026-07-22,None
321,,0.0,2026-07-22,None
322,,0.0,2026-07-22,None
323,,0.0,2026-07-22,None
324,,0.0,2026-07-22,None
325,,0.0,2026-07-22,None
2009,,0.0,2026-07-22,None
2010,,0.0,2026-07-22,None
2011,,0.0,2026-07-22,None
2012,,0.0,2026-07-22,None
2013,,0.0,2026-07-22,None
2014,,0.0,2026-07-22,None
318,,0.0,2026-07-22,None
319,,0.0,2026-07-22,None
320,,0.0,2026-07-22,None
321,,0.0,2026-07-22,None
322,,0.0,2026-07-22,None
323,,0.0,2026-07-22,None
324,,0.0,2026-07-22,None
325,,0.0,2026-07-22,None
2009,,0.0,2026-07-22,None
2010,,0.0,2026-07-22,None
2011,,0.0,2026-07-22,None
2012,,0.0,2026-07-22,None
2013,,0.0,2026-07-22,None
2014,,0.0,2026-07-22,None
3297,,0.0,2026-07-22,None
3297,,0.0,2026-07-22,None
3468,,0.0,2026-07-22,None
3469,,0.0,2026-07-22,None
3470,,0.0,2026-07-22,None
3471,,0.0,2026-07-22,None
3472,,0.0,2026-07-22,None
3473,,0.0,2026-07-22,None
3474,,0.0,2026-07-22,None
3475,,0.0,2026-07-22,None
3476,,0.0,2026-07-22,None
3477,,0.0,2026-07-22,None
3478,,0.0,2026-07-22,None
3479,,0.0,2026-07-22,None
3480,,0.0,2026-07-22,None
3468,,0.0,2026-07-22,None
3469,,0.0,2026-07-22,None
3470,,0.0,2026-07-22,None
3471,,0.0,2026-07-22,None
3472,,0.0,2026-07-22,None
3473,,0.0,2026-07-22,None
3474,,0.0,2026-07-22,None
3475,,0.0,2026-07-22,None
3476,,0.0,2026-07-22,None
3477,,0.0,2026-07-22,None
3478,,0.0,2026-07-22,None
3479,,0.0,2026-07-22,None
3480,,0.0,2026-07-22,None
3481,,0.0,2026-07-22,None
3482,,0.0,2026-07-22,None
3483,,0.0,2026-07-22,None
3484,,0.0,2026-07-22,None
3485,,0.0,2026-07-22,None
3486,,0.0,2026-07-22,None
3487,,0.0,2026-07-22,None
3488,,0.0,2026-07-22,None
3481,,0.0,2026-07-22,None
3482,,0.0,2026-07-22,None
3483,,0.0,2026-07-22,None
3484,,0.0,2026-07-22,None
3485,,0.0,2026-07-22,None
3486,,0.0,2026-07-22,None
3487,,0.0,2026-07-22,None
3488,,0.0,2026-07-22,None
3489,,0.0,2026-07-22,None
3490,,0.0,2026-07-22,None
3491,,0.0,2026-07-22,None
3492,,0.0,2026-07-22,None
3493,,0.0,2026-07-22,None
3494,,0.0,2026-07-22,None
3495,,0.0,2026-07-22,None
3496,,0.0,2026-07-22,None
3489,,0.0,2026-07-22,None
3490,,0.0,2026-07-22,None
3491,,0.0,2026-07-22,None
3492,,0.0,2026-07-22,None
3493,,0.0,2026-07-22,None
3494,,0.0,2026-07-22,None
3495,,0.0,2026-07-22,None
3496,,0.0,2026-07-22,None
5530,,0.0,2026-07-22,None
5531,,0.0,2026-07-22,None
5532,,0.0,2026-07-22,None
5533,,0.0,2026-07-22,None
5595,,0.0,2026-07-22,None
5596,,0.0,2026-07-22,None
5597,,0.0,2026-07-22,None
5598,,0.0,2026-07-22,None
5530,,0.0,2026-07-22,None
5531,,0.0,2026-07-22,None
5532,,0.0,2026-07-22,None
5533,,0.0,2026-07-22,None
5595,,0.0,2026-07-22,None
5596,,0.0,2026-07-22,None
5597,,0.0,2026-07-22,None
5598,,0.0,2026-07-22,None
5779,,0.0,2026-07-22,None
5780,,0.0,2026-07-22,None
5781,,0.0,2026-07-22,None
5782,,0.0,2026-07-22,None
5783,,0.0,2026-07-22,None
5784,,0.0,2026-07-22,None
5785,,0.0,2026-07-22,None
5786,,0.0,2026-07-22,None
5787,,0.0,2026-07-22,None
5788,,0.0,2026-07-22,None
5789,,0.0,2026-07-22,None
5790,,0.0,2026-07-22,None
5791,,0.0,2026-07-22,None
5792,,0.0,2026-07-22,None
5793,,0.0,2026-07-22,None
5794,,0.0,2026-07-22,None
5795,,0.0,2026-07-22,None
5796,,0.0,2026-07-22,None
5797,,0.0,2026-07-22,None
5798,,0.0,2026-07-22,None
5799,,0.0,2026-07-22,None
5800,,0.0,2026-07-22,None
5801,,0.0,2026-07-22,None
5802,,0.0,2026-07-22,None
5803,,0.0,2026-07-22,None
5804,,0.0,2026-07-22,None
5805,,0.0,2026-07-22,None
5806,,0.0,2026-07-22,None
5807,,0.0,2026-07-22,None
5808,,0.0,2026-07-22,None
5809,,0.0,2026-07-22,None
5810,,0.0,2026-07-22,None
5811,,0.0,2026-07-22,None
5812,,0.0,2026-07-22,None
5813,,0.0,2026-07-22,None
5814,,0.0,2026-07-22,None
5815,,0.0,2026-07-22,None
5816,,0.0,2026-07-22,None
5817,,0.0,2026-07-22,None
5818,,0.0,2026-07-22,None
5819,,0.0,2026-07-22,None
5820,,0.0,2026-07-22,None
5821,,0.0,2026-07-22,None
5822,,0.0,2026-07-22,None
5823,,0.0,2026-07-22,None
5824,,0.0,2026-07-22,None
5825,,0.0,2026-07-22,None
5826,,0.0,2026-07-22,None
5827,,0.0,2026-07-22,None
5828,,0.0,2026-07-22,None
5829,,0.0,2026-07-22,None
5830,,0.0,2026-07-22,None
5831,,0.0,2026-07-22,None
5832,,0.0,2026-07-22,None
5833,,0.0,2026-07-22,None
5834,,0.0,2026-07-22,None
5835,,0.0,2026-07-22,None
5836,,0.0,2026-07-22,None
5837,,0.0,2026-07-22,None
5838,,0.0,2026-07-22,None
5839,,0.0,2026-07-22,None
5840,,0.0,2026-07-22,None
5841,,0.0,2026-07-22,None
5842,,0.0,2026-07-22,None
5843,,0.0,2026-07-22,None
5844,,0.0,2026-07-22,None
5845,,0.0,2026-07-22,None
5846,,0.0,2026-07-22,None
5847,,0.0,2026-07-22,None
5848,,0.0,2026-07-22,None
5779,,0.0,2026-07-22,None
5780,,0.0,2026-07-22,None
5781,,0.0,2026-07-22,None
5782,,0.0,2026-07-22,None
5783,,0.0,2026-07-22,None
5784,,0.0,2026-07-22,None
5785,,0.0,2026-07-22,None
5786,,0.0,2026-07-22,None
5787,,0.0,2026-07-22,None
5788,,0.0,2026-07-22,None
5789,,0.0,2026-07-22,None
5790,,0.0,2026-07-22,None
5791,,0.0,2026-07-22,None
5792,,0.0,2026-07-22,None
5793,,0.0,2026-07-22,None
5794,,0.0,2026-07-22,None
5795,,0.0,2026-07-22,None
5796,,0.0,2026-07-22,None
5797,,0.0,2026-07-22,None
5798,,0.0,2026-07-22,None
5799,,0.0,2026-07-22,None
5800,,0.0,2026-07-22,None
5801,,0.0,2026-07-22,None
5802,,0.0,2026-07-22,None
5803,,0.0,2026-07-22,None
5804,,0.0,2026-07-22,None
5805,,0.0,2026-07-22,None
5806,,0.0,2026-07-22,None
5807,,0.0,2026-07-22,None
5808,,0.0,2026-07-22,None
5809,,0.0,2026-07-22,None
5810,,0.0,2026-07-22,None
5811,,0.0,2026-07-22,None
5812,,0.0,2026-07-22,None
5813,,0.0,2026-07-22,None
5814,,0.0,2026-07-22,None
5815,,0.0,2026-07-22,None
5816,,0.0,2026-07-22,None
5817,,0.0,2026-07-22,None
5818,,0.0,2026-07-22,None
5819,,0.0,2026-07-22,None
5820,,0.0,2026-07-22,None
5821,,0.0,2026-07-22,None
5822,,0.0,2026-07-22,None
5823,,0.0,2026-07-22,None
5824,,0.0,2026-07-22,None
5825,,0.0,2026-07-22,None
5826,,0.0,2026-07-22,None
5827,,0.0,2026-07-22,None
5828,,0.0,2026-07-22,None
5829,,0.0,2026-07-22,None
5830,,0.0,2026-07-22,None
5831,,0.0,2026-07-22,None
5832,,0.0,2026-07-22,None
5833,,0.0,2026-07-22,None
5834,,0.0,2026-07-22,None
5835,,0.0,2026-07-22,None
5836,,0.0,2026-07-22,None
5837,,0.0,2026-07-22,None
5838,,0.0,2026-07-22,None
5839,,0.0,2026-07-22,None
5840,,0.0,2026-07-22,None
5841,,0.0,2026-07-22,None
5842,,0.0,2026-07-22,None
5843,,0.0,2026-07-22,None
5844,,0.0,2026-07-22,None
5845,,0.0,2026-07-22,None
5846,,0.0,2026-07-22,None
5847,,0.0,2026-07-22,None
5848,,0.0,2026-07-22,None
5919,,0.0,2026-07-22,None
5920,,0.0,2026-07-22,None
5921,,0.0,2026-07-22,None
5922,,0.0,2026-07-22,None
5939,,0.0,2026-07-22,None
5940,,0.0,2026-07-22,None
5941,,0.0,2026-07-22,None
5942,,0.0,2026-07-22,None
5959,,0.0,2026-07-22,None
5960,,0.0,2026-07-22,None
5961,,0.0,2026-07-22,None
5962,,0.0,2026-07-22,None
5979,,0.0,2026-07-22,None
5980,,0.0,2026-07-22,None
5981,,0.0,2026-07-22,None
5982,,0.0,2026-07-22,None
5919,,0.0,2026-07-22,None
5920,,0.0,2026-07-22,None
5921,,0.0,2026-07-22,None
5922,,0.0,2026-07-22,None
5939,,0.0,2026-07-22,None
5940,,0.0,2026-07-22,None
5941,,0.0,2026-07-22,None
5942,,0.0,2026-07-22,None
5959,,0.0,2026-07-22,None
5960,,0.0,2026-07-22,None
5961,,0.0,2026-07-22,None
5962,,0.0,2026-07-22,None
5979,,0.0,2026-07-22,None
5980,,0.0,2026-07-22,None
5981,,0.0,2026-07-22,None
5982,,0.0,2026-07-22,None
6201,,0.0,2026-07-22,None
6202,,0.0,2026-07-22,None
6203,,0.0,2026-07-22,None
6204,,0.0,2026-07-22,None
6205,,0.0,2026-07-22,None
6206,,0.0,2026-07-22,None
6201,,0.0,2026-07-22,None
6202,,0.0,2026-07-22,None
6203,,0.0,2026-07-22,None
6204,,0.0,2026-07-22,None
6205,,0.0,2026-07-22,None
6206,,0.0,2026-07-22,None
6215,,0.0,2026-07-22,None
6216,,0.0,2026-07-22,None
6217,,0.0,2026-07-22,None
6218,,0.0,2026-07-22,None
6215,,0.0,2026-07-22,None
6216,,0.0,2026-07-22,None
6217,,0.0,2026-07-22,None
6218,,0.0,2026-07-22,None
6286,,0.0,2026-07-22,None
6286,,0.0,2026-07-22,None
10643,,0.0,2026-07-22,None
10644,,0.0,2026-07-22,None
10645,,0.0,2026-07-22,None
10646,,0.0,2026-07-22,None
10651,,0.0,2026-07-22,None
10652,,0.0,2026-07-22,None
10653,,0.0,2026-07-22,None
10654,,0.0,2026-07-22,None
10655,,0.0,2026-07-22,None
10656,,0.0,2026-07-22,None
10657,,0.0,2026-07-22,None
10658,,0.0,2026-07-22,None
10659,,0.0,2026-07-22,None
10660,,0.0,2026-07-22,None
10661,,0.0,2026-07-22,None
10662,,0.0,2026-07-22,None
10663,,0.0,2026-07-22,None
10664,,0.0,2026-07-22,None
10665,,0.0,2026-07-22,None
10666,,0.0,2026-07-22,None
10667,,0.0,2026-07-22,None
10668,,0.0,2026-07-22,None
10669,,0.0,2026-07-22,None
10670,,0.0,2026-07-22,None
10671,,0.0,2026-07-22,None
10672,,0.0,2026-07-22,None
10673,,0.0,2026-07-22,None
10674,,0.0,2026-07-22,None
10675,,0.0,2026-07-22,None
10676,,0.0,2026-07-22,None
10677,,0.0,2026-07-22,None
10678,,0.0,2026-07-22,None
10643,,0.0,2026-07-22,None
10644,,0.0,2026-07-22,None
10645,,0.0,2026-07-22,None
10646,,0.0,2026-07-22,None
10651,,0.0,2026-07-22,None
10652,,0.0,2026-07-22,None
10653,,0.0,2026-07-22,None
10654,,0.0,2026-07-22,None
10655,,0.0,2026-07-22,None
10656,,0.0,2026-07-22,None
10657,,0.0,2026-07-22,None
10658,,0.0,2026-07-22,None
10659,,0.0,2026-07-22,None
10660,,0.0,2026-07-22,None
10661,,0.0,2026-07-22,None
10662,,0.0,2026-07-22,None
10663,,0.0,2026-07-22,None
10664,,0.0,2026-07-22,None
10665,,0.0,2026-07-22,None
10666,,0.0,2026-07-22,None
10667,,0.0,2026-07-22,None
10668,,0.0,2026-07-22,None
10669,,0.0,2026-07-22,None
10670,,0.0,2026-07-22,None
10671,,0.0,2026-07-22,None
10672,,0.0,2026-07-22,None
10673,,0.0,2026-07-22,None
10674,,0.0,2026-07-22,None
10675,,0.0,2026-07-22,None
10676,,0.0,2026-07-22,None
10677,,0.0,2026-07-22,None
10678,,0.0,2026-07-22,None
10683,,0.0,2026-07-22,None
10684,,0.0,2026-07-22,None
10685,,0.0,2026-07-22,None
10683,,0.0,2026-07-22,None
10684,,0.0,2026-07-22,None
10685,,0.0,2026-07-22,None
12527,,0.0,2026-07-22,None
12528,,0.0,2026-07-22,None
12529,,0.0,2026-07-22,None
12530,,0.0,2026-07-22,None
12527,,0.0,2026-07-22,None
12528,,0.0,2026-07-22,None
12529,,0.0,2026-07-22,None
12530,,0.0,2026-07-22,None
12862,,0.0,2026-07-22,None
12863,,0.0,2026-07-22,None
12875,,0.0,2026-07-22,None
12862,,0.0,2026-07-22,None
12863,,0.0,2026-07-22,None
12875,,0.0,2026-07-22,None
14169,,0.0,2026-07-22,None
14171,,0.0,2026-07-22,None
14172,,0.0,2026-07-22,None
14173,,0.0,2026-07-22,None
14174,,0.0,2026-07-22,None
14175,,0.0,2026-07-22,None
14177,,0.0,2026-07-22,None
14179,,0.0,2026-07-22,None
14181,,0.0,2026-07-22,None
14183,,0.0,2026-07-22,None
14184,,0.0,2026-07-22,None
14185,,0.0,2026-07-22,None
14186,,0.0,2026-07-22,None
14187,,0.0,2026-07-22,None
14188,,0.0,2026-07-22,None
14189,,0.0,2026-07-22,None
14191,,0.0,2026-07-22,None
14193,,0.0,2026-07-22,None
14195,,0.0,2026-07-22,None
14197,,0.0,2026-07-22,None
14199,,0.0,2026-07-22,None
14201,,0.0,2026-07-22,None
14203,,0.0,2026-07-22,None
14205,,0.0,2026-07-22,None
14207,,0.0,2026-07-22,None
14209,,0.0,2026-07-22,None
14169,,0.0,2026-07-22,None
14171,,0.0,2026-07-22,None
14172,,0.0,2026-07-22,None
14173,,0.0,2026-07-22,None
14174,,0.0,2026-07-22,None
14175,,0.0,2026-07-22,None
14177,,0.0,2026-07-22,None
14179,,0.0,2026-07-22,None
14181,,0.0,2026-07-22,None
14183,,0.0,2026-07-22,None
14184,,0.0,2026-07-22,None
14185,,0.0,2026-07-22,None
14186,,0.0,2026-07-22,None
14187,,0.0,2026-07-22,None
14188,,0.0,2026-07-22,None
14189,,0.0,2026-07-22,None
14191,,0.0,2026-07-22,None
14193,,0.0,2026-07-22,None
14195,,0.0,2026-07-22,None
14197,,0.0,2026-07-22,None
14199,,0.0,2026-07-22,None
14201,,0.0,2026-07-22,None
14203,,0.0,2026-07-22,None
14205,,0.0,2026-07-22,None
14207,,0.0,2026-07-22,None
14209,,0.0,2026-07-22,None
