id,model_name,category_id,memory,color
1,Xiaomi Smart Camera C300,44,,
2,Xiaomi Mi 360° Home Security Camera 2K Pro,44,,
3,Xiaomi Smart Camera C200,44,,
4,Apple AirTag,49,,
5,Apple AirTag (4 Pack),49,,
6,Honor Pad X9 4G (Sim),29,4/128Gb,Space Gray
7,Samsung Car Charger 45W+15W Dual,41,,
8,Samsung Car Charger 15w Dual,41,,
9,Amazfit GTR 3 Pro,23,,Brown Leather
10,Amazfit GTR 3 Pro,23,,Infinite Black
11,Amazfit GTR Mini,23,,Midnight Black
12,Amazfit GTR Mini,23,,Misty Pink
13,Amazfit GTR Mini,23,,Ocean Blue
14,Amazfit GTR 4,23,,Superspeed Black - Fluoroelastomer strap
15,Amazfit GTR 4,23,,Superspeed Black - Liquid silicone strap
16,Amazfit GTR 4,23,,Vintage Brown Leather - Leather strap
17,Amazfit GTR 4,23,,Racetrack Grey - Nylon strap
18,Amazfit Band 7,23,,Black
19,Amazfit Band 7,23,,Beige
20,Amazfit Band 7,23,,Green
21,Amazfit Band 7,23,,Blue
22,Amazfit Band 7,23,,Pink
23,Amazfit Band 7,23,,Orange
24,Amazfit Pop 3S,23,,Black
25,Amazfit Pop 3S,23,,Silver
26,Amazfit Pop 3S,23,,Metallic Black
27,Amazfit Pop 3S,23,,Metallic Silver
28,Amazfit Balance,23,,Sunset Grey
29,Amazfit Balance,23,,Midnight
30,Amazfit Balance,23,,Lagoon
31,Amazfit Balance,23,,Woodland
32,Amazfit Balance,23,,Meadow
33,Amazfit Balance,23,,Deep Sea Blue
34,Amazfit GTR 2,23,,Thunder Black (New)
35,Amazfit GTR 2,23,,Lightning Grey (New)
36,Amazfit GTR 2,23,,Obsidian Black / Sport
37,Amazfit GTR 2,23,,Obsidian Black / Classic
38,Amazfit Pop 3R,23,,Black
39,Amazfit Pop 3R,23,,Silver
40,Amazfit Pop 3R,23,,Metallic Black
41,Amazfit Pop 3R,23,,Metallic Silver
42,Amazfit Bip 3,23,,Black
43,Amazfit Bip 3,23,,Blue
44,Amazfit Bip 3,23,,Pink
45,Amazfit GTS 4,23,,Infinite Black
46,Amazfit GTS 4,23,,Autumn Brown
47,Amazfit GTS 4,23,,Rosebud Pink
48,Amazfit GTS 4,23,,Misty White
49,Amazfit GTS 2 mini,23,,Midnight Black
50,Amazfit GTS 2 mini,23,,Flamingo Pink
51,Amazfit GTS 2 mini,23,,Flamingo Pink (New Version)
52,Amazfit GTS 2 mini,23,,Sage Green
53,Amazfit GTS 2 mini,23,,Breeze Blue (New Version)
54,Amazfit GTS 2 mini,23,,Meteor Black (New Version)
55,Amazfit GTS 2,23,,Midnight Black (New Version)
56,Amazfit GTS 2,23,,Black
57,Amazfit GTS 2,23,,Grey
58,Amazfit GTS 2,23,,Gold
59,Amazfit GTS 2,23,,Pink (New Version)
60,Apple iPhone 14 Pro Max (Sim),1,128Gb,Space Black
61,Apple iPhone 14 Pro Max (Sim),1,128Gb,Silver
62,Apple iPhone 14 Pro Max (Sim),1,128Gb,Gold
63,Apple iPhone 14 Pro Max (Sim),1,128Gb,Deep Purple
64,Apple iPhone 14 Pro Max (Sim),1,256Gb,Space Black
65,Apple iPhone 14 Pro Max (Sim),1,256Gb,Silver
66,Apple iPhone 14 Pro Max (Sim),1,256Gb,Gold
67,Apple iPhone 14 Pro Max (Sim),1,256Gb,Deep Purple
68,Apple iPhone 14 Pro Max (Sim),1,512Gb,Space Black
69,Apple iPhone 14 Pro Max (Sim),1,512Gb,Silver
70,Apple iPhone 14 Pro Max (Sim),1,512Gb,Gold
71,Apple iPhone 14 Pro Max (Sim),1,512Gb,Deep Purple
72,Apple iPhone 14 Pro Max (Sim),1,1Tb,Space Black
73,Apple iPhone 14 Pro Max (Sim),1,1Tb,Silver
74,Apple iPhone 14 Pro Max (Sim),1,1Tb,Gold
75,Apple iPhone 14 Pro Max (Sim),1,1Tb,Deep Purple
76,Apple iPhone 14 (Sim),1,128Gb,Midnight
77,Apple iPhone 14 (Sim),1,128Gb,Purple
78,Apple iPhone 14 (Sim),1,128Gb,Starlight
79,Apple iPhone 14 (Sim),1,128Gb,Blue
80,Apple iPhone 14 (Sim),1,128Gb,Red
81,Apple iPhone 14 (Sim),1,256Gb,Midnight
82,Apple iPhone 14 (Sim),1,256Gb,Purple
83,Apple iPhone 14 (Sim),1,256Gb,Starlight
84,Apple iPhone 14 (Sim),1,256Gb,Blue
85,Apple iPhone 14 (Sim),1,256Gb,Red
86,Apple iPhone 14 (Sim),1,512Gb,Midnight
87,Apple iPhone 14 (Sim),1,512Gb,Purple
88,Apple iPhone 14 (Sim),1,512Gb,Starlight
89,Apple iPhone 14 (Sim),1,512Gb,Blue
90,Apple iPhone 14 (Sim),1,512Gb,Red
91,Apple iPhone 13 Mini (Sim),1,128Gb,Starlight
92,Apple iPhone 13 Mini (Sim),1,128Gb,Midnight
93,Apple iPhone 13 Mini (Sim),1,128Gb,Blue
94,Apple iPhone 13 Mini (Sim),1,128Gb,Pink
95,Apple iPhone 13 Mini (Sim),1,128Gb,Red
96,Apple iPhone 13 Mini (Sim),1,128Gb,Green
97,Apple iPhone 13 Mini (Sim),1,256Gb,Starlight
98,Apple iPhone 13 Mini (Sim),1,256Gb,Midnight
99,Apple iPhone 13 Mini (Sim),1,256Gb,Blue
100,Apple iPhone 13 Mini (Sim),1,256Gb,Pink
101,Apple iPhone 13 Mini (Sim),1,256Gb,Red
102,Apple iPhone 13 Mini (Sim),1,256Gb,Green
103,Apple iPhone 13 Mini (Sim),1,512Gb,Starlight
104,Apple iPhone 13 Mini (Sim),1,512Gb,Midnight
105,Apple iPhone 13 Mini (Sim),1,512Gb,Blue
106,Apple iPhone 13 Mini (Sim),1,512Gb,Pink
107,Apple iPhone 13 Mini (Sim),1,512Gb,Red
108,Apple iPhone 13 Mini (Sim),1,512Gb,Green
109,Apple iPhone 11 (Sim),1,64Gb,Black
110,Apple iPhone 11 (Sim),1,64Gb,Green
111,Apple iPhone 11 (Sim),1,64Gb,Yellow
112,Apple iPhone 11 (Sim),1,64Gb,Purple
113,Apple iPhone 11 (Sim),1,64Gb,Red
114,Apple iPhone 11 (Sim),1,64Gb,White
115,Apple iPhone 11 (Sim),1,128Gb,Black
116,Apple iPhone 11 (Sim),1,128Gb,Green
117,Apple iPhone 11 (Sim),1,128Gb,Yellow
118,Apple iPhone 11 (Sim),1,128Gb,Purple
119,Apple iPhone 11 (Sim),1,128Gb,Red
120,Apple iPhone 11 (Sim),1,128Gb,White
121,Apple iPhone 11 (Sim),1,256Gb,Black
122,Apple iPhone 11 (Sim),1,256Gb,Green
123,Apple iPhone 11 (Sim),1,256Gb,Yellow
124,Apple iPhone 11 (Sim),1,256Gb,Purple
125,Apple iPhone 11 (Sim),1,256Gb,Red
126,Apple iPhone 11 (Sim),1,256Gb,White
127,Apple iPhone 15 (Sim),1,128Gb,Black
128,Apple iPhone 15 (Sim),1,128Gb,Blue
129,Apple iPhone 15 (Sim),1,128Gb,Green
130,Apple iPhone 15 (Sim),1,128Gb,Yellow
131,Apple iPhone 15 (Sim),1,128Gb,Pink
132,Apple iPhone 15 (Sim),1,256Gb,Black
133,Apple iPhone 15 (Sim),1,256Gb,Blue
134,Apple iPhone 15 (Sim),1,256Gb,Green
135,Apple iPhone 15 (Sim),1,256Gb,Yellow
136,Apple iPhone 15 (Sim),1,256Gb,Pink
137,Apple iPhone 15 (Sim),1,512Gb,Black
138,Apple iPhone 15 (Sim),1,512Gb,Blue
139,Apple iPhone 15 (Sim),1,512Gb,Green
140,Apple iPhone 15 (Sim),1,512Gb,Yellow
141,Apple iPhone 15 (Sim),1,512Gb,Pink
142,Apple iPhone 13 Pro (Sim),1,128Gb,Graphite
143,Apple iPhone 13 Pro (Sim),1,128Gb,Gold
144,Apple iPhone 13 Pro (Sim),1,128Gb,Silver
145,Apple iPhone 13 Pro (Sim),1,128Gb,Sierra Blue
146,Apple iPhone 13 Pro (Sim),1,256Gb,Graphite
147,Apple iPhone 13 Pro (Sim),1,256Gb,Gold
148,Apple iPhone 13 Pro (Sim),1,256Gb,Silver
149,Apple iPhone 13 Pro (Sim),1,256Gb,Sierra Blue
150,Apple iPhone 13 Pro (Sim),1,512Gb,Graphite
151,Apple iPhone 13 Pro (Sim),1,512Gb,Gold
152,Apple iPhone 13 Pro (Sim),1,512Gb,Silver
153,Apple iPhone 13 Pro (Sim),1,512Gb,Sierra Blue
154,Apple iPhone 13 Pro (Sim),1,1Tb,Graphite
155,Apple iPhone 13 Pro (Sim),1,1Tb,Gold
156,Apple iPhone 13 Pro (Sim),1,1Tb,Silver
157,Apple iPhone 13 Pro (Sim),1,1Tb,Sierra Blue
158,Apple iPhone 14 Plus (Sim),1,128Gb,Midnight
159,Apple iPhone 14 Plus (Sim),1,128Gb,Purple
160,Apple iPhone 14 Plus (Sim),1,128Gb,Starlight
161,Apple iPhone 14 Plus (Sim),1,128Gb,Blue
162,Apple iPhone 14 Plus (Sim),1,128Gb,Red
163,Apple iPhone 14 Plus (Sim),1,256Gb,Midnight
164,Apple iPhone 14 Plus (Sim),1,256Gb,Purple
165,Apple iPhone 14 Plus (Sim),1,256Gb,Starlight
166,Apple iPhone 14 Plus (Sim),1,256Gb,Blue
167,Apple iPhone 14 Plus (Sim),1,256Gb,Red
168,Apple iPhone 14 Plus (Sim),1,512Gb,Midnight
169,Apple iPhone 14 Plus (Sim),1,512Gb,Purple
170,Apple iPhone 14 Plus (Sim),1,512Gb,Starlight
171,Apple iPhone 14 Plus (Sim),1,512Gb,Blue
172,Apple iPhone 14 Plus (Sim),1,512Gb,Red
173,Apple iPhone 13 Pro Max (Sim),1,128Gb,Graphite
174,Apple iPhone 13 Pro Max (Sim),1,128Gb,Gold
175,Apple iPhone 13 Pro Max (Sim),1,128Gb,Silver
176,Apple iPhone 13 Pro Max (Sim),1,128Gb,Sierra Blue
177,Apple iPhone 13 Pro Max (Sim),1,256Gb,Graphite
178,Apple iPhone 13 Pro Max (Sim),1,256Gb,Gold
179,Apple iPhone 13 Pro Max (Sim),1,256Gb,Silver
180,Apple iPhone 13 Pro Max (Sim),1,256Gb,Sierra Blue
181,Apple iPhone 13 Pro Max (Sim),1,512Gb,Graphite
182,Apple iPhone 13 Pro Max (Sim),1,512Gb,Gold
183,Apple iPhone 13 Pro Max (Sim),1,512Gb,Silver
184,Apple iPhone 13 Pro Max (Sim),1,512Gb,Sierra Blue
185,Apple iPhone 13 Pro Max (Sim),1,1Tb,Graphite
186,Apple iPhone 13 Pro Max (Sim),1,1Tb,Gold
187,Apple iPhone 13 Pro Max (Sim),1,1Tb,Silver
188,Apple iPhone 13 Pro Max (Sim),1,1Tb,Sierra Blue
189,Apple iPhone 13 (Sim),1,128Gb,Starlight
190,Apple iPhone 13 (Sim),1,128Gb,Midnight
191,Apple iPhone 13 (Sim),1,128Gb,Blue
192,Apple iPhone 13 (Sim),1,128Gb,Pink
193,Apple iPhone 13 (Sim),1,128Gb,Red
194,Apple iPhone 13 (Sim),1,256Gb,Starlight
195,Apple iPhone 13 (Sim),1,256Gb,Midnight
196,Apple iPhone 13 (Sim),1,256Gb,Blue
197,Apple iPhone 13 (Sim),1,256Gb,Pink
198,Apple iPhone 13 (Sim),1,256Gb,Red
199,Apple iPhone 13 (Sim),1,512Gb,Starlight
200,Apple iPhone 13 (Sim),1,512Gb,Midnight
201,Apple iPhone 13 (Sim),1,512Gb,Blue
202,Apple iPhone 13 (Sim),1,512Gb,Pink
203,Apple iPhone 13 (Sim),1,512Gb,Red
204,Apple iPhone 15 Plus (Sim),1,128Gb,Black
205,Apple iPhone 15 Plus (Sim),1,128Gb,Blue
206,Apple iPhone 15 Plus (Sim),1,128Gb,Green
207,Apple iPhone 15 Plus (Sim),1,128Gb,Yellow
208,Apple iPhone 15 Plus (Sim),1,128Gb,Pink
209,Apple iPhone 15 Plus (Sim),1,256Gb,Black
210,Apple iPhone 15 Plus (Sim),1,256Gb,Blue
211,Apple iPhone 15 Plus (Sim),1,256Gb,Green
212,Apple iPhone 15 Plus (Sim),1,256Gb,Yellow
213,Apple iPhone 15 Plus (Sim),1,256Gb,Pink
214,Apple iPhone 15 Plus (Sim),1,512Gb,Black
215,Apple iPhone 15 Plus (Sim),1,512Gb,Blue
216,Apple iPhone 15 Plus (Sim),1,512Gb,Green
217,Apple iPhone 15 Plus (Sim),1,512Gb,Yellow
218,Apple iPhone 15 Plus (Sim),1,512Gb,Pink
219,Apple iPhone 15 Pro (Sim),1,128Gb,Black Titanium
220,Apple iPhone 15 Pro (Sim),1,128Gb,White Titanium
221,Apple iPhone 15 Pro (Sim),1,128Gb,Blue Titanium
222,Apple iPhone 15 Pro (Sim),1,128Gb,Natural Titanium
223,Apple iPhone 15 Pro (Sim),1,256Gb,Black Titanium
224,Apple iPhone 15 Pro (Sim),1,256Gb,White Titanium
225,Apple iPhone 15 Pro (Sim),1,256Gb,Blue Titanium
226,Apple iPhone 15 Pro (Sim),1,256Gb,Natural Titanium
227,Apple iPhone 15 Pro (Sim),1,512Gb,Black Titanium
228,Apple iPhone 15 Pro (Sim),1,512Gb,White Titanium
229,Apple iPhone 15 Pro (Sim),1,512Gb,Blue Titanium
230,Apple iPhone 15 Pro (Sim),1,512Gb,Natural Titanium
231,Apple iPhone 15 Plus (eSim),1,128Gb,Black
232,Apple iPhone 15 Plus (eSim),1,128Gb,Blue
233,Apple iPhone 15 Plus (eSim),1,128Gb,Green
234,Apple iPhone 15 Plus (eSim),1,128Gb,Yellow
235,Apple iPhone 15 Plus (eSim),1,128Gb,Pink
236,Apple iPhone 15 Plus (eSim),1,256Gb,Black
237,Apple iPhone 15 Plus (eSim),1,256Gb,Blue
238,Apple iPhone 15 Plus (eSim),1,256Gb,Green
239,Apple iPhone 15 Plus (eSim),1,256Gb,Yellow
240,Apple iPhone 15 Plus (eSim),1,256Gb,Pink
241,Apple iPhone 15 Plus (eSim),1,512Gb,Black
242,Apple iPhone 15 Plus (eSim),1,512Gb,Blue
243,Apple iPhone 15 Plus (eSim),1,512Gb,Green
244,Apple iPhone 15 Plus (eSim),1,512Gb,Yellow
245,Apple iPhone 15 Plus (eSim),1,512Gb,Pink
246,Apple iPhone SE 3 (Sim),1,64Gb,Midnight
247,Apple iPhone SE 3 (Sim),1,64Gb,Starlight
248,Apple iPhone SE 3 (Sim),1,64Gb,Red
249,Apple iPhone SE 3 (Sim),1,128Gb,Midnight
250,Apple iPhone SE 3 (Sim),1,128Gb,Starlight
251,Apple iPhone SE 3 (Sim),1,128Gb,Red
252,Apple iPhone SE 3 (Sim),1,256Gb,Midnight
253,Apple iPhone SE 3 (Sim),1,256Gb,Starlight
254,Apple iPhone SE 3 (Sim),1,256Gb,Red
255,Apple iPhone 15 Pro (eSim),1,128Gb,Black Titanium
256,Apple iPhone 15 Pro (eSim),1,128Gb,White Titanium
257,Apple iPhone 15 Pro (eSim),1,128Gb,Blue Titanium
258,Apple iPhone 15 Pro (eSim),1,128Gb,Natural Titanium
259,Apple iPhone 15 Pro (eSim),1,256Gb,Black Titanium
260,Apple iPhone 15 Pro (eSim),1,256Gb,White Titanium
261,Apple iPhone 15 Pro (eSim),1,256Gb,Blue Titanium
262,Apple iPhone 15 Pro (eSim),1,256Gb,Natural Titanium
263,Apple iPhone 15 Pro (eSim),1,512Gb,Black Titanium
264,Apple iPhone 15 Pro (eSim),1,512Gb,White Titanium
265,Apple iPhone 15 Pro (eSim),1,512Gb,Blue Titanium
266,Apple iPhone 15 Pro (eSim),1,512Gb,Natural Titanium
267,Apple iPhone 15 (eSim),1,128Gb,Black
268,Apple iPhone 15 (eSim),1,128Gb,Blue
269,Apple iPhone 15 (eSim),1,128Gb,Green
270,Apple iPhone 15 (eSim),1,128Gb,Yellow
271,Apple iPhone 15 (eSim),1,128Gb,Pink
272,Apple iPhone 15 (eSim),1,256Gb,Black
273,Apple iPhone 15 (eSim),1,256Gb,Blue
274,Apple iPhone 15 (eSim),1,256Gb,Green
275,Apple iPhone 15 (eSim),1,256Gb,Yellow
276,Apple iPhone 15 (eSim),1,256Gb,Pink
277,Apple iPhone 15 (eSim),1,512Gb,Black
278,Apple iPhone 15 (eSim),1,512Gb,Blue
279,Apple iPhone 15 (eSim),1,512Gb,Green
280,Apple iPhone 15 (eSim),1,512Gb,Yellow
281,Apple iPhone 15 (eSim),1,512Gb,Pink
282,Apple iPhone 14 Pro (Sim),1,128Gb,Space Black
283,Apple iPhone 14 Pro (Sim),1,128Gb,Silver
284,Apple iPhone 14 Pro (Sim),1,128Gb,Gold
285,Apple iPhone 14 Pro (Sim),1,128Gb,Deep Purple
286,Apple iPhone 14 Pro (Sim),1,256Gb,Space Black
287,Apple iPhone 14 Pro (Sim),1,256Gb,Silver
288,Apple iPhone 14 Pro (Sim),1,256Gb,Gold
289,Apple iPhone 14 Pro (Sim),1,256Gb,Deep Purple
290,Apple iPhone 14 Pro (Sim),1,512Gb,Space Black
291,Apple iPhone 14 Pro (Sim),1,512Gb,Silver
292,Apple iPhone 14 Pro (Sim),1,512Gb,Gold
293,Apple iPhone 14 Pro (Sim),1,512Gb,Deep Purple
294,Apple iPhone 15 Pro Max (eSim),1,128Gb,Black Titanium
295,Apple iPhone 15 Pro Max (eSim),1,128Gb,White Titanium
296,Apple iPhone 15 Pro Max (eSim),1,128Gb,Blue Titanium
297,Apple iPhone 15 Pro Max (eSim),1,128Gb,Natural Titanium
298,Apple iPhone 15 Pro Max (eSim),1,256Gb,Black Titanium
299,Apple iPhone 15 Pro Max (eSim),1,256Gb,White Titanium
300,Apple iPhone 15 Pro Max (eSim),1,256Gb,Blue Titanium
301,Apple iPhone 15 Pro Max (eSim),1,256Gb,Natural Titanium
302,Apple iPhone 15 Pro Max (eSim),1,512Gb,Black Titanium
303,Apple iPhone 15 Pro Max (eSim),1,512Gb,White Titanium
304,Apple iPhone 15 Pro Max (eSim),1,512Gb,Blue Titanium
305,Apple iPhone 15 Pro Max (eSim),1,512Gb,Natural Titanium
306,Apple iPhone 15 Pro Max (Sim),1,128Gb,Black Titanium
307,Apple iPhone 15 Pro Max (Sim),1,128Gb,White Titanium
308,Apple iPhone 15 Pro Max (Sim),1,128Gb,Blue Titanium
309,Apple iPhone 15 Pro Max (Sim),1,128Gb,Natural Titanium
310,Apple iPhone 15 Pro Max (Sim),1,256Gb,Black Titanium
311,Apple iPhone 15 Pro Max (Sim),1,256Gb,White Titanium
312,Apple iPhone 15 Pro Max (Sim),1,256Gb,Blue Titanium
313,Apple iPhone 15 Pro Max (Sim),1,256Gb,Natural Titanium
314,Apple iPhone 15 Pro Max (Sim),1,512Gb,Black Titanium
315,Apple iPhone 15 Pro Max (Sim),1,512Gb,White Titanium
316,Apple iPhone 15 Pro Max (Sim),1,512Gb,Blue Titanium
317,Apple iPhone 15 Pro Max (Sim),1,512Gb,Natural Titanium
326,Huawei FreeBuds 4,30,,Silver Frost
327,Huawei FreeBuds 4,30,,Ceramic White
328,Huawei FreeBuds 5i,30,,Nebula Black
329,Huawei FreeBuds 5i,30,,Isle Blue
330,Huawei FreeBuds 5i,30,,Ceramic White
331,Huawei FreeBuds SE,30,,Blue
332,Huawei FreeBuds SE,30,,White
333,Huawei FreeBuds 5,30,,Frost Silver
334,Huawei FreeBuds 5,30,,Ceramic White
335,Huawei FreeBuds 5,30,,Coral Orange
336,Huawei FreeBuds Pro 2,30,,Silver Blue
337,Huawei FreeBuds Pro 2,30,,Silver Frost
338,Huawei FreeBuds Pro 2,30,,Ceramic White
339,Samsung Battery Pack 10.000mAh / 25W Super Fast,58,,
340,Sony WH-1000XM5,17,,Black
341,Sony WH-1000XM5,17,,Midnight Blue
342,Sony WH-1000XM5,17,,Platinum Silver
343,Sony WH-CH520,17,,Black
344,Sony WH-CH520,17,,Blue
345,Sony WH-CH520,17,,Beige
346,Sony WH-CH520,17,,White
347,Sony WH-CH720,17,,Black
348,Sony WH-CH720,17,,Blue
349,Sony WH-CH720,17,,White
350,Sony WH-1000XM4,17,,Black
351,Sony WH-1000XM4,17,,Silver
352,Sony WF-1000XM5,17,,Black
353,Sony WF-1000XM5,17,,Platinum Silver
354,"Samsung Adapter 65W (USB-C x 2, USB-A)",37,,
355,"Samsung Adapter 35W (USB-C, USB-A)",37,,
356,Samsung Adapter 25W USB-C,37,,
357,Samsung Adapter 45W + Cabel 1.8m,37,,
358,Samsung Galaxy S21 FE 5G,2,6/128Gb,White
359,Samsung Galaxy S21 FE 5G,2,6/128Gb,Graphite
360,Samsung Galaxy S21 FE 5G,2,6/128Gb,Lavender
361,Samsung Galaxy S21 FE 5G,2,6/128Gb,Olive
362,Samsung Galaxy S21 FE 5G,2,8/128Gb,White
363,Samsung Galaxy S21 FE 5G,2,8/128Gb,Graphite
364,Samsung Galaxy S21 FE 5G,2,8/128Gb,Lavender
365,Samsung Galaxy S21 FE 5G,2,8/128Gb,Olive
366,Samsung Galaxy S21 FE 5G,2,8/256Gb,White
367,Samsung Galaxy S21 FE 5G,2,8/256Gb,Graphite
368,Samsung Galaxy S21 FE 5G,2,8/256Gb,Lavender
369,Samsung Galaxy S21 FE 5G,2,8/256Gb,Olive
370,Samsung Galaxy A54 5G,2,6/128Gb,Lime
371,Samsung Galaxy A54 5G,2,6/128Gb,Graphite
372,Samsung Galaxy A54 5G,2,6/128Gb,Violet
373,Samsung Galaxy A54 5G,2,6/128Gb,White
374,Samsung Galaxy A54 5G,2,8/128Gb,Lime
375,Samsung Galaxy A54 5G,2,8/128Gb,Graphite
376,Samsung Galaxy A54 5G,2,8/128Gb,Violet
377,Samsung Galaxy A54 5G,2,8/128Gb,White
378,Samsung Galaxy A54 5G,2,6/256Gb,Lime
379,Samsung Galaxy A54 5G,2,6/256Gb,Graphite
380,Samsung Galaxy A54 5G,2,6/256Gb,Violet
381,Samsung Galaxy A54 5G,2,6/256Gb,White
382,Samsung Galaxy A54 5G,2,8/256Gb,Lime
383,Samsung Galaxy A54 5G,2,8/256Gb,Graphite
384,Samsung Galaxy A54 5G,2,8/256Gb,Violet
385,Samsung Galaxy A54 5G,2,8/256Gb,White
386,Samsung Galaxy A25 5G,2,6/128Gb,Blue Black
387,Samsung Galaxy A25 5G,2,6/128Gb,Blue
388,Samsung Galaxy A25 5G,2,6/128Gb,Light Blue
389,Samsung Galaxy A25 5G,2,6/128Gb,Yellow
390,Samsung Galaxy A25 5G,2,8/128Gb,Blue Black
391,Samsung Galaxy A25 5G,2,8/128Gb,Blue
392,Samsung Galaxy A25 5G,2,8/128Gb,Light Blue
393,Samsung Galaxy A25 5G,2,8/128Gb,Yellow
394,Samsung Galaxy A25 5G,2,6/256Gb,Blue Black
395,Samsung Galaxy A25 5G,2,6/256Gb,Blue
396,Samsung Galaxy A25 5G,2,6/256Gb,Light Blue
397,Samsung Galaxy A25 5G,2,6/256Gb,Yellow
398,Samsung Galaxy A25 5G,2,8/256Gb,Blue Black
399,Samsung Galaxy A25 5G,2,8/256Gb,Blue
400,Samsung Galaxy A25 5G,2,8/256Gb,Light Blue
401,Samsung Galaxy A25 5G,2,8/256Gb,Yellow
402,Samsung Galaxy A05,2,4/64Gb,Black
403,Samsung Galaxy A05,2,4/64Gb,Silver
404,Samsung Galaxy A05,2,4/64Gb,Light Green
405,Samsung Galaxy A05,2,4/128Gb,Black
406,Samsung Galaxy A05,2,4/128Gb,Silver
407,Samsung Galaxy A05,2,4/128Gb,Light Green
408,Samsung Galaxy A05,2,6/128Gb,Black
409,Samsung Galaxy A05,2,6/128Gb,Silver
410,Samsung Galaxy A05,2,6/128Gb,Light Green
411,Samsung Galaxy A55 5G,2,6/128Gb,Awesome Iceblue
412,Samsung Galaxy A55 5G,2,6/128Gb,Awesome Lilac
413,Samsung Galaxy A55 5G,2,6/128Gb,Awesome Navy
414,Samsung Galaxy A55 5G,2,6/128Gb,Awesome Lemon
415,Samsung Galaxy A55 5G,2,8/128Gb,Awesome Iceblue
416,Samsung Galaxy A55 5G,2,8/128Gb,Awesome Lilac
417,Samsung Galaxy A55 5G,2,8/128Gb,Awesome Navy
418,Samsung Galaxy A55 5G,2,8/128Gb,Awesome Lemon
419,Samsung Galaxy A55 5G,2,6/256Gb,Awesome Iceblue
420,Samsung Galaxy A55 5G,2,6/256Gb,Awesome Lilac
421,Samsung Galaxy A55 5G,2,6/256Gb,Awesome Navy
422,Samsung Galaxy A55 5G,2,6/256Gb,Awesome Lemon
423,Samsung Galaxy A55 5G,2,8/256Gb,Awesome Iceblue
424,Samsung Galaxy A55 5G,2,8/256Gb,Awesome Lilac
425,Samsung Galaxy A55 5G,2,8/256Gb,Awesome Navy
426,Samsung Galaxy A55 5G,2,8/256Gb,Awesome Lemon
427,Samsung Galaxy A55 5G,2,12/256Gb,Awesome Iceblue
428,Samsung Galaxy A55 5G,2,12/256Gb,Awesome Lilac
429,Samsung Galaxy A55 5G,2,12/256Gb,Awesome Navy
430,Samsung Galaxy A55 5G,2,12/256Gb,Awesome Lemon
431,Samsung Galaxy A03,2,3/32Gb,Black
432,Samsung Galaxy A03,2,3/32Gb,Blue
433,Samsung Galaxy A03,2,3/32Gb,Red
434,Samsung Galaxy A03,2,4/32Gb,Black
435,Samsung Galaxy A03,2,4/32Gb,Blue
436,Samsung Galaxy A03,2,4/32Gb,Red
437,Samsung Galaxy A03,2,4/64Gb,Black
438,Samsung Galaxy A03,2,4/64Gb,Blue
439,Samsung Galaxy A03,2,4/64Gb,Red
440,Samsung Galaxy A03,2,4/128Gb,Black
441,Samsung Galaxy A03,2,4/128Gb,Blue
442,Samsung Galaxy A03,2,4/128Gb,Red
443,Samsung Galaxy Z Fold 5 5G,2,12/256Gb,Icy Blue
444,Samsung Galaxy Z Fold 5 5G,2,12/256Gb,Phantom Black
445,Samsung Galaxy Z Fold 5 5G,2,12/256Gb,Cream
446,Samsung Galaxy Z Fold 5 5G,2,12/256Gb,Gray
447,Samsung Galaxy Z Fold 5 5G,2,12/256Gb,Blue
448,Samsung Galaxy Z Fold 5 5G,2,12/512Gb,Icy Blue
449,Samsung Galaxy Z Fold 5 5G,2,12/512Gb,Phantom Black
450,Samsung Galaxy Z Fold 5 5G,2,12/512Gb,Cream
451,Samsung Galaxy Z Fold 5 5G,2,12/512Gb,Gray
452,Samsung Galaxy Z Fold 5 5G,2,12/512Gb,Blue
453,Samsung Galaxy Z Fold 5 5G,2,12/1Tb,Icy Blue
454,Samsung Galaxy Z Fold 5 5G,2,12/1Tb,Phantom Black
455,Samsung Galaxy Z Fold 5 5G,2,12/1Tb,Cream
456,Samsung Galaxy Z Fold 5 5G,2,12/1Tb,Gray
457,Samsung Galaxy Z Fold 5 5G,2,12/1Tb,Blue
458,Samsung Galaxy Z Flip 5 5G,2,8/256Gb,Mint
459,Samsung Galaxy Z Flip 5 5G,2,8/256Gb,Graphite
460,Samsung Galaxy Z Flip 5 5G,2,8/256Gb,Cream
461,Samsung Galaxy Z Flip 5 5G,2,8/256Gb,Lavender
462,Samsung Galaxy Z Flip 5 5G,2,8/256Gb,Gray
463,Samsung Galaxy Z Flip 5 5G,2,8/256Gb,Blue
464,Samsung Galaxy Z Flip 5 5G,2,8/256Gb,Green
465,Samsung Galaxy Z Flip 5 5G,2,8/256Gb,Yellow
466,Samsung Galaxy Z Flip 5 5G,2,8/512Gb,Mint
467,Samsung Galaxy Z Flip 5 5G,2,8/512Gb,Graphite
468,Samsung Galaxy Z Flip 5 5G,2,8/512Gb,Cream
469,Samsung Galaxy Z Flip 5 5G,2,8/512Gb,Lavender
470,Samsung Galaxy Z Flip 5 5G,2,8/512Gb,Gray
471,Samsung Galaxy Z Flip 5 5G,2,8/512Gb,Blue
472,Samsung Galaxy Z Flip 5 5G,2,8/512Gb,Green
473,Samsung Galaxy Z Flip 5 5G,2,8/512Gb,Yellow
474,Samsung Galaxy S23 FE 5G,2,8/128Gb,Mint
475,Samsung Galaxy S23 FE 5G,2,8/128Gb,Cream
476,Samsung Galaxy S23 FE 5G,2,8/128Gb,Graphite
477,Samsung Galaxy S23 FE 5G,2,8/128Gb,Purple
478,Samsung Galaxy S23 FE 5G,2,8/128Gb,Indigo
479,Samsung Galaxy S23 FE 5G,2,8/128Gb,Tangerine
480,Samsung Galaxy S23 FE 5G,2,8/256Gb,Mint
481,Samsung Galaxy S23 FE 5G,2,8/256Gb,Cream
482,Samsung Galaxy S23 FE 5G,2,8/256Gb,Graphite
483,Samsung Galaxy S23 FE 5G,2,8/256Gb,Purple
484,Samsung Galaxy S23 FE 5G,2,8/256Gb,Indigo
485,Samsung Galaxy S23 FE 5G,2,8/256Gb,Tangerine
486,Samsung Galaxy S22 5G,2,8/128Gb,Phantom Black
487,Samsung Galaxy S22 5G,2,8/128Gb,White
488,Samsung Galaxy S22 5G,2,8/128Gb,Pink Gold
489,Samsung Galaxy S22 5G,2,8/128Gb,Green
490,Samsung Galaxy S22 5G,2,8/128Gb,Graphite
491,Samsung Galaxy S22 5G,2,8/128Gb,Sky Blue
492,Samsung Galaxy S22 5G,2,8/128Gb,Violet
493,Samsung Galaxy S22 5G,2,8/128Gb,Cream
494,Samsung Galaxy S22 5G,2,8/256Gb,Phantom Black
495,Samsung Galaxy S22 5G,2,8/256Gb,White
496,Samsung Galaxy S22 5G,2,8/256Gb,Pink Gold
497,Samsung Galaxy S22 5G,2,8/256Gb,Green
498,Samsung Galaxy S22 5G,2,8/256Gb,Graphite
499,Samsung Galaxy S22 5G,2,8/256Gb,Sky Blue
500,Samsung Galaxy S22 5G,2,8/256Gb,Violet
501,Samsung Galaxy S22 5G,2,8/256Gb,Cream
502,Samsung Galaxy A04,2,3/32Gb,Black
503,Samsung Galaxy A04,2,3/32Gb,Green
504,Samsung Galaxy A04,2,3/32Gb,White
505,Samsung Galaxy A04,2,3/32Gb,Copper
506,Samsung Galaxy A04,2,4/32Gb,Black
507,Samsung Galaxy A04,2,4/32Gb,Green
508,Samsung Galaxy A04,2,4/32Gb,White
509,Samsung Galaxy A04,2,4/32Gb,Copper
510,Samsung Galaxy A04,2,4/64Gb,Black
511,Samsung Galaxy A04,2,4/64Gb,Green
512,Samsung Galaxy A04,2,4/64Gb,White
513,Samsung Galaxy A04,2,4/64Gb,Copper
514,Samsung Galaxy A04,2,6/64Gb,Black
515,Samsung Galaxy A04,2,6/64Gb,Green
516,Samsung Galaxy A04,2,6/64Gb,White
517,Samsung Galaxy A04,2,6/64Gb,Copper
518,Samsung Galaxy A04,2,4/128Gb,Black
519,Samsung Galaxy A04,2,4/128Gb,Green
520,Samsung Galaxy A04,2,4/128Gb,White
521,Samsung Galaxy A04,2,4/128Gb,Copper
522,Samsung Galaxy A04,2,8/128Gb,Black
523,Samsung Galaxy A04,2,8/128Gb,Green
524,Samsung Galaxy A04,2,8/128Gb,White
525,Samsung Galaxy A04,2,8/128Gb,Copper
526,Samsung Galaxy S23 Ultra 5G,2,8/256Gb,Phantom Black
527,Samsung Galaxy S23 Ultra 5G,2,8/256Gb,Green
528,Samsung Galaxy S23 Ultra 5G,2,8/256Gb,Cream
529,Samsung Galaxy S23 Ultra 5G,2,8/256Gb,Lavender
530,Samsung Galaxy S23 Ultra 5G,2,8/256Gb,Graphite
531,Samsung Galaxy S23 Ultra 5G,2,8/256Gb,Sky Blue
532,Samsung Galaxy S23 Ultra 5G,2,8/256Gb,Lime
533,Samsung Galaxy S23 Ultra 5G,2,8/256Gb,Red
534,Samsung Galaxy S23 Ultra 5G,2,8/256Gb,BMW M Edition
535,Samsung Galaxy S23 Ultra 5G,2,12/256Gb,Phantom Black
536,Samsung Galaxy S23 Ultra 5G,2,12/256Gb,Green
537,Samsung Galaxy S23 Ultra 5G,2,12/256Gb,Cream
538,Samsung Galaxy S23 Ultra 5G,2,12/256Gb,Lavender
539,Samsung Galaxy S23 Ultra 5G,2,12/256Gb,Graphite
540,Samsung Galaxy S23 Ultra 5G,2,12/256Gb,Sky Blue
541,Samsung Galaxy S23 Ultra 5G,2,12/256Gb,Lime
542,Samsung Galaxy S23 Ultra 5G,2,12/256Gb,Red
543,Samsung Galaxy S23 Ultra 5G,2,12/256Gb,BMW M Edition
544,Samsung Galaxy S23 Ultra 5G,2,12/512Gb,Phantom Black
545,Samsung Galaxy S23 Ultra 5G,2,12/512Gb,Green
546,Samsung Galaxy S23 Ultra 5G,2,12/512Gb,Cream
547,Samsung Galaxy S23 Ultra 5G,2,12/512Gb,Lavender
548,Samsung Galaxy S23 Ultra 5G,2,12/512Gb,Graphite
549,Samsung Galaxy S23 Ultra 5G,2,12/512Gb,Sky Blue
550,Samsung Galaxy S23 Ultra 5G,2,12/512Gb,Lime
551,Samsung Galaxy S23 Ultra 5G,2,12/512Gb,Red
552,Samsung Galaxy S23 Ultra 5G,2,12/512Gb,BMW M Edition
553,Samsung Galaxy S23 Ultra 5G,2,12/1Tb,Phantom Black
554,Samsung Galaxy S23 Ultra 5G,2,12/1Tb,Green
555,Samsung Galaxy S23 Ultra 5G,2,12/1Tb,Cream
556,Samsung Galaxy S23 Ultra 5G,2,12/1Tb,Lavender
557,Samsung Galaxy S23 Ultra 5G,2,12/1Tb,Graphite
558,Samsung Galaxy S23 Ultra 5G,2,12/1Tb,Sky Blue
559,Samsung Galaxy S23 Ultra 5G,2,12/1Tb,Lime
560,Samsung Galaxy S23 Ultra 5G,2,12/1Tb,Red
561,Samsung Galaxy S23 Ultra 5G,2,12/1Tb,BMW M Edition
562,Samsung Galaxy S24 Ultra 5G,2,12/256Gb,Titanium Black
563,Samsung Galaxy S24 Ultra 5G,2,12/256Gb,Titanium Gray
564,Samsung Galaxy S24 Ultra 5G,2,12/256Gb,Titanium Violet
565,Samsung Galaxy S24 Ultra 5G,2,12/256Gb,Titanium Yellow
566,Samsung Galaxy S24 Ultra 5G,2,12/256Gb,Titanium Blue
567,Samsung Galaxy S24 Ultra 5G,2,12/256Gb,Titanium Green
568,Samsung Galaxy S24 Ultra 5G,2,12/256Gb,Titanium Orange
569,Samsung Galaxy S24 Ultra 5G,2,12/512Gb,Titanium Black
570,Samsung Galaxy S24 Ultra 5G,2,12/512Gb,Titanium Gray
571,Samsung Galaxy S24 Ultra 5G,2,12/512Gb,Titanium Violet
572,Samsung Galaxy S24 Ultra 5G,2,12/512Gb,Titanium Yellow
573,Samsung Galaxy S24 Ultra 5G,2,12/512Gb,Titanium Blue
574,Samsung Galaxy S24 Ultra 5G,2,12/512Gb,Titanium Green
575,Samsung Galaxy S24 Ultra 5G,2,12/512Gb,Titanium Orange
576,Samsung Galaxy S24 Ultra 5G,2,12/1Tb,Titanium Black
577,Samsung Galaxy S24 Ultra 5G,2,12/1Tb,Titanium Gray
578,Samsung Galaxy S24 Ultra 5G,2,12/1Tb,Titanium Violet
579,Samsung Galaxy S24 Ultra 5G,2,12/1Tb,Titanium Yellow
580,Samsung Galaxy S24 Ultra 5G,2,12/1Tb,Titanium Blue
581,Samsung Galaxy S24 Ultra 5G,2,12/1Tb,Titanium Green
582,Samsung Galaxy S24 Ultra 5G,2,12/1Tb,Titanium Orange
583,Samsung Galaxy Z Fold 4 5G,2,12/256Gb,Graygreen
584,Samsung Galaxy Z Fold 4 5G,2,12/256Gb,Phantom Black
585,Samsung Galaxy Z Fold 4 5G,2,12/256Gb,Beige
586,Samsung Galaxy Z Fold 4 5G,2,12/256Gb,Burgundy
587,Samsung Galaxy Z Fold 4 5G,2,12/512Gb,Graygreen
588,Samsung Galaxy Z Fold 4 5G,2,12/512Gb,Phantom Black
589,Samsung Galaxy Z Fold 4 5G,2,12/512Gb,Beige
590,Samsung Galaxy Z Fold 4 5G,2,12/512Gb,Burgundy
591,Samsung Galaxy Z Fold 4 5G,2,12/1Tb,Graygreen
592,Samsung Galaxy Z Fold 4 5G,2,12/1Tb,Phantom Black
593,Samsung Galaxy Z Fold 4 5G,2,12/1Tb,Beige
594,Samsung Galaxy Z Fold 4 5G,2,12/1Tb,Burgundy
595,Samsung Galaxy A04s,2,3/32Gb,Black
596,Samsung Galaxy A04s,2,3/32Gb,Green
597,Samsung Galaxy A04s,2,3/32Gb,White
598,Samsung Galaxy A04s,2,3/32Gb,Copper
599,Samsung Galaxy A04s,2,4/32Gb,Black
600,Samsung Galaxy A04s,2,4/32Gb,Green
601,Samsung Galaxy A04s,2,4/32Gb,White
602,Samsung Galaxy A04s,2,4/32Gb,Copper
603,Samsung Galaxy A04s,2,4/64Gb,Black
604,Samsung Galaxy A04s,2,4/64Gb,Green
605,Samsung Galaxy A04s,2,4/64Gb,White
606,Samsung Galaxy A04s,2,4/64Gb,Copper
607,Samsung Galaxy A04s,2,4/128Gb,Black
608,Samsung Galaxy A04s,2,4/128Gb,Green
609,Samsung Galaxy A04s,2,4/128Gb,White
610,Samsung Galaxy A04s,2,4/128Gb,Copper
611,Samsung Galaxy S23 5G,2,8/128Gb,Phantom Black
612,Samsung Galaxy S23 5G,2,8/128Gb,Cream
613,Samsung Galaxy S23 5G,2,8/128Gb,Green
614,Samsung Galaxy S23 5G,2,8/128Gb,Lavender
615,Samsung Galaxy S23 5G,2,8/128Gb,Graphite
616,Samsung Galaxy S23 5G,2,8/128Gb,Lime
617,Samsung Galaxy S23 5G,2,8/256Gb,Phantom Black
618,Samsung Galaxy S23 5G,2,8/256Gb,Cream
619,Samsung Galaxy S23 5G,2,8/256Gb,Green
620,Samsung Galaxy S23 5G,2,8/256Gb,Lavender
621,Samsung Galaxy S23 5G,2,8/256Gb,Graphite
622,Samsung Galaxy S23 5G,2,8/256Gb,Lime
623,Samsung Galaxy S23 5G,2,8/512Gb,Phantom Black
624,Samsung Galaxy S23 5G,2,8/512Gb,Cream
625,Samsung Galaxy S23 5G,2,8/512Gb,Green
626,Samsung Galaxy S23 5G,2,8/512Gb,Lavender
627,Samsung Galaxy S23 5G,2,8/512Gb,Graphite
628,Samsung Galaxy S23 5G,2,8/512Gb,Lime
629,Samsung Galaxy M34 5G,2,6/128Gb,Midnight Blue
630,Samsung Galaxy M34 5G,2,6/128Gb,Prism Silver
631,Samsung Galaxy M34 5G,2,6/128Gb,Waterfall Blue
632,Samsung Galaxy M34 5G,2,8/128Gb,Midnight Blue
633,Samsung Galaxy M34 5G,2,8/128Gb,Prism Silver
634,Samsung Galaxy M34 5G,2,8/128Gb,Waterfall Blue
635,Samsung Galaxy M34 5G,2,8/256Gb,Midnight Blue
636,Samsung Galaxy M34 5G,2,8/256Gb,Prism Silver
637,Samsung Galaxy M34 5G,2,8/256Gb,Waterfall Blue
638,Samsung Galaxy S24 Plus 5G,2,12/256Gb,Onyx Black
639,Samsung Galaxy S24 Plus 5G,2,12/256Gb,Marble Grey
640,Samsung Galaxy S24 Plus 5G,2,12/256Gb,Cobalt Violet
641,Samsung Galaxy S24 Plus 5G,2,12/256Gb,Amber Yellow
642,Samsung Galaxy S24 Plus 5G,2,12/256Gb,Jade Green
643,Samsung Galaxy S24 Plus 5G,2,12/256Gb,Sandstone Orange
644,Samsung Galaxy S24 Plus 5G,2,12/256Gb,Sapphire Blue
645,Samsung Galaxy S24 Plus 5G,2,12/512Gb,Onyx Black
646,Samsung Galaxy S24 Plus 5G,2,12/512Gb,Marble Grey
647,Samsung Galaxy S24 Plus 5G,2,12/512Gb,Cobalt Violet
648,Samsung Galaxy S24 Plus 5G,2,12/512Gb,Amber Yellow
649,Samsung Galaxy S24 Plus 5G,2,12/512Gb,Jade Green
650,Samsung Galaxy S24 Plus 5G,2,12/512Gb,Sandstone Orange
651,Samsung Galaxy S24 Plus 5G,2,12/512Gb,Sapphire Blue
652,Samsung Galaxy A15 4G,2,4/128Gb,Blue Black
653,Samsung Galaxy A15 4G,2,4/128Gb,Blue
654,Samsung Galaxy A15 4G,2,4/128Gb,Light Blue
655,Samsung Galaxy A15 4G,2,4/128Gb,Yellow
656,Samsung Galaxy A15 4G,2,6/128Gb,Blue Black
657,Samsung Galaxy A15 4G,2,6/128Gb,Blue
658,Samsung Galaxy A15 4G,2,6/128Gb,Light Blue
659,Samsung Galaxy A15 4G,2,6/128Gb,Yellow
660,Samsung Galaxy A15 4G,2,8/128Gb,Blue Black
661,Samsung Galaxy A15 4G,2,8/128Gb,Blue
662,Samsung Galaxy A15 4G,2,8/128Gb,Light Blue
663,Samsung Galaxy A15 4G,2,8/128Gb,Yellow
664,Samsung Galaxy A15 4G,2,8/256Gb,Blue Black
665,Samsung Galaxy A15 4G,2,8/256Gb,Blue
666,Samsung Galaxy A15 4G,2,8/256Gb,Light Blue
667,Samsung Galaxy A15 4G,2,8/256Gb,Yellow
668,Samsung Galaxy Z Fold 6 5G,2,12/256Gb,Navy
669,Samsung Galaxy Z Fold 6 5G,2,12/256Gb,Silver Shadow
670,Samsung Galaxy Z Fold 6 5G,2,12/256Gb,Pink
671,Samsung Galaxy Z Fold 6 5G,2,12/256Gb,Black
672,Samsung Galaxy Z Fold 6 5G,2,12/256Gb,White
673,Samsung Galaxy Z Fold 6 5G,2,12/512Gb,Navy
674,Samsung Galaxy Z Fold 6 5G,2,12/512Gb,Silver Shadow
675,Samsung Galaxy Z Fold 6 5G,2,12/512Gb,Pink
676,Samsung Galaxy Z Fold 6 5G,2,12/512Gb,Black
677,Samsung Galaxy Z Fold 6 5G,2,12/512Gb,White
678,Samsung Galaxy Z Fold 6 5G,2,12/1Tb,Navy
679,Samsung Galaxy Z Fold 6 5G,2,12/1Tb,Silver Shadow
680,Samsung Galaxy Z Fold 6 5G,2,12/1Tb,Pink
681,Samsung Galaxy Z Fold 6 5G,2,12/1Tb,Black
682,Samsung Galaxy Z Fold 6 5G,2,12/1Tb,White
683,Samsung Galaxy A05s,2,4/64Gb,Black
684,Samsung Galaxy A05s,2,4/64Gb,Silver
685,Samsung Galaxy A05s,2,4/64Gb,Light Green
686,Samsung Galaxy A05s,2,4/64Gb,Violet
687,Samsung Galaxy A05s,2,4/128Gb,Black
688,Samsung Galaxy A05s,2,4/128Gb,Silver
689,Samsung Galaxy A05s,2,4/128Gb,Light Green
690,Samsung Galaxy A05s,2,4/128Gb,Violet
691,Samsung Galaxy A05s,2,6/128Gb,Black
692,Samsung Galaxy A05s,2,6/128Gb,Silver
693,Samsung Galaxy A05s,2,6/128Gb,Light Green
694,Samsung Galaxy A05s,2,6/128Gb,Violet
695,Samsung Galaxy A34 5G,2,6/128Gb,Lime
696,Samsung Galaxy A34 5G,2,6/128Gb,Graphite
697,Samsung Galaxy A34 5G,2,6/128Gb,Violet
698,Samsung Galaxy A34 5G,2,6/128Gb,Silver
699,Samsung Galaxy A34 5G,2,8/128Gb,Lime
700,Samsung Galaxy A34 5G,2,8/128Gb,Graphite
701,Samsung Galaxy A34 5G,2,8/128Gb,Violet
702,Samsung Galaxy A34 5G,2,8/128Gb,Silver
703,Samsung Galaxy A34 5G,2,8/256Gb,Lime
704,Samsung Galaxy A34 5G,2,8/256Gb,Graphite
705,Samsung Galaxy A34 5G,2,8/256Gb,Violet
706,Samsung Galaxy A34 5G,2,8/256Gb,Silver
707,Samsung Galaxy S24 5G,2,8/128Gb,Onyx Black
708,Samsung Galaxy S24 5G,2,8/128Gb,Marble Grey
709,Samsung Galaxy S24 5G,2,8/128Gb,Cobalt Violet
710,Samsung Galaxy S24 5G,2,8/128Gb,Amber Yellow
711,Samsung Galaxy S24 5G,2,8/128Gb,Jade Green
712,Samsung Galaxy S24 5G,2,8/128Gb,Sandstone Orange
713,Samsung Galaxy S24 5G,2,8/128Gb,Sapphire Blue
714,Samsung Galaxy S24 5G,2,8/256Gb,Onyx Black
715,Samsung Galaxy S24 5G,2,8/256Gb,Marble Grey
716,Samsung Galaxy S24 5G,2,8/256Gb,Cobalt Violet
717,Samsung Galaxy S24 5G,2,8/256Gb,Amber Yellow
718,Samsung Galaxy S24 5G,2,8/256Gb,Jade Green
719,Samsung Galaxy S24 5G,2,8/256Gb,Sandstone Orange
720,Samsung Galaxy S24 5G,2,8/256Gb,Sapphire Blue
721,Samsung Galaxy S24 5G,2,8/512Gb,Onyx Black
722,Samsung Galaxy S24 5G,2,8/512Gb,Marble Grey
723,Samsung Galaxy S24 5G,2,8/512Gb,Cobalt Violet
724,Samsung Galaxy S24 5G,2,8/512Gb,Amber Yellow
725,Samsung Galaxy S24 5G,2,8/512Gb,Jade Green
726,Samsung Galaxy S24 5G,2,8/512Gb,Sandstone Orange
727,Samsung Galaxy S24 5G,2,8/512Gb,Sapphire Blue
728,Samsung Galaxy S24 5G,2,12/256Gb,Onyx Black
729,Samsung Galaxy S24 5G,2,12/256Gb,Marble Grey
730,Samsung Galaxy S24 5G,2,12/256Gb,Cobalt Violet
731,Samsung Galaxy S24 5G,2,12/256Gb,Amber Yellow
732,Samsung Galaxy S24 5G,2,12/256Gb,Jade Green
733,Samsung Galaxy S24 5G,2,12/256Gb,Sandstone Orange
734,Samsung Galaxy S24 5G,2,12/256Gb,Sapphire Blue
735,Samsung Galaxy Z Flip 6 5G,2,12/256Gb,Yellow
736,Samsung Galaxy Z Flip 6 5G,2,12/256Gb,Silver Shadow
737,Samsung Galaxy Z Flip 6 5G,2,12/256Gb,Mint
738,Samsung Galaxy Z Flip 6 5G,2,12/256Gb,Blue
739,Samsung Galaxy Z Flip 6 5G,2,12/256Gb,Black
740,Samsung Galaxy Z Flip 6 5G,2,12/256Gb,White
741,Samsung Galaxy Z Flip 6 5G,2,12/256Gb,Peach
742,Samsung Galaxy Z Flip 6 5G,2,12/512Gb,Yellow
743,Samsung Galaxy Z Flip 6 5G,2,12/512Gb,Silver Shadow
744,Samsung Galaxy Z Flip 6 5G,2,12/512Gb,Mint
745,Samsung Galaxy Z Flip 6 5G,2,12/512Gb,Blue
746,Samsung Galaxy Z Flip 6 5G,2,12/512Gb,Black
747,Samsung Galaxy Z Flip 6 5G,2,12/512Gb,White
748,Samsung Galaxy Z Flip 6 5G,2,12/512Gb,Peach
749,Samsung Galaxy A35 5G,2,6/128Gb,Iceblue
750,Samsung Galaxy A35 5G,2,6/128Gb,Lilac
751,Samsung Galaxy A35 5G,2,6/128Gb,Navy
752,Samsung Galaxy A35 5G,2,6/128Gb,Lemon
753,Samsung Galaxy A35 5G,2,8/128Gb,Iceblue
754,Samsung Galaxy A35 5G,2,8/128Gb,Lilac
755,Samsung Galaxy A35 5G,2,8/128Gb,Navy
756,Samsung Galaxy A35 5G,2,8/128Gb,Lemon
757,Samsung Galaxy A35 5G,2,6/256Gb,Iceblue
758,Samsung Galaxy A35 5G,2,6/256Gb,Lilac
759,Samsung Galaxy A35 5G,2,6/256Gb,Navy
760,Samsung Galaxy A35 5G,2,6/256Gb,Lemon
761,Samsung Galaxy A35 5G,2,8/256Gb,Iceblue
762,Samsung Galaxy A35 5G,2,8/256Gb,Lilac
763,Samsung Galaxy A35 5G,2,8/256Gb,Navy
764,Samsung Galaxy A35 5G,2,8/256Gb,Lemon
765,Samsung Galaxy A35 5G,2,12/256Gb,Iceblue
766,Samsung Galaxy A35 5G,2,12/256Gb,Lilac
767,Samsung Galaxy A35 5G,2,12/256Gb,Navy
768,Samsung Galaxy A35 5G,2,12/256Gb,Lemon
769,Apple iPad 9 (Sim),13,64Gb,Silver
770,Apple iPad 9 (Sim),13,64Gb,Space Gray
771,Apple iPad 9 (Sim),13,256Gb,Silver
772,Apple iPad 9 (Sim),13,256Gb,Space Gray
773,"Apple iPad Pro 12.9"" M2 (Wifi)",13,128Gb,Silver
774,"Apple iPad Pro 12.9"" M2 (Wifi)",13,128Gb,Space Gray
775,"Apple iPad Pro 12.9"" M2 (Wifi)",13,256Gb,Silver
776,"Apple iPad Pro 12.9"" M2 (Wifi)",13,256Gb,Space Gray
777,"Apple iPad Pro 12.9"" M2 (Wifi)",13,512Gb,Silver
778,"Apple iPad Pro 12.9"" M2 (Wifi)",13,512Gb,Space Gray
779,"Apple iPad Pro 12.9"" M2 (Wifi)",13,1Tb,Silver
780,"Apple iPad Pro 12.9"" M2 (Wifi)",13,1Tb,Space Gray
781,"Apple iPad Pro 12.9"" M2 (Wifi)",13,2Tb,Silver
782,"Apple iPad Pro 12.9"" M2 (Wifi)",13,2Tb,Space Gray
783,Apple iPad 10 (Wifi),13,64Gb,Silver
784,Apple iPad 10 (Wifi),13,64Gb,Blue
785,Apple iPad 10 (Wifi),13,64Gb,Pink
786,Apple iPad 10 (Wifi),13,64Gb,Yellow
787,Apple iPad 10 (Wifi),13,256Gb,Silver
788,Apple iPad 10 (Wifi),13,256Gb,Blue
789,Apple iPad 10 (Wifi),13,256Gb,Pink
790,Apple iPad 10 (Wifi),13,256Gb,Yellow
791,"Apple iPad Air 11"" M2 (Wifi)",13,128Gb,Space Gray
792,"Apple iPad Air 11"" M2 (Wifi)",13,128Gb,Starlight
793,"Apple iPad Air 11"" M2 (Wifi)",13,128Gb,Purple
794,"Apple iPad Air 11"" M2 (Wifi)",13,128Gb,Blue
795,"Apple iPad Air 11"" M2 (Wifi)",13,256Gb,Space Gray
796,"Apple iPad Air 11"" M2 (Wifi)",13,256Gb,Starlight
797,"Apple iPad Air 11"" M2 (Wifi)",13,256Gb,Purple
798,"Apple iPad Air 11"" M2 (Wifi)",13,256Gb,Blue
799,"Apple iPad Air 11"" M2 (Wifi)",13,512Gb,Space Gray
800,"Apple iPad Air 11"" M2 (Wifi)",13,512Gb,Starlight
801,"Apple iPad Air 11"" M2 (Wifi)",13,512Gb,Purple
802,"Apple iPad Air 11"" M2 (Wifi)",13,512Gb,Blue
803,"Apple iPad Air 11"" M2 (Wifi)",13,1Tb,Space Gray
804,"Apple iPad Air 11"" M2 (Wifi)",13,1Tb,Starlight
805,"Apple iPad Air 11"" M2 (Wifi)",13,1Tb,Purple
806,"Apple iPad Air 11"" M2 (Wifi)",13,1Tb,Blue
807,"Apple iPad Air 11"" M2 (Sim)",13,128Gb,Space Gray
808,"Apple iPad Air 11"" M2 (Sim)",13,128Gb,Starlight
809,"Apple iPad Air 11"" M2 (Sim)",13,128Gb,Purple
810,"Apple iPad Air 11"" M2 (Sim)",13,128Gb,Blue
811,"Apple iPad Air 11"" M2 (Sim)",13,256Gb,Space Gray
812,"Apple iPad Air 11"" M2 (Sim)",13,256Gb,Starlight
813,"Apple iPad Air 11"" M2 (Sim)",13,256Gb,Purple
814,"Apple iPad Air 11"" M2 (Sim)",13,256Gb,Blue
815,"Apple iPad Air 11"" M2 (Sim)",13,512Gb,Space Gray
816,"Apple iPad Air 11"" M2 (Sim)",13,512Gb,Starlight
817,"Apple iPad Air 11"" M2 (Sim)",13,512Gb,Purple
818,"Apple iPad Air 11"" M2 (Sim)",13,512Gb,Blue
819,"Apple iPad Air 11"" M2 (Sim)",13,1Tb,Space Gray
820,"Apple iPad Air 11"" M2 (Sim)",13,1Tb,Starlight
821,"Apple iPad Air 11"" M2 (Sim)",13,1Tb,Purple
822,"Apple iPad Air 11"" M2 (Sim)",13,1Tb,Blue
823,"Apple iPad Pro 13"" M4 (Wifi)",13,256Gb,Silver
824,"Apple iPad Pro 13"" M4 (Wifi)",13,256Gb,Space Black
825,"Apple iPad Pro 13"" M4 (Wifi)",13,512Gb,Silver
826,"Apple iPad Pro 13"" M4 (Wifi)",13,512Gb,Space Black
827,"Apple iPad Pro 13"" M4 (Wifi)",13,1Tb,Silver
828,"Apple iPad Pro 13"" M4 (Wifi)",13,1Tb,Space Black
829,"Apple iPad Pro 13"" M4 (Wifi)",13,2Tb,Silver
830,"Apple iPad Pro 13"" M4 (Wifi)",13,2Tb,Space Black
831,Apple iPad 10 (Sim),13,64Gb,Silver
832,Apple iPad 10 (Sim),13,64Gb,Blue
833,Apple iPad 10 (Sim),13,64Gb,Pink
834,Apple iPad 10 (Sim),13,64Gb,Yellow
835,Apple iPad 10 (Sim),13,256Gb,Silver
836,Apple iPad 10 (Sim),13,256Gb,Blue
837,Apple iPad 10 (Sim),13,256Gb,Pink
838,Apple iPad 10 (Sim),13,256Gb,Yellow
839,Apple iPad 9 (Wifi),13,64Gb,Silver
840,Apple iPad 9 (Wifi),13,64Gb,Space Gray
841,Apple iPad 9 (Wifi),13,256Gb,Silver
842,Apple iPad 9 (Wifi),13,256Gb,Space Gray
843,"Apple iPad mini 6 8.3"" (Sim)",13,64Gb,Space Gray
844,"Apple iPad mini 6 8.3"" (Sim)",13,64Gb,Pink
845,"Apple iPad mini 6 8.3"" (Sim)",13,64Gb,Purple
846,"Apple iPad mini 6 8.3"" (Sim)",13,64Gb,Starlight
847,"Apple iPad mini 6 8.3"" (Sim)",13,256Gb,Space Gray
848,"Apple iPad mini 6 8.3"" (Sim)",13,256Gb,Pink
849,"Apple iPad mini 6 8.3"" (Sim)",13,256Gb,Purple
850,"Apple iPad mini 6 8.3"" (Sim)",13,256Gb,Starlight
851,"Apple iPad Pro 13"" M4 (Sim)",13,256Gb,Silver
852,"Apple iPad Pro 13"" M4 (Sim)",13,256Gb,Space Black
853,"Apple iPad Pro 13"" M4 (Sim)",13,512Gb,Silver
854,"Apple iPad Pro 13"" M4 (Sim)",13,512Gb,Space Black
855,"Apple iPad Pro 13"" M4 (Sim)",13,1Tb,Silver
856,"Apple iPad Pro 13"" M4 (Sim)",13,1Tb,Space Black
857,"Apple iPad Pro 13"" M4 (Sim)",13,2Tb,Silver
858,"Apple iPad Pro 13"" M4 (Sim)",13,2Tb,Space Black
859,"Apple iPad Air 10.9"" M1 (Wifi)",13,64Gb,Space Gray
860,"Apple iPad Air 10.9"" M1 (Wifi)",13,64Gb,Starlight
861,"Apple iPad Air 10.9"" M1 (Wifi)",13,64Gb,Pink
862,"Apple iPad Air 10.9"" M1 (Wifi)",13,64Gb,Purple
863,"Apple iPad Air 10.9"" M1 (Wifi)",13,64Gb,Blue
864,"Apple iPad Air 10.9"" M1 (Wifi)",13,256Gb,Space Gray
865,"Apple iPad Air 10.9"" M1 (Wifi)",13,256Gb,Starlight
866,"Apple iPad Air 10.9"" M1 (Wifi)",13,256Gb,Pink
867,"Apple iPad Air 10.9"" M1 (Wifi)",13,256Gb,Purple
868,"Apple iPad Air 10.9"" M1 (Wifi)",13,256Gb,Blue
869,"Apple iPad Pro 11"" M2 (Wifi)",13,128Gb,Silver
870,"Apple iPad Pro 11"" M2 (Wifi)",13,128Gb,Space Gray
871,"Apple iPad Pro 11"" M2 (Wifi)",13,256Gb,Silver
872,"Apple iPad Pro 11"" M2 (Wifi)",13,256Gb,Space Gray
873,"Apple iPad Pro 11"" M2 (Wifi)",13,512Gb,Silver
874,"Apple iPad Pro 11"" M2 (Wifi)",13,512Gb,Space Gray
875,"Apple iPad Pro 11"" M2 (Wifi)",13,1Tb,Silver
876,"Apple iPad Pro 11"" M2 (Wifi)",13,1Tb,Space Gray
877,"Apple iPad Pro 11"" M2 (Wifi)",13,2Tb,Silver
878,"Apple iPad Pro 11"" M2 (Wifi)",13,2Tb,Space Gray
879,"Apple iPad mini 6 8.3"" (Wifi)",13,64Gb,Space Gray
880,"Apple iPad mini 6 8.3"" (Wifi)",13,64Gb,Pink
881,"Apple iPad mini 6 8.3"" (Wifi)",13,64Gb,Purple
882,"Apple iPad mini 6 8.3"" (Wifi)",13,64Gb,Starlight
883,"Apple iPad mini 6 8.3"" (Wifi)",13,256Gb,Space Gray
884,"Apple iPad mini 6 8.3"" (Wifi)",13,256Gb,Pink
885,"Apple iPad mini 6 8.3"" (Wifi)",13,256Gb,Purple
886,"Apple iPad mini 6 8.3"" (Wifi)",13,256Gb,Starlight
887,"Apple iPad Air 10.9"" M1 (Sim)",13,64Gb,Space Gray
888,"Apple iPad Air 10.9"" M1 (Sim)",13,64Gb,Starlight
889,"Apple iPad Air 10.9"" M1 (Sim)",13,64Gb,Pink
890,"Apple iPad Air 10.9"" M1 (Sim)",13,64Gb,Purple
891,"Apple iPad Air 10.9"" M1 (Sim)",13,64Gb,Blue
892,"Apple iPad Air 10.9"" M1 (Sim)",13,256Gb,Space Gray
893,"Apple iPad Air 10.9"" M1 (Sim)",13,256Gb,Starlight
894,"Apple iPad Air 10.9"" M1 (Sim)",13,256Gb,Pink
895,"Apple iPad Air 10.9"" M1 (Sim)",13,256Gb,Purple
896,"Apple iPad Air 10.9"" M1 (Sim)",13,256Gb,Blue
897,"Apple iPad Pro 12.9"" M2 (Sim)",13,128Gb,Silver
898,"Apple iPad Pro 12.9"" M2 (Sim)",13,128Gb,Space Gray
899,"Apple iPad Pro 12.9"" M2 (Sim)",13,256Gb,Silver
900,"Apple iPad Pro 12.9"" M2 (Sim)",13,256Gb,Space Gray
901,"Apple iPad Pro 12.9"" M2 (Sim)",13,512Gb,Silver
902,"Apple iPad Pro 12.9"" M2 (Sim)",13,512Gb,Space Gray
903,"Apple iPad Pro 12.9"" M2 (Sim)",13,1Tb,Silver
904,"Apple iPad Pro 12.9"" M2 (Sim)",13,1Tb,Space Gray
905,"Apple iPad Pro 12.9"" M2 (Sim)",13,2Tb,Silver
906,"Apple iPad Pro 12.9"" M2 (Sim)",13,2Tb,Space Gray
907,"Apple iPad Pro 11"" M4 (Sim)",13,128Gb,Silver
908,"Apple iPad Pro 11"" M4 (Sim)",13,128Gb,Space Black
909,"Apple iPad Pro 11"" M4 (Sim)",13,256Gb,Silver
910,"Apple iPad Pro 11"" M4 (Sim)",13,256Gb,Space Black
911,"Apple iPad Pro 11"" M4 (Sim)",13,512Gb,Silver
912,"Apple iPad Pro 11"" M4 (Sim)",13,512Gb,Space Black
913,"Apple iPad Pro 11"" M4 (Sim)",13,1Tb,Silver
914,"Apple iPad Pro 11"" M4 (Sim)",13,1Tb,Space Black
915,"Apple iPad Pro 11"" M4 (Sim)",13,2Tb,Silver
916,"Apple iPad Pro 11"" M4 (Sim)",13,2Tb,Space Black
917,"Apple iPad Pro 11"" M2 (Sim)",13,128Gb,Silver
918,"Apple iPad Pro 11"" M2 (Sim)",13,128Gb,Space Gray
919,"Apple iPad Pro 11"" M2 (Sim)",13,256Gb,Silver
920,"Apple iPad Pro 11"" M2 (Sim)",13,256Gb,Space Gray
921,"Apple iPad Pro 11"" M2 (Sim)",13,512Gb,Silver
922,"Apple iPad Pro 11"" M2 (Sim)",13,512Gb,Space Gray
923,"Apple iPad Pro 11"" M2 (Sim)",13,1Tb,Silver
924,"Apple iPad Pro 11"" M2 (Sim)",13,1Tb,Space Gray
925,"Apple iPad Pro 11"" M2 (Sim)",13,2Tb,Silver
926,"Apple iPad Pro 11"" M2 (Sim)",13,2Tb,Space Gray
927,"Apple iPad Pro 11"" M4 (Wifi)",13,128Gb,Silver
928,"Apple iPad Pro 11"" M4 (Wifi)",13,128Gb,Space Black
929,"Apple iPad Pro 11"" M4 (Wifi)",13,256Gb,Silver
930,"Apple iPad Pro 11"" M4 (Wifi)",13,256Gb,Space Black
931,"Apple iPad Pro 11"" M4 (Wifi)",13,512Gb,Silver
932,"Apple iPad Pro 11"" M4 (Wifi)",13,512Gb,Space Black
933,"Apple iPad Pro 11"" M4 (Wifi)",13,1Tb,Silver
934,"Apple iPad Pro 11"" M4 (Wifi)",13,1Tb,Space Black
935,"Apple iPad Pro 11"" M4 (Wifi)",13,2Tb,Silver
936,"Apple iPad Pro 11"" M4 (Wifi)",13,2Tb,Space Black
937,"Apple MacBook Air 15"" (M2)",22,8/256Gb,Silver
938,"Apple MacBook Air 15"" (M2)",22,8/256Gb,Starlight
939,"Apple MacBook Air 15"" (M2)",22,8/256Gb,Space Gray
940,"Apple MacBook Air 15"" (M2)",22,8/256Gb,Midnight
941,"Apple MacBook Air 15"" (M2)",22,8/512Gb,Silver
942,"Apple MacBook Air 15"" (M2)",22,8/512Gb,Starlight
943,"Apple MacBook Air 15"" (M2)",22,8/512Gb,Space Gray
944,"Apple MacBook Air 15"" (M2)",22,8/512Gb,Midnight
945,"Apple MacBook Air 15"" (M2)",22,8/1Tb,Silver
946,"Apple MacBook Air 15"" (M2)",22,8/1Tb,Starlight
947,"Apple MacBook Air 15"" (M2)",22,8/1Tb,Space Gray
948,"Apple MacBook Air 15"" (M2)",22,8/1Tb,Midnight
949,"Apple MacBook Air 15"" (M2)",22,8/2Tb,Silver
950,"Apple MacBook Air 15"" (M2)",22,8/2Tb,Starlight
951,"Apple MacBook Air 15"" (M2)",22,8/2Tb,Space Gray
952,"Apple MacBook Air 15"" (M2)",22,8/2Tb,Midnight
953,"Apple MacBook Air 15"" (M2)",22,16/256Gb,Silver
954,"Apple MacBook Air 15"" (M2)",22,16/256Gb,Starlight
955,"Apple MacBook Air 15"" (M2)",22,16/256Gb,Space Gray
956,"Apple MacBook Air 15"" (M2)",22,16/256Gb,Midnight
957,"Apple MacBook Air 15"" (M2)",22,16/512Gb,Silver
958,"Apple MacBook Air 15"" (M2)",22,16/512Gb,Starlight
959,"Apple MacBook Air 15"" (M2)",22,16/512Gb,Space Gray
960,"Apple MacBook Air 15"" (M2)",22,16/512Gb,Midnight
961,"Apple MacBook Air 15"" (M2)",22,16/1Tb,Silver
962,"Apple MacBook Air 15"" (M2)",22,16/1Tb,Starlight
963,"Apple MacBook Air 15"" (M2)",22,16/1Tb,Space Gray
964,"Apple MacBook Air 15"" (M2)",22,16/1Tb,Midnight
965,"Apple MacBook Air 15"" (M2)",22,16/2Tb,Silver
966,"Apple MacBook Air 15"" (M2)",22,16/2Tb,Starlight
967,"Apple MacBook Air 15"" (M2)",22,16/2Tb,Space Gray
968,"Apple MacBook Air 15"" (M2)",22,16/2Tb,Midnight
969,"Apple MacBook Air 15"" (M2)",22,24/256Gb,Silver
970,"Apple MacBook Air 15"" (M2)",22,24/256Gb,Starlight
971,"Apple MacBook Air 15"" (M2)",22,24/256Gb,Space Gray
972,"Apple MacBook Air 15"" (M2)",22,24/256Gb,Midnight
973,"Apple MacBook Air 15"" (M2)",22,24/512Gb,Silver
974,"Apple MacBook Air 15"" (M2)",22,24/512Gb,Starlight
975,"Apple MacBook Air 15"" (M2)",22,24/512Gb,Space Gray
976,"Apple MacBook Air 15"" (M2)",22,24/512Gb,Midnight
977,"Apple MacBook Air 15"" (M2)",22,24/1Tb,Silver
978,"Apple MacBook Air 15"" (M2)",22,24/1Tb,Starlight
979,"Apple MacBook Air 15"" (M2)",22,24/1Tb,Space Gray
980,"Apple MacBook Air 15"" (M2)",22,24/1Tb,Midnight
981,"Apple MacBook Air 15"" (M2)",22,24/2Tb,Silver
982,"Apple MacBook Air 15"" (M2)",22,24/2Tb,Starlight
983,"Apple MacBook Air 15"" (M2)",22,24/2Tb,Space Gray
984,"Apple MacBook Air 15"" (M2)",22,24/2Tb,Midnight
985,"Apple MacBook Air 13.6"" (M2)",22,8/256Gb,Silver
986,"Apple MacBook Air 13.6"" (M2)",22,8/256Gb,Starlight
987,"Apple MacBook Air 13.6"" (M2)",22,8/256Gb,Space Gray
988,"Apple MacBook Air 13.6"" (M2)",22,8/256Gb,Midnight
989,"Apple MacBook Air 13.6"" (M2)",22,8/512Gb,Silver
990,"Apple MacBook Air 13.6"" (M2)",22,8/512Gb,Starlight
991,"Apple MacBook Air 13.6"" (M2)",22,8/512Gb,Space Gray
992,"Apple MacBook Air 13.6"" (M2)",22,8/512Gb,Midnight
993,"Apple MacBook Air 13.6"" (M2)",22,8/1Tb,Silver
994,"Apple MacBook Air 13.6"" (M2)",22,8/1Tb,Starlight
995,"Apple MacBook Air 13.6"" (M2)",22,8/1Tb,Space Gray
996,"Apple MacBook Air 13.6"" (M2)",22,8/1Tb,Midnight
997,"Apple MacBook Air 13.6"" (M2)",22,8/2Tb,Silver
998,"Apple MacBook Air 13.6"" (M2)",22,8/2Tb,Starlight
999,"Apple MacBook Air 13.6"" (M2)",22,8/2Tb,Space Gray
1000,"Apple MacBook Air 13.6"" (M2)",22,8/2Tb,Midnight
1001,"Apple MacBook Air 13.6"" (M2)",22,16/256Gb,Silver
1002,"Apple MacBook Air 13.6"" (M2)",22,16/256Gb,Starlight
1003,"Apple MacBook Air 13.6"" (M2)",22,16/256Gb,Space Gray
1004,"Apple MacBook Air 13.6"" (M2)",22,16/256Gb,Midnight
1005,"Apple MacBook Air 13.6"" (M2)",22,16/512Gb,Silver
1006,"Apple MacBook Air 13.6"" (M2)",22,16/512Gb,Starlight
1007,"Apple MacBook Air 13.6"" (M2)",22,16/512Gb,Space Gray
1008,"Apple MacBook Air 13.6"" (M2)",22,16/512Gb,Midnight
1009,"Apple MacBook Air 13.6"" (M2)",22,16/1Tb,Silver
1010,"Apple MacBook Air 13.6"" (M2)",22,16/1Tb,Starlight
1011,"Apple MacBook Air 13.6"" (M2)",22,16/1Tb,Space Gray
1012,"Apple MacBook Air 13.6"" (M2)",22,16/1Tb,Midnight
1013,"Apple MacBook Air 13.6"" (M2)",22,16/2Tb,Silver
1014,"Apple MacBook Air 13.6"" (M2)",22,16/2Tb,Starlight
1015,"Apple MacBook Air 13.6"" (M2)",22,16/2Tb,Space Gray
1016,"Apple MacBook Air 13.6"" (M2)",22,16/2Tb,Midnight
1017,"Apple MacBook Air 13.6"" (M2)",22,24/256Gb,Silver
1018,"Apple MacBook Air 13.6"" (M2)",22,24/256Gb,Starlight
1019,"Apple MacBook Air 13.6"" (M2)",22,24/256Gb,Space Gray
1020,"Apple MacBook Air 13.6"" (M2)",22,24/256Gb,Midnight
1021,"Apple MacBook Air 13.6"" (M2)",22,24/512Gb,Silver
1022,"Apple MacBook Air 13.6"" (M2)",22,24/512Gb,Starlight
1023,"Apple MacBook Air 13.6"" (M2)",22,24/512Gb,Space Gray
1024,"Apple MacBook Air 13.6"" (M2)",22,24/512Gb,Midnight
1025,"Apple MacBook Air 13.6"" (M2)",22,24/1Tb,Silver
1026,"Apple MacBook Air 13.6"" (M2)",22,24/1Tb,Starlight
1027,"Apple MacBook Air 13.6"" (M2)",22,24/1Tb,Space Gray
1028,"Apple MacBook Air 13.6"" (M2)",22,24/1Tb,Midnight
1029,"Apple MacBook Air 13.6"" (M2)",22,24/2Tb,Silver
1030,"Apple MacBook Air 13.6"" (M2)",22,24/2Tb,Starlight
1031,"Apple MacBook Air 13.6"" (M2)",22,24/2Tb,Space Gray
1032,"Apple MacBook Air 13.6"" (M2)",22,24/2Tb,Midnight
1033,"Apple MacBook Pro 16"" (M3 Max)",22,18/512Gb,Black
1034,"Apple MacBook Pro 16"" (M3 Max)",22,18/512Gb,Gray
1035,"Apple MacBook Pro 16"" (M3 Max)",22,18/1Tb,Black
1036,"Apple MacBook Pro 16"" (M3 Max)",22,18/1Tb,Gray
1037,"Apple MacBook Pro 16"" (M3 Max)",22,18/2Tb,Black
1038,"Apple MacBook Pro 16"" (M3 Max)",22,18/2Tb,Gray
1039,"Apple MacBook Pro 16"" (M3 Max)",22,18/4Tb,Black
1040,"Apple MacBook Pro 16"" (M3 Max)",22,18/4Tb,Gray
1041,"Apple MacBook Pro 16"" (M3 Max)",22,18/8Tb,Black
1042,"Apple MacBook Pro 16"" (M3 Max)",22,18/8Tb,Gray
1043,"Apple MacBook Pro 16"" (M3 Max)",22,36/512Gb,Black
1044,"Apple MacBook Pro 16"" (M3 Max)",22,36/512Gb,Gray
1045,"Apple MacBook Pro 16"" (M3 Max)",22,36/1Tb,Black
1046,"Apple MacBook Pro 16"" (M3 Max)",22,36/1Tb,Gray
1047,"Apple MacBook Pro 16"" (M3 Max)",22,36/2Tb,Black
1048,"Apple MacBook Pro 16"" (M3 Max)",22,36/2Tb,Gray
1049,"Apple MacBook Pro 16"" (M3 Max)",22,36/4Tb,Black
1050,"Apple MacBook Pro 16"" (M3 Max)",22,36/4Tb,Gray
1051,"Apple MacBook Pro 16"" (M3 Max)",22,36/8Tb,Black
1052,"Apple MacBook Pro 16"" (M3 Max)",22,36/8Tb,Gray
1053,"Apple MacBook Pro 16"" (M3 Max)",22,48/512Gb,Black
1054,"Apple MacBook Pro 16"" (M3 Max)",22,48/512Gb,Gray
1055,"Apple MacBook Pro 16"" (M3 Max)",22,48/1Tb,Black
1056,"Apple MacBook Pro 16"" (M3 Max)",22,48/1Tb,Gray
1057,"Apple MacBook Pro 16"" (M3 Max)",22,48/2Tb,Black
1058,"Apple MacBook Pro 16"" (M3 Max)",22,48/2Tb,Gray
1059,"Apple MacBook Pro 16"" (M3 Max)",22,48/4Tb,Black
1060,"Apple MacBook Pro 16"" (M3 Max)",22,48/4Tb,Gray
1061,"Apple MacBook Pro 16"" (M3 Max)",22,48/8Tb,Black
1062,"Apple MacBook Pro 16"" (M3 Max)",22,48/8Tb,Gray
1063,"Apple MacBook Pro 16"" (M3 Max)",22,64/512Gb,Black
1064,"Apple MacBook Pro 16"" (M3 Max)",22,64/512Gb,Gray
1065,"Apple MacBook Pro 16"" (M3 Max)",22,64/1Tb,Black
1066,"Apple MacBook Pro 16"" (M3 Max)",22,64/1Tb,Gray
1067,"Apple MacBook Pro 16"" (M3 Max)",22,64/2Tb,Black
1068,"Apple MacBook Pro 16"" (M3 Max)",22,64/2Tb,Gray
1069,"Apple MacBook Pro 16"" (M3 Max)",22,64/4Tb,Black
1070,"Apple MacBook Pro 16"" (M3 Max)",22,64/4Tb,Gray
1071,"Apple MacBook Pro 16"" (M3 Max)",22,64/8Tb,Black
1072,"Apple MacBook Pro 16"" (M3 Max)",22,64/8Tb,Gray
1073,"Apple MacBook Pro 16"" (M3 Max)",22,96/512Gb,Black
1074,"Apple MacBook Pro 16"" (M3 Max)",22,96/512Gb,Gray
1075,"Apple MacBook Pro 16"" (M3 Max)",22,96/1Tb,Black
1076,"Apple MacBook Pro 16"" (M3 Max)",22,96/1Tb,Gray
1077,"Apple MacBook Pro 16"" (M3 Max)",22,96/2Tb,Black
1078,"Apple MacBook Pro 16"" (M3 Max)",22,96/2Tb,Gray
1079,"Apple MacBook Pro 16"" (M3 Max)",22,96/4Tb,Black
1080,"Apple MacBook Pro 16"" (M3 Max)",22,96/4Tb,Gray
1081,"Apple MacBook Pro 16"" (M3 Max)",22,96/8Tb,Black
1082,"Apple MacBook Pro 16"" (M3 Max)",22,96/8Tb,Gray
1083,"Apple MacBook Pro 16"" (M3 Max)",22,128/512Gb,Black
1084,"Apple MacBook Pro 16"" (M3 Max)",22,128/512Gb,Gray
1085,"Apple MacBook Pro 16"" (M3 Max)",22,128/1Tb,Black
1086,"Apple MacBook Pro 16"" (M3 Max)",22,128/1Tb,Gray
1087,"Apple MacBook Pro 16"" (M3 Max)",22,128/2Tb,Black
1088,"Apple MacBook Pro 16"" (M3 Max)",22,128/2Tb,Gray
1089,"Apple MacBook Pro 16"" (M3 Max)",22,128/4Tb,Black
1090,"Apple MacBook Pro 16"" (M3 Max)",22,128/4Tb,Gray
1091,"Apple MacBook Pro 16"" (M3 Max)",22,128/8Tb,Black
1092,"Apple MacBook Pro 16"" (M3 Max)",22,128/8Tb,Gray
1093,"Apple MacBook Pro 14"" (M3)",22,8/512Gb,Black
1094,"Apple MacBook Pro 14"" (M3)",22,8/512Gb,Silver
1095,"Apple MacBook Pro 14"" (M3)",22,8/512Gb,Gray
1096,"Apple MacBook Pro 14"" (M3)",22,8/1Tb,Black
1097,"Apple MacBook Pro 14"" (M3)",22,8/1Tb,Silver
1098,"Apple MacBook Pro 14"" (M3)",22,8/1Tb,Gray
1099,"Apple MacBook Pro 14"" (M3)",22,8/2Tb,Black
1100,"Apple MacBook Pro 14"" (M3)",22,8/2Tb,Silver
1101,"Apple MacBook Pro 14"" (M3)",22,8/2Tb,Gray
1102,"Apple MacBook Pro 14"" (M3)",22,8/3Tb,Black
1103,"Apple MacBook Pro 14"" (M3)",22,8/3Tb,Silver
1104,"Apple MacBook Pro 14"" (M3)",22,8/3Tb,Gray
1105,"Apple MacBook Pro 14"" (M3)",22,8/4Tb,Black
1106,"Apple MacBook Pro 14"" (M3)",22,8/4Tb,Silver
1107,"Apple MacBook Pro 14"" (M3)",22,8/4Tb,Gray
1108,"Apple MacBook Pro 14"" (M3)",22,8/8Tb,Black
1109,"Apple MacBook Pro 14"" (M3)",22,8/8Tb,Silver
1110,"Apple MacBook Pro 14"" (M3)",22,8/8Tb,Gray
1111,"Apple MacBook Pro 14"" (M3)",22,16/512Gb,Black
1112,"Apple MacBook Pro 14"" (M3)",22,16/512Gb,Silver
1113,"Apple MacBook Pro 14"" (M3)",22,16/512Gb,Gray
1114,"Apple MacBook Pro 14"" (M3)",22,16/1Tb,Black
1115,"Apple MacBook Pro 14"" (M3)",22,16/1Tb,Silver
1116,"Apple MacBook Pro 14"" (M3)",22,16/1Tb,Gray
1117,"Apple MacBook Pro 14"" (M3)",22,16/2Tb,Black
1118,"Apple MacBook Pro 14"" (M3)",22,16/2Tb,Silver
1119,"Apple MacBook Pro 14"" (M3)",22,16/2Tb,Gray
1120,"Apple MacBook Pro 14"" (M3)",22,16/3Tb,Black
1121,"Apple MacBook Pro 14"" (M3)",22,16/3Tb,Silver
1122,"Apple MacBook Pro 14"" (M3)",22,16/3Tb,Gray
1123,"Apple MacBook Pro 14"" (M3)",22,16/4Tb,Black
1124,"Apple MacBook Pro 14"" (M3)",22,16/4Tb,Silver
1125,"Apple MacBook Pro 14"" (M3)",22,16/4Tb,Gray
1126,"Apple MacBook Pro 14"" (M3)",22,16/8Tb,Black
1127,"Apple MacBook Pro 14"" (M3)",22,16/8Tb,Silver
1128,"Apple MacBook Pro 14"" (M3)",22,16/8Tb,Gray
1129,"Apple MacBook Pro 14"" (M3)",22,18/512Gb,Black
1130,"Apple MacBook Pro 14"" (M3)",22,18/512Gb,Silver
1131,"Apple MacBook Pro 14"" (M3)",22,18/512Gb,Gray
1132,"Apple MacBook Pro 14"" (M3)",22,18/1Tb,Black
1133,"Apple MacBook Pro 14"" (M3)",22,18/1Tb,Silver
1134,"Apple MacBook Pro 14"" (M3)",22,18/1Tb,Gray
1135,"Apple MacBook Pro 14"" (M3)",22,18/2Tb,Black
1136,"Apple MacBook Pro 14"" (M3)",22,18/2Tb,Silver
1137,"Apple MacBook Pro 14"" (M3)",22,18/2Tb,Gray
1138,"Apple MacBook Pro 14"" (M3)",22,18/3Tb,Black
1139,"Apple MacBook Pro 14"" (M3)",22,18/3Tb,Silver
1140,"Apple MacBook Pro 14"" (M3)",22,18/3Tb,Gray
1141,"Apple MacBook Pro 14"" (M3)",22,18/4Tb,Black
1142,"Apple MacBook Pro 14"" (M3)",22,18/4Tb,Silver
1143,"Apple MacBook Pro 14"" (M3)",22,18/4Tb,Gray
1144,"Apple MacBook Pro 14"" (M3)",22,18/8Tb,Black
1145,"Apple MacBook Pro 14"" (M3)",22,18/8Tb,Silver
1146,"Apple MacBook Pro 14"" (M3)",22,18/8Tb,Gray
1147,"Apple MacBook Pro 14"" (M3)",22,24/512Gb,Black
1148,"Apple MacBook Pro 14"" (M3)",22,24/512Gb,Silver
1149,"Apple MacBook Pro 14"" (M3)",22,24/512Gb,Gray
1150,"Apple MacBook Pro 14"" (M3)",22,24/1Tb,Black
1151,"Apple MacBook Pro 14"" (M3)",22,24/1Tb,Silver
1152,"Apple MacBook Pro 14"" (M3)",22,24/1Tb,Gray
1153,"Apple MacBook Pro 14"" (M3)",22,24/2Tb,Black
1154,"Apple MacBook Pro 14"" (M3)",22,24/2Tb,Silver
1155,"Apple MacBook Pro 14"" (M3)",22,24/2Tb,Gray
1156,"Apple MacBook Pro 14"" (M3)",22,24/3Tb,Black
1157,"Apple MacBook Pro 14"" (M3)",22,24/3Tb,Silver
1158,"Apple MacBook Pro 14"" (M3)",22,24/3Tb,Gray
1159,"Apple MacBook Pro 14"" (M3)",22,24/4Tb,Black
1160,"Apple MacBook Pro 14"" (M3)",22,24/4Tb,Silver
1161,"Apple MacBook Pro 14"" (M3)",22,24/4Tb,Gray
1162,"Apple MacBook Pro 14"" (M3)",22,24/8Tb,Black
1163,"Apple MacBook Pro 14"" (M3)",22,24/8Tb,Silver
1164,"Apple MacBook Pro 14"" (M3)",22,24/8Tb,Gray
1165,"Apple MacBook Pro 14"" (M3)",22,36/512Gb,Black
1166,"Apple MacBook Pro 14"" (M3)",22,36/512Gb,Silver
1167,"Apple MacBook Pro 14"" (M3)",22,36/512Gb,Gray
1168,"Apple MacBook Pro 14"" (M3)",22,36/1Tb,Black
1169,"Apple MacBook Pro 14"" (M3)",22,36/1Tb,Silver
1170,"Apple MacBook Pro 14"" (M3)",22,36/1Tb,Gray
1171,"Apple MacBook Pro 14"" (M3)",22,36/2Tb,Black
1172,"Apple MacBook Pro 14"" (M3)",22,36/2Tb,Silver
1173,"Apple MacBook Pro 14"" (M3)",22,36/2Tb,Gray
1174,"Apple MacBook Pro 14"" (M3)",22,36/3Tb,Black
1175,"Apple MacBook Pro 14"" (M3)",22,36/3Tb,Silver
1176,"Apple MacBook Pro 14"" (M3)",22,36/3Tb,Gray
1177,"Apple MacBook Pro 14"" (M3)",22,36/4Tb,Black
1178,"Apple MacBook Pro 14"" (M3)",22,36/4Tb,Silver
1179,"Apple MacBook Pro 14"" (M3)",22,36/4Tb,Gray
1180,"Apple MacBook Pro 14"" (M3)",22,36/8Tb,Black
1181,"Apple MacBook Pro 14"" (M3)",22,36/8Tb,Silver
1182,"Apple MacBook Pro 14"" (M3)",22,36/8Tb,Gray
1183,"Apple MacBook Pro 14"" (M3)",22,48/512Gb,Black
1184,"Apple MacBook Pro 14"" (M3)",22,48/512Gb,Silver
1185,"Apple MacBook Pro 14"" (M3)",22,48/512Gb,Gray
1186,"Apple MacBook Pro 14"" (M3)",22,48/1Tb,Black
1187,"Apple MacBook Pro 14"" (M3)",22,48/1Tb,Silver
1188,"Apple MacBook Pro 14"" (M3)",22,48/1Tb,Gray
1189,"Apple MacBook Pro 14"" (M3)",22,48/2Tb,Black
1190,"Apple MacBook Pro 14"" (M3)",22,48/2Tb,Silver
1191,"Apple MacBook Pro 14"" (M3)",22,48/2Tb,Gray
1192,"Apple MacBook Pro 14"" (M3)",22,48/3Tb,Black
1193,"Apple MacBook Pro 14"" (M3)",22,48/3Tb,Silver
1194,"Apple MacBook Pro 14"" (M3)",22,48/3Tb,Gray
1195,"Apple MacBook Pro 14"" (M3)",22,48/4Tb,Black
1196,"Apple MacBook Pro 14"" (M3)",22,48/4Tb,Silver
1197,"Apple MacBook Pro 14"" (M3)",22,48/4Tb,Gray
1198,"Apple MacBook Pro 14"" (M3)",22,48/8Tb,Black
1199,"Apple MacBook Pro 14"" (M3)",22,48/8Tb,Silver
1200,"Apple MacBook Pro 14"" (M3)",22,48/8Tb,Gray
1201,"Apple MacBook Pro 14"" (M3)",22,64/512Gb,Black
1202,"Apple MacBook Pro 14"" (M3)",22,64/512Gb,Silver
1203,"Apple MacBook Pro 14"" (M3)",22,64/512Gb,Gray
1204,"Apple MacBook Pro 14"" (M3)",22,64/1Tb,Black
1205,"Apple MacBook Pro 14"" (M3)",22,64/1Tb,Silver
1206,"Apple MacBook Pro 14"" (M3)",22,64/1Tb,Gray
1207,"Apple MacBook Pro 14"" (M3)",22,64/2Tb,Black
1208,"Apple MacBook Pro 14"" (M3)",22,64/2Tb,Silver
1209,"Apple MacBook Pro 14"" (M3)",22,64/2Tb,Gray
1210,"Apple MacBook Pro 14"" (M3)",22,64/3Tb,Black
1211,"Apple MacBook Pro 14"" (M3)",22,64/3Tb,Silver
1212,"Apple MacBook Pro 14"" (M3)",22,64/3Tb,Gray
1213,"Apple MacBook Pro 14"" (M3)",22,64/4Tb,Black
1214,"Apple MacBook Pro 14"" (M3)",22,64/4Tb,Silver
1215,"Apple MacBook Pro 14"" (M3)",22,64/4Tb,Gray
1216,"Apple MacBook Pro 14"" (M3)",22,64/8Tb,Black
1217,"Apple MacBook Pro 14"" (M3)",22,64/8Tb,Silver
1218,"Apple MacBook Pro 14"" (M3)",22,64/8Tb,Gray
1219,"Apple MacBook Pro 14"" (M3)",22,96/512Gb,Black
1220,"Apple MacBook Pro 14"" (M3)",22,96/512Gb,Silver
1221,"Apple MacBook Pro 14"" (M3)",22,96/512Gb,Gray
1222,"Apple MacBook Pro 14"" (M3)",22,96/1Tb,Black
1223,"Apple MacBook Pro 14"" (M3)",22,96/1Tb,Silver
1224,"Apple MacBook Pro 14"" (M3)",22,96/1Tb,Gray
1225,"Apple MacBook Pro 14"" (M3)",22,96/2Tb,Black
1226,"Apple MacBook Pro 14"" (M3)",22,96/2Tb,Silver
1227,"Apple MacBook Pro 14"" (M3)",22,96/2Tb,Gray
1228,"Apple MacBook Pro 14"" (M3)",22,96/3Tb,Black
1229,"Apple MacBook Pro 14"" (M3)",22,96/3Tb,Silver
1230,"Apple MacBook Pro 14"" (M3)",22,96/3Tb,Gray
1231,"Apple MacBook Pro 14"" (M3)",22,96/4Tb,Black
1232,"Apple MacBook Pro 14"" (M3)",22,96/4Tb,Silver
1233,"Apple MacBook Pro 14"" (M3)",22,96/4Tb,Gray
1234,"Apple MacBook Pro 14"" (M3)",22,96/8Tb,Black
1235,"Apple MacBook Pro 14"" (M3)",22,96/8Tb,Silver
1236,"Apple MacBook Pro 14"" (M3)",22,96/8Tb,Gray
1237,"Apple MacBook Pro 14"" (M3)",22,128/512Gb,Black
1238,"Apple MacBook Pro 14"" (M3)",22,128/512Gb,Silver
1239,"Apple MacBook Pro 14"" (M3)",22,128/512Gb,Gray
1240,"Apple MacBook Pro 14"" (M3)",22,128/1Tb,Black
1241,"Apple MacBook Pro 14"" (M3)",22,128/1Tb,Silver
1242,"Apple MacBook Pro 14"" (M3)",22,128/1Tb,Gray
1243,"Apple MacBook Pro 14"" (M3)",22,128/2Tb,Black
1244,"Apple MacBook Pro 14"" (M3)",22,128/2Tb,Silver
1245,"Apple MacBook Pro 14"" (M3)",22,128/2Tb,Gray
1246,"Apple MacBook Pro 14"" (M3)",22,128/3Tb,Black
1247,"Apple MacBook Pro 14"" (M3)",22,128/3Tb,Silver
1248,"Apple MacBook Pro 14"" (M3)",22,128/3Tb,Gray
1249,"Apple MacBook Pro 14"" (M3)",22,128/4Tb,Black
1250,"Apple MacBook Pro 14"" (M3)",22,128/4Tb,Silver
1251,"Apple MacBook Pro 14"" (M3)",22,128/4Tb,Gray
1252,"Apple MacBook Pro 14"" (M3)",22,128/8Tb,Black
1253,"Apple MacBook Pro 14"" (M3)",22,128/8Tb,Silver
1254,"Apple MacBook Pro 14"" (M3)",22,128/8Tb,Gray
1255,"Apple MacBook Pro 16"" (M2 Max)",22,16/512Gb,Silver
1256,"Apple MacBook Pro 16"" (M2 Max)",22,16/512Gb,Gray
1257,"Apple MacBook Pro 16"" (M2 Max)",22,16/1Tb,Silver
1258,"Apple MacBook Pro 16"" (M2 Max)",22,16/1Tb,Gray
1259,"Apple MacBook Pro 16"" (M2 Max)",22,16/2Tb,Silver
1260,"Apple MacBook Pro 16"" (M2 Max)",22,16/2Tb,Gray
1261,"Apple MacBook Pro 16"" (M2 Max)",22,16/4Tb,Silver
1262,"Apple MacBook Pro 16"" (M2 Max)",22,16/4Tb,Gray
1263,"Apple MacBook Pro 16"" (M2 Max)",22,16/8Tb,Silver
1264,"Apple MacBook Pro 16"" (M2 Max)",22,16/8Tb,Gray
1265,"Apple MacBook Pro 16"" (M2 Max)",22,32/512Gb,Silver
1266,"Apple MacBook Pro 16"" (M2 Max)",22,32/512Gb,Gray
1267,"Apple MacBook Pro 16"" (M2 Max)",22,32/1Tb,Silver
1268,"Apple MacBook Pro 16"" (M2 Max)",22,32/1Tb,Gray
1269,"Apple MacBook Pro 16"" (M2 Max)",22,32/2Tb,Silver
1270,"Apple MacBook Pro 16"" (M2 Max)",22,32/2Tb,Gray
1271,"Apple MacBook Pro 16"" (M2 Max)",22,32/4Tb,Silver
1272,"Apple MacBook Pro 16"" (M2 Max)",22,32/4Tb,Gray
1273,"Apple MacBook Pro 16"" (M2 Max)",22,32/8Tb,Silver
1274,"Apple MacBook Pro 16"" (M2 Max)",22,32/8Tb,Gray
1275,"Apple MacBook Pro 16"" (M2 Max)",22,64/512Gb,Silver
1276,"Apple MacBook Pro 16"" (M2 Max)",22,64/512Gb,Gray
1277,"Apple MacBook Pro 16"" (M2 Max)",22,64/1Tb,Silver
1278,"Apple MacBook Pro 16"" (M2 Max)",22,64/1Tb,Gray
1279,"Apple MacBook Pro 16"" (M2 Max)",22,64/2Tb,Silver
1280,"Apple MacBook Pro 16"" (M2 Max)",22,64/2Tb,Gray
1281,"Apple MacBook Pro 16"" (M2 Max)",22,64/4Tb,Silver
1282,"Apple MacBook Pro 16"" (M2 Max)",22,64/4Tb,Gray
1283,"Apple MacBook Pro 16"" (M2 Max)",22,64/8Tb,Silver
1284,"Apple MacBook Pro 16"" (M2 Max)",22,64/8Tb,Gray
1285,"Apple MacBook Pro 16"" (M2 Max)",22,96/512Gb,Silver
1286,"Apple MacBook Pro 16"" (M2 Max)",22,96/512Gb,Gray
1287,"Apple MacBook Pro 16"" (M2 Max)",22,96/1Tb,Silver
1288,"Apple MacBook Pro 16"" (M2 Max)",22,96/1Tb,Gray
1289,"Apple MacBook Pro 16"" (M2 Max)",22,96/2Tb,Silver
1290,"Apple MacBook Pro 16"" (M2 Max)",22,96/2Tb,Gray
1291,"Apple MacBook Pro 16"" (M2 Max)",22,96/4Tb,Silver
1292,"Apple MacBook Pro 16"" (M2 Max)",22,96/4Tb,Gray
1293,"Apple MacBook Pro 16"" (M2 Max)",22,96/8Tb,Silver
1294,"Apple MacBook Pro 16"" (M2 Max)",22,96/8Tb,Gray
1295,"Apple MacBook Pro 16"" (M3 Pro)",22,18/512Gb,Black
1296,"Apple MacBook Pro 16"" (M3 Pro)",22,18/512Gb,Gray
1297,"Apple MacBook Pro 16"" (M3 Pro)",22,18/1Tb,Black
1298,"Apple MacBook Pro 16"" (M3 Pro)",22,18/1Tb,Gray
1299,"Apple MacBook Pro 16"" (M3 Pro)",22,18/2Tb,Black
1300,"Apple MacBook Pro 16"" (M3 Pro)",22,18/2Tb,Gray
1301,"Apple MacBook Pro 16"" (M3 Pro)",22,18/4Tb,Black
1302,"Apple MacBook Pro 16"" (M3 Pro)",22,18/4Tb,Gray
1303,"Apple MacBook Pro 16"" (M3 Pro)",22,18/8Tb,Black
1304,"Apple MacBook Pro 16"" (M3 Pro)",22,18/8Tb,Gray
1305,"Apple MacBook Pro 16"" (M3 Pro)",22,36/512Gb,Black
1306,"Apple MacBook Pro 16"" (M3 Pro)",22,36/512Gb,Gray
1307,"Apple MacBook Pro 16"" (M3 Pro)",22,36/1Tb,Black
1308,"Apple MacBook Pro 16"" (M3 Pro)",22,36/1Tb,Gray
1309,"Apple MacBook Pro 16"" (M3 Pro)",22,36/2Tb,Black
1310,"Apple MacBook Pro 16"" (M3 Pro)",22,36/2Tb,Gray
1311,"Apple MacBook Pro 16"" (M3 Pro)",22,36/4Tb,Black
1312,"Apple MacBook Pro 16"" (M3 Pro)",22,36/4Tb,Gray
1313,"Apple MacBook Pro 16"" (M3 Pro)",22,36/8Tb,Black
1314,"Apple MacBook Pro 16"" (M3 Pro)",22,36/8Tb,Gray
1315,"Apple MacBook Pro 16"" (M3 Pro)",22,48/512Gb,Black
1316,"Apple MacBook Pro 16"" (M3 Pro)",22,48/512Gb,Gray
1317,"Apple MacBook Pro 16"" (M3 Pro)",22,48/1Tb,Black
1318,"Apple MacBook Pro 16"" (M3 Pro)",22,48/1Tb,Gray
1319,"Apple MacBook Pro 16"" (M3 Pro)",22,48/2Tb,Black
1320,"Apple MacBook Pro 16"" (M3 Pro)",22,48/2Tb,Gray
1321,"Apple MacBook Pro 16"" (M3 Pro)",22,48/4Tb,Black
1322,"Apple MacBook Pro 16"" (M3 Pro)",22,48/4Tb,Gray
1323,"Apple MacBook Pro 16"" (M3 Pro)",22,48/8Tb,Black
1324,"Apple MacBook Pro 16"" (M3 Pro)",22,48/8Tb,Gray
1325,"Apple MacBook Pro 16"" (M3 Pro)",22,64/512Gb,Black
1326,"Apple MacBook Pro 16"" (M3 Pro)",22,64/512Gb,Gray
1327,"Apple MacBook Pro 16"" (M3 Pro)",22,64/1Tb,Black
1328,"Apple MacBook Pro 16"" (M3 Pro)",22,64/1Tb,Gray
1329,"Apple MacBook Pro 16"" (M3 Pro)",22,64/2Tb,Black
1330,"Apple MacBook Pro 16"" (M3 Pro)",22,64/2Tb,Gray
1331,"Apple MacBook Pro 16"" (M3 Pro)",22,64/4Tb,Black
1332,"Apple MacBook Pro 16"" (M3 Pro)",22,64/4Tb,Gray
1333,"Apple MacBook Pro 16"" (M3 Pro)",22,64/8Tb,Black
1334,"Apple MacBook Pro 16"" (M3 Pro)",22,64/8Tb,Gray
1335,"Apple MacBook Pro 16"" (M3 Pro)",22,96/512Gb,Black
1336,"Apple MacBook Pro 16"" (M3 Pro)",22,96/512Gb,Gray
1337,"Apple MacBook Pro 16"" (M3 Pro)",22,96/1Tb,Black
1338,"Apple MacBook Pro 16"" (M3 Pro)",22,96/1Tb,Gray
1339,"Apple MacBook Pro 16"" (M3 Pro)",22,96/2Tb,Black
1340,"Apple MacBook Pro 16"" (M3 Pro)",22,96/2Tb,Gray
1341,"Apple MacBook Pro 16"" (M3 Pro)",22,96/4Tb,Black
1342,"Apple MacBook Pro 16"" (M3 Pro)",22,96/4Tb,Gray
1343,"Apple MacBook Pro 16"" (M3 Pro)",22,96/8Tb,Black
1344,"Apple MacBook Pro 16"" (M3 Pro)",22,96/8Tb,Gray
1345,"Apple MacBook Pro 16"" (M3 Pro)",22,128/512Gb,Black
1346,"Apple MacBook Pro 16"" (M3 Pro)",22,128/512Gb,Gray
1347,"Apple MacBook Pro 16"" (M3 Pro)",22,128/1Tb,Black
1348,"Apple MacBook Pro 16"" (M3 Pro)",22,128/1Tb,Gray
1349,"Apple MacBook Pro 16"" (M3 Pro)",22,128/2Tb,Black
1350,"Apple MacBook Pro 16"" (M3 Pro)",22,128/2Tb,Gray
1351,"Apple MacBook Pro 16"" (M3 Pro)",22,128/4Tb,Black
1352,"Apple MacBook Pro 16"" (M3 Pro)",22,128/4Tb,Gray
1353,"Apple MacBook Pro 16"" (M3 Pro)",22,128/8Tb,Black
1354,"Apple MacBook Pro 16"" (M3 Pro)",22,128/8Tb,Gray
1355,"Apple MacBook Air 13.3"" (M1)",22,8/256Gb,Gold
1356,"Apple MacBook Air 13.3"" (M1)",22,8/256Gb,Silver
1357,"Apple MacBook Air 13.3"" (M1)",22,8/256Gb,Space Gray
1358,"Apple MacBook Air 13.3"" (M1)",22,8/512Gb,Gold
1359,"Apple MacBook Air 13.3"" (M1)",22,8/512Gb,Silver
1360,"Apple MacBook Air 13.3"" (M1)",22,8/512Gb,Space Gray
1361,"Apple MacBook Air 13.3"" (M1)",22,8/1Tb,Gold
1362,"Apple MacBook Air 13.3"" (M1)",22,8/1Tb,Silver
1363,"Apple MacBook Air 13.3"" (M1)",22,8/1Tb,Space Gray
1364,"Apple MacBook Air 13.3"" (M1)",22,8/2Tb,Gold
1365,"Apple MacBook Air 13.3"" (M1)",22,8/2Tb,Silver
1366,"Apple MacBook Air 13.3"" (M1)",22,8/2Tb,Space Gray
1367,"Apple MacBook Air 13.3"" (M1)",22,16/256Gb,Gold
1368,"Apple MacBook Air 13.3"" (M1)",22,16/256Gb,Silver
1369,"Apple MacBook Air 13.3"" (M1)",22,16/256Gb,Space Gray
1370,"Apple MacBook Air 13.3"" (M1)",22,16/512Gb,Gold
1371,"Apple MacBook Air 13.3"" (M1)",22,16/512Gb,Silver
1372,"Apple MacBook Air 13.3"" (M1)",22,16/512Gb,Space Gray
1373,"Apple MacBook Air 13.3"" (M1)",22,16/1Tb,Gold
1374,"Apple MacBook Air 13.3"" (M1)",22,16/1Tb,Silver
1375,"Apple MacBook Air 13.3"" (M1)",22,16/1Tb,Space Gray
1376,"Apple MacBook Air 13.3"" (M1)",22,16/2Tb,Gold
1377,"Apple MacBook Air 13.3"" (M1)",22,16/2Tb,Silver
1378,"Apple MacBook Air 13.3"" (M1)",22,16/2Tb,Space Gray
1379,"Apple MacBook Pro 16"" (M2 Pro)",22,16/512Gb,Silver
1380,"Apple MacBook Pro 16"" (M2 Pro)",22,16/512Gb,Gray
1381,"Apple MacBook Pro 16"" (M2 Pro)",22,16/1Tb,Silver
1382,"Apple MacBook Pro 16"" (M2 Pro)",22,16/1Tb,Gray
1383,"Apple MacBook Pro 16"" (M2 Pro)",22,16/2Tb,Silver
1384,"Apple MacBook Pro 16"" (M2 Pro)",22,16/2Tb,Gray
1385,"Apple MacBook Pro 16"" (M2 Pro)",22,16/4Tb,Silver
1386,"Apple MacBook Pro 16"" (M2 Pro)",22,16/4Tb,Gray
1387,"Apple MacBook Pro 16"" (M2 Pro)",22,16/8Tb,Silver
1388,"Apple MacBook Pro 16"" (M2 Pro)",22,16/8Tb,Gray
1389,"Apple MacBook Pro 16"" (M2 Pro)",22,32/512Gb,Silver
1390,"Apple MacBook Pro 16"" (M2 Pro)",22,32/512Gb,Gray
1391,"Apple MacBook Pro 16"" (M2 Pro)",22,32/1Tb,Silver
1392,"Apple MacBook Pro 16"" (M2 Pro)",22,32/1Tb,Gray
1393,"Apple MacBook Pro 16"" (M2 Pro)",22,32/2Tb,Silver
1394,"Apple MacBook Pro 16"" (M2 Pro)",22,32/2Tb,Gray
1395,"Apple MacBook Pro 16"" (M2 Pro)",22,32/4Tb,Silver
1396,"Apple MacBook Pro 16"" (M2 Pro)",22,32/4Tb,Gray
1397,"Apple MacBook Pro 16"" (M2 Pro)",22,32/8Tb,Silver
1398,"Apple MacBook Pro 16"" (M2 Pro)",22,32/8Tb,Gray
1399,"Apple MacBook Pro 16"" (M2 Pro)",22,64/512Gb,Silver
1400,"Apple MacBook Pro 16"" (M2 Pro)",22,64/512Gb,Gray
1401,"Apple MacBook Pro 16"" (M2 Pro)",22,64/1Tb,Silver
1402,"Apple MacBook Pro 16"" (M2 Pro)",22,64/1Tb,Gray
1403,"Apple MacBook Pro 16"" (M2 Pro)",22,64/2Tb,Silver
1404,"Apple MacBook Pro 16"" (M2 Pro)",22,64/2Tb,Gray
1405,"Apple MacBook Pro 16"" (M2 Pro)",22,64/4Tb,Silver
1406,"Apple MacBook Pro 16"" (M2 Pro)",22,64/4Tb,Gray
1407,"Apple MacBook Pro 16"" (M2 Pro)",22,64/8Tb,Silver
1408,"Apple MacBook Pro 16"" (M2 Pro)",22,64/8Tb,Gray
1409,"Apple MacBook Pro 16"" (M2 Pro)",22,96/512Gb,Silver
1410,"Apple MacBook Pro 16"" (M2 Pro)",22,96/512Gb,Gray
1411,"Apple MacBook Pro 16"" (M2 Pro)",22,96/1Tb,Silver
1412,"Apple MacBook Pro 16"" (M2 Pro)",22,96/1Tb,Gray
1413,"Apple MacBook Pro 16"" (M2 Pro)",22,96/2Tb,Silver
1414,"Apple MacBook Pro 16"" (M2 Pro)",22,96/2Tb,Gray
1415,"Apple MacBook Pro 16"" (M2 Pro)",22,96/4Tb,Silver
1416,"Apple MacBook Pro 16"" (M2 Pro)",22,96/4Tb,Gray
1417,"Apple MacBook Pro 16"" (M2 Pro)",22,96/8Tb,Silver
1418,"Apple MacBook Pro 16"" (M2 Pro)",22,96/8Tb,Gray
1419,"Apple MacBook Pro 13"" (M1)",22,8/256Gb,Silver
1420,"Apple MacBook Pro 13"" (M1)",22,8/256Gb,Space Gray
1421,"Apple MacBook Pro 13"" (M1)",22,8/512Gb,Silver
1422,"Apple MacBook Pro 13"" (M1)",22,8/512Gb,Space Gray
1423,"Apple MacBook Pro 13"" (M1)",22,8/1Tb,Silver
1424,"Apple MacBook Pro 13"" (M1)",22,8/1Tb,Space Gray
1425,"Apple MacBook Pro 13"" (M1)",22,8/2Tb,Silver
1426,"Apple MacBook Pro 13"" (M1)",22,8/2Tb,Space Gray
1427,"Apple MacBook Pro 13"" (M1)",22,16/256Gb,Silver
1428,"Apple MacBook Pro 13"" (M1)",22,16/256Gb,Space Gray
1429,"Apple MacBook Pro 13"" (M1)",22,16/512Gb,Silver
1430,"Apple MacBook Pro 13"" (M1)",22,16/512Gb,Space Gray
1431,"Apple MacBook Pro 13"" (M1)",22,16/1Tb,Silver
1432,"Apple MacBook Pro 13"" (M1)",22,16/1Tb,Space Gray
1433,"Apple MacBook Pro 13"" (M1)",22,16/2Tb,Silver
1434,"Apple MacBook Pro 13"" (M1)",22,16/2Tb,Space Gray
1435,"Apple MacBook Pro 14"" (M3 Pro)",22,8/512Gb,Black
1436,"Apple MacBook Pro 14"" (M3 Pro)",22,8/512Gb,Silver
1437,"Apple MacBook Pro 14"" (M3 Pro)",22,8/512Gb,Gray
1438,"Apple MacBook Pro 14"" (M3 Pro)",22,8/1Tb,Black
1439,"Apple MacBook Pro 14"" (M3 Pro)",22,8/1Tb,Silver
1440,"Apple MacBook Pro 14"" (M3 Pro)",22,8/1Tb,Gray
1441,"Apple MacBook Pro 14"" (M3 Pro)",22,8/2Tb,Black
1442,"Apple MacBook Pro 14"" (M3 Pro)",22,8/2Tb,Silver
1443,"Apple MacBook Pro 14"" (M3 Pro)",22,8/2Tb,Gray
1444,"Apple MacBook Pro 14"" (M3 Pro)",22,8/3Tb,Black
1445,"Apple MacBook Pro 14"" (M3 Pro)",22,8/3Tb,Silver
1446,"Apple MacBook Pro 14"" (M3 Pro)",22,8/3Tb,Gray
1447,"Apple MacBook Pro 14"" (M3 Pro)",22,8/4Tb,Black
1448,"Apple MacBook Pro 14"" (M3 Pro)",22,8/4Tb,Silver
1449,"Apple MacBook Pro 14"" (M3 Pro)",22,8/4Tb,Gray
1450,"Apple MacBook Pro 14"" (M3 Pro)",22,8/8Tb,Black
1451,"Apple MacBook Pro 14"" (M3 Pro)",22,8/8Tb,Silver
1452,"Apple MacBook Pro 14"" (M3 Pro)",22,8/8Tb,Gray
1453,"Apple MacBook Pro 14"" (M3 Pro)",22,16/512Gb,Black
1454,"Apple MacBook Pro 14"" (M3 Pro)",22,16/512Gb,Silver
1455,"Apple MacBook Pro 14"" (M3 Pro)",22,16/512Gb,Gray
1456,"Apple MacBook Pro 14"" (M3 Pro)",22,16/1Tb,Black
1457,"Apple MacBook Pro 14"" (M3 Pro)",22,16/1Tb,Silver
1458,"Apple MacBook Pro 14"" (M3 Pro)",22,16/1Tb,Gray
1459,"Apple MacBook Pro 14"" (M3 Pro)",22,16/2Tb,Black
1460,"Apple MacBook Pro 14"" (M3 Pro)",22,16/2Tb,Silver
1461,"Apple MacBook Pro 14"" (M3 Pro)",22,16/2Tb,Gray
1462,"Apple MacBook Pro 14"" (M3 Pro)",22,16/3Tb,Black
1463,"Apple MacBook Pro 14"" (M3 Pro)",22,16/3Tb,Silver
1464,"Apple MacBook Pro 14"" (M3 Pro)",22,16/3Tb,Gray
1465,"Apple MacBook Pro 14"" (M3 Pro)",22,16/4Tb,Black
1466,"Apple MacBook Pro 14"" (M3 Pro)",22,16/4Tb,Silver
1467,"Apple MacBook Pro 14"" (M3 Pro)",22,16/4Tb,Gray
1468,"Apple MacBook Pro 14"" (M3 Pro)",22,16/8Tb,Black
1469,"Apple MacBook Pro 14"" (M3 Pro)",22,16/8Tb,Silver
1470,"Apple MacBook Pro 14"" (M3 Pro)",22,16/8Tb,Gray
1471,"Apple MacBook Pro 14"" (M3 Pro)",22,18/512Gb,Black
1472,"Apple MacBook Pro 14"" (M3 Pro)",22,18/512Gb,Silver
1473,"Apple MacBook Pro 14"" (M3 Pro)",22,18/512Gb,Gray
1474,"Apple MacBook Pro 14"" (M3 Pro)",22,18/1Tb,Black
1475,"Apple MacBook Pro 14"" (M3 Pro)",22,18/1Tb,Silver
1476,"Apple MacBook Pro 14"" (M3 Pro)",22,18/1Tb,Gray
1477,"Apple MacBook Pro 14"" (M3 Pro)",22,18/2Tb,Black
1478,"Apple MacBook Pro 14"" (M3 Pro)",22,18/2Tb,Silver
1479,"Apple MacBook Pro 14"" (M3 Pro)",22,18/2Tb,Gray
1480,"Apple MacBook Pro 14"" (M3 Pro)",22,18/3Tb,Black
1481,"Apple MacBook Pro 14"" (M3 Pro)",22,18/3Tb,Silver
1482,"Apple MacBook Pro 14"" (M3 Pro)",22,18/3Tb,Gray
1483,"Apple MacBook Pro 14"" (M3 Pro)",22,18/4Tb,Black
1484,"Apple MacBook Pro 14"" (M3 Pro)",22,18/4Tb,Silver
1485,"Apple MacBook Pro 14"" (M3 Pro)",22,18/4Tb,Gray
1486,"Apple MacBook Pro 14"" (M3 Pro)",22,18/8Tb,Black
1487,"Apple MacBook Pro 14"" (M3 Pro)",22,18/8Tb,Silver
1488,"Apple MacBook Pro 14"" (M3 Pro)",22,18/8Tb,Gray
1489,"Apple MacBook Pro 14"" (M3 Pro)",22,24/512Gb,Black
1490,"Apple MacBook Pro 14"" (M3 Pro)",22,24/512Gb,Silver
1491,"Apple MacBook Pro 14"" (M3 Pro)",22,24/512Gb,Gray
1492,"Apple MacBook Pro 14"" (M3 Pro)",22,24/1Tb,Black
1493,"Apple MacBook Pro 14"" (M3 Pro)",22,24/1Tb,Silver
1494,"Apple MacBook Pro 14"" (M3 Pro)",22,24/1Tb,Gray
1495,"Apple MacBook Pro 14"" (M3 Pro)",22,24/2Tb,Black
1496,"Apple MacBook Pro 14"" (M3 Pro)",22,24/2Tb,Silver
1497,"Apple MacBook Pro 14"" (M3 Pro)",22,24/2Tb,Gray
1498,"Apple MacBook Pro 14"" (M3 Pro)",22,24/3Tb,Black
1499,"Apple MacBook Pro 14"" (M3 Pro)",22,24/3Tb,Silver
1500,"Apple MacBook Pro 14"" (M3 Pro)",22,24/3Tb,Gray
1501,"Apple MacBook Pro 14"" (M3 Pro)",22,24/4Tb,Black
1502,"Apple MacBook Pro 14"" (M3 Pro)",22,24/4Tb,Silver
1503,"Apple MacBook Pro 14"" (M3 Pro)",22,24/4Tb,Gray
1504,"Apple MacBook Pro 14"" (M3 Pro)",22,24/8Tb,Black
1505,"Apple MacBook Pro 14"" (M3 Pro)",22,24/8Tb,Silver
1506,"Apple MacBook Pro 14"" (M3 Pro)",22,24/8Tb,Gray
1507,"Apple MacBook Pro 14"" (M3 Pro)",22,36/512Gb,Black
1508,"Apple MacBook Pro 14"" (M3 Pro)",22,36/512Gb,Silver
1509,"Apple MacBook Pro 14"" (M3 Pro)",22,36/512Gb,Gray
1510,"Apple MacBook Pro 14"" (M3 Pro)",22,36/1Tb,Black
1511,"Apple MacBook Pro 14"" (M3 Pro)",22,36/1Tb,Silver
1512,"Apple MacBook Pro 14"" (M3 Pro)",22,36/1Tb,Gray
1513,"Apple MacBook Pro 14"" (M3 Pro)",22,36/2Tb,Black
1514,"Apple MacBook Pro 14"" (M3 Pro)",22,36/2Tb,Silver
1515,"Apple MacBook Pro 14"" (M3 Pro)",22,36/2Tb,Gray
1516,"Apple MacBook Pro 14"" (M3 Pro)",22,36/3Tb,Black
1517,"Apple MacBook Pro 14"" (M3 Pro)",22,36/3Tb,Silver
1518,"Apple MacBook Pro 14"" (M3 Pro)",22,36/3Tb,Gray
1519,"Apple MacBook Pro 14"" (M3 Pro)",22,36/4Tb,Black
1520,"Apple MacBook Pro 14"" (M3 Pro)",22,36/4Tb,Silver
1521,"Apple MacBook Pro 14"" (M3 Pro)",22,36/4Tb,Gray
1522,"Apple MacBook Pro 14"" (M3 Pro)",22,36/8Tb,Black
1523,"Apple MacBook Pro 14"" (M3 Pro)",22,36/8Tb,Silver
1524,"Apple MacBook Pro 14"" (M3 Pro)",22,36/8Tb,Gray
1525,"Apple MacBook Pro 14"" (M3 Pro)",22,48/512Gb,Black
1526,"Apple MacBook Pro 14"" (M3 Pro)",22,48/512Gb,Silver
1527,"Apple MacBook Pro 14"" (M3 Pro)",22,48/512Gb,Gray
1528,"Apple MacBook Pro 14"" (M3 Pro)",22,48/1Tb,Black
1529,"Apple MacBook Pro 14"" (M3 Pro)",22,48/1Tb,Silver
1530,"Apple MacBook Pro 14"" (M3 Pro)",22,48/1Tb,Gray
1531,"Apple MacBook Pro 14"" (M3 Pro)",22,48/2Tb,Black
1532,"Apple MacBook Pro 14"" (M3 Pro)",22,48/2Tb,Silver
1533,"Apple MacBook Pro 14"" (M3 Pro)",22,48/2Tb,Gray
1534,"Apple MacBook Pro 14"" (M3 Pro)",22,48/3Tb,Black
1535,"Apple MacBook Pro 14"" (M3 Pro)",22,48/3Tb,Silver
1536,"Apple MacBook Pro 14"" (M3 Pro)",22,48/3Tb,Gray
1537,"Apple MacBook Pro 14"" (M3 Pro)",22,48/4Tb,Black
1538,"Apple MacBook Pro 14"" (M3 Pro)",22,48/4Tb,Silver
1539,"Apple MacBook Pro 14"" (M3 Pro)",22,48/4Tb,Gray
1540,"Apple MacBook Pro 14"" (M3 Pro)",22,48/8Tb,Black
1541,"Apple MacBook Pro 14"" (M3 Pro)",22,48/8Tb,Silver
1542,"Apple MacBook Pro 14"" (M3 Pro)",22,48/8Tb,Gray
1543,"Apple MacBook Pro 14"" (M3 Pro)",22,64/512Gb,Black
1544,"Apple MacBook Pro 14"" (M3 Pro)",22,64/512Gb,Silver
1545,"Apple MacBook Pro 14"" (M3 Pro)",22,64/512Gb,Gray
1546,"Apple MacBook Pro 14"" (M3 Pro)",22,64/1Tb,Black
1547,"Apple MacBook Pro 14"" (M3 Pro)",22,64/1Tb,Silver
1548,"Apple MacBook Pro 14"" (M3 Pro)",22,64/1Tb,Gray
1549,"Apple MacBook Pro 14"" (M3 Pro)",22,64/2Tb,Black
1550,"Apple MacBook Pro 14"" (M3 Pro)",22,64/2Tb,Silver
1551,"Apple MacBook Pro 14"" (M3 Pro)",22,64/2Tb,Gray
1552,"Apple MacBook Pro 14"" (M3 Pro)",22,64/3Tb,Black
1553,"Apple MacBook Pro 14"" (M3 Pro)",22,64/3Tb,Silver
1554,"Apple MacBook Pro 14"" (M3 Pro)",22,64/3Tb,Gray
1555,"Apple MacBook Pro 14"" (M3 Pro)",22,64/4Tb,Black
1556,"Apple MacBook Pro 14"" (M3 Pro)",22,64/4Tb,Silver
1557,"Apple MacBook Pro 14"" (M3 Pro)",22,64/4Tb,Gray
1558,"Apple MacBook Pro 14"" (M3 Pro)",22,64/8Tb,Black
1559,"Apple MacBook Pro 14"" (M3 Pro)",22,64/8Tb,Silver
1560,"Apple MacBook Pro 14"" (M3 Pro)",22,64/8Tb,Gray
1561,"Apple MacBook Pro 14"" (M3 Pro)",22,96/512Gb,Black
1562,"Apple MacBook Pro 14"" (M3 Pro)",22,96/512Gb,Silver
1563,"Apple MacBook Pro 14"" (M3 Pro)",22,96/512Gb,Gray
1564,"Apple MacBook Pro 14"" (M3 Pro)",22,96/1Tb,Black
1565,"Apple MacBook Pro 14"" (M3 Pro)",22,96/1Tb,Silver
1566,"Apple MacBook Pro 14"" (M3 Pro)",22,96/1Tb,Gray
1567,"Apple MacBook Pro 14"" (M3 Pro)",22,96/2Tb,Black
1568,"Apple MacBook Pro 14"" (M3 Pro)",22,96/2Tb,Silver
1569,"Apple MacBook Pro 14"" (M3 Pro)",22,96/2Tb,Gray
1570,"Apple MacBook Pro 14"" (M3 Pro)",22,96/3Tb,Black
1571,"Apple MacBook Pro 14"" (M3 Pro)",22,96/3Tb,Silver
1572,"Apple MacBook Pro 14"" (M3 Pro)",22,96/3Tb,Gray
1573,"Apple MacBook Pro 14"" (M3 Pro)",22,96/4Tb,Black
1574,"Apple MacBook Pro 14"" (M3 Pro)",22,96/4Tb,Silver
1575,"Apple MacBook Pro 14"" (M3 Pro)",22,96/4Tb,Gray
1576,"Apple MacBook Pro 14"" (M3 Pro)",22,96/8Tb,Black
1577,"Apple MacBook Pro 14"" (M3 Pro)",22,96/8Tb,Silver
1578,"Apple MacBook Pro 14"" (M3 Pro)",22,96/8Tb,Gray
1579,"Apple MacBook Pro 14"" (M3 Pro)",22,128/512Gb,Black
1580,"Apple MacBook Pro 14"" (M3 Pro)",22,128/512Gb,Silver
1581,"Apple MacBook Pro 14"" (M3 Pro)",22,128/512Gb,Gray
1582,"Apple MacBook Pro 14"" (M3 Pro)",22,128/1Tb,Black
1583,"Apple MacBook Pro 14"" (M3 Pro)",22,128/1Tb,Silver
1584,"Apple MacBook Pro 14"" (M3 Pro)",22,128/1Tb,Gray
1585,"Apple MacBook Pro 14"" (M3 Pro)",22,128/2Tb,Black
1586,"Apple MacBook Pro 14"" (M3 Pro)",22,128/2Tb,Silver
1587,"Apple MacBook Pro 14"" (M3 Pro)",22,128/2Tb,Gray
1588,"Apple MacBook Pro 14"" (M3 Pro)",22,128/3Tb,Black
1589,"Apple MacBook Pro 14"" (M3 Pro)",22,128/3Tb,Silver
1590,"Apple MacBook Pro 14"" (M3 Pro)",22,128/3Tb,Gray
1591,"Apple MacBook Pro 14"" (M3 Pro)",22,128/4Tb,Black
1592,"Apple MacBook Pro 14"" (M3 Pro)",22,128/4Tb,Silver
1593,"Apple MacBook Pro 14"" (M3 Pro)",22,128/4Tb,Gray
1594,"Apple MacBook Pro 14"" (M3 Pro)",22,128/8Tb,Black
1595,"Apple MacBook Pro 14"" (M3 Pro)",22,128/8Tb,Silver
1596,"Apple MacBook Pro 14"" (M3 Pro)",22,128/8Tb,Gray
1597,"Apple MacBook Pro 14"" (M2 Pro)",22,16/512Gb,Silver
1598,"Apple MacBook Pro 14"" (M2 Pro)",22,16/512Gb,Gray
1599,"Apple MacBook Pro 14"" (M2 Pro)",22,16/1Tb,Silver
1600,"Apple MacBook Pro 14"" (M2 Pro)",22,16/1Tb,Gray
1601,"Apple MacBook Pro 14"" (M2 Pro)",22,16/2Tb,Silver
1602,"Apple MacBook Pro 14"" (M2 Pro)",22,16/2Tb,Gray
1603,"Apple MacBook Pro 14"" (M2 Pro)",22,16/4Tb,Silver
1604,"Apple MacBook Pro 14"" (M2 Pro)",22,16/4Tb,Gray
1605,"Apple MacBook Pro 14"" (M2 Pro)",22,16/8Tb,Silver
1606,"Apple MacBook Pro 14"" (M2 Pro)",22,16/8Tb,Gray
1607,"Apple MacBook Pro 14"" (M2 Pro)",22,32/512Gb,Silver
1608,"Apple MacBook Pro 14"" (M2 Pro)",22,32/512Gb,Gray
1609,"Apple MacBook Pro 14"" (M2 Pro)",22,32/1Tb,Silver
1610,"Apple MacBook Pro 14"" (M2 Pro)",22,32/1Tb,Gray
1611,"Apple MacBook Pro 14"" (M2 Pro)",22,32/2Tb,Silver
1612,"Apple MacBook Pro 14"" (M2 Pro)",22,32/2Tb,Gray
1613,"Apple MacBook Pro 14"" (M2 Pro)",22,32/4Tb,Silver
1614,"Apple MacBook Pro 14"" (M2 Pro)",22,32/4Tb,Gray
1615,"Apple MacBook Pro 14"" (M2 Pro)",22,32/8Tb,Silver
1616,"Apple MacBook Pro 14"" (M2 Pro)",22,32/8Tb,Gray
1617,"Apple MacBook Pro 14"" (M2 Pro)",22,64/512Gb,Silver
1618,"Apple MacBook Pro 14"" (M2 Pro)",22,64/512Gb,Gray
1619,"Apple MacBook Pro 14"" (M2 Pro)",22,64/1Tb,Silver
1620,"Apple MacBook Pro 14"" (M2 Pro)",22,64/1Tb,Gray
1621,"Apple MacBook Pro 14"" (M2 Pro)",22,64/2Tb,Silver
1622,"Apple MacBook Pro 14"" (M2 Pro)",22,64/2Tb,Gray
1623,"Apple MacBook Pro 14"" (M2 Pro)",22,64/4Tb,Silver
1624,"Apple MacBook Pro 14"" (M2 Pro)",22,64/4Tb,Gray
1625,"Apple MacBook Pro 14"" (M2 Pro)",22,64/8Tb,Silver
1626,"Apple MacBook Pro 14"" (M2 Pro)",22,64/8Tb,Gray
1627,"Apple MacBook Pro 14"" (M2 Pro)",22,96/512Gb,Silver
1628,"Apple MacBook Pro 14"" (M2 Pro)",22,96/512Gb,Gray
1629,"Apple MacBook Pro 14"" (M2 Pro)",22,96/1Tb,Silver
1630,"Apple MacBook Pro 14"" (M2 Pro)",22,96/1Tb,Gray
1631,"Apple MacBook Pro 14"" (M2 Pro)",22,96/2Tb,Silver
1632,"Apple MacBook Pro 14"" (M2 Pro)",22,96/2Tb,Gray
1633,"Apple MacBook Pro 14"" (M2 Pro)",22,96/4Tb,Silver
1634,"Apple MacBook Pro 14"" (M2 Pro)",22,96/4Tb,Gray
1635,"Apple MacBook Pro 14"" (M2 Pro)",22,96/8Tb,Silver
1636,"Apple MacBook Pro 14"" (M2 Pro)",22,96/8Tb,Gray
1637,"Apple MacBook Pro 14"" (M3 Max)",22,8/512Gb,Black
1638,"Apple MacBook Pro 14"" (M3 Max)",22,8/512Gb,Silver
1639,"Apple MacBook Pro 14"" (M3 Max)",22,8/512Gb,Gray
1640,"Apple MacBook Pro 14"" (M3 Max)",22,8/1Tb,Black
1641,"Apple MacBook Pro 14"" (M3 Max)",22,8/1Tb,Silver
1642,"Apple MacBook Pro 14"" (M3 Max)",22,8/1Tb,Gray
1643,"Apple MacBook Pro 14"" (M3 Max)",22,8/2Tb,Black
1644,"Apple MacBook Pro 14"" (M3 Max)",22,8/2Tb,Silver
1645,"Apple MacBook Pro 14"" (M3 Max)",22,8/2Tb,Gray
1646,"Apple MacBook Pro 14"" (M3 Max)",22,8/3Tb,Black
1647,"Apple MacBook Pro 14"" (M3 Max)",22,8/3Tb,Silver
1648,"Apple MacBook Pro 14"" (M3 Max)",22,8/3Tb,Gray
1649,"Apple MacBook Pro 14"" (M3 Max)",22,8/4Tb,Black
1650,"Apple MacBook Pro 14"" (M3 Max)",22,8/4Tb,Silver
1651,"Apple MacBook Pro 14"" (M3 Max)",22,8/4Tb,Gray
1652,"Apple MacBook Pro 14"" (M3 Max)",22,8/8Tb,Black
1653,"Apple MacBook Pro 14"" (M3 Max)",22,8/8Tb,Silver
1654,"Apple MacBook Pro 14"" (M3 Max)",22,8/8Tb,Gray
1655,"Apple MacBook Pro 14"" (M3 Max)",22,16/512Gb,Black
1656,"Apple MacBook Pro 14"" (M3 Max)",22,16/512Gb,Silver
1657,"Apple MacBook Pro 14"" (M3 Max)",22,16/512Gb,Gray
1658,"Apple MacBook Pro 14"" (M3 Max)",22,16/1Tb,Black
1659,"Apple MacBook Pro 14"" (M3 Max)",22,16/1Tb,Silver
1660,"Apple MacBook Pro 14"" (M3 Max)",22,16/1Tb,Gray
1661,"Apple MacBook Pro 14"" (M3 Max)",22,16/2Tb,Black
1662,"Apple MacBook Pro 14"" (M3 Max)",22,16/2Tb,Silver
1663,"Apple MacBook Pro 14"" (M3 Max)",22,16/2Tb,Gray
1664,"Apple MacBook Pro 14"" (M3 Max)",22,16/3Tb,Black
1665,"Apple MacBook Pro 14"" (M3 Max)",22,16/3Tb,Silver
1666,"Apple MacBook Pro 14"" (M3 Max)",22,16/3Tb,Gray
1667,"Apple MacBook Pro 14"" (M3 Max)",22,16/4Tb,Black
1668,"Apple MacBook Pro 14"" (M3 Max)",22,16/4Tb,Silver
1669,"Apple MacBook Pro 14"" (M3 Max)",22,16/4Tb,Gray
1670,"Apple MacBook Pro 14"" (M3 Max)",22,16/8Tb,Black
1671,"Apple MacBook Pro 14"" (M3 Max)",22,16/8Tb,Silver
1672,"Apple MacBook Pro 14"" (M3 Max)",22,16/8Tb,Gray
1673,"Apple MacBook Pro 14"" (M3 Max)",22,18/512Gb,Black
1674,"Apple MacBook Pro 14"" (M3 Max)",22,18/512Gb,Silver
1675,"Apple MacBook Pro 14"" (M3 Max)",22,18/512Gb,Gray
1676,"Apple MacBook Pro 14"" (M3 Max)",22,18/1Tb,Black
1677,"Apple MacBook Pro 14"" (M3 Max)",22,18/1Tb,Silver
1678,"Apple MacBook Pro 14"" (M3 Max)",22,18/1Tb,Gray
1679,"Apple MacBook Pro 14"" (M3 Max)",22,18/2Tb,Black
1680,"Apple MacBook Pro 14"" (M3 Max)",22,18/2Tb,Silver
1681,"Apple MacBook Pro 14"" (M3 Max)",22,18/2Tb,Gray
1682,"Apple MacBook Pro 14"" (M3 Max)",22,18/3Tb,Black
1683,"Apple MacBook Pro 14"" (M3 Max)",22,18/3Tb,Silver
1684,"Apple MacBook Pro 14"" (M3 Max)",22,18/3Tb,Gray
1685,"Apple MacBook Pro 14"" (M3 Max)",22,18/4Tb,Black
1686,"Apple MacBook Pro 14"" (M3 Max)",22,18/4Tb,Silver
1687,"Apple MacBook Pro 14"" (M3 Max)",22,18/4Tb,Gray
1688,"Apple MacBook Pro 14"" (M3 Max)",22,18/8Tb,Black
1689,"Apple MacBook Pro 14"" (M3 Max)",22,18/8Tb,Silver
1690,"Apple MacBook Pro 14"" (M3 Max)",22,18/8Tb,Gray
1691,"Apple MacBook Pro 14"" (M3 Max)",22,24/512Gb,Black
1692,"Apple MacBook Pro 14"" (M3 Max)",22,24/512Gb,Silver
1693,"Apple MacBook Pro 14"" (M3 Max)",22,24/512Gb,Gray
1694,"Apple MacBook Pro 14"" (M3 Max)",22,24/1Tb,Black
1695,"Apple MacBook Pro 14"" (M3 Max)",22,24/1Tb,Silver
1696,"Apple MacBook Pro 14"" (M3 Max)",22,24/1Tb,Gray
1697,"Apple MacBook Pro 14"" (M3 Max)",22,24/2Tb,Black
1698,"Apple MacBook Pro 14"" (M3 Max)",22,24/2Tb,Silver
1699,"Apple MacBook Pro 14"" (M3 Max)",22,24/2Tb,Gray
1700,"Apple MacBook Pro 14"" (M3 Max)",22,24/3Tb,Black
1701,"Apple MacBook Pro 14"" (M3 Max)",22,24/3Tb,Silver
1702,"Apple MacBook Pro 14"" (M3 Max)",22,24/3Tb,Gray
1703,"Apple MacBook Pro 14"" (M3 Max)",22,24/4Tb,Black
1704,"Apple MacBook Pro 14"" (M3 Max)",22,24/4Tb,Silver
1705,"Apple MacBook Pro 14"" (M3 Max)",22,24/4Tb,Gray
1706,"Apple MacBook Pro 14"" (M3 Max)",22,24/8Tb,Black
1707,"Apple MacBook Pro 14"" (M3 Max)",22,24/8Tb,Silver
1708,"Apple MacBook Pro 14"" (M3 Max)",22,24/8Tb,Gray
1709,"Apple MacBook Pro 14"" (M3 Max)",22,36/512Gb,Black
1710,"Apple MacBook Pro 14"" (M3 Max)",22,36/512Gb,Silver
1711,"Apple MacBook Pro 14"" (M3 Max)",22,36/512Gb,Gray
1712,"Apple MacBook Pro 14"" (M3 Max)",22,36/1Tb,Black
1713,"Apple MacBook Pro 14"" (M3 Max)",22,36/1Tb,Silver
1714,"Apple MacBook Pro 14"" (M3 Max)",22,36/1Tb,Gray
1715,"Apple MacBook Pro 14"" (M3 Max)",22,36/2Tb,Black
1716,"Apple MacBook Pro 14"" (M3 Max)",22,36/2Tb,Silver
1717,"Apple MacBook Pro 14"" (M3 Max)",22,36/2Tb,Gray
1718,"Apple MacBook Pro 14"" (M3 Max)",22,36/3Tb,Black
1719,"Apple MacBook Pro 14"" (M3 Max)",22,36/3Tb,Silver
1720,"Apple MacBook Pro 14"" (M3 Max)",22,36/3Tb,Gray
1721,"Apple MacBook Pro 14"" (M3 Max)",22,36/4Tb,Black
1722,"Apple MacBook Pro 14"" (M3 Max)",22,36/4Tb,Silver
1723,"Apple MacBook Pro 14"" (M3 Max)",22,36/4Tb,Gray
1724,"Apple MacBook Pro 14"" (M3 Max)",22,36/8Tb,Black
1725,"Apple MacBook Pro 14"" (M3 Max)",22,36/8Tb,Silver
1726,"Apple MacBook Pro 14"" (M3 Max)",22,36/8Tb,Gray
1727,"Apple MacBook Pro 14"" (M3 Max)",22,48/512Gb,Black
1728,"Apple MacBook Pro 14"" (M3 Max)",22,48/512Gb,Silver
1729,"Apple MacBook Pro 14"" (M3 Max)",22,48/512Gb,Gray
1730,"Apple MacBook Pro 14"" (M3 Max)",22,48/1Tb,Black
1731,"Apple MacBook Pro 14"" (M3 Max)",22,48/1Tb,Silver
1732,"Apple MacBook Pro 14"" (M3 Max)",22,48/1Tb,Gray
1733,"Apple MacBook Pro 14"" (M3 Max)",22,48/2Tb,Black
1734,"Apple MacBook Pro 14"" (M3 Max)",22,48/2Tb,Silver
1735,"Apple MacBook Pro 14"" (M3 Max)",22,48/2Tb,Gray
1736,"Apple MacBook Pro 14"" (M3 Max)",22,48/3Tb,Black
1737,"Apple MacBook Pro 14"" (M3 Max)",22,48/3Tb,Silver
1738,"Apple MacBook Pro 14"" (M3 Max)",22,48/3Tb,Gray
1739,"Apple MacBook Pro 14"" (M3 Max)",22,48/4Tb,Black
1740,"Apple MacBook Pro 14"" (M3 Max)",22,48/4Tb,Silver
1741,"Apple MacBook Pro 14"" (M3 Max)",22,48/4Tb,Gray
1742,"Apple MacBook Pro 14"" (M3 Max)",22,48/8Tb,Black
1743,"Apple MacBook Pro 14"" (M3 Max)",22,48/8Tb,Silver
1744,"Apple MacBook Pro 14"" (M3 Max)",22,48/8Tb,Gray
1745,"Apple MacBook Pro 14"" (M3 Max)",22,64/512Gb,Black
1746,"Apple MacBook Pro 14"" (M3 Max)",22,64/512Gb,Silver
1747,"Apple MacBook Pro 14"" (M3 Max)",22,64/512Gb,Gray
1748,"Apple MacBook Pro 14"" (M3 Max)",22,64/1Tb,Black
1749,"Apple MacBook Pro 14"" (M3 Max)",22,64/1Tb,Silver
1750,"Apple MacBook Pro 14"" (M3 Max)",22,64/1Tb,Gray
1751,"Apple MacBook Pro 14"" (M3 Max)",22,64/2Tb,Black
1752,"Apple MacBook Pro 14"" (M3 Max)",22,64/2Tb,Silver
1753,"Apple MacBook Pro 14"" (M3 Max)",22,64/2Tb,Gray
1754,"Apple MacBook Pro 14"" (M3 Max)",22,64/3Tb,Black
1755,"Apple MacBook Pro 14"" (M3 Max)",22,64/3Tb,Silver
1756,"Apple MacBook Pro 14"" (M3 Max)",22,64/3Tb,Gray
1757,"Apple MacBook Pro 14"" (M3 Max)",22,64/4Tb,Black
1758,"Apple MacBook Pro 14"" (M3 Max)",22,64/4Tb,Silver
1759,"Apple MacBook Pro 14"" (M3 Max)",22,64/4Tb,Gray
1760,"Apple MacBook Pro 14"" (M3 Max)",22,64/8Tb,Black
1761,"Apple MacBook Pro 14"" (M3 Max)",22,64/8Tb,Silver
1762,"Apple MacBook Pro 14"" (M3 Max)",22,64/8Tb,Gray
1763,"Apple MacBook Pro 14"" (M3 Max)",22,96/512Gb,Black
1764,"Apple MacBook Pro 14"" (M3 Max)",22,96/512Gb,Silver
1765,"Apple MacBook Pro 14"" (M3 Max)",22,96/512Gb,Gray
1766,"Apple MacBook Pro 14"" (M3 Max)",22,96/1Tb,Black
1767,"Apple MacBook Pro 14"" (M3 Max)",22,96/1Tb,Silver
1768,"Apple MacBook Pro 14"" (M3 Max)",22,96/1Tb,Gray
1769,"Apple MacBook Pro 14"" (M3 Max)",22,96/2Tb,Black
1770,"Apple MacBook Pro 14"" (M3 Max)",22,96/2Tb,Silver
1771,"Apple MacBook Pro 14"" (M3 Max)",22,96/2Tb,Gray
1772,"Apple MacBook Pro 14"" (M3 Max)",22,96/3Tb,Black
1773,"Apple MacBook Pro 14"" (M3 Max)",22,96/3Tb,Silver
1774,"Apple MacBook Pro 14"" (M3 Max)",22,96/3Tb,Gray
1775,"Apple MacBook Pro 14"" (M3 Max)",22,96/4Tb,Black
1776,"Apple MacBook Pro 14"" (M3 Max)",22,96/4Tb,Silver
1777,"Apple MacBook Pro 14"" (M3 Max)",22,96/4Tb,Gray
1778,"Apple MacBook Pro 14"" (M3 Max)",22,96/8Tb,Black
1779,"Apple MacBook Pro 14"" (M3 Max)",22,96/8Tb,Silver
1780,"Apple MacBook Pro 14"" (M3 Max)",22,96/8Tb,Gray
1781,"Apple MacBook Pro 14"" (M3 Max)",22,128/512Gb,Black
1782,"Apple MacBook Pro 14"" (M3 Max)",22,128/512Gb,Silver
1783,"Apple MacBook Pro 14"" (M3 Max)",22,128/512Gb,Gray
1784,"Apple MacBook Pro 14"" (M3 Max)",22,128/1Tb,Black
1785,"Apple MacBook Pro 14"" (M3 Max)",22,128/1Tb,Silver
1786,"Apple MacBook Pro 14"" (M3 Max)",22,128/1Tb,Gray
1787,"Apple MacBook Pro 14"" (M3 Max)",22,128/2Tb,Black
1788,"Apple MacBook Pro 14"" (M3 Max)",22,128/2Tb,Silver
1789,"Apple MacBook Pro 14"" (M3 Max)",22,128/2Tb,Gray
1790,"Apple MacBook Pro 14"" (M3 Max)",22,128/3Tb,Black
1791,"Apple MacBook Pro 14"" (M3 Max)",22,128/3Tb,Silver
1792,"Apple MacBook Pro 14"" (M3 Max)",22,128/3Tb,Gray
1793,"Apple MacBook Pro 14"" (M3 Max)",22,128/4Tb,Black
1794,"Apple MacBook Pro 14"" (M3 Max)",22,128/4Tb,Silver
1795,"Apple MacBook Pro 14"" (M3 Max)",22,128/4Tb,Gray
1796,"Apple MacBook Pro 14"" (M3 Max)",22,128/8Tb,Black
1797,"Apple MacBook Pro 14"" (M3 Max)",22,128/8Tb,Silver
1798,"Apple MacBook Pro 14"" (M3 Max)",22,128/8Tb,Gray
1799,"Apple MacBook Pro 14"" (M1 Pro)",22,16/512Gb,Silver
1800,"Apple MacBook Pro 14"" (M1 Pro)",22,16/512Gb,Gray
1801,"Apple MacBook Pro 14"" (M1 Pro)",22,16/1Tb,Silver
1802,"Apple MacBook Pro 14"" (M1 Pro)",22,16/1Tb,Gray
1803,"Apple MacBook Pro 14"" (M1 Pro)",22,16/2Tb,Silver
1804,"Apple MacBook Pro 14"" (M1 Pro)",22,16/2Tb,Gray
1805,"Apple MacBook Pro 14"" (M1 Pro)",22,16/4Tb,Silver
1806,"Apple MacBook Pro 14"" (M1 Pro)",22,16/4Tb,Gray
1807,"Apple MacBook Pro 14"" (M1 Pro)",22,16/8Tb,Silver
1808,"Apple MacBook Pro 14"" (M1 Pro)",22,16/8Tb,Gray
1809,"Apple MacBook Pro 14"" (M1 Pro)",22,24/512Gb,Silver
1810,"Apple MacBook Pro 14"" (M1 Pro)",22,24/512Gb,Gray
1811,"Apple MacBook Pro 14"" (M1 Pro)",22,24/1Tb,Silver
1812,"Apple MacBook Pro 14"" (M1 Pro)",22,24/1Tb,Gray
1813,"Apple MacBook Pro 14"" (M1 Pro)",22,24/2Tb,Silver
1814,"Apple MacBook Pro 14"" (M1 Pro)",22,24/2Tb,Gray
1815,"Apple MacBook Pro 14"" (M1 Pro)",22,24/4Tb,Silver
1816,"Apple MacBook Pro 14"" (M1 Pro)",22,24/4Tb,Gray
1817,"Apple MacBook Pro 14"" (M1 Pro)",22,24/8Tb,Silver
1818,"Apple MacBook Pro 14"" (M1 Pro)",22,24/8Tb,Gray
1819,"Apple MacBook Pro 14"" (M1 Pro)",22,32/512Gb,Silver
1820,"Apple MacBook Pro 14"" (M1 Pro)",22,32/512Gb,Gray
1821,"Apple MacBook Pro 14"" (M1 Pro)",22,32/1Tb,Silver
1822,"Apple MacBook Pro 14"" (M1 Pro)",22,32/1Tb,Gray
1823,"Apple MacBook Pro 14"" (M1 Pro)",22,32/2Tb,Silver
1824,"Apple MacBook Pro 14"" (M1 Pro)",22,32/2Tb,Gray
1825,"Apple MacBook Pro 14"" (M1 Pro)",22,32/4Tb,Silver
1826,"Apple MacBook Pro 14"" (M1 Pro)",22,32/4Tb,Gray
1827,"Apple MacBook Pro 14"" (M1 Pro)",22,32/8Tb,Silver
1828,"Apple MacBook Pro 14"" (M1 Pro)",22,32/8Tb,Gray
1829,"Apple MacBook Pro 13"" (M2)",22,8/256Gb,Silver
1830,"Apple MacBook Pro 13"" (M2)",22,8/256Gb,Space Gray
1831,"Apple MacBook Pro 13"" (M2)",22,8/512Gb,Silver
1832,"Apple MacBook Pro 13"" (M2)",22,8/512Gb,Space Gray
1833,"Apple MacBook Pro 13"" (M2)",22,8/1Tb,Silver
1834,"Apple MacBook Pro 13"" (M2)",22,8/1Tb,Space Gray
1835,"Apple MacBook Pro 13"" (M2)",22,8/2Tb,Silver
1836,"Apple MacBook Pro 13"" (M2)",22,8/2Tb,Space Gray
1837,"Apple MacBook Pro 13"" (M2)",22,16/256Gb,Silver
1838,"Apple MacBook Pro 13"" (M2)",22,16/256Gb,Space Gray
1839,"Apple MacBook Pro 13"" (M2)",22,16/512Gb,Silver
1840,"Apple MacBook Pro 13"" (M2)",22,16/512Gb,Space Gray
1841,"Apple MacBook Pro 13"" (M2)",22,16/1Tb,Silver
1842,"Apple MacBook Pro 13"" (M2)",22,16/1Tb,Space Gray
1843,"Apple MacBook Pro 13"" (M2)",22,16/2Tb,Silver
1844,"Apple MacBook Pro 13"" (M2)",22,16/2Tb,Space Gray
1845,"Apple MacBook Pro 13"" (M2)",22,24/256Gb,Silver
1846,"Apple MacBook Pro 13"" (M2)",22,24/256Gb,Space Gray
1847,"Apple MacBook Pro 13"" (M2)",22,24/512Gb,Silver
1848,"Apple MacBook Pro 13"" (M2)",22,24/512Gb,Space Gray
1849,"Apple MacBook Pro 13"" (M2)",22,24/1Tb,Silver
1850,"Apple MacBook Pro 13"" (M2)",22,24/1Tb,Space Gray
1851,"Apple MacBook Pro 13"" (M2)",22,24/2Tb,Silver
1852,"Apple MacBook Pro 13"" (M2)",22,24/2Tb,Space Gray
1853,"Apple MacBook Pro 14"" (M2 Max)",22,16/512Gb,Silver
1854,"Apple MacBook Pro 14"" (M2 Max)",22,16/512Gb,Gray
1855,"Apple MacBook Pro 14"" (M2 Max)",22,16/1Tb,Silver
1856,"Apple MacBook Pro 14"" (M2 Max)",22,16/1Tb,Gray
1857,"Apple MacBook Pro 14"" (M2 Max)",22,16/2Tb,Silver
1858,"Apple MacBook Pro 14"" (M2 Max)",22,16/2Tb,Gray
1859,"Apple MacBook Pro 14"" (M2 Max)",22,16/4Tb,Silver
1860,"Apple MacBook Pro 14"" (M2 Max)",22,16/4Tb,Gray
1861,"Apple MacBook Pro 14"" (M2 Max)",22,16/8Tb,Silver
1862,"Apple MacBook Pro 14"" (M2 Max)",22,16/8Tb,Gray
1863,"Apple MacBook Pro 14"" (M2 Max)",22,32/512Gb,Silver
1864,"Apple MacBook Pro 14"" (M2 Max)",22,32/512Gb,Gray
1865,"Apple MacBook Pro 14"" (M2 Max)",22,32/1Tb,Silver
1866,"Apple MacBook Pro 14"" (M2 Max)",22,32/1Tb,Gray
1867,"Apple MacBook Pro 14"" (M2 Max)",22,32/2Tb,Silver
1868,"Apple MacBook Pro 14"" (M2 Max)",22,32/2Tb,Gray
1869,"Apple MacBook Pro 14"" (M2 Max)",22,32/4Tb,Silver
1870,"Apple MacBook Pro 14"" (M2 Max)",22,32/4Tb,Gray
1871,"Apple MacBook Pro 14"" (M2 Max)",22,32/8Tb,Silver
1872,"Apple MacBook Pro 14"" (M2 Max)",22,32/8Tb,Gray
1873,"Apple MacBook Pro 14"" (M2 Max)",22,64/512Gb,Silver
1874,"Apple MacBook Pro 14"" (M2 Max)",22,64/512Gb,Gray
1875,"Apple MacBook Pro 14"" (M2 Max)",22,64/1Tb,Silver
1876,"Apple MacBook Pro 14"" (M2 Max)",22,64/1Tb,Gray
1877,"Apple MacBook Pro 14"" (M2 Max)",22,64/2Tb,Silver
1878,"Apple MacBook Pro 14"" (M2 Max)",22,64/2Tb,Gray
1879,"Apple MacBook Pro 14"" (M2 Max)",22,64/4Tb,Silver
1880,"Apple MacBook Pro 14"" (M2 Max)",22,64/4Tb,Gray
1881,"Apple MacBook Pro 14"" (M2 Max)",22,64/8Tb,Silver
1882,"Apple MacBook Pro 14"" (M2 Max)",22,64/8Tb,Gray
1883,"Apple MacBook Pro 14"" (M2 Max)",22,96/512Gb,Silver
1884,"Apple MacBook Pro 14"" (M2 Max)",22,96/512Gb,Gray
1885,"Apple MacBook Pro 14"" (M2 Max)",22,96/1Tb,Silver
1886,"Apple MacBook Pro 14"" (M2 Max)",22,96/1Tb,Gray
1887,"Apple MacBook Pro 14"" (M2 Max)",22,96/2Tb,Silver
1888,"Apple MacBook Pro 14"" (M2 Max)",22,96/2Tb,Gray
1889,"Apple MacBook Pro 14"" (M2 Max)",22,96/4Tb,Silver
1890,"Apple MacBook Pro 14"" (M2 Max)",22,96/4Tb,Gray
1891,"Apple MacBook Pro 14"" (M2 Max)",22,96/8Tb,Silver
1892,"Apple MacBook Pro 14"" (M2 Max)",22,96/8Tb,Gray
1893,Samsung Galaxy Buds FE,16,,Black
1894,Samsung Galaxy Buds FE,16,,White
1895,Samsung AKG Earphones (Type C),16,,Black
1896,Samsung AKG Earphones (Type C),16,,White
1897,Samsung Galaxy Buds 2 Pro,16,,Graphite
1898,Samsung Galaxy Buds 2 Pro,16,,White
1899,Samsung Galaxy Buds 2 Pro,16,,Bora Purple
1900,Samsung Galaxy Buds 3 Pro,16,,Silver
1901,Samsung Galaxy Buds 3 Pro,16,,White
1902,Samsung Galaxy Buds 3,16,,Silver
1903,Samsung Galaxy Buds 3,16,,White
1904,Samsung Galaxy Buds 2,16,,Graphite
1905,Samsung Galaxy Buds 2,16,,Onyx
1906,Samsung Galaxy Buds 2,16,,White
1907,Samsung Galaxy Buds 2,16,,Lavender
1908,Samsung Galaxy Buds 2,16,,Olive
1909,Умная лампочка (Яндекс),35,,
1910,Датчик протечки воды (Яндекс),35,,
1911,Датчик температуры и влажности (Яндекс),35,,
1912,Датчик открытия двери и окон (Яндекс),35,,
1913,Умная розетка (Яндекс),35,,
1914,Умная Пульт (Яндекс),35,,
1915,Датчик движение и освещение (Яндекс),35,,
1916,Honor X8a,4,6/128Gb,Cyan Lake
1917,Honor X8a,4,6/128Gb,Titanium Silver
1918,Honor X8a,4,6/128Gb,Midnight Black
1919,Honor X8a,4,8/128Gb,Cyan Lake
1920,Honor X8a,4,8/128Gb,Titanium Silver
1921,Honor X8a,4,8/128Gb,Midnight Black
1922,Honor X6b,4,4/128Gb,Forest Green
1923,Honor X6b,4,4/128Gb,Starry Purple
1924,Honor X6b,4,4/128Gb,Ocean Cyan
1925,Honor X6b,4,4/128Gb,Midnight Black
1926,Honor X6b,4,6/128Gb,Forest Green
1927,Honor X6b,4,6/128Gb,Starry Purple
1928,Honor X6b,4,6/128Gb,Ocean Cyan
1929,Honor X6b,4,6/128Gb,Midnight Black
1930,Honor X6b,4,6/256Gb,Forest Green
1931,Honor X6b,4,6/256Gb,Starry Purple
1932,Honor X6b,4,6/256Gb,Ocean Cyan
1933,Honor X6b,4,6/256Gb,Midnight Black
1934,Honor 90 5G,4,8/256Gb,Midnight Black
1935,Honor 90 5G,4,8/256Gb,Emerald Green
1936,Honor 90 5G,4,8/256Gb,Diamond Silver
1937,Honor 90 5G,4,8/256Gb,Peacock Blue
1938,Honor 90 5G,4,12/256Gb,Midnight Black
1939,Honor 90 5G,4,12/256Gb,Emerald Green
1940,Honor 90 5G,4,12/256Gb,Diamond Silver
1941,Honor 90 5G,4,12/256Gb,Peacock Blue
1942,Honor 90 5G,4,12/512Gb,Midnight Black
1943,Honor 90 5G,4,12/512Gb,Emerald Green
1944,Honor 90 5G,4,12/512Gb,Diamond Silver
1945,Honor 90 5G,4,12/512Gb,Peacock Blue
1946,Honor 90 5G,4,16/256Gb,Midnight Black
1947,Honor 90 5G,4,16/256Gb,Emerald Green
1948,Honor 90 5G,4,16/256Gb,Diamond Silver
1949,Honor 90 5G,4,16/256Gb,Peacock Blue
1950,Honor 90 5G,4,12/512Gb,Midnight Black
1951,Honor 90 5G,4,12/512Gb,Emerald Green
1952,Honor 90 5G,4,12/512Gb,Diamond Silver
1953,Honor 90 5G,4,12/512Gb,Peacock Blue
1954,Honor 90 5G,4,16/512Gb,Midnight Black
1955,Honor 90 5G,4,16/512Gb,Emerald Green
1956,Honor 90 5G,4,16/512Gb,Diamond Silver
1957,Honor 90 5G,4,16/512Gb,Peacock Blue
1958,Honor X7b,4,6/128Gb,Flowing Silver
1959,Honor X7b,4,6/128Gb,Emerald Green
1960,Honor X7b,4,6/128Gb,Midnight Black
1961,Honor X7b,4,8/128Gb,Flowing Silver
1962,Honor X7b,4,8/128Gb,Emerald Green
1963,Honor X7b,4,8/128Gb,Midnight Black
1964,Honor X7b,4,6/256Gb,Flowing Silver
1965,Honor X7b,4,6/256Gb,Emerald Green
1966,Honor X7b,4,6/256Gb,Midnight Black
1967,Honor X7b,4,8/256Gb,Flowing Silver
1968,Honor X7b,4,8/256Gb,Emerald Green
1969,Honor X7b,4,8/256Gb,Midnight Black
1970,Honor X7b,4,12/256Gb,Flowing Silver
1971,Honor X7b,4,12/256Gb,Emerald Green
1972,Honor X7b,4,12/256Gb,Midnight Black
1973,Honor X9b 5G,4,8/256Gb,Sunrise Orange
1974,Honor X9b 5G,4,8/256Gb,Midnight Black
1975,Honor X9b 5G,4,8/256Gb,Emerald Green
1976,Honor X9b 5G,4,12/256Gb,Sunrise Orange
1977,Honor X9b 5G,4,12/256Gb,Midnight Black
1978,Honor X9b 5G,4,12/256Gb,Emerald Green
1979,Honor 200 5G,4,8/256Gb,Coral Pink
1980,Honor 200 5G,4,8/256Gb,Moonlight White
1981,Honor 200 5G,4,8/256Gb,Emerald Green
1982,Honor 200 5G,4,8/256Gb,Black
1983,Honor 200 5G,4,12/256Gb,Coral Pink
1984,Honor 200 5G,4,12/256Gb,Moonlight White
1985,Honor 200 5G,4,12/256Gb,Emerald Green
1986,Honor 200 5G,4,12/256Gb,Black
1987,Honor 200 5G,4,16/256Gb,Coral Pink
1988,Honor 200 5G,4,16/256Gb,Moonlight White
1989,Honor 200 5G,4,16/256Gb,Emerald Green
1990,Honor 200 5G,4,16/256Gb,Black
1991,Honor 200 5G,4,12/512Gb,Coral Pink
1992,Honor 200 5G,4,12/512Gb,Moonlight White
1993,Honor 200 5G,4,12/512Gb,Emerald Green
1994,Honor 200 5G,4,12/512Gb,Black
1995,Honor 200 5G,4,16/512Gb,Coral Pink
1996,Honor 200 5G,4,16/512Gb,Moonlight White
1997,Honor 200 5G,4,16/512Gb,Emerald Green
1998,Honor 200 5G,4,16/512Gb,Black
1999,Honor 200 Lite 5G,4,8/256Gb,Starry Blue
2000,Honor 200 Lite 5G,4,8/256Gb,Cyan Lake
2001,Honor 200 Lite 5G,4,8/256Gb,Black
2002,Honor 200 Lite 5G,4,12/256Gb,Starry Blue
2003,Honor 200 Lite 5G,4,12/256Gb,Cyan Lake
2004,Honor 200 Lite 5G,4,12/256Gb,Black
2005,Honor X5 Plus,4,4/64Gb,Cyan Lake
2006,Honor X5 Plus,4,4/64Gb,Midnight Black
2007,Honor X5 Plus,4,4/128Gb,Cyan Lake
2008,Honor X5 Plus,4,4/128Gb,Midnight Black
2015,Honor 90 Lite,4,8/128Gb,Cyan Lake
2016,Honor 90 Lite,4,8/128Gb,Titanium Silver
2017,Honor 90 Lite,4,8/128Gb,Midnight Black
2018,Honor X7a Plus,4,4/128Gb,Titanium Silver
2019,Honor X7a Plus,4,4/128Gb,Ocean Blue
2020,Honor X7a Plus,4,4/128Gb,Midnight Black
2021,Honor X7a Plus,4,6/128Gb,Titanium Silver
2022,Honor X7a Plus,4,6/128Gb,Ocean Blue
2023,Honor X7a Plus,4,6/128Gb,Midnight Black
2024,Nokia 150,7,,Черный
2025,Nokia 150,7,,Синий
2026,Nokia 150,7,,Красный
2027,Nokia 2660 Flip,7,,Black
2028,Nokia 2660 Flip,7,,Green
2029,Nokia 3310,7,,Grey
2030,Nokia 3310,7,,Blue
2031,Nokia 3310,7,,Red
2032,Nokia 3310,7,,Yellow
2033,Nokia 215 4G,7,,Черный
2034,Nokia 215 4G,7,,Голубой
2035,Nokia 215 4G,7,,Зеленый
2036,Nokia 230,7,,Черный
2037,Nokia 230,7,,Белый
2038,Nokia 8210,7,,Синий
2039,Nokia 8210,7,,Красный
2040,Nokia 8210,7,,Песочный
2041,Nokia 6310,7,,Black
2042,Nokia 6310,7,,Green
2043,Nokia 6310,7,,Yellow
2044,Nokia 210,7,,Уголь
2045,Nokia 210,7,,Серый
2046,Nokia 210,7,,Красный
2047,Nokia 5710,7,,Black/Red
2048,Apple Watch Series 9,26,45mm,Starlight
2049,Apple Watch Series 9,26,45mm,Midnight
2050,Apple Watch Series 9,26,45mm,Silver
2051,Apple Watch Series 9,26,45mm,Red
2052,Apple Watch Series 9,26,45mm,Pink
2053,"Apple Watch SE (2 Gen, 2023)",26,44mm,Midnight
2054,"Apple Watch SE (2 Gen, 2023)",26,44mm,Starlight
2055,"Apple Watch SE (2 Gen, 2023)",26,44mm,Midnight/ Storm Blue
2056,"Apple Watch SE (2 Gen, 2023)",26,44mm,Midnight/ Winter Blue
2057,"Apple Watch SE (2 Gen, 2023)",26,44mm,Silver/ Storm Blue
2058,"Apple Watch SE (2 Gen, 2023)",26,44mm,Silver/ Winter Blue
2059,"Apple Watch SE (2 Gen, 2023)",26,44mm,Starlight/ Midnight
2060,Apple Watch Series 8,26,41mm,Starlight
2061,Apple Watch Series 8,26,41mm,Midnight
2062,Apple Watch Series 8,26,41mm,Silver
2063,Apple Watch Series 8,26,41mm,Red
2064,Apple Watch Series 8,26,45mm,Starlight
2065,Apple Watch Series 8,26,45mm,Midnight
2066,Apple Watch Series 8,26,45mm,Silver
2067,Apple Watch Series 8,26,45mm,Red
2068,"Apple Watch SE (2 Gen, 2023)",26,40mm,Midnight
2069,"Apple Watch SE (2 Gen, 2023)",26,40mm,Starlight
2070,"Apple Watch SE (2 Gen, 2023)",26,40mm,Midnight/ Storm Blue
2071,"Apple Watch SE (2 Gen, 2023)",26,40mm,Midnight/ Winter Blue
2072,"Apple Watch SE (2 Gen, 2023)",26,40mm,Silver/ Storm Blue
2073,"Apple Watch SE (2 Gen, 2023)",26,40mm,Silver/ Winter Blue
2074,"Apple Watch SE (2 Gen, 2023)",26,40mm,Starlight/ Midnight
2075,Apple Watch Series 9,26,41mm,Starlight
2076,Apple Watch Series 9,26,41mm,Midnight
2077,Apple Watch Series 9,26,41mm,Silver
2078,Apple Watch Series 9,26,41mm,Red
2079,Apple Watch Series 9,26,41mm,Pink
2080,Apple Watch Ultra 2,26,49mm,Ocean Blue
2081,Apple Watch Ultra 2,26,49mm,Ocean Orange
2082,Apple Watch Ultra 2,26,49mm,Ocean White
2083,Apple Watch Ultra 2,26,49mm,Trial Green/Grey
2084,Apple Watch Ultra 2,26,49mm,Trial Blue/Black
2085,Apple Watch Ultra 2,26,49mm,Trial Orange/Beige
2086,Apple Watch Ultra 2,26,49mm,Alpine Olive
2087,Apple Watch Ultra 2,26,49mm,Alpine Indigo
2088,Apple Watch Ultra 2,26,49mm,Alpine Blue
2089,JBL Wave 200,19,,Blue
2090,JBL Wave 200,19,,Black
2091,JBL Wave 200,19,,White
2092,JBL Wave 200,19,,Purple
2093,JBL Live Free,19,,Black
2094,JBL Tune 230,19,,Black
2095,JBL Tune 230,19,,Blue
2096,JBL Tune 230,19,,White
2097,JBL Tune 230,19,,Gold
2098,JBL Wave 100,19,,Blue
2099,JBL Wave 100,19,,Black
2100,JBL Wave 100,19,,Ivory
2101,JBL Wave 100,19,,Purple
2102,JBL Wave FLEX,19,,Black
2103,JBL Wave FLEX,19,,Blue
2104,JBL Wave FLEX,19,,Beige
2105,JBL Wave FLEX,19,,White
2106,JBL Tune 205,19,,Black
2107,JBL Tune 205,19,,White
2108,JBL Wave300,19,,Blue
2109,JBL Wave300,19,,Black
2110,JBL Wave300,19,,White
2111,JBL Wave300,19,,Purple
2112,JBL Under Armour,19,,Black
2113,JBL Tune 130,19,,Black
2114,JBL Tune 130,19,,White
2115,JBL Tune 130,19,,Blue
2116,JBL Tune 130,19,,Gold
2117,DJI Osmo Mobile SE,47,,
2118,DJI Osmo Mobile 6,47,,
2119,Mibro Lite 2,33,,Black
2120,Mibro Lite 2,33,,Tarnish Brown
2121,Xiaomi Poco X6 5G,6,8/256Gb,Black
2122,Xiaomi Poco X6 5G,6,8/256Gb,White
2123,Xiaomi Poco X6 5G,6,8/256Gb,Blue
2124,Xiaomi Poco X6 5G,6,12/256Gb,Black
2125,Xiaomi Poco X6 5G,6,12/256Gb,White
2126,Xiaomi Poco X6 5G,6,12/256Gb,Blue
2127,Xiaomi Poco X6 5G,6,12/512Gb,Black
2128,Xiaomi Poco X6 5G,6,12/512Gb,White
2129,Xiaomi Poco X6 5G,6,12/512Gb,Blue
2130,Xiaomi Poco M6 5G,6,4/128Gb,Galactic Black
2131,Xiaomi Poco M6 5G,6,4/128Gb,Orion Blue
2132,Xiaomi Poco M6 5G,6,6/128Gb,Galactic Black
2133,Xiaomi Poco M6 5G,6,6/128Gb,Orion Blue
2134,Xiaomi Poco M6 5G,6,8/256Gb,Galactic Black
2135,Xiaomi Poco M6 5G,6,8/256Gb,Orion Blue
2136,Xiaomi Poco M5s,6,4/64Gb,Gray
2137,Xiaomi Poco M5s,6,4/64Gb,Blue
2138,Xiaomi Poco M5s,6,4/64Gb,White
2139,Xiaomi Poco M5s,6,4/128Gb,Gray
2140,Xiaomi Poco M5s,6,4/128Gb,Blue
2141,Xiaomi Poco M5s,6,4/128Gb,White
2142,Xiaomi Poco M5s,6,6/128Gb,Gray
2143,Xiaomi Poco M5s,6,6/128Gb,Blue
2144,Xiaomi Poco M5s,6,6/128Gb,White
2145,Xiaomi Poco F6 5G,6,8/256Gb,Black
2146,Xiaomi Poco F6 5G,6,8/256Gb,Green
2147,Xiaomi Poco F6 5G,6,8/256Gb,Titanium
2148,Xiaomi Poco F6 5G,6,12/512Gb,Black
2149,Xiaomi Poco F6 5G,6,12/512Gb,Green
2150,Xiaomi Poco F6 5G,6,12/512Gb,Titanium
2151,Xiaomi Poco M5,6,4/64Gb,Black
2152,Xiaomi Poco M5,6,4/64Gb,Green
2153,Xiaomi Poco M5,6,4/64Gb,Yellow
2154,Xiaomi Poco M5,6,4/128Gb,Black
2155,Xiaomi Poco M5,6,4/128Gb,Green
2156,Xiaomi Poco M5,6,4/128Gb,Yellow
2157,Xiaomi Poco M5,6,6/128Gb,Black
2158,Xiaomi Poco M5,6,6/128Gb,Green
2159,Xiaomi Poco M5,6,6/128Gb,Yellow
2160,Xiaomi Poco X5 5G,6,6/128Gb,Jaguar Black
2161,Xiaomi Poco X5 5G,6,6/128Gb,Wildcat Blue
2162,Xiaomi Poco X5 5G,6,6/128Gb,Supernova Green
2163,Xiaomi Poco X5 5G,6,8/256Gb,Jaguar Black
2164,Xiaomi Poco X5 5G,6,8/256Gb,Wildcat Blue
2165,Xiaomi Poco X5 5G,6,8/256Gb,Supernova Green
2166,Xiaomi Poco F5 5G,6,8/256Gb,Black
2167,Xiaomi Poco F5 5G,6,8/256Gb,Blue
2168,Xiaomi Poco F5 5G,6,8/256Gb,White
2169,Xiaomi Poco F5 5G,6,12/256Gb,Black
2170,Xiaomi Poco F5 5G,6,12/256Gb,Blue
2171,Xiaomi Poco F5 5G,6,12/256Gb,White
2172,Xiaomi Poco X4 GT 5G,6,8/128Gb,Black
2173,Xiaomi Poco X4 GT 5G,6,8/128Gb,Blue
2174,Xiaomi Poco X4 GT 5G,6,8/128Gb,Silver
2175,Xiaomi Poco X4 GT 5G,6,8/256Gb,Black
2176,Xiaomi Poco X4 GT 5G,6,8/256Gb,Blue
2177,Xiaomi Poco X4 GT 5G,6,8/256Gb,Silver
2178,Xiaomi Poco X5 Pro 5G,6,6/128Gb,Astral Black
2179,Xiaomi Poco X5 Pro 5G,6,6/128Gb,Horizon Blue
2180,Xiaomi Poco X5 Pro 5G,6,6/128Gb,Poco Yellow
2181,Xiaomi Poco X5 Pro 5G,6,8/256Gb,Astral Black
2182,Xiaomi Poco X5 Pro 5G,6,8/256Gb,Horizon Blue
2183,Xiaomi Poco X5 Pro 5G,6,8/256Gb,Poco Yellow
2184,Xiaomi Poco X6 Pro 5G,6,8/256Gb,Black
2185,Xiaomi Poco X6 Pro 5G,6,8/256Gb,Yellow
2186,Xiaomi Poco X6 Pro 5G,6,8/256Gb,Gray
2187,Xiaomi Poco X6 Pro 5G,6,12/256Gb,Black
2188,Xiaomi Poco X6 Pro 5G,6,12/256Gb,Yellow
2189,Xiaomi Poco X6 Pro 5G,6,12/256Gb,Gray
2190,Xiaomi Poco X6 Pro 5G,6,12/512Gb,Black
2191,Xiaomi Poco X6 Pro 5G,6,12/512Gb,Yellow
2192,Xiaomi Poco X6 Pro 5G,6,12/512Gb,Gray
2193,Xiaomi Poco C65,6,4/128Gb,Black
2194,Xiaomi Poco C65,6,4/128Gb,Blue
2195,Xiaomi Poco C65,6,4/128Gb,Purple
2196,Xiaomi Poco C65,6,6/128Gb,Black
2197,Xiaomi Poco C65,6,6/128Gb,Blue
2198,Xiaomi Poco C65,6,6/128Gb,Purple
2199,Xiaomi Poco C65,6,8/256Gb,Black
2200,Xiaomi Poco C65,6,8/256Gb,Blue
2201,Xiaomi Poco C65,6,8/256Gb,Purple
2202,Xiaomi Poco M6 Pro 4G,6,8/256Gb,Black
2203,Xiaomi Poco M6 Pro 4G,6,8/256Gb,Blue
2204,Xiaomi Poco M6 Pro 4G,6,8/256Gb,Purple
2205,Xiaomi Poco M6 Pro 4G,6,12/512Gb,Black
2206,Xiaomi Poco M6 Pro 4G,6,12/512Gb,Blue
2207,Xiaomi Poco M6 Pro 4G,6,12/512Gb,Purple
2208,Xiaomi Poco F6 Pro 5G,6,12/256Gb,Black
2209,Xiaomi Poco F6 Pro 5G,6,12/256Gb,White
2210,Xiaomi Poco F6 Pro 5G,6,12/512Gb,Black
2211,Xiaomi Poco F6 Pro 5G,6,12/512Gb,White
2212,Xiaomi Poco F6 Pro 5G,6,16/1Tb,Black
2213,Xiaomi Poco F6 Pro 5G,6,16/1Tb,White
2214,Xiaomi Redmi Buds 5 Pro,14,,Midnight Black
2215,Xiaomi Redmi Buds 5 Pro,14,,Moonlight White
2216,Xiaomi Redmi Buds 5 Pro,14,,Aurora Purple
2217,Xiaomi Redmi Buds 4 Pro,14,,Black
2218,Xiaomi Redmi Buds 4 Pro,14,,White
2219,Xiaomi Redmi Buds 5,14,,Black
2220,Xiaomi Redmi Buds 5,14,,White
2221,Xiaomi Redmi Buds 5,14,,Sky Blue
2222,Xiaomi Mi True Wireless Earbuds Basic 2,14,,Black
2223,Xiaomi Redmi Buds 4 Active,14,,Black
2224,Xiaomi Redmi Buds 4 Active,14,,White
2225,Xiaomi Redmi Buds 4 Lite,14,,Black
2226,Xiaomi Redmi Buds 4 Lite,14,,White
2227,Xiaomi Redmi Buds 4 Lite,14,,Orange
2228,Meta Quest 3,51,128Gb,
2229,Meta Quest 2,51,128Gb,
2230,Marshall Minor 3,18,,Black
2231,Marshall Minor 3,18,,Cream
2232,Marshall Minor 3,18,,Burgundy
2233,Marshall Minor 4,18,,
2234,Marshall Major 5,18,,Black
2235,Marshall Major 4,18,,Black
2236,Samsung Galaxy Watch 4,24,44mm,Black
2237,Samsung Galaxy Watch 4,24,44mm,Green
2238,Samsung Galaxy Watch 4,24,44mm,Silver
2239,Samsung Galaxy Watch 6 Classic,24,47mm,Black
2240,Samsung Galaxy Watch 6 Classic,24,47mm,Silver
2241,Samsung Galaxy Watch Ultra,24,,Titanium Gray - Marine Orange
2242,Samsung Galaxy Watch Ultra,24,,Titanium Gray - Marine Dark Gray
2243,Samsung Galaxy Watch Ultra,24,,Titanium Gray - Marine Green
2244,Samsung Galaxy Watch 5,24,40mm,Graphite
2245,Samsung Galaxy Watch 5,24,40mm,Pink Gold
2246,Samsung Galaxy Watch 5,24,40mm,Silver
2247,Samsung Galaxy Watch 5,24,44mm,Graphite
2248,Samsung Galaxy Watch 5,24,44mm,Sapphire
2249,Samsung Galaxy Watch 5,24,44mm,Silver
2250,Samsung Galaxy Watch 6 Classic,24,43mm,Black
2251,Samsung Galaxy Watch 6 Classic,24,43mm,Silver
2252,Samsung Galaxy Watch 4,24,40mm,Black
2253,Samsung Galaxy Watch 4,24,40mm,Green
2254,Samsung Galaxy Watch 4,24,40mm,Pink Gold
2255,Samsung Galaxy Watch 4,24,40mm,Silver
2256,Samsung Galaxy Watch 6,24,44mm,Graphite
2257,Samsung Galaxy Watch 6,24,44mm,Silver
2258,Samsung Galaxy Watch FE,24,40mm,Black
2259,Samsung Galaxy Watch FE,24,40mm,Pink Gold
2260,Samsung Galaxy Watch FE,24,40mm,Silver
2261,Samsung Galaxy Watch 7,24,40mm,Cream
2262,Samsung Galaxy Watch 7,24,40mm,Silver
2263,Samsung Galaxy Watch 7,24,40mm,Green
2264,Samsung Galaxy Watch 5 Pro,24,45mm,Black Titanium
2265,Samsung Galaxy Watch 5 Pro,24,45mm,Gray Titanium
2266,Samsung Galaxy Watch 7,24,44mm,Green
2267,Samsung Galaxy Watch 7,24,44mm,Silver
2268,Samsung Galaxy Fit3,24,,Grey
2269,Samsung Galaxy Fit3,24,,Gold
2270,Samsung Galaxy Fit3,24,,Black
2271,Samsung Galaxy Watch 4 Classic,24,46mm,Black
2272,Samsung Galaxy Watch 4 Classic,24,46mm,Silver
2273,Samsung Galaxy Watch 6,24,40mm,Graphite
2274,Samsung Galaxy Watch 6,24,40mm,Silver
2275,Samsung Galaxy Watch 6,24,40mm,Gold
2276,Xiaomi Dual Mode Wireless Mouse Silent Edition (Bluetooth + USB),45,,Black
2277,Xiaomi Dual Mode Wireless Mouse Silent Edition (Bluetooth + USB),45,,White
2278,Apple Airpods 2.1,15,,
2279,Apple AirPods Pro 2 (Lightning),15,,
2280,Apple EarPods (Lightning),15,,
2281,Apple AirPods Max (Lightning),15,,Space Gray
2282,Apple AirPods Max (Lightning),15,,Silver
2283,Apple AirPods Max (Lightning),15,,Sky Blue
2284,Apple AirPods Max (Lightning),15,,Green
2285,Apple AirPods Max (Lightning),15,,Pink
2286,Apple AirPods Max (Lightning),15,,Red
2287,Apple EarPods (Type-C),15,,
2288,Apple Airpods 3,15,,
2289,Apple Airpods 3 (MagSafe),15,,
2290,Apple AirPods Pro 2 (USB-C),15,,
2291,Xiaomi Redmi Note 12 Pro 5G (Asia),3,6/128Gb,Black
2292,Xiaomi Redmi Note 12 Pro 5G (Asia),3,6/128Gb,White
2293,Xiaomi Redmi Note 12 Pro 5G (Asia),3,6/128Gb,Gold
2294,Xiaomi Redmi Note 12 Pro 5G (Asia),3,8/128Gb,Black
2295,Xiaomi Redmi Note 12 Pro 5G (Asia),3,8/128Gb,White
2296,Xiaomi Redmi Note 12 Pro 5G (Asia),3,8/128Gb,Gold
2297,Xiaomi Redmi Note 12 Pro 5G (Asia),3,12/128Gb,Black
2298,Xiaomi Redmi Note 12 Pro 5G (Asia),3,12/128Gb,White
2299,Xiaomi Redmi Note 12 Pro 5G (Asia),3,12/128Gb,Gold
2300,Xiaomi Redmi Note 12 Pro 5G (Asia),3,6/256Gb,Black
2301,Xiaomi Redmi Note 12 Pro 5G (Asia),3,6/256Gb,White
2302,Xiaomi Redmi Note 12 Pro 5G (Asia),3,6/256Gb,Gold
2303,Xiaomi Redmi Note 12 Pro 5G (Asia),3,8/256Gb,Black
2304,Xiaomi Redmi Note 12 Pro 5G (Asia),3,8/256Gb,White
2305,Xiaomi Redmi Note 12 Pro 5G (Asia),3,8/256Gb,Gold
2306,Xiaomi Redmi Note 12 Pro 5G (Asia),3,12/256Gb,Black
2307,Xiaomi Redmi Note 12 Pro 5G (Asia),3,12/256Gb,White
2308,Xiaomi Redmi Note 12 Pro 5G (Asia),3,12/256Gb,Gold
2309,Xiaomi Redmi Note 12 Pro 4G,3,6/128Gb,Star Blue
2310,Xiaomi Redmi Note 12 Pro 4G,3,6/128Gb,Graphite Gray
2311,Xiaomi Redmi Note 12 Pro 4G,3,6/128Gb,Polar White
2312,Xiaomi Redmi Note 12 Pro 4G,3,6/128Gb,Ice blue
2313,Xiaomi Redmi Note 12 Pro 4G,3,8/128Gb,Star Blue
2314,Xiaomi Redmi Note 12 Pro 4G,3,8/128Gb,Graphite Gray
2315,Xiaomi Redmi Note 12 Pro 4G,3,8/128Gb,Polar White
2316,Xiaomi Redmi Note 12 Pro 4G,3,8/128Gb,Ice blue
2317,Xiaomi Redmi Note 12 Pro 4G,3,8/256Gb,Star Blue
2318,Xiaomi Redmi Note 12 Pro 4G,3,8/256Gb,Graphite Gray
2319,Xiaomi Redmi Note 12 Pro 4G,3,8/256Gb,Polar White
2320,Xiaomi Redmi Note 12 Pro 4G,3,8/256Gb,Ice blue
2321,Xiaomi Redmi 13 4G,3,6/128Gb,Midnight Black
2322,Xiaomi Redmi 13 4G,3,6/128Gb,Ocean Blue
2323,Xiaomi Redmi 13 4G,3,6/128Gb,Pearl Pink
2324,Xiaomi Redmi 13 4G,3,6/128Gb,Sandy Gold
2325,Xiaomi Redmi 13 4G,3,8/128Gb,Midnight Black
2326,Xiaomi Redmi 13 4G,3,8/128Gb,Ocean Blue
2327,Xiaomi Redmi 13 4G,3,8/128Gb,Pearl Pink
2328,Xiaomi Redmi 13 4G,3,8/128Gb,Sandy Gold
2329,Xiaomi Redmi 13 4G,3,8/256Gb,Midnight Black
2330,Xiaomi Redmi 13 4G,3,8/256Gb,Ocean Blue
2331,Xiaomi Redmi 13 4G,3,8/256Gb,Pearl Pink
2332,Xiaomi Redmi 13 4G,3,8/256Gb,Sandy Gold
2333,Xiaomi Redmi 13R (Asia),3,4/128Gb,Black
2334,Xiaomi Redmi 13R (Asia),3,4/128Gb,Green
2335,Xiaomi Redmi 13R (Asia),3,4/128Gb,Purple
2336,Xiaomi Redmi A3,3,3/64Gb,Midnight Black
2337,Xiaomi Redmi A3,3,3/64Gb,Forest Green
2338,Xiaomi Redmi A3,3,3/64Gb,Star Blue
2339,Xiaomi Redmi A3,3,4/128Gb,Midnight Black
2340,Xiaomi Redmi A3,3,4/128Gb,Forest Green
2341,Xiaomi Redmi A3,3,4/128Gb,Star Blue
2342,Xiaomi Redmi A3,3,6/128Gb,Midnight Black
2343,Xiaomi Redmi A3,3,6/128Gb,Forest Green
2344,Xiaomi Redmi A3,3,6/128Gb,Star Blue
2345,Xiaomi Redmi 12 5G,3,4/128Gb,Jade Black
2346,Xiaomi Redmi 12 5G,3,4/128Gb,Pastel Blue
2347,Xiaomi Redmi 12 5G,3,4/128Gb,Moonstone Silver
2348,Xiaomi Redmi 12 5G,3,6/128Gb,Jade Black
2349,Xiaomi Redmi 12 5G,3,6/128Gb,Pastel Blue
2350,Xiaomi Redmi 12 5G,3,6/128Gb,Moonstone Silver
2351,Xiaomi Redmi 12 5G,3,8/128Gb,Jade Black
2352,Xiaomi Redmi 12 5G,3,8/128Gb,Pastel Blue
2353,Xiaomi Redmi 12 5G,3,8/128Gb,Moonstone Silver
2354,Xiaomi Redmi 12 5G,3,8/256Gb,Jade Black
2355,Xiaomi Redmi 12 5G,3,8/256Gb,Pastel Blue
2356,Xiaomi Redmi 12 5G,3,8/256Gb,Moonstone Silver
2357,Xiaomi Redmi Note 10 Pro,3,6/64Gb,Onyx Gray
2358,Xiaomi Redmi Note 10 Pro,3,6/64Gb,Glacier Blue
2359,Xiaomi Redmi Note 10 Pro,3,6/64Gb,Gradient Bronze
2360,Xiaomi Redmi Note 10 Pro,3,6/128Gb,Onyx Gray
2361,Xiaomi Redmi Note 10 Pro,3,6/128Gb,Glacier Blue
2362,Xiaomi Redmi Note 10 Pro,3,6/128Gb,Gradient Bronze
2363,Xiaomi Redmi Note 10 Pro,3,8/128Gb,Onyx Gray
2364,Xiaomi Redmi Note 10 Pro,3,8/128Gb,Glacier Blue
2365,Xiaomi Redmi Note 10 Pro,3,8/128Gb,Gradient Bronze
2366,Xiaomi Redmi Note 10 Pro,3,8/256Gb,Onyx Gray
2367,Xiaomi Redmi Note 10 Pro,3,8/256Gb,Glacier Blue
2368,Xiaomi Redmi Note 10 Pro,3,8/256Gb,Gradient Bronze
2369,Xiaomi Redmi Note 13R Pro 5G (Asia),3,6/128Gb,Black
2370,Xiaomi Redmi Note 13R Pro 5G (Asia),3,6/128Gb,Blue
2371,Xiaomi Redmi Note 13R Pro 5G (Asia),3,6/128Gb,Gold
2372,Xiaomi Redmi Note 13R Pro 5G (Asia),3,8/128Gb,Black
2373,Xiaomi Redmi Note 13R Pro 5G (Asia),3,8/128Gb,Blue
2374,Xiaomi Redmi Note 13R Pro 5G (Asia),3,8/128Gb,Gold
2375,Xiaomi Redmi Note 13R Pro 5G (Asia),3,8/256Gb,Black
2376,Xiaomi Redmi Note 13R Pro 5G (Asia),3,8/256Gb,Blue
2377,Xiaomi Redmi Note 13R Pro 5G (Asia),3,8/256Gb,Gold
2378,Xiaomi Redmi Note 13R Pro 5G (Asia),3,12/256Gb,Black
2379,Xiaomi Redmi Note 13R Pro 5G (Asia),3,12/256Gb,Blue
2380,Xiaomi Redmi Note 13R Pro 5G (Asia),3,12/256Gb,Gold
2381,Xiaomi Redmi Note 13R Pro 5G (Asia),3,12/512Gb,Black
2382,Xiaomi Redmi Note 13R Pro 5G (Asia),3,12/512Gb,Blue
2383,Xiaomi Redmi Note 13R Pro 5G (Asia),3,12/512Gb,Gold
2384,Xiaomi Redmi A2 Plus,3,2/32Gb,Blue
2385,Xiaomi Redmi A2 Plus,3,2/32Gb,Black
2386,Xiaomi Redmi A2 Plus,3,2/32Gb,Green
2387,Xiaomi Redmi A2 Plus,3,3/32Gb,Blue
2388,Xiaomi Redmi A2 Plus,3,3/32Gb,Black
2389,Xiaomi Redmi A2 Plus,3,3/32Gb,Green
2390,Xiaomi Redmi A2 Plus,3,3/64Gb,Blue
2391,Xiaomi Redmi A2 Plus,3,3/64Gb,Black
2392,Xiaomi Redmi A2 Plus,3,3/64Gb,Green
2393,Xiaomi Redmi A2 Plus,3,4/64Gb,Blue
2394,Xiaomi Redmi A2 Plus,3,4/64Gb,Black
2395,Xiaomi Redmi A2 Plus,3,4/64Gb,Green
2396,Xiaomi 13T Pro,3,12/256Gb,Alpine Blue
2397,Xiaomi 13T Pro,3,12/256Gb,Meadow Green
2398,Xiaomi 13T Pro,3,12/256Gb,Black
2399,Xiaomi 13T Pro,3,12/512Gb,Alpine Blue
2400,Xiaomi 13T Pro,3,12/512Gb,Meadow Green
2401,Xiaomi 13T Pro,3,12/512Gb,Black
2402,Xiaomi 13T Pro,3,16/1Tb,Alpine Blue
2403,Xiaomi 13T Pro,3,16/1Tb,Meadow Green
2404,Xiaomi 13T Pro,3,16/1Tb,Black
2405,Xiaomi 14,3,8/256Gb,Black
2406,Xiaomi 14,3,8/256Gb,Silver
2407,Xiaomi 14,3,8/256Gb,Pink
2408,Xiaomi 14,3,8/256Gb,Green
2409,Xiaomi 14,3,12/256Gb,Black
2410,Xiaomi 14,3,12/256Gb,Silver
2411,Xiaomi 14,3,12/256Gb,Pink
2412,Xiaomi 14,3,12/256Gb,Green
2413,Xiaomi 14,3,12/512Gb,Black
2414,Xiaomi 14,3,12/512Gb,Silver
2415,Xiaomi 14,3,12/512Gb,Pink
2416,Xiaomi 14,3,12/512Gb,Green
2417,Xiaomi 14,3,16/512Gb,Black
2418,Xiaomi 14,3,16/512Gb,Silver
2419,Xiaomi 14,3,16/512Gb,Pink
2420,Xiaomi 14,3,16/512Gb,Green
2421,Xiaomi 14,3,16/1Tb,Black
2422,Xiaomi 14,3,16/1Tb,Silver
2423,Xiaomi 14,3,16/1Tb,Pink
2424,Xiaomi 14,3,16/1Tb,Green
2425,Xiaomi 14 Ultra,3,12/256Gb,Black
2426,Xiaomi 14 Ultra,3,12/256Gb,Blue
2427,Xiaomi 14 Ultra,3,12/256Gb,White
2428,Xiaomi 14 Ultra,3,12/256Gb,Titanium Gray
2429,Xiaomi 14 Ultra,3,16/512Gb,Black
2430,Xiaomi 14 Ultra,3,16/512Gb,Blue
2431,Xiaomi 14 Ultra,3,16/512Gb,White
2432,Xiaomi 14 Ultra,3,16/512Gb,Titanium Gray
2433,Xiaomi 14 Ultra,3,16/1Tb,Black
2434,Xiaomi 14 Ultra,3,16/1Tb,Blue
2435,Xiaomi 14 Ultra,3,16/1Tb,White
2436,Xiaomi 14 Ultra,3,16/1Tb,Titanium Gray
2437,Xiaomi Redmi 10 2022,3,4/64Gb,Carbon Gray
2438,Xiaomi Redmi 10 2022,3,4/64Gb,Pebble White
2439,Xiaomi Redmi 10 2022,3,4/64Gb,Sea Blue
2440,Xiaomi Redmi 10 2022,3,4/128Gb,Carbon Gray
2441,Xiaomi Redmi 10 2022,3,4/128Gb,Pebble White
2442,Xiaomi Redmi 10 2022,3,4/128Gb,Sea Blue
2443,Xiaomi Redmi Note 13 Pro Plus 5G (Asia),3,8/256Gb,Midnight Black (Fushion Black)
2444,Xiaomi Redmi Note 13 Pro Plus 5G (Asia),3,8/256Gb,Moonlight White (Fushion White)
2445,Xiaomi Redmi Note 13 Pro Plus 5G (Asia),3,8/256Gb,Aurora Purple
2446,Xiaomi Redmi Note 13 Pro Plus 5G (Asia),3,8/256Gb,Fushion Purple
2447,Xiaomi Redmi Note 13 Pro Plus 5G (Asia),3,8/256Gb,Camo Green
2448,Xiaomi Redmi Note 13 Pro Plus 5G (Asia),3,12/256Gb,Midnight Black (Fushion Black)
2449,Xiaomi Redmi Note 13 Pro Plus 5G (Asia),3,12/256Gb,Moonlight White (Fushion White)
2450,Xiaomi Redmi Note 13 Pro Plus 5G (Asia),3,12/256Gb,Aurora Purple
2451,Xiaomi Redmi Note 13 Pro Plus 5G (Asia),3,12/256Gb,Fushion Purple
2452,Xiaomi Redmi Note 13 Pro Plus 5G (Asia),3,12/256Gb,Camo Green
2453,Xiaomi Redmi Note 13 Pro Plus 5G (Asia),3,8/512Gb,Midnight Black (Fushion Black)
2454,Xiaomi Redmi Note 13 Pro Plus 5G (Asia),3,8/512Gb,Moonlight White (Fushion White)
2455,Xiaomi Redmi Note 13 Pro Plus 5G (Asia),3,8/512Gb,Aurora Purple
2456,Xiaomi Redmi Note 13 Pro Plus 5G (Asia),3,8/512Gb,Fushion Purple
2457,Xiaomi Redmi Note 13 Pro Plus 5G (Asia),3,8/512Gb,Camo Green
2458,Xiaomi Redmi Note 13 Pro Plus 5G (Asia),3,12/512Gb,Midnight Black (Fushion Black)
2459,Xiaomi Redmi Note 13 Pro Plus 5G (Asia),3,12/512Gb,Moonlight White (Fushion White)
2460,Xiaomi Redmi Note 13 Pro Plus 5G (Asia),3,12/512Gb,Aurora Purple
2461,Xiaomi Redmi Note 13 Pro Plus 5G (Asia),3,12/512Gb,Fushion Purple
2462,Xiaomi Redmi Note 13 Pro Plus 5G (Asia),3,12/512Gb,Camo Green
2463,Xiaomi Redmi Note 13 Pro Plus 5G (Asia),3,16/512Gb,Midnight Black (Fushion Black)
2464,Xiaomi Redmi Note 13 Pro Plus 5G (Asia),3,16/512Gb,Moonlight White (Fushion White)
2465,Xiaomi Redmi Note 13 Pro Plus 5G (Asia),3,16/512Gb,Aurora Purple
2466,Xiaomi Redmi Note 13 Pro Plus 5G (Asia),3,16/512Gb,Fushion Purple
2467,Xiaomi Redmi Note 13 Pro Plus 5G (Asia),3,16/512Gb,Camo Green
2468,Xiaomi Redmi Note 13R 5G (Asia),3,6/128Gb,Black
2469,Xiaomi Redmi Note 13R 5G (Asia),3,6/128Gb,Blue
2470,Xiaomi Redmi Note 13R 5G (Asia),3,6/128Gb,Silver
2471,Xiaomi Redmi Note 13R 5G (Asia),3,8/128Gb,Black
2472,Xiaomi Redmi Note 13R 5G (Asia),3,8/128Gb,Blue
2473,Xiaomi Redmi Note 13R 5G (Asia),3,8/128Gb,Silver
2474,Xiaomi Redmi Note 13R 5G (Asia),3,8/256Gb,Black
2475,Xiaomi Redmi Note 13R 5G (Asia),3,8/256Gb,Blue
2476,Xiaomi Redmi Note 13R 5G (Asia),3,8/256Gb,Silver
2477,Xiaomi Redmi Note 13R 5G (Asia),3,12/256Gb,Black
2478,Xiaomi Redmi Note 13R 5G (Asia),3,12/256Gb,Blue
2479,Xiaomi Redmi Note 13R 5G (Asia),3,12/256Gb,Silver
2480,Xiaomi Redmi Note 13R 5G (Asia),3,12/512Gb,Black
2481,Xiaomi Redmi Note 13R 5G (Asia),3,12/512Gb,Blue
2482,Xiaomi Redmi Note 13R 5G (Asia),3,12/512Gb,Silver
2483,Xiaomi Redmi Note 13 Pro 4G,3,8/128Gb,Midnight Black
2484,Xiaomi Redmi Note 13 Pro 4G,3,8/128Gb,Lavender Purple
2485,Xiaomi Redmi Note 13 Pro 4G,3,8/128Gb,Forest Green
2486,Xiaomi Redmi Note 13 Pro 4G,3,8/256Gb,Midnight Black
2487,Xiaomi Redmi Note 13 Pro 4G,3,8/256Gb,Lavender Purple
2488,Xiaomi Redmi Note 13 Pro 4G,3,8/256Gb,Forest Green
2489,Xiaomi Redmi Note 13 Pro 4G,3,12/256Gb,Midnight Black
2490,Xiaomi Redmi Note 13 Pro 4G,3,12/256Gb,Lavender Purple
2491,Xiaomi Redmi Note 13 Pro 4G,3,12/256Gb,Forest Green
2492,Xiaomi Redmi Note 13 Pro 4G,3,12/512Gb,Midnight Black
2493,Xiaomi Redmi Note 13 Pro 4G,3,12/512Gb,Lavender Purple
2494,Xiaomi Redmi Note 13 Pro 4G,3,12/512Gb,Forest Green
2495,Xiaomi Redmi 12,3,2/128Gb,Midnight Black
2496,Xiaomi Redmi 12,3,2/128Gb,Sky Blue
2497,Xiaomi Redmi 12,3,2/128Gb,Polar Silver
2498,Xiaomi Redmi 12,3,2/128Gb,Moonstone Silver
2499,Xiaomi Redmi 12,3,4/128Gb,Midnight Black
2500,Xiaomi Redmi 12,3,4/128Gb,Sky Blue
2501,Xiaomi Redmi 12,3,4/128Gb,Polar Silver
2502,Xiaomi Redmi 12,3,4/128Gb,Moonstone Silver
2503,Xiaomi Redmi 12,3,6/128Gb,Midnight Black
2504,Xiaomi Redmi 12,3,6/128Gb,Sky Blue
2505,Xiaomi Redmi 12,3,6/128Gb,Polar Silver
2506,Xiaomi Redmi 12,3,6/128Gb,Moonstone Silver
2507,Xiaomi Redmi 12,3,8/128Gb,Midnight Black
2508,Xiaomi Redmi 12,3,8/128Gb,Sky Blue
2509,Xiaomi Redmi 12,3,8/128Gb,Polar Silver
2510,Xiaomi Redmi 12,3,8/128Gb,Moonstone Silver
2511,Xiaomi Redmi 12,3,8/256Gb,Midnight Black
2512,Xiaomi Redmi 12,3,8/256Gb,Sky Blue
2513,Xiaomi Redmi 12,3,8/256Gb,Polar Silver
2514,Xiaomi Redmi 12,3,8/256Gb,Moonstone Silver
2515,Xiaomi Redmi Note 12 Turbo 5G (Asia),3,8/256Gb,Black
2516,Xiaomi Redmi Note 12 Turbo 5G (Asia),3,8/256Gb,Blue
2517,Xiaomi Redmi Note 12 Turbo 5G (Asia),3,8/256Gb,White
2518,Xiaomi Redmi Note 12 Turbo 5G (Asia),3,8/256Gb,Harry Potter Edition
2519,Xiaomi Redmi Note 12 Turbo 5G (Asia),3,12/256Gb,Black
2520,Xiaomi Redmi Note 12 Turbo 5G (Asia),3,12/256Gb,Blue
2521,Xiaomi Redmi Note 12 Turbo 5G (Asia),3,12/256Gb,White
2522,Xiaomi Redmi Note 12 Turbo 5G (Asia),3,12/256Gb,Harry Potter Edition
2523,Xiaomi Redmi Note 12 Turbo 5G (Asia),3,12/512Gb,Black
2524,Xiaomi Redmi Note 12 Turbo 5G (Asia),3,12/512Gb,Blue
2525,Xiaomi Redmi Note 12 Turbo 5G (Asia),3,12/512Gb,White
2526,Xiaomi Redmi Note 12 Turbo 5G (Asia),3,12/512Gb,Harry Potter Edition
2527,Xiaomi Redmi Note 12 Turbo 5G (Asia),3,16/1Tb,Black
2528,Xiaomi Redmi Note 12 Turbo 5G (Asia),3,16/1Tb,Blue
2529,Xiaomi Redmi Note 12 Turbo 5G (Asia),3,16/1Tb,White
2530,Xiaomi Redmi Note 12 Turbo 5G (Asia),3,16/1Tb,Harry Potter Edition
2531,Xiaomi 13T,3,8/256Gb,Alpine Blue
2532,Xiaomi 13T,3,8/256Gb,Meadow Green
2533,Xiaomi 13T,3,8/256Gb,Black
2534,Xiaomi 13T,3,12/256Gb,Alpine Blue
2535,Xiaomi 13T,3,12/256Gb,Meadow Green
2536,Xiaomi 13T,3,12/256Gb,Black
2537,Xiaomi 12 Pro,3,8/128Gb,Gray
2538,Xiaomi 12 Pro,3,8/128Gb,Blue
2539,Xiaomi 12 Pro,3,8/128Gb,Purple
2540,Xiaomi 12 Pro,3,8/128Gb,Green
2541,Xiaomi 12 Pro,3,8/256Gb,Gray
2542,Xiaomi 12 Pro,3,8/256Gb,Blue
2543,Xiaomi 12 Pro,3,8/256Gb,Purple
2544,Xiaomi 12 Pro,3,8/256Gb,Green
2545,Xiaomi 12 Pro,3,12/256Gb,Gray
2546,Xiaomi 12 Pro,3,12/256Gb,Blue
2547,Xiaomi 12 Pro,3,12/256Gb,Purple
2548,Xiaomi 12 Pro,3,12/256Gb,Green
2549,Xiaomi Redmi Note 12s,3,6/64Gb,Onyx Black
2550,Xiaomi Redmi Note 12s,3,6/64Gb,Ice Blue
2551,Xiaomi Redmi Note 12s,3,6/64Gb,Pearl Green
2552,Xiaomi Redmi Note 12s,3,6/128Gb,Onyx Black
2553,Xiaomi Redmi Note 12s,3,6/128Gb,Ice Blue
2554,Xiaomi Redmi Note 12s,3,6/128Gb,Pearl Green
2555,Xiaomi Redmi Note 12s,3,8/256Gb,Onyx Black
2556,Xiaomi Redmi Note 12s,3,8/256Gb,Ice Blue
2557,Xiaomi Redmi Note 12s,3,8/256Gb,Pearl Green
2558,Xiaomi Redmi Note 13 Pro 5G (Asia),3,8/128Gb,Midnight Black
2559,Xiaomi Redmi Note 13 Pro 5G (Asia),3,8/128Gb,Aurora Purple (Coral Purple)
2560,Xiaomi Redmi Note 13 Pro 5G (Asia),3,8/128Gb,Ocean Teal
2561,Xiaomi Redmi Note 13 Pro 5G (Asia),3,8/128Gb,Arctic White
2562,Xiaomi Redmi Note 13 Pro 5G (Asia),3,8/128Gb,Olive Green
2563,Xiaomi Redmi Note 13 Pro 5G (Asia),3,8/128Gb,Scarlet Red
2564,Xiaomi Redmi Note 13 Pro 5G (Asia),3,8/256Gb,Midnight Black
2565,Xiaomi Redmi Note 13 Pro 5G (Asia),3,8/256Gb,Aurora Purple (Coral Purple)
2566,Xiaomi Redmi Note 13 Pro 5G (Asia),3,8/256Gb,Ocean Teal
2567,Xiaomi Redmi Note 13 Pro 5G (Asia),3,8/256Gb,Arctic White
2568,Xiaomi Redmi Note 13 Pro 5G (Asia),3,8/256Gb,Olive Green
2569,Xiaomi Redmi Note 13 Pro 5G (Asia),3,8/256Gb,Scarlet Red
2570,Xiaomi Redmi Note 13 Pro 5G (Asia),3,12/256Gb,Midnight Black
2571,Xiaomi Redmi Note 13 Pro 5G (Asia),3,12/256Gb,Aurora Purple (Coral Purple)
2572,Xiaomi Redmi Note 13 Pro 5G (Asia),3,12/256Gb,Ocean Teal
2573,Xiaomi Redmi Note 13 Pro 5G (Asia),3,12/256Gb,Arctic White
2574,Xiaomi Redmi Note 13 Pro 5G (Asia),3,12/256Gb,Olive Green
2575,Xiaomi Redmi Note 13 Pro 5G (Asia),3,12/256Gb,Scarlet Red
2576,Xiaomi Redmi Note 13 Pro 5G (Asia),3,12/512Gb,Midnight Black
2577,Xiaomi Redmi Note 13 Pro 5G (Asia),3,12/512Gb,Aurora Purple (Coral Purple)
2578,Xiaomi Redmi Note 13 Pro 5G (Asia),3,12/512Gb,Ocean Teal
2579,Xiaomi Redmi Note 13 Pro 5G (Asia),3,12/512Gb,Arctic White
2580,Xiaomi Redmi Note 13 Pro 5G (Asia),3,12/512Gb,Olive Green
2581,Xiaomi Redmi Note 13 Pro 5G (Asia),3,12/512Gb,Scarlet Red
2582,Xiaomi Redmi Note 13 Pro 5G (Asia),3,16/512Gb,Midnight Black
2583,Xiaomi Redmi Note 13 Pro 5G (Asia),3,16/512Gb,Aurora Purple (Coral Purple)
2584,Xiaomi Redmi Note 13 Pro 5G (Asia),3,16/512Gb,Ocean Teal
2585,Xiaomi Redmi Note 13 Pro 5G (Asia),3,16/512Gb,Arctic White
2586,Xiaomi Redmi Note 13 Pro 5G (Asia),3,16/512Gb,Olive Green
2587,Xiaomi Redmi Note 13 Pro 5G (Asia),3,16/512Gb,Scarlet Red
2588,Xiaomi Redmi Note 13 Pro Plus 5G,3,8/256Gb,Midnight Black
2589,Xiaomi Redmi Note 13 Pro Plus 5G,3,8/256Gb,Moonlight White
2590,Xiaomi Redmi Note 13 Pro Plus 5G,3,8/256Gb,Aurora Purple
2592,Xiaomi Redmi Note 13 Pro Plus 5G,3,8/256Gb,Mystic Silver
2593,Xiaomi Redmi Note 13 Pro Plus 5G,3,12/256Gb,Midnight Black
2594,Xiaomi Redmi Note 13 Pro Plus 5G,3,12/256Gb,Moonlight White
2595,Xiaomi Redmi Note 13 Pro Plus 5G,3,12/256Gb,Aurora Purple
2597,Xiaomi Redmi Note 13 Pro Plus 5G,3,12/256Gb,Mystic Silver
2598,Xiaomi Redmi Note 13 Pro Plus 5G,3,8/512Gb,Midnight Black
2599,Xiaomi Redmi Note 13 Pro Plus 5G,3,8/512Gb,Moonlight White
2600,Xiaomi Redmi Note 13 Pro Plus 5G,3,8/512Gb,Aurora Purple
2602,Xiaomi Redmi Note 13 Pro Plus 5G,3,8/512Gb,Mystic Silver
2603,Xiaomi Redmi Note 13 Pro Plus 5G,3,12/512Gb,Midnight Black
2604,Xiaomi Redmi Note 13 Pro Plus 5G,3,12/512Gb,Moonlight White
2605,Xiaomi Redmi Note 13 Pro Plus 5G,3,12/512Gb,Aurora Purple
2607,Xiaomi Redmi Note 13 Pro Plus 5G,3,12/512Gb,Mystic Silver
2608,Xiaomi Redmi Note 13 Pro Plus 5G,3,16/512Gb,Midnight Black
2609,Xiaomi Redmi Note 13 Pro Plus 5G,3,16/512Gb,Moonlight White
2610,Xiaomi Redmi Note 13 Pro Plus 5G,3,16/512Gb,Aurora Purple
2612,Xiaomi Redmi Note 13 Pro Plus 5G,3,16/512Gb,Mystic Silver
2613,Xiaomi Redmi Note 13 4G,3,6/128Gb,Midnight Black
2614,Xiaomi Redmi Note 13 4G,3,6/128Gb,Mint Green
2615,Xiaomi Redmi Note 13 4G,3,6/128Gb,Ice Blue
2616,Xiaomi Redmi Note 13 4G,3,6/128Gb,Ocean Sunset
2617,Xiaomi Redmi Note 13 4G,3,8/128Gb,Midnight Black
2618,Xiaomi Redmi Note 13 4G,3,8/128Gb,Mint Green
2619,Xiaomi Redmi Note 13 4G,3,8/128Gb,Ice Blue
2620,Xiaomi Redmi Note 13 4G,3,8/128Gb,Ocean Sunset
2621,Xiaomi Redmi Note 13 4G,3,8/256Gb,Midnight Black
2622,Xiaomi Redmi Note 13 4G,3,8/256Gb,Mint Green
2623,Xiaomi Redmi Note 13 4G,3,8/256Gb,Ice Blue
2624,Xiaomi Redmi Note 13 4G,3,8/256Gb,Ocean Sunset
2625,Xiaomi Redmi 13C,3,4/128Gb,Midnight Black
2626,Xiaomi Redmi 13C,3,4/128Gb,Navy Blue
2627,Xiaomi Redmi 13C,3,4/128Gb,Glacier White
2628,Xiaomi Redmi 13C,3,4/128Gb,Clover Green
2629,Xiaomi Redmi 13C,3,6/128Gb,Midnight Black
2630,Xiaomi Redmi 13C,3,6/128Gb,Navy Blue
2631,Xiaomi Redmi 13C,3,6/128Gb,Glacier White
2632,Xiaomi Redmi 13C,3,6/128Gb,Clover Green
2633,Xiaomi Redmi 13C,3,8/128Gb,Midnight Black
2634,Xiaomi Redmi 13C,3,8/128Gb,Navy Blue
2635,Xiaomi Redmi 13C,3,8/128Gb,Glacier White
2636,Xiaomi Redmi 13C,3,8/128Gb,Clover Green
2637,Xiaomi Redmi 13C,3,4/256Gb,Midnight Black
2638,Xiaomi Redmi 13C,3,4/256Gb,Navy Blue
2639,Xiaomi Redmi 13C,3,4/256Gb,Glacier White
2640,Xiaomi Redmi 13C,3,4/256Gb,Clover Green
2641,Xiaomi Redmi 13C,3,8/256Gb,Midnight Black
2642,Xiaomi Redmi 13C,3,8/256Gb,Navy Blue
2643,Xiaomi Redmi 13C,3,8/256Gb,Glacier White
2644,Xiaomi Redmi 13C,3,8/256Gb,Clover Green
2645,Xiaomi Redmi Note 12R 5G (Asia),3,4/128Gb,Black
2646,Xiaomi Redmi Note 12R 5G (Asia),3,4/128Gb,Blue
2647,Xiaomi Redmi Note 12R 5G (Asia),3,4/128Gb,Silver
2648,Xiaomi Redmi Note 12R 5G (Asia),3,6/128Gb,Black
2649,Xiaomi Redmi Note 12R 5G (Asia),3,6/128Gb,Blue
2650,Xiaomi Redmi Note 12R 5G (Asia),3,6/128Gb,Silver
2651,Xiaomi Redmi Note 12R 5G (Asia),3,8/128Gb,Black
2652,Xiaomi Redmi Note 12R 5G (Asia),3,8/128Gb,Blue
2653,Xiaomi Redmi Note 12R 5G (Asia),3,8/128Gb,Silver
2654,Xiaomi Redmi Note 12R 5G (Asia),3,8/256Gb,Black
2655,Xiaomi Redmi Note 12R 5G (Asia),3,8/256Gb,Blue
2656,Xiaomi Redmi Note 12R 5G (Asia),3,8/256Gb,Silver
2657,Xiaomi Redmi Note 13 Pro 5G,3,8/128Gb,Midnight Black
2658,Xiaomi Redmi Note 13 Pro 5G,3,8/128Gb,Aurora Purple
2659,Xiaomi Redmi Note 13 Pro 5G,3,8/128Gb,Coral Purple
2660,Xiaomi Redmi Note 13 Pro 5G,3,8/128Gb,Ocean Teal
2661,Xiaomi Redmi Note 13 Pro 5G,3,8/128Gb,Arctic White
2662,Xiaomi Redmi Note 13 Pro 5G,3,8/256Gb,Midnight Black
2663,Xiaomi Redmi Note 13 Pro 5G,3,8/256Gb,Aurora Purple
2664,Xiaomi Redmi Note 13 Pro 5G,3,8/256Gb,Coral Purple
2665,Xiaomi Redmi Note 13 Pro 5G,3,8/256Gb,Ocean Teal
2666,Xiaomi Redmi Note 13 Pro 5G,3,8/256Gb,Arctic White
2667,Xiaomi Redmi Note 13 Pro 5G,3,12/256Gb,Midnight Black
2668,Xiaomi Redmi Note 13 Pro 5G,3,12/256Gb,Aurora Purple
2669,Xiaomi Redmi Note 13 Pro 5G,3,12/256Gb,Coral Purple
2670,Xiaomi Redmi Note 13 Pro 5G,3,12/256Gb,Ocean Teal
2671,Xiaomi Redmi Note 13 Pro 5G,3,12/256Gb,Arctic White
2672,Xiaomi Redmi Note 13 Pro 5G,3,12/512Gb,Midnight Black
2673,Xiaomi Redmi Note 13 Pro 5G,3,12/512Gb,Aurora Purple
2674,Xiaomi Redmi Note 13 Pro 5G,3,12/512Gb,Coral Purple
2675,Xiaomi Redmi Note 13 Pro 5G,3,12/512Gb,Ocean Teal
2676,Xiaomi Redmi Note 13 Pro 5G,3,12/512Gb,Arctic White
2677,Xiaomi Redmi Note 13 Pro 5G,3,16/512Gb,Midnight Black
2678,Xiaomi Redmi Note 13 Pro 5G,3,16/512Gb,Aurora Purple
2679,Xiaomi Redmi Note 13 Pro 5G,3,16/512Gb,Coral Purple
2680,Xiaomi Redmi Note 13 Pro 5G,3,16/512Gb,Ocean Teal
2681,Xiaomi Redmi Note 13 Pro 5G,3,16/512Gb,Arctic White
2682,Apple Vision Pro,50,256Gb,
2683,Whoop 4.0,28,1 - Год подписки,
2684,Haylou Solar Plus,32,,Black
2685,Haylou Solar Plus,32,,Silver
2686,Haylou RS4 Plus,32,,Black
2687,Haylou RS4 Plus,32,,Silver
2688,Haylou RS4 Plus,32,,Gold
2689,Transcend Hard,43,1Tb,серый
2690,Transcend Hard,43,4Tb,серый
2691,Transcend Hard,43,2Tb,серый
2692,Samsung Galaxy SmartTag2 (1 Pack),48,,
2693,Samsung Galaxy SmartTag2 (4 Pack),48,,
2694,Apple MagSafe Battery Pack,53,,
2695,Apple Adapter 96W USB-C,38,,
2696,Apple Adapter 20W USB-C,38,,
2697,Apple Adapter 67W USB-C,38,,
2698,Apple Adapter 35W (Dual Usb-C),38,,
2699,Apple Adapter 140W USB-C,38,,
2700,Apple Adapter 30W USB-C,38,,
2701,Apple Adapter 61W USB-C,38,,
2702,Apple Cable USB Type-C - USB Type-C (2m),38,,
2703,Apple Adapter 87W USB-C,38,,
2704,Apple Cable USB Type-C - USB Type-C (1M),38,,
2705,Xiaomi 120W Charging Combo (USB-A),39,,
2706,Xiaomi 120W Charging Combo (Type-C),39,,
2707,Xiaomi Mi Adaper 65W Type - C (+Cable),39,,
2708,Huawei Watch Fit New,27,,Pomelo Red
2709,Huawei Watch Fit New,27,,Isle Blue
2710,Huawei Watch Fit New,27,,Sakura Pink
2711,Huawei Watch Fit New,27,,Graphite Black
2712,Huawei Watch GT 3 Pro,27,43mm,Black Fluoroelastomer
2713,Huawei Watch GT 3 Pro,27,43mm,Gray Leather
2715,Huawei Band 8,27,,Emerald Green
2716,Huawei Band 8,27,,Sakura Pink
2717,Huawei Band 8,27,,Mid-night Black
2718,Huawei Band 8,27,,Vibrant Orange
2719,Huawei Watch Fit 3,27,,Black
2720,Huawei Watch Fit 3,27,,Pink
2721,Huawei Watch Fit 3,27,,Green
2722,Huawei Watch Fit 3,27,,White
2723,Huawei Watch Fit 3,27,,Grey
2724,Huawei Watch Fit,27,,Starry Black
2725,Huawei Watch Fit,27,,Nebula Pink
2726,Huawei Watch Fit,27,,Forest Green
2727,Huawei Watch GT 3 SE,27,46mm,Graphite Black
2728,Huawei Watch GT 3 SE,27,46mm,Wilderness Green
2729,Huawei Watch Fit 2,27,,Midnight Black Silicone
2730,Huawei Watch Fit 2,27,,Sakura Pink Silicone
2731,Huawei Watch Fit 2,27,,Isle Blue Silicone
2732,Huawei Watch Fit 2,27,,Nebula Gray Leather
2733,Huawei Watch Fit 2,27,,Moon White Leather
2734,Huawei Watch Fit 2,27,,Premium Gold Milanese
2735,Huawei Watch Fit 2,27,,Silver Frost Milanese
2736,Huawei Band 9,27,,White
2737,Huawei Band 9,27,,Starry Black
2738,Huawei Band 9,27,,Charm Pink
2739,Huawei Band 9,27,,Lemon Yellow
2740,Huawei Band 9,27,,Blue
2741,Huawei Watch 4 Pro,27,,Leather Brown
2742,Huawei Watch 4 Pro,27,,Titanium
2743,Huawei Watch GT 4,27,41mm,Green Fluoroelastomer
2744,Huawei Watch GT 4,27,41mm,Black Fluoroelastomer
2745,Huawei Watch GT 4,27,41mm,Light Gold Milanese
2746,Huawei Watch GT 4,27,41mm,Silver Stainless
2747,Huawei Watch GT 4,27,41mm,White Leather
2748,Huawei Watch GT 2,27,46mm,Titanium Grey Stainless Steel
2749,Huawei Watch GT 2,27,46mm,Black Stainless Steel
2750,Huawei Watch GT 2,27,46mm,Stainless Steel
2751,Huawei Watch GT Runner,27,,Grey
2752,Huawei Watch GT Runner,27,,Black
2753,Huawei Watch GT 3,27,42mm,Black Fluoroelastomer
2754,Huawei Watch GT 3,27,42mm,White leather
2755,Huawei Watch GT 3,27,42mm,Gold Milanese
2756,Huawei Watch GT 4,27,46mm,Black Fluoroelastomer
2757,Huawei Watch GT 4,27,46mm,Grey Stainless Steel
2758,Huawei Watch GT 4,27,46mm,Green Composite
2759,Huawei Watch GT 4,27,46mm,Brown Leather
2760,Huawei Watch GT 3 Pro,27,46mm,Black Fluoroelastomer
2761,Huawei Watch GT 3 Pro,27,46mm,Gray Leather
2762,Huawei Watch GT 3 Pro,27,46mm,Titanium
2763,Huawei Watch Ultimate,27,,Voyage Blue (Titanium Strap)
2764,Huawei Watch Ultimate,27,,Expedition Black (HNBR Strap)
2765,Huawei Watch GT 3,27,46mm,Black Fluoroelastomer
2766,Huawei Watch GT 3,27,46mm,Brown leather
2767,Huawei Watch GT 3,27,46mm,Stainless steel
2768,Huawei Watch Buds,27,,Black
2769,Huawei Watch Buds,27,,Khaki
2770,Huawei Watch GT 2,27,42mm,Rose God Stainless Steel
2771,Huawei Watch GT 2,27,42mm,Black Stainless Steel
2772,Huawei Watch GT 2,27,42mm,Stainless Steel
2773,Saramonic Blink500 ProX B4,62,,
2774,Saramonic Blink500 ProX Q6,62,,
2775,Saramonic BlinkMe U2,62,,
2776,Saramonic Blink500 B2+,62,,
2777,Saramonic Blink100 B6,62,,
2778,Saramonic Blink100 B5,62,,
2779,Saramonic BlinkMe B2,62,,
2780,Saramonic Blink100 B4,62,,
2781,Saramonic Blink500 ProX Q3,62,,
2782,Saramonic Blink500 ProX Q4,62,,
2783,Saramonic Blink100 B3,62,,
2784,Saramonic Blink500 ProX B6,62,,
2785,Saramonic Blink500 ProX Q5,62,,
2786,Anker Life Q30,31,,Black
2787,Anker Q10i,31,,Black
2788,Anker Life Q20+,31,,Black
2789,Anker Life Tune,31,,Gray
2790,Xiaomi Pad 5 (Wifi) Asia,12,6/128Gb,Cosmic Gray
2791,Xiaomi Pad 5 (Wifi) Asia,12,6/128Gb,Pearl White
2792,Xiaomi Pad 5 (Wifi) Asia,12,6/128Gb,Green
2793,Xiaomi Pad 5 (Wifi) Asia,12,6/256Gb,Cosmic Gray
2794,Xiaomi Pad 5 (Wifi) Asia,12,6/256Gb,Pearl White
2795,Xiaomi Pad 5 (Wifi) Asia,12,6/256Gb,Green
2796,Xiaomi Redmi Pad Pro (Wifi),12,6/128Gb,Dark Gray
2797,Xiaomi Redmi Pad Pro (Wifi),12,6/128Gb,Blue
2798,Xiaomi Redmi Pad Pro (Wifi),12,6/128Gb,Green
2799,Xiaomi Redmi Pad Pro (Wifi),12,8/128Gb,Dark Gray
2800,Xiaomi Redmi Pad Pro (Wifi),12,8/128Gb,Blue
2801,Xiaomi Redmi Pad Pro (Wifi),12,8/128Gb,Green
2802,Xiaomi Redmi Pad Pro (Wifi),12,8/256Gb,Dark Gray
2803,Xiaomi Redmi Pad Pro (Wifi),12,8/256Gb,Blue
2804,Xiaomi Redmi Pad Pro (Wifi),12,8/256Gb,Green
2805,Xiaomi Pad 6 (Wifi),12,6/128Gb,Black
2806,Xiaomi Pad 6 (Wifi),12,6/128Gb,Blue
2807,Xiaomi Pad 6 (Wifi),12,6/128Gb,Gold
2808,Xiaomi Pad 6 (Wifi),12,8/128Gb,Black
2809,Xiaomi Pad 6 (Wifi),12,8/128Gb,Blue
2810,Xiaomi Pad 6 (Wifi),12,8/128Gb,Gold
2811,Xiaomi Pad 6 (Wifi),12,8/256Gb,Black
2812,Xiaomi Pad 6 (Wifi),12,8/256Gb,Blue
2813,Xiaomi Pad 6 (Wifi),12,8/256Gb,Gold
2814,Xiaomi Pad 5 Pro (Wifi) Asia,12,6/128Gb,Black
2815,Xiaomi Pad 5 Pro (Wifi) Asia,12,6/128Gb,White
2816,Xiaomi Pad 5 Pro (Wifi) Asia,12,6/256Gb,Black
2817,Xiaomi Pad 5 Pro (Wifi) Asia,12,6/256Gb,White
2818,Xiaomi Pad 5 Pro (Wifi) Asia,12,8/256Gb,Black
2819,Xiaomi Pad 5 Pro (Wifi) Asia,12,8/256Gb,White
2820,Xiaomi Pad 6S Pro (Wifi),12,8/256Gb,Black
2821,Xiaomi Pad 6S Pro (Wifi),12,8/256Gb,Blue
2822,Xiaomi Pad 6S Pro (Wifi),12,8/256Gb,Green
2823,Xiaomi Pad 6S Pro (Wifi),12,12/256Gb,Black
2824,Xiaomi Pad 6S Pro (Wifi),12,12/256Gb,Blue
2825,Xiaomi Pad 6S Pro (Wifi),12,12/256Gb,Green
2826,Xiaomi Pad 6S Pro (Wifi),12,16/1Tb,Black
2827,Xiaomi Pad 6S Pro (Wifi),12,16/1Tb,Blue
2828,Xiaomi Pad 6S Pro (Wifi),12,16/1Tb,Green
2829,Xiaomi Redmi Pad SE (Wifi),12,4/128Gb,Lavender Purple
2830,Xiaomi Redmi Pad SE (Wifi),12,4/128Gb,Graphite Gray
2831,Xiaomi Redmi Pad SE (Wifi),12,4/128Gb,Mint Green
2832,Xiaomi Redmi Pad SE (Wifi),12,6/128Gb,Lavender Purple
2833,Xiaomi Redmi Pad SE (Wifi),12,6/128Gb,Graphite Gray
2834,Xiaomi Redmi Pad SE (Wifi),12,6/128Gb,Mint Green
2835,Xiaomi Redmi Pad SE (Wifi),12,8/128Gb,Lavender Purple
2836,Xiaomi Redmi Pad SE (Wifi),12,8/128Gb,Graphite Gray
2837,Xiaomi Redmi Pad SE (Wifi),12,8/128Gb,Mint Green
2838,Xiaomi Redmi Pad SE (Wifi),12,8/256Gb,Lavender Purple
2839,Xiaomi Redmi Pad SE (Wifi),12,8/256Gb,Graphite Gray
2840,Xiaomi Redmi Pad SE (Wifi),12,8/256Gb,Mint Green
2841,Xiaomi Poco Pad (Wifi),12,8/256Gb,Dark Gray
2842,Xiaomi Poco Pad (Wifi),12,8/256Gb,Blue
2843,Belkin Apple Store Battery Pack,55,,Black
2844,Belkin Apple Store Battery Pack,55,,White
2845,LG eXlat (Russian),52,,
2846,LG eXlat,52,,
2847,LG V170,52,,
2848,Samsung Gusto 3 (Refurbished),9,,
2849,Samsung Gusto 3 (Original),9,,
2850,Samsung Gusto 2 (Original),9,,
2851,Samsung Gusto 2 (Refurbished),9,,
2852,Xiaomi Redmi Watch 4,25,,Obsidian Black
2853,Xiaomi Redmi Watch 4,25,,Silver Gray
2854,Xiaomi Watch S3,25,,Black
2855,Xiaomi Watch S3,25,,Silver
2856,Xiaomi Smart Band 7,25,,Black
2857,Xiaomi Redmi Watch 3,25,,Black
2858,Xiaomi Redmi Watch 3,25,,Ivory
2859,Xiaomi Redmi Watch 3 Active,25,,Black
2860,Xiaomi Redmi Watch 3 Active,25,,Gray
2861,Xiaomi Smart Band 7 Pro,25,,Ivory
2862,Xiaomi Smart Band 7 Pro,25,,Olive
2863,Xiaomi Smart Band 7 Pro,25,,Orange
2864,Xiaomi Smart Band 7 Pro,25,,Blue
2865,Xiaomi Smart Band 7 Pro,25,,Black
2866,Xiaomi Smart Band 7 Pro,25,,Pink
2867,Xiaomi Smart Band 8 Pro,25,,Black
2868,Xiaomi Smart Band 8 Pro,25,,Silver
2869,Xiaomi Smart Band 8,25,,Graphite Black
2870,Xiaomi Smart Band 8,25,,Champagne Gold
2871,Samsung Galaxy Tab S9 FE Plus (Wifi),11,6/128Gb,Mint
2872,Samsung Galaxy Tab S9 FE Plus (Wifi),11,6/128Gb,Silver
2873,Samsung Galaxy Tab S9 FE Plus (Wifi),11,6/128Gb,Gray
2874,Samsung Galaxy Tab S9 FE Plus (Wifi),11,6/128Gb,Lavender
2875,Samsung Galaxy Tab S9 FE Plus (Wifi),11,8/256Gb,Mint
2876,Samsung Galaxy Tab S9 FE Plus (Wifi),11,8/256Gb,Silver
2877,Samsung Galaxy Tab S9 FE Plus (Wifi),11,8/256Gb,Gray
2878,Samsung Galaxy Tab S9 FE Plus (Wifi),11,8/256Gb,Lavender
2879,Samsung Galaxy Tab S9 FE Plus (Wifi),11,12/256Gb,Mint
2880,Samsung Galaxy Tab S9 FE Plus (Wifi),11,12/256Gb,Silver
2881,Samsung Galaxy Tab S9 FE Plus (Wifi),11,12/256Gb,Gray
2882,Samsung Galaxy Tab S9 FE Plus (Wifi),11,12/256Gb,Lavender
2883,Samsung Galaxy Tab S9 5G (Sim),11,8/128Gb,Beige
2884,Samsung Galaxy Tab S9 5G (Sim),11,8/128Gb,Graphite
2885,Samsung Galaxy Tab S9 5G (Sim),11,12/256Gb,Beige
2886,Samsung Galaxy Tab S9 5G (Sim),11,12/256Gb,Graphite
2887,Samsung Galaxy Tab S9 FE Plus 5G (Sim),11,6/128Gb,Mint
2888,Samsung Galaxy Tab S9 FE Plus 5G (Sim),11,6/128Gb,Silver
2889,Samsung Galaxy Tab S9 FE Plus 5G (Sim),11,6/128Gb,Gray
2890,Samsung Galaxy Tab S9 FE Plus 5G (Sim),11,6/128Gb,Lavender
2891,Samsung Galaxy Tab S9 FE Plus 5G (Sim),11,8/256Gb,Mint
2892,Samsung Galaxy Tab S9 FE Plus 5G (Sim),11,8/256Gb,Silver
2893,Samsung Galaxy Tab S9 FE Plus 5G (Sim),11,8/256Gb,Gray
2894,Samsung Galaxy Tab S9 FE Plus 5G (Sim),11,8/256Gb,Lavender
2895,Samsung Galaxy Tab S9 FE Plus 5G (Sim),11,12/256Gb,Mint
2896,Samsung Galaxy Tab S9 FE Plus 5G (Sim),11,12/256Gb,Silver
2897,Samsung Galaxy Tab S9 FE Plus 5G (Sim),11,12/256Gb,Gray
2898,Samsung Galaxy Tab S9 FE Plus 5G (Sim),11,12/256Gb,Lavender
2899,Samsung Galaxy Tab A7 Lite 4G (Sim),11,2/32Gb,Gray
2900,Samsung Galaxy Tab A7 Lite 4G (Sim),11,2/32Gb,Silver
2901,Samsung Galaxy Tab A7 Lite 4G (Sim),11,3/32Gb,Gray
2902,Samsung Galaxy Tab A7 Lite 4G (Sim),11,3/32Gb,Silver
2903,Samsung Galaxy Tab A7 Lite 4G (Sim),11,4/64Gb,Gray
2904,Samsung Galaxy Tab A7 Lite 4G (Sim),11,4/64Gb,Silver
2905,Samsung Galaxy Tab A7 Lite (Wifi),11,2/32Gb,Gray
2906,Samsung Galaxy Tab A7 Lite (Wifi),11,2/32Gb,Silver
2907,Samsung Galaxy Tab A7 Lite (Wifi),11,3/32Gb,Gray
2908,Samsung Galaxy Tab A7 Lite (Wifi),11,3/32Gb,Silver
2909,Samsung Galaxy Tab A7 Lite (Wifi),11,4/64Gb,Gray
2910,Samsung Galaxy Tab A7 Lite (Wifi),11,4/64Gb,Silver
2911,Samsung Galaxy Tab A8 (Wifi),11,2/32Gb,Gray
2912,Samsung Galaxy Tab A8 (Wifi),11,2/32Gb,Silver
2913,Samsung Galaxy Tab A8 (Wifi),11,2/32Gb,Pink Gold
2914,Samsung Galaxy Tab A8 (Wifi),11,3/32Gb,Gray
2915,Samsung Galaxy Tab A8 (Wifi),11,3/32Gb,Silver
2916,Samsung Galaxy Tab A8 (Wifi),11,3/32Gb,Pink Gold
2917,Samsung Galaxy Tab A8 (Wifi),11,4/64Gb,Gray
2918,Samsung Galaxy Tab A8 (Wifi),11,4/64Gb,Silver
2919,Samsung Galaxy Tab A8 (Wifi),11,4/64Gb,Pink Gold
2920,Samsung Galaxy Tab A8 (Wifi),11,3/128Gb,Gray
2921,Samsung Galaxy Tab A8 (Wifi),11,3/128Gb,Silver
2922,Samsung Galaxy Tab A8 (Wifi),11,3/128Gb,Pink Gold
2923,Samsung Galaxy Tab A8 (Wifi),11,4/128Gb,Gray
2924,Samsung Galaxy Tab A8 (Wifi),11,4/128Gb,Silver
2925,Samsung Galaxy Tab A8 (Wifi),11,4/128Gb,Pink Gold
2926,Samsung Galaxy Tab S9 FE (Wifi),11,6/128Gb,Mint
2927,Samsung Galaxy Tab S9 FE (Wifi),11,6/128Gb,Silver
2928,Samsung Galaxy Tab S9 FE (Wifi),11,6/128Gb,Gray
2929,Samsung Galaxy Tab S9 FE (Wifi),11,6/128Gb,Lavender
2930,Samsung Galaxy Tab S9 FE (Wifi),11,8/256Gb,Mint
2931,Samsung Galaxy Tab S9 FE (Wifi),11,8/256Gb,Silver
2932,Samsung Galaxy Tab S9 FE (Wifi),11,8/256Gb,Gray
2933,Samsung Galaxy Tab S9 FE (Wifi),11,8/256Gb,Lavender
2934,Samsung Galaxy Tab S8 Ultra (Wifi),11,8/128Gb,Graphite
2935,Samsung Galaxy Tab S8 Ultra (Wifi),11,8/256Gb,Graphite
2936,Samsung Galaxy Tab S8 Ultra (Wifi),11,12/256Gb,Graphite
2937,Samsung Galaxy Tab S8 Ultra (Wifi),11,16/512Gb,Graphite
2938,Samsung Galaxy Tab A9 Plus (Wifi),11,4/64Gb,Graphite
2939,Samsung Galaxy Tab A9 Plus (Wifi),11,4/64Gb,Silver
2940,Samsung Galaxy Tab A9 Plus (Wifi),11,4/64Gb,Navy
2941,Samsung Galaxy Tab A9 Plus (Wifi),11,8/128Gb,Graphite
2942,Samsung Galaxy Tab A9 Plus (Wifi),11,8/128Gb,Silver
2943,Samsung Galaxy Tab A9 Plus (Wifi),11,8/128Gb,Navy
2944,Samsung Galaxy Tab A9 4G (Sim),11,4/64Gb,Graphite
2945,Samsung Galaxy Tab A9 4G (Sim),11,4/64Gb,Silver
2946,Samsung Galaxy Tab A9 4G (Sim),11,4/64Gb,Navy
2947,Samsung Galaxy Tab A9 4G (Sim),11,4/128Gb,Graphite
2948,Samsung Galaxy Tab A9 4G (Sim),11,4/128Gb,Silver
2949,Samsung Galaxy Tab A9 4G (Sim),11,4/128Gb,Navy
2950,Samsung Galaxy Tab A9 4G (Sim),11,8/128Gb,Graphite
2951,Samsung Galaxy Tab A9 4G (Sim),11,8/128Gb,Silver
2952,Samsung Galaxy Tab A9 4G (Sim),11,8/128Gb,Navy
2953,Samsung Galaxy Tab S9 Ultra (Wifi),11,12/256Gb,Gray
2954,Samsung Galaxy Tab S9 Ultra (Wifi),11,12/256Gb,Beige
2955,Samsung Galaxy Tab S9 Ultra (Wifi),11,12/512Gb,Gray
2956,Samsung Galaxy Tab S9 Ultra (Wifi),11,12/512Gb,Beige
2957,Samsung Galaxy Tab S9 Ultra (Wifi),11,16/1Tb,Gray
2958,Samsung Galaxy Tab S9 Ultra (Wifi),11,16/1Tb,Beige
2959,Samsung Galaxy Tab A8 4G (Sim),11,2/32Gb,Gray
2960,Samsung Galaxy Tab A8 4G (Sim),11,2/32Gb,Silver
2961,Samsung Galaxy Tab A8 4G (Sim),11,2/32Gb,Pink Gold
2962,Samsung Galaxy Tab A8 4G (Sim),11,3/32Gb,Gray
2963,Samsung Galaxy Tab A8 4G (Sim),11,3/32Gb,Silver
2964,Samsung Galaxy Tab A8 4G (Sim),11,3/32Gb,Pink Gold
2965,Samsung Galaxy Tab A8 4G (Sim),11,4/64Gb,Gray
2966,Samsung Galaxy Tab A8 4G (Sim),11,4/64Gb,Silver
2967,Samsung Galaxy Tab A8 4G (Sim),11,4/64Gb,Pink Gold
2968,Samsung Galaxy Tab A8 4G (Sim),11,3/128Gb,Gray
2969,Samsung Galaxy Tab A8 4G (Sim),11,3/128Gb,Silver
2970,Samsung Galaxy Tab A8 4G (Sim),11,3/128Gb,Pink Gold
2971,Samsung Galaxy Tab A8 4G (Sim),11,4/128Gb,Gray
2972,Samsung Galaxy Tab A8 4G (Sim),11,4/128Gb,Silver
2973,Samsung Galaxy Tab A8 4G (Sim),11,4/128Gb,Pink Gold
2974,Samsung Galaxy Tab A9 (Wifi),11,4/64Gb,Graphite
2975,Samsung Galaxy Tab A9 (Wifi),11,4/64Gb,Silver
2976,Samsung Galaxy Tab A9 (Wifi),11,4/64Gb,Navy
2977,Samsung Galaxy Tab A9 (Wifi),11,4/128Gb,Graphite
2978,Samsung Galaxy Tab A9 (Wifi),11,4/128Gb,Silver
2979,Samsung Galaxy Tab A9 (Wifi),11,4/128Gb,Navy
2980,Samsung Galaxy Tab A9 (Wifi),11,8/128Gb,Graphite
2981,Samsung Galaxy Tab A9 (Wifi),11,8/128Gb,Silver
2982,Samsung Galaxy Tab A9 (Wifi),11,8/128Gb,Navy
2983,Samsung Galaxy Tab S9 Plus 5G (Sim),11,12/256Gb,Gray
2984,Samsung Galaxy Tab S9 Plus 5G (Sim),11,12/256Gb,Yellow
2985,Samsung Galaxy Tab S9 Plus 5G (Sim),11,12/512Gb,Gray
2986,Samsung Galaxy Tab S9 Plus 5G (Sim),11,12/512Gb,Yellow
2987,Samsung Galaxy Tab A9 Plus 5G (Sim),11,4/64Gb,Graphite
2988,Samsung Galaxy Tab A9 Plus 5G (Sim),11,4/64Gb,Silver
2989,Samsung Galaxy Tab A9 Plus 5G (Sim),11,4/64Gb,Navy
2990,Samsung Galaxy Tab A9 Plus 5G (Sim),11,8/128Gb,Graphite
2991,Samsung Galaxy Tab A9 Plus 5G (Sim),11,8/128Gb,Silver
2992,Samsung Galaxy Tab A9 Plus 5G (Sim),11,8/128Gb,Navy
2993,Samsung Galaxy Tab S9 Ultra 5G (Sim),11,12/256Gb,Gray
2994,Samsung Galaxy Tab S9 Ultra 5G (Sim),11,12/256Gb,Beige
2995,Samsung Galaxy Tab S9 Ultra 5G (Sim),11,12/512Gb,Gray
2996,Samsung Galaxy Tab S9 Ultra 5G (Sim),11,12/512Gb,Beige
2997,Samsung Galaxy Tab S9 Ultra 5G (Sim),11,16/1Tb,Gray
2998,Samsung Galaxy Tab S9 Ultra 5G (Sim),11,16/1Tb,Beige
2999,Samsung Galaxy Tab S9 Plus (Wifi),11,12/256Gb,Gray
3000,Samsung Galaxy Tab S9 Plus (Wifi),11,12/256Gb,Yellow
3001,Samsung Galaxy Tab S9 Plus (Wifi),11,12/512Gb,Gray
3002,Samsung Galaxy Tab S9 Plus (Wifi),11,12/512Gb,Yellow
3003,Samsung Galaxy Tab S8 Ultra 5G (Sim),11,8/128Gb,Graphite
3004,Samsung Galaxy Tab S8 Ultra 5G (Sim),11,8/256Gb,Graphite
3005,Samsung Galaxy Tab S8 Ultra 5G (Sim),11,12/256Gb,Graphite
3006,Samsung Galaxy Tab S8 Ultra 5G (Sim),11,16/512Gb,Graphite
3007,Samsung Galaxy Tab S9 FE 5G (Sim),11,6/128Gb,Mint
3008,Samsung Galaxy Tab S9 FE 5G (Sim),11,6/128Gb,Silver
3009,Samsung Galaxy Tab S9 FE 5G (Sim),11,6/128Gb,Gray
3010,Samsung Galaxy Tab S9 FE 5G (Sim),11,6/128Gb,Lavender
3011,Samsung Galaxy Tab S9 FE 5G (Sim),11,8/256Gb,Mint
3012,Samsung Galaxy Tab S9 FE 5G (Sim),11,8/256Gb,Silver
3013,Samsung Galaxy Tab S9 FE 5G (Sim),11,8/256Gb,Gray
3014,Samsung Galaxy Tab S9 FE 5G (Sim),11,8/256Gb,Lavender
3015,Samsung Galaxy Tab S9 (Wifi),11,8/128Gb,Beige
3016,Samsung Galaxy Tab S9 (Wifi),11,8/128Gb,Graphite
3017,Samsung Galaxy Tab S9 (Wifi),11,12/256Gb,Beige
3018,Samsung Galaxy Tab S9 (Wifi),11,12/256Gb,Graphite
3019,Яндекс Станция Мини 2,21,,Синий
3020,Яндекс Станция Мини 2,21,,Красный
3021,Яндекс Станция Мини 2,21,,Чёрный
3022,Яндекс Станция Мини 2,21,,Серый
3023,Яндекс Станция 2,21,,Черный
3024,Яндекс Станция 2,21,,Бежевый
3025,Яндекс Станция 2,21,,Синий
3026,Яндекс Станция 2,21,,Красный
3027,Яндекс Станция Миди,21,,Чёрный
3028,Яндекс Станция Миди,21,,Серый
3029,Яндекс Станция Миди,21,,Изумруд
3030,Яндекс Станция Миди,21,,Малиновый
3031,Яндекс Станция Миди,21,,Оранжевый
3032,Яндекс Станция Дуо Макс,21,,Бежевый
3033,Яндекс Станция Дуо Макс,21,,Красный
3034,Яндекс Станция Дуо Макс,21,,Зелёный
3035,Яндекс Станция Дуо Макс,21,,Чёрный
3036,Яндекс Станция Макс 3,21,,Бежевый
3037,Яндекс Станция Макс 3,21,,Зелёный
3038,Яндекс Станция Макс 3,21,,Графит
3039,Яндекс Станция Макс 3,21,,Бирюзовый
3040,Яндекс Станция лайт,21,,Зеленый
3041,Яндекс Станция лайт,21,,Фиолетовый
3042,Яндекс Станция лайт,21,,Бежевый
3043,Яндекс Станция лайт,21,,Красный
3044,Яндекс Станция лайт,21,,Розовый
3045,Яндекс Станция лайт,21,,Жёлтый
3046,Xiaomi Keyboard (EN) For Xiaomi Pad 6,60,,
3047,Apple Magic Mouse (Lightning),46,,White
3048,Apple Magic Mouse (Lightning),46,,Black
3049,Модуль ТВ (Яндекс),36,,
3050,Xiaomi Mi Car Charger 36W Dual-Port,42,,
3051,Xiaomi Mi Wireless Car Charger 50W,42,,
3052,Xiaomi Mi Wireless Car Charger 30W,42,,
3053,Xiaomi Mi Car Charger 100W Dual-Port,42,,
3054,Xiaomi Mi Wireless Car Charger 20W,42,,
3055,Porodo Kids 4G,34,,Blue
3056,Porodo Kids 4G,34,,Pink
3067,Apple Pencil (USB-C),64,,
3068,Apple Pencil 2 (Wireless),64,,
3069,Apple Pencil 1 (Lightning),64,,
3070,Huawei FreeBuds SE 2,30,,Isle Blue
3071,Huawei FreeBuds SE 2,30,,Ceramic White
3072,Huawei FreeBuds SE 2,30,,Graphite Black
3073,Huawei FreeClip,30,,Beige
3074,Huawei FreeClip,30,,Purple
3075,Huawei FreeClip,30,,Black
3076,Huawei FreeBuds Pro 3,30,,White
3077,Huawei FreeBuds Pro 3,30,,Blue
3078,Huawei FreeBuds Pro 3,30,,Green
3079,Huawei FreeBuds Pro 3,30,,Silver
3080,Huawei FreeBuds 6i,30,,White
3081,Huawei FreeBuds 6i,30,,Purple
3082,Huawei FreeBuds 6i,30,,Black
3083,Huawei FreeBuds Pro,30,,Black
3084,Huawei FreeBuds Pro,30,,Silver
3085,Huawei FreeBuds Pro,30,,White
3086,Samsung Galaxy Buds Live,16,,White
3087,Samsung Galaxy Buds Live,16,,Black
3088,Samsung Galaxy Buds Live,16,,Blue
3089,Samsung Galaxy Buds Live,16,,Bronze
3090,Samsung Galaxy Buds Live,16,,Red
3091,Xiaomi Pancil,65,,
3092,Apple iPhone 13 (Sim),1,128Gb,Green
3093,Apple iPhone 13 (Sim),1,256Gb,Green
3094,Apple iPhone 13 (Sim),1,512Gb,Green
3095,Apple iPhone 15 Pro Max (eSim),1,1Tb,Black Titanium
3096,Apple iPhone 15 Pro Max (eSim),1,1Tb,Blue Titanium
3097,Apple iPhone 15 Pro Max (eSim),1,1Tb,Natural Titanium
3098,Apple iPhone 15 Pro Max (eSim),1,1Tb,White Titanium
3099,Apple iPhone 15 Pro Max (Sim),1,1Tb,Black Titanium
3100,Apple iPhone 15 Pro Max (Sim),1,1Tb,Blue Titanium
3101,Apple iPhone 15 Pro Max (Sim),1,1Tb,Natural Titanium
3102,Apple iPhone 15 Pro Max (Sim),1,1Tb,White Titanium
3103,Samsung Galaxy S21 FE 5G,2,6/128Gb,Navy
3104,Samsung Galaxy S21 FE 5G,2,8/128Gb,Navy
3105,Samsung Galaxy S21 FE 5G,2,8/256Gb,Navy
3106,"Apple iPad Air 13"" M2 (Wifi)",13,128Gb,Space Gray
3107,"Apple iPad Air 13"" M2 (Wifi)",13,128Gb,Starlight
3108,"Apple iPad Air 13"" M2 (Wifi)",13,128Gb,Purple
3109,"Apple iPad Air 13"" M2 (Wifi)",13,128Gb,Blue
3110,"Apple iPad Air 13"" M2 (Wifi)",13,256Gb,Space Gray
3111,"Apple iPad Air 13"" M2 (Wifi)",13,256Gb,Starlight
3112,"Apple iPad Air 13"" M2 (Wifi)",13,256Gb,Purple
3113,"Apple iPad Air 13"" M2 (Wifi)",13,256Gb,Blue
3114,"Apple iPad Air 13"" M2 (Wifi)",13,512Gb,Space Gray
3115,"Apple iPad Air 13"" M2 (Wifi)",13,512Gb,Starlight
3116,"Apple iPad Air 13"" M2 (Wifi)",13,512Gb,Purple
3117,"Apple iPad Air 13"" M2 (Wifi)",13,512Gb,Blue
3118,"Apple iPad Air 13"" M2 (Wifi)",13,1Tb,Space Gray
3119,"Apple iPad Air 13"" M2 (Wifi)",13,1Tb,Starlight
3120,"Apple iPad Air 13"" M2 (Wifi)",13,1Tb,Purple
3121,"Apple iPad Air 13"" M2 (Wifi)",13,1Tb,Blue
3122,"Apple iPad Air 13"" M2 (Sim)",13,128Gb,Space Gray
3123,"Apple iPad Air 13"" M2 (Sim)",13,128Gb,Starlight
3124,"Apple iPad Air 13"" M2 (Sim)",13,128Gb,Purple
3125,"Apple iPad Air 13"" M2 (Sim)",13,128Gb,Blue
3126,"Apple iPad Air 13"" M2 (Sim)",13,256Gb,Space Gray
3127,"Apple iPad Air 13"" M2 (Sim)",13,256Gb,Starlight
3128,"Apple iPad Air 13"" M2 (Sim)",13,256Gb,Purple
3129,"Apple iPad Air 13"" M2 (Sim)",13,256Gb,Blue
3130,"Apple iPad Air 13"" M2 (Sim)",13,512Gb,Space Gray
3131,"Apple iPad Air 13"" M2 (Sim)",13,512Gb,Starlight
3132,"Apple iPad Air 13"" M2 (Sim)",13,512Gb,Purple
3133,"Apple iPad Air 13"" M2 (Sim)",13,512Gb,Blue
3134,"Apple iPad Air 13"" M2 (Sim)",13,1Tb,Space Gray
3135,"Apple iPad Air 13"" M2 (Sim)",13,1Tb,Starlight
3136,"Apple iPad Air 13"" M2 (Sim)",13,1Tb,Purple
3137,"Apple iPad Air 13"" M2 (Sim)",13,1Tb,Blue
3138,Xiaomi Mix Fold 2 5G (Asia),3,12/256Gb,Black
3139,Xiaomi Mix Fold 2 5G (Asia),3,12/256Gb,Blue
3140,Xiaomi Mix Fold 2 5G (Asia),3,12/256Gb,Titanium Gray
3141,Xiaomi Mix Fold 2 5G (Asia),3,12/256Gb,White
3142,Xiaomi Mix Fold 2 5G (Asia),3,12/1Tb,Black
3143,Xiaomi Mix Fold 2 5G (Asia),3,12/1Tb,Blue
3144,Xiaomi Mix Fold 2 5G (Asia),3,12/1Tb,Titanium Gray
3145,Xiaomi Mix Fold 2 5G (Asia),3,12/1Tb,White
3146,Xiaomi Mix Fold 2 5G (Asia),3,12/512Gb,Black
3147,Xiaomi Mix Fold 2 5G (Asia),3,12/512Gb,Blue
3148,Xiaomi Mix Fold 2 5G (Asia),3,12/512Gb,Titanium Gray
3149,Xiaomi Mix Fold 2 5G (Asia),3,12/512Gb,White
3150,Xiaomi Redmi 12 (India),3,2/128Gb,Midnight Black
3151,Xiaomi Redmi 12 (India),3,2/128Gb,Moonstone Silver
3152,Xiaomi Redmi 12 (India),3,2/128Gb,Polar Silver
3153,Xiaomi Redmi 12 (India),3,2/128Gb,Sky Blue
3154,Xiaomi Redmi 12 (India),3,4/128Gb,Midnight Black
3155,Xiaomi Redmi 12 (India),3,4/128Gb,Moonstone Silver
3156,Xiaomi Redmi 12 (India),3,4/128Gb,Polar Silver
3157,Xiaomi Redmi 12 (India),3,4/128Gb,Sky Blue
3158,Xiaomi Redmi 12 (India),3,6/128Gb,Midnight Black
3159,Xiaomi Redmi 12 (India),3,6/128Gb,Moonstone Silver
3160,Xiaomi Redmi 12 (India),3,6/128Gb,Polar Silver
3161,Xiaomi Redmi 12 (India),3,6/128Gb,Sky Blue
3162,Xiaomi Redmi 12 (India),3,8/128Gb,Midnight Black
3163,Xiaomi Redmi 12 (India),3,8/128Gb,Moonstone Silver
3164,Xiaomi Redmi 12 (India),3,8/128Gb,Polar Silver
3165,Xiaomi Redmi 12 (India),3,8/128Gb,Sky Blue
3166,Xiaomi Redmi 12 (India),3,8/256Gb,Midnight Black
3167,Xiaomi Redmi 12 (India),3,8/256Gb,Moonstone Silver
3168,Xiaomi Redmi 12 (India),3,8/256Gb,Polar Silver
3169,Xiaomi Redmi 12 (India),3,8/256Gb,Sky Blue
3170,Xiaomi Redmi Note 12R Pro 5G (Asia),3,12/256Gb,Black
3171,Xiaomi Redmi Note 12R Pro 5G (Asia),3,12/256Gb,White
3172,Xiaomi Redmi Note 12R Pro 5G (Asia),3,12/256Gb,Gold
3173,Xiaomi Redmi Note 11 Pro 4G,3,6/64Gb,Graphite Gray
3174,Xiaomi Redmi Note 11 Pro 4G,3,6/64Gb,Polar White
3175,Xiaomi Redmi Note 11 Pro 4G,3,6/64Gb,Star Blue
3176,Xiaomi Redmi Note 11 Pro 4G,3,6/128Gb,Graphite Gray
3177,Xiaomi Redmi Note 11 Pro 4G,3,6/128Gb,Polar White
3178,Xiaomi Redmi Note 11 Pro 4G,3,6/128Gb,Star Blue
3179,Xiaomi Redmi Note 11 Pro 4G,3,8/128Gb,Graphite Gray
3180,Xiaomi Redmi Note 11 Pro 4G,3,8/128Gb,Polar White
3181,Xiaomi Redmi Note 11 Pro 4G,3,8/128Gb,Star Blue
3182,Xiaomi Pad 6S Pro (Wifi),12,12/512Gb,Black
3183,Xiaomi Pad 6S Pro (Wifi),12,12/512Gb,Blue
3184,Xiaomi Pad 6S Pro (Wifi),12,12/512Gb,Green
3185,Xiaomi Mi WiFi Range Extender AC1200,68,,
3186,Mi Wi-Fi Repitor PRO,68,,
3187,D-Link N300 Wi-Fi,70,,
3188,Apple TV 4K,67,,
3189,TP-Link M7350 4G,69,,
3190,TP-Link M7000 4G,69,,
3191,Xiaomi Redmi 13R (Asia),3,6/128Gb,Black
3192,Xiaomi Redmi 13R (Asia),3,6/128Gb,Green
3193,Xiaomi Redmi 13R (Asia),3,6/128Gb,Purple
3194,Xiaomi Mi TV Stick 4K,66,,
3195,Xiaomi TV Box S (2nd Gen),66,,
3196,Xiaomi Mi TV Stick FHD,66,,
3197,Samsung Galaxy Tab S9 FE Plus (Wifi),11,8/128Gb,Mint
3198,Samsung Galaxy Tab S9 FE Plus (Wifi),11,8/128Gb,Silver
3199,Samsung Galaxy Tab S9 FE Plus (Wifi),11,8/128Gb,Gray
3200,Samsung Galaxy Tab S9 FE Plus (Wifi),11,8/128Gb,Lavender
3201,Samsung Galaxy Tab S9 FE Plus 5G (Sim),11,8/128Gb,Mint
3202,Samsung Galaxy Tab S9 FE Plus 5G (Sim),11,8/128Gb,Silver
3203,Samsung Galaxy Tab S9 FE Plus 5G (Sim),11,8/128Gb,Gray
3204,Samsung Galaxy Tab S9 FE Plus 5G (Sim),11,8/128Gb,Lavender
3205,JBL Tour Pro 2,19,,Black
3206,JBL Tour Pro 2,19,,Champagne
3207,JBL Live 770NC,19,,White
3208,JBL Live 770NC,19,,Black
3209,JBL Live 770NC,19,,Blue
3210,JBL Live 770NC,19,,Sand
3211,JBL Tune 720BT,19,,Black
3212,JBL Tune 720BT,19,,Blue
3213,JBL Tune 720BT,19,,White
3214,JBL Tune 720BT,19,,Purple
3215,JBL Live 670NC,19,,Black
3216,JBL Live 670NC,19,,White
3217,JBL Live 670NC,19,,Blue
3218,JBL Live 670NC,19,,Sandstone
3219,JBL Tune 770NC,19,,Black
3220,JBL Tune 770NC,19,,White
3221,JBL Tune 770NC,19,,Purple
3222,JBL Tune 770NC,19,,Blue
3223,JBL Partybox On-the-go dual mic,20,,
3224,JBL Partybox On-the-go,20,,
3225,JBL PartyBox Stage 320,20,,
3226,JBL Partybox Encore Essential,20,,черный
3227,JBL CLIP 5,20,,Sand
3228,JBL CLIP 5,20,,Black
3229,JBL CLIP 5,20,,Orange
3230,JBL CLIP 5,20,,Red
3231,JBL CLIP 5,20,,Squad
3232,JBL CLIP 5,20,,Purple
3233,JBL CLIP 5,20,,White
3234,JBL CLIP 5,20,,Blue
3235,JBL CLIP 5,20,,Pink
3236,JBL GO 3,20,,Blue
3237,JBL GO 3,20,,Teal
3238,JBL GO 3,20,,Grey
3239,JBL GO 3,20,,Red
3240,JBL GO 3,20,,Black
3241,JBL GO 3,20,,Squad
3242,JBL GO 3,20,,Green
3243,JBL GO 3,20,,Pink
3244,JBL Flip 6,20,,Teal
3245,JBL Flip 6,20,,Grey
3246,JBL Flip 6,20,,Red
3247,JBL Flip 6,20,,Black
3248,JBL Flip 6,20,,Squad
3249,JBL Flip 6,20,,Blue
3250,JBL Xtreme 3,20,,Black
3251,JBL Xtreme 3,20,,Blue
3252,JBL Xtreme 3,20,,Black Camo
3253,JBL Charge 5,20,,Green
3254,JBL Charge 5,20,,Red
3255,JBL Charge 5,20,,Squad
3256,JBL Charge 5,20,,Teal
3257,JBL Charge 5,20,,Black
3258,JBL Charge 5,20,,Blue
3259,JBL Charge 5,20,,Gray
3260,JBL Xtreme 4,20,,Black
3261,JBL Xtreme 4,20,,Blue
3262,JBL Xtreme 4,20,,Black Camo
3263,JBL Boombox 3 Wi-Fi,20,,Black
3264,JBL Boombox 3 Wi-Fi,20,,Camo
3265,Meta Quest 3,51,256Gb,
3266,Meta Quest 3,51,512Gb,
3267,Meta Quest 2,51,256Gb,
3268,Apple Vision Pro,50,512Gb,
3269,Apple Vision Pro,50,1Tb,
3270,Samsung Galaxy Watch Ultra,24,,Titanium Gray - Marine White
3271,Samsung Galaxy Watch Ultra,24,,Titanium White - Marine Dark Gray
3272,Samsung Galaxy Watch Ultra,24,,Titanium White - Marine Green
3273,Samsung Galaxy Watch Ultra,24,,Titanium White - Marine White
3274,Samsung Galaxy Watch Ultra,24,,Titanium Silver - Marine Dark Gray
3275,Samsung Galaxy Watch Ultra,24,,Titanium Silver - Marine Green
3276,Samsung Galaxy Watch Ultra,24,,Titanium Silver - Marine White
3277,Samsung Galaxy Watch Ultra,24,,Titanium Gray - Trial Orange
3278,Samsung Galaxy Watch Ultra,24,,Titanium Gray - Trial Dark Gray
3279,Samsung Galaxy Watch Ultra,24,,Titanium Gray - Trial White Sand
3280,Samsung Galaxy Watch Ultra,24,,Titanium White - Trial Orange
3281,Samsung Galaxy Watch Ultra,24,,Titanium White - Trial Dark Gray
3282,Samsung Galaxy Watch Ultra,24,,Titanium White - Trial White Sand
3283,Samsung Galaxy Watch Ultra,24,,Titanium Silver - Trial Orange
3284,Samsung Galaxy Watch Ultra,24,,Titanium Silver - Trial Dark Gray
3285,Samsung Galaxy Watch Ultra,24,,Titanium Silver - Trial White Sand
3286,Samsung Galaxy Watch Ultra,24,,Titanium Gray - PeakForm Orange
3287,Samsung Galaxy Watch Ultra,24,,Titanium Gray - PeakForm Dark Gray
3288,Samsung Galaxy Watch Ultra,24,,Titanium Gray - PeakForm White Sand
3289,Samsung Galaxy Watch Ultra,24,,Titanium White - PeakForm Orange
3290,Samsung Galaxy Watch Ultra,24,,Titanium White - PeakForm Dark Gray
3291,Samsung Galaxy Watch Ultra,24,,Titanium White - PeakForm White Sand
3292,Samsung Galaxy Watch Ultra,24,,Titanium Silver - PeakForm Orange
3293,Samsung Galaxy Watch Ultra,24,,Titanium Silver - PeakForm Dark Gray
3294,Samsung Galaxy Watch Ultra,24,,Titanium Silver - PeakForm White Sand
3295,Huawei Watch GT 2,27,46mm,Brown leather strap
3296,Apple Pencil Pro,64,,
3298,Xiaomi Focus Pen,65,,
3299,Xiaomi Keyboard (EN) For Xiaomi Pad 5,60,,
3300,Xiaomi Keyboard (EN) For Xiaomi Pad 6s Pro,60,,
3301,Magic Trackpad (Lightning),46,,White
3302,Magic Trackpad (Lightning),46,,Black
3303,iPad Magic Keyboard (iPad Pro 12.9-in),59,,Black
3304,iPad Magic Keyboard (iPad Pro 12.9-in),59,,White
3305,Magic Keyboard with Touch ID (numeric),59,,Black
3306,Magic Keyboard with Touch ID (numeric),59,,White
3307,Magic Keyboard with Touch ID,59,,Black
3308,Magic Keyboard with Touch ID,59,,White
3309,iPad Magic Keyboard (iPad Pro 13-in M4),59,,Black
3310,iPad Magic Keyboard (iPad Pro 13-in M4),59,,White
3311,"iPad Magic Keyboard (iPad Pro 11-in M2, iPad Pro 11-in M4, iPad Air 5)",59,,Black
3312,"iPad Magic Keyboard (iPad Pro 11-in M2, iPad Pro 11-in M4, iPad Air 5)",59,,White
3313,Magic Keyboard,59,,Black
3314,Magic Keyboard,59,,White
3315,Magic Keyboard (numeric),59,,Black
3316,Magic Keyboard (numeric),59,,White
3317,Infinix Note 40,5,8/256Gb,Titan Gold
3318,Infinix Note 40,5,8/256Gb,Obsidian Black
3319,Infinix Note 40,5,8/256Gb,Racing Edition
3320,Infinix Hot 40i,5,4/128Gb,Starlit Black
3321,Infinix Hot 40i,5,4/128Gb,Palm Blue
3322,Infinix Hot 40i,5,4/128Gb,Horizon Gold
3323,Infinix Hot 40i,5,4/128Gb,Starfall Green
3324,Infinix Hot 40i,5,8/128Gb,Starlit Black
3325,Infinix Hot 40i,5,8/128Gb,Palm Blue
3326,Infinix Hot 40i,5,8/128Gb,Horizon Gold
3327,Infinix Hot 40i,5,8/128Gb,Starfall Green
3328,Infinix Hot 40i,5,8/256Gb,Starlit Black
3329,Infinix Hot 40i,5,8/256Gb,Palm Blue
3330,Infinix Hot 40i,5,8/256Gb,Horizon Gold
3331,Infinix Hot 40i,5,8/256Gb,Starfall Green
3332,Infinix Hot 40 Pro,5,8/128Gb,Palm Blue
3333,Infinix Hot 40 Pro,5,8/128Gb,Horizon Gold
3334,Infinix Hot 40 Pro,5,8/128Gb,Starlit Black
3335,Infinix Hot 40 Pro,5,8/128Gb,Starfall Green
3336,Infinix Hot 40 Pro,5,8/128Gb,Free Fire
3337,Infinix Hot 40 Pro,5,8/256Gb,Palm Blue
3338,Infinix Hot 40 Pro,5,8/256Gb,Horizon Gold
3339,Infinix Hot 40 Pro,5,8/256Gb,Starlit Black
3340,Infinix Hot 40 Pro,5,8/256Gb,Starfall Green
3341,Infinix Hot 40 Pro,5,8/256Gb,Free Fire
3342,Infinix Smart 7 HD,5,2/64Gb,Ink Black
3343,Infinix Smart 7 HD,5,2/64Gb,Silk Blue
3344,Infinix Smart 7 HD,5,2/64Gb,Jade White
3345,Infinix Smart 7 HD,5,2/64Gb,Green Apple
3346,Infinix Hot 40,5,8/128Gb,Palm Blue
3347,Infinix Hot 40,5,8/128Gb,Horizon Gold
3348,Infinix Hot 40,5,8/128Gb,Starlit Black
3349,Infinix Hot 40,5,8/128Gb,Starfall Green
3350,Infinix Hot 40,5,8/256Gb,Palm Blue
3351,Infinix Hot 40,5,8/256Gb,Horizon Gold
3352,Infinix Hot 40,5,8/256Gb,Starlit Black
3353,Infinix Hot 40,5,8/256Gb,Starfall Green
3354,Infinix GT 20 Pro 5G,5,8/256Gb,Mecha Blue
3355,Infinix GT 20 Pro 5G,5,8/256Gb,Mecha Orange
3356,Infinix GT 20 Pro 5G,5,8/256Gb,Mecha Silver
3357,Infinix GT 20 Pro 5G,5,12/256Gb,Mecha Blue
3358,Infinix GT 20 Pro 5G,5,12/256Gb,Mecha Orange
3359,Infinix GT 20 Pro 5G,5,12/256Gb,Mecha Silver
3360,Infinix Note 40 Pro,5,8/256Gb,Vintage Green
3361,Infinix Note 40 Pro,5,8/256Gb,Titan Gold
3362,Infinix Note 40 Pro,5,8/256Gb,Racing Edition
3363,Infinix Note 40 Pro,5,12/256Gb,Vintage Green
3364,Infinix Note 40 Pro,5,12/256Gb,Titan Gold
3365,Infinix Note 40 Pro,5,12/256Gb,Racing Edition
3366,Infinix Note 40S,5,8/256Gb,Vintage Green
3367,Infinix Note 40S,5,8/256Gb,Obsidian Black
3368,Tecno Spark 20 Pro,71,8/256Gb,Moonlit Black
3369,Tecno Spark 20 Pro,71,8/256Gb,Frosty Ivory
3370,Tecno Spark 20 Pro,71,8/256Gb,Sunset Blush
3371,Tecno Spark 20 Pro,71,8/256Gb,Magic Skin 2.0 Green
3372,Tecno Pova 6 Neo,71,8/128Gb,Starry Silver
3373,Tecno Pova 6 Neo,71,8/128Gb,Speed Black
3374,Tecno Pova 6 Neo,71,8/128Gb,Comet Green
3375,Tecno Pova 6 Neo,71,8/256Gb,Starry Silver
3376,Tecno Pova 6 Neo,71,8/256Gb,Speed Black
3377,Tecno Pova 6 Neo,71,8/256Gb,Comet Green
3378,Tecno Camon 30,71,8/256Gb,Basaltic Dark
3379,Tecno Camon 30,71,8/256Gb,Salt White
3380,Tecno Camon 30,71,8/256Gb,Sahara Sand Brown
3381,Tecno Camon 30,71,12/256Gb,Basaltic Dark
3382,Tecno Camon 30,71,12/256Gb,Salt White
3383,Tecno Camon 30,71,12/256Gb,Sahara Sand Brown
3384,Tecno Spark 20C,71,4/128Gb,Mystery White
3385,Tecno Spark 20C,71,4/128Gb,Alpenglow Gold
3386,Tecno Spark 20C,71,4/128Gb,Magic Skin
3387,Tecno Spark 20C,71,4/128Gb,Gravity Black
3388,Tecno Spark 20C,71,8/128Gb,Mystery White
3389,Tecno Spark 20C,71,8/128Gb,Alpenglow Gold
3390,Tecno Spark 20C,71,8/128Gb,Magic Skin
3391,Tecno Spark 20C,71,8/128Gb,Gravity Black
3392,Tecno Spark 20C,71,4/256Gb,Mystery White
3393,Tecno Spark 20C,71,4/256Gb,Alpenglow Gold
3394,Tecno Spark 20C,71,4/256Gb,Magic Skin
3395,Tecno Spark 20C,71,4/256Gb,Gravity Black
3396,Tecno Spark 20,71,4/128Gb,Gravity Black
3397,Tecno Spark 20,71,4/128Gb,Cyber White
3398,Tecno Spark 20,71,4/128Gb,Neon Gold
3399,Tecno Spark 20,71,4/128Gb,Magic Skin 2.0 Blue
3400,Tecno Spark 20,71,8/256Gb,Gravity Black
3401,Tecno Spark 20,71,8/256Gb,Cyber White
3402,Tecno Spark 20,71,8/256Gb,Neon Gold
3403,Tecno Spark 20,71,8/256Gb,Magic Skin 2.0 Blue
3404,Tecno Pova 6,71,8/256Gb,Interstellar Blue
3405,Tecno Pova 6,71,8/256Gb,Comet Green
3406,Tecno Pova 6,71,8/256Gb,Meteorite Grey
3407,Tecno Pova 6,71,12/256Gb,Interstellar Blue
3408,Tecno Pova 6,71,12/256Gb,Comet Green
3409,Tecno Pova 6,71,12/256Gb,Meteorite Grey
3410,Tecno Spark 20 Pro Plus,71,8/256Gb,Temporal Orbits
3411,Tecno Spark 20 Pro Plus,71,8/256Gb,Lunar Frost
3412,Tecno Spark 20 Pro Plus,71,8/256Gb,Radiant Starstream
3413,Tecno Spark 20 Pro Plus,71,8/256Gb,Magic Skin 2.0 Green
3414,Xiaomi Redmi Pad SE 8.7 4G (Sim),12,4/64Gb,Aurora Green
3415,Xiaomi Redmi Pad SE 8.7 4G (Sim),12,4/64Gb,Sky Blue
3416,Xiaomi Redmi Pad SE 8.7 4G (Sim),12,4/64Gb,Graphite Gray
3417,Xiaomi Redmi Pad SE 8.7 4G (Sim),12,4/128Gb,Aurora Green
3418,Xiaomi Redmi Pad SE 8.7 4G (Sim),12,4/128Gb,Sky Blue
3419,Xiaomi Redmi Pad SE 8.7 4G (Sim),12,4/128Gb,Graphite Gray
3420,Xiaomi Redmi Pad SE 8.7 4G (Sim),12,6/128Gb,Aurora Green
3421,Xiaomi Redmi Pad SE 8.7 4G (Sim),12,6/128Gb,Sky Blue
3422,Xiaomi Redmi Pad SE 8.7 4G (Sim),12,6/128Gb,Graphite Gray
3423,Tecno Spark Go 2024,71,3/64Gb,Mystery White
3424,Tecno Spark Go 2024,71,3/64Gb,Alpenglow Gold
3425,Tecno Spark Go 2024,71,3/64Gb,Magic Skin
3426,Tecno Spark Go 2024,71,3/64Gb,Gravity Black
3427,Tecno Spark Go 2024,71,4/64Gb,Mystery White
3428,Tecno Spark Go 2024,71,4/64Gb,Alpenglow Gold
3429,Tecno Spark Go 2024,71,4/64Gb,Magic Skin
3430,Tecno Spark Go 2024,71,4/64Gb,Gravity Black
3431,Tecno Spark Go 2024,71,4/128Gb,Mystery White
3432,Tecno Spark Go 2024,71,4/128Gb,Alpenglow Gold
3433,Tecno Spark Go 2024,71,4/128Gb,Magic Skin
3434,Tecno Spark Go 2024,71,4/128Gb,Gravity Black
3435,Tecno Phantom V Fold 5G,71,12/256Gb,Black
3436,Tecno Phantom V Fold 5G,71,12/256Gb,White
3437,Tecno Phantom V Fold 5G,71,12/512Gb,Black
3438,Tecno Phantom V Fold 5G,71,12/512Gb,White
3439,Xiaomi Redmi Pad Pro 5G (Sim),12,6/128Gb,Graphite Gray
3440,Xiaomi Redmi Pad Pro 5G (Sim),12,6/128Gb,Mint Green
3441,Xiaomi Redmi Pad Pro 5G (Sim),12,8/128Gb,Graphite Gray
3442,Xiaomi Redmi Pad Pro 5G (Sim),12,8/128Gb,Mint Green
3443,Xiaomi Redmi Pad Pro 5G (Sim),12,8/256Gb,Graphite Gray
3444,Xiaomi Redmi Pad Pro 5G (Sim),12,8/256Gb,Mint Green
3445,Sony ULT Power Sound,17,,Black
3446,Sony ULT Power Sound,17,,Forest Gray
3447,Sony ULT Power Sound,17,,Off White
3448,JBL Tune 770 New,19,,
3449,JBL Tune 520BT,19,,Black
3450,JBL Tune 500,19,,Black
3451,Mibro Lite 3 Pro,33,,Blackish Green
3452,Mibro Lite 3 Pro,33,,Khaki Gray
3453,Mibro Lite 3 Pro,33,,Rose Gold
3454,JBL Go 4,20,,
3455,JBL PartyBox Wireless Mic 20H,20,,
3456,JBL Clip 4,20,,
3457,JBL PartyBox 695,20,,
3458,JBL PartyBox Club 120,20,,
3459,JBL PartyBox Microphone 6H,20,,
3460,JBL PartyBox 110,20,,
3461,JBL Boombox 3,20,,
3462,JBL PartyBox 310,20,,
3463,JBL AuraStudio,20,,
3464,Xiaomi Smart Band 9,25,,Midnight Black
3465,Xiaomi Smart Band 9,25,,Glacier Silver
3466,Xiaomi Smart Band 9,25,,Mystic Rose
3467,Xiaomi Smart Band 9,25,,Arctic Blue
3497,"Lenovo IdeaPad Slim 3/AMD Ryzen 3 7320U/DDR4 4GB/SSD256GB/14.0""FHD Display",72,,Arctic Grey
3498,"Lenovo V15 G4/AMD Ryzen 5-7520U/DDR5 8GB/SSD:512GB/15.6""FHD Display",72,,Arctic Grey
3499,"Lenovo YOGA Slim 6/Intel Core i7-1260P/DDR5 16GB/SSD:512GB/14.0""2.2K Touchscreen/Windows 11",72,,Arctic Grey
3500,Lenovo Legion 5/Core i7-11800H/DDR4 8GB/SSD:256/HDD:1TB/17.3 FHD IPS/NVIDIA RTX3050 4GB,72,,Navy
3501,"Lenovo YOGA 7 X360/AMD Ryzen7 8840HS/DDR5 16GB/SSD:1TB/16.0""WUXGA IPS Touchscreen/ Windows 11",72,,Arctic Grey
3502,"Lenovo YOGA Slim 7/AMD Ryzen 5 8640HS/DDR5 8GB/SSD:512GB/14.0""WUXGA IPS Touchscreen/Windows 11",72,,Arctic Grey
3503,"Lenovo V14/Intel i5-1035G1/DDR4 8GB/SSD: 256GB/14.0"" FHD/WIN10 PRO",72,,Black
3504,"Lenovo IdeaPad 3/Intel Core i3-1305U/DDR5 8GB/SSD 256GB/15.6.FHD""",72,,Arctic Grey
3505,"Lenovo V14/Intel i5-1035G1/DDR4 4GB/SSD: 256GB/14.0"" FHD/WIN10 PRO",72,,Black
3506,Samsung Galaxy A06,2,4/128Gb,Black
3507,Samsung Galaxy A06,2,4/128Gb,Light Blue
3508,Samsung Galaxy A06,2,4/128Gb,Gold
3509,Samsung Galaxy A06,2,4/128Gb,Light Green
3510,Samsung Galaxy A06,2,4/64Gb,Black
3511,Samsung Galaxy A06,2,4/64Gb,Light Blue
3512,Samsung Galaxy A06,2,4/64Gb,Gold
3513,Samsung Galaxy A06,2,4/64Gb,Light Green
3514,Samsung Galaxy A06,2,6/128Gb,Black
3515,Samsung Galaxy A06,2,6/128Gb,Light Blue
3516,Samsung Galaxy A06,2,6/128Gb,Gold
3517,Samsung Galaxy A06,2,6/128Gb,Light Green
3518,Nothing Phone (2),81,8/128Gb,White
3519,Nothing Phone (2),81,8/128Gb,Dark Gray
3520,Nothing Phone (2),81,12/256Gb,White
3521,Nothing Phone (2),81,12/256Gb,Dark Gray
3522,Nothing Phone (2),81,12/512Gb,White
3523,Nothing Phone (2),81,12/512Gb,Dark Gray
3524,Apple iPhone 16 Pro Max (eSim),1,256Gb,Black Titanium
3525,Apple iPhone 16 Pro Max (eSim),1,256Gb,White Titanium
3526,Apple iPhone 16 Pro Max (eSim),1,256Gb,Natural Titanium
3527,Apple iPhone 16 Pro Max (eSim),1,256Gb,Desert Titanium
3528,Apple iPhone 16 Pro Max (eSim),1,512Gb,Black Titanium
3529,Apple iPhone 16 Pro Max (eSim),1,512Gb,White Titanium
3530,Apple iPhone 16 Pro Max (eSim),1,512Gb,Natural Titanium
3531,Apple iPhone 16 Pro Max (eSim),1,512Gb,Desert Titanium
3532,Apple iPhone 16 Pro Max (eSim),1,1Tb,Black Titanium
3533,Apple iPhone 16 Pro Max (eSim),1,1Tb,White Titanium
3534,Apple iPhone 16 Pro Max (eSim),1,1Tb,Natural Titanium
3535,Apple iPhone 16 Pro Max (eSim),1,1Tb,Desert Titanium
3536,Apple iPhone 16 Plus (Sim),1,128Gb,Black
3537,Apple iPhone 16 Plus (Sim),1,128Gb,White
3538,Apple iPhone 16 Plus (Sim),1,128Gb,Pink
3539,Apple iPhone 16 Plus (Sim),1,128Gb,Teal
3540,Apple iPhone 16 Plus (Sim),1,128Gb,Ultramarine
3541,Apple iPhone 16 Plus (Sim),1,256Gb,Black
3542,Apple iPhone 16 Plus (Sim),1,256Gb,White
3543,Apple iPhone 16 Plus (Sim),1,256Gb,Pink
3544,Apple iPhone 16 Plus (Sim),1,256Gb,Teal
3545,Apple iPhone 16 Plus (Sim),1,256Gb,Ultramarine
3546,Apple iPhone 16 Plus (Sim),1,512Gb,Black
3547,Apple iPhone 16 Plus (Sim),1,512Gb,White
3548,Apple iPhone 16 Plus (Sim),1,512Gb,Pink
3549,Apple iPhone 16 Plus (Sim),1,512Gb,Teal
3550,Apple iPhone 16 Plus (Sim),1,512Gb,Ultramarine
3551,Apple iPhone 16 Pro (Sim),1,128Gb,Black Titanium
3552,Apple iPhone 16 Pro (Sim),1,128Gb,White Titanium
3553,Apple iPhone 16 Pro (Sim),1,128Gb,Natural Titanium
3554,Apple iPhone 16 Pro (Sim),1,128Gb,Desert Titanium
3555,Apple iPhone 16 Pro (Sim),1,256Gb,Black Titanium
3556,Apple iPhone 16 Pro (Sim),1,256Gb,White Titanium
3557,Apple iPhone 16 Pro (Sim),1,256Gb,Natural Titanium
3558,Apple iPhone 16 Pro (Sim),1,256Gb,Desert Titanium
3559,Apple iPhone 16 Pro (Sim),1,512Gb,Black Titanium
3560,Apple iPhone 16 Pro (Sim),1,512Gb,White Titanium
3561,Apple iPhone 16 Pro (Sim),1,512Gb,Natural Titanium
3562,Apple iPhone 16 Pro (Sim),1,512Gb,Desert Titanium
3563,Apple iPhone 16 Pro (Sim),1,1Tb,Black Titanium
3564,Apple iPhone 16 Pro (Sim),1,1Tb,White Titanium
3565,Apple iPhone 16 Pro (Sim),1,1Tb,Natural Titanium
3566,Apple iPhone 16 Pro (Sim),1,1Tb,Desert Titanium
3567,Apple iPhone 16 Plus (eSim),1,128Gb,Black
3568,Apple iPhone 16 Plus (eSim),1,128Gb,White
3569,Apple iPhone 16 Plus (eSim),1,128Gb,Pink
3570,Apple iPhone 16 Plus (eSim),1,128Gb,Teal
3571,Apple iPhone 16 Plus (eSim),1,128Gb,Ultramarine
3572,Apple iPhone 16 Plus (eSim),1,256Gb,Black
3573,Apple iPhone 16 Plus (eSim),1,256Gb,White
3574,Apple iPhone 16 Plus (eSim),1,256Gb,Pink
3575,Apple iPhone 16 Plus (eSim),1,256Gb,Teal
3576,Apple iPhone 16 Plus (eSim),1,256Gb,Ultramarine
3577,Apple iPhone 16 Plus (eSim),1,512Gb,Black
3578,Apple iPhone 16 Plus (eSim),1,512Gb,White
3579,Apple iPhone 16 Plus (eSim),1,512Gb,Pink
3580,Apple iPhone 16 Plus (eSim),1,512Gb,Teal
3581,Apple iPhone 16 Plus (eSim),1,512Gb,Ultramarine
3582,Apple iPhone 16 (eSim),1,128Gb,Black
3583,Apple iPhone 16 (eSim),1,128Gb,White
3584,Apple iPhone 16 (eSim),1,128Gb,Pink
3585,Apple iPhone 16 (eSim),1,128Gb,Teal
3586,Apple iPhone 16 (eSim),1,128Gb,Ultramarine
3587,Apple iPhone 16 (eSim),1,256Gb,Black
3588,Apple iPhone 16 (eSim),1,256Gb,White
3589,Apple iPhone 16 (eSim),1,256Gb,Pink
3590,Apple iPhone 16 (eSim),1,256Gb,Teal
3591,Apple iPhone 16 (eSim),1,256Gb,Ultramarine
3592,Apple iPhone 16 (eSim),1,512Gb,Black
3593,Apple iPhone 16 (eSim),1,512Gb,White
3594,Apple iPhone 16 (eSim),1,512Gb,Pink
3595,Apple iPhone 16 (eSim),1,512Gb,Teal
3596,Apple iPhone 16 (eSim),1,512Gb,Ultramarine
3597,Apple iPhone 16 (Sim),1,128Gb,Black
3598,Apple iPhone 16 (Sim),1,128Gb,White
3599,Apple iPhone 16 (Sim),1,128Gb,Pink
3600,Apple iPhone 16 (Sim),1,128Gb,Teal
3601,Apple iPhone 16 (Sim),1,128Gb,Ultramarine
3602,Apple iPhone 16 (Sim),1,256Gb,Black
3603,Apple iPhone 16 (Sim),1,256Gb,White
3604,Apple iPhone 16 (Sim),1,256Gb,Pink
3605,Apple iPhone 16 (Sim),1,256Gb,Teal
3606,Apple iPhone 16 (Sim),1,256Gb,Ultramarine
3607,Apple iPhone 16 (Sim),1,512Gb,Black
3608,Apple iPhone 16 (Sim),1,512Gb,White
3609,Apple iPhone 16 (Sim),1,512Gb,Pink
3610,Apple iPhone 16 (Sim),1,512Gb,Teal
3611,Apple iPhone 16 (Sim),1,512Gb,Ultramarine
3612,Apple iPhone 16 Pro Max (Sim),1,256Gb,Black Titanium
3613,Apple iPhone 16 Pro Max (Sim),1,256Gb,White Titanium
3614,Apple iPhone 16 Pro Max (Sim),1,256Gb,Natural Titanium
3615,Apple iPhone 16 Pro Max (Sim),1,256Gb,Desert Titanium
3616,Apple iPhone 16 Pro Max (Sim),1,512Gb,Black Titanium
3617,Apple iPhone 16 Pro Max (Sim),1,512Gb,White Titanium
3618,Apple iPhone 16 Pro Max (Sim),1,512Gb,Natural Titanium
3619,Apple iPhone 16 Pro Max (Sim),1,512Gb,Desert Titanium
3620,Apple iPhone 16 Pro Max (Sim),1,1Tb,Black Titanium
3621,Apple iPhone 16 Pro Max (Sim),1,1Tb,White Titanium
3622,Apple iPhone 16 Pro Max (Sim),1,1Tb,Natural Titanium
3623,Apple iPhone 16 Pro Max (Sim),1,1Tb,Desert Titanium
3624,Apple iPhone 16 Pro (eSim),1,128Gb,Black Titanium
3625,Apple iPhone 16 Pro (eSim),1,128Gb,White Titanium
3626,Apple iPhone 16 Pro (eSim),1,128Gb,Natural Titanium
3627,Apple iPhone 16 Pro (eSim),1,128Gb,Desert Titanium
3628,Apple iPhone 16 Pro (eSim),1,256Gb,Black Titanium
3629,Apple iPhone 16 Pro (eSim),1,256Gb,White Titanium
3630,Apple iPhone 16 Pro (eSim),1,256Gb,Natural Titanium
3631,Apple iPhone 16 Pro (eSim),1,256Gb,Desert Titanium
3632,Apple iPhone 16 Pro (eSim),1,512Gb,Black Titanium
3633,Apple iPhone 16 Pro (eSim),1,512Gb,White Titanium
3634,Apple iPhone 16 Pro (eSim),1,512Gb,Natural Titanium
3635,Apple iPhone 16 Pro (eSim),1,512Gb,Desert Titanium
3636,Apple iPhone 16 Pro (eSim),1,1Tb,Black Titanium
3637,Apple iPhone 16 Pro (eSim),1,1Tb,White Titanium
3638,Apple iPhone 16 Pro (eSim),1,1Tb,Natural Titanium
3639,Apple iPhone 16 Pro (eSim),1,1Tb,Desert Titanium
3640,CMF Buds Pro 2,79,,Orange
3641,CMF Buds Pro 2,79,,Blue
3642,CMF Buds Pro 2,79,,Dark Grey
3643,CMF Buds Pro 2,79,,Light Grey
3644,CMF Buds Pro,79,,Dark Gray
3645,CMF Buds Pro,79,,Light Gray
3646,CMF Buds Pro,79,,Orange
3647,CMF Watch Pro,80,,Metallic Grey/Orange
3648,CMF Watch Pro,80,,Dark Grey/Ash Grey
3649,CMF Watch Pro,80,,Dark Grey
3650,CMF Watch Pro 2,80,,Dark Grey
3651,CMF Watch Pro 2,80,,Ash Grey
3652,CMF Watch Pro 2,80,,Blue
3653,CMF Watch Pro 2,80,,Orange
3654,Яндекс Станция лайт 2,21,,Фиолетовый
3655,Яндекс Станция лайт 2,21,,Розовый
3656,Яндекс Станция лайт 2,21,,Голубой
3657,"Apple MacBook Air 13.6"" (M3)",22,8/256Gb,Silver
3658,"Apple MacBook Air 13.6"" (M3)",22,8/256Gb,Starlight
3659,"Apple MacBook Air 13.6"" (M3)",22,8/256Gb,Space Gray
3660,"Apple MacBook Air 13.6"" (M3)",22,8/256Gb,Midnight
3661,"Apple MacBook Air 13.6"" (M3)",22,8/512Gb,Silver
3662,"Apple MacBook Air 13.6"" (M3)",22,8/512Gb,Starlight
3663,"Apple MacBook Air 13.6"" (M3)",22,8/512Gb,Space Gray
3664,"Apple MacBook Air 13.6"" (M3)",22,8/512Gb,Midnight
3665,"Apple MacBook Air 13.6"" (M3)",22,8/1Tb,Silver
3666,"Apple MacBook Air 13.6"" (M3)",22,8/1Tb,Starlight
3667,"Apple MacBook Air 13.6"" (M3)",22,8/1Tb,Space Gray
3668,"Apple MacBook Air 13.6"" (M3)",22,8/1Tb,Midnight
3669,"Apple MacBook Air 13.6"" (M3)",22,8/2Tb,Silver
3670,"Apple MacBook Air 13.6"" (M3)",22,8/2Tb,Starlight
3671,"Apple MacBook Air 13.6"" (M3)",22,8/2Tb,Space Gray
3672,"Apple MacBook Air 13.6"" (M3)",22,8/2Tb,Midnight
3673,"Apple MacBook Air 13.6"" (M3)",22,16/256Gb,Silver
3674,"Apple MacBook Air 13.6"" (M3)",22,16/256Gb,Starlight
3675,"Apple MacBook Air 13.6"" (M3)",22,16/256Gb,Space Gray
3676,"Apple MacBook Air 13.6"" (M3)",22,16/256Gb,Midnight
3677,"Apple MacBook Air 13.6"" (M3)",22,16/512Gb,Silver
3678,"Apple MacBook Air 13.6"" (M3)",22,16/512Gb,Starlight
3679,"Apple MacBook Air 13.6"" (M3)",22,16/512Gb,Space Gray
3680,"Apple MacBook Air 13.6"" (M3)",22,16/512Gb,Midnight
3681,"Apple MacBook Air 13.6"" (M3)",22,16/1Tb,Silver
3682,"Apple MacBook Air 13.6"" (M3)",22,16/1Tb,Starlight
3683,"Apple MacBook Air 13.6"" (M3)",22,16/1Tb,Space Gray
3684,"Apple MacBook Air 13.6"" (M3)",22,16/1Tb,Midnight
3685,"Apple MacBook Air 13.6"" (M3)",22,16/2Tb,Silver
3686,"Apple MacBook Air 13.6"" (M3)",22,16/2Tb,Starlight
3687,"Apple MacBook Air 13.6"" (M3)",22,16/2Tb,Space Gray
3688,"Apple MacBook Air 13.6"" (M3)",22,16/2Tb,Midnight
3689,"Apple MacBook Air 13.6"" (M3)",22,24/256Gb,Silver
3690,"Apple MacBook Air 13.6"" (M3)",22,24/256Gb,Starlight
3691,"Apple MacBook Air 13.6"" (M3)",22,24/256Gb,Space Gray
3692,"Apple MacBook Air 13.6"" (M3)",22,24/256Gb,Midnight
3693,"Apple MacBook Air 13.6"" (M3)",22,24/512Gb,Silver
3694,"Apple MacBook Air 13.6"" (M3)",22,24/512Gb,Starlight
3695,"Apple MacBook Air 13.6"" (M3)",22,24/512Gb,Space Gray
3696,"Apple MacBook Air 13.6"" (M3)",22,24/512Gb,Midnight
3697,"Apple MacBook Air 13.6"" (M3)",22,24/1Tb,Silver
3698,"Apple MacBook Air 13.6"" (M3)",22,24/1Tb,Starlight
3699,"Apple MacBook Air 13.6"" (M3)",22,24/1Tb,Space Gray
3700,"Apple MacBook Air 13.6"" (M3)",22,24/1Tb,Midnight
3701,"Apple MacBook Air 13.6"" (M3)",22,24/2Tb,Silver
3702,"Apple MacBook Air 13.6"" (M3)",22,24/2Tb,Starlight
3703,"Apple MacBook Air 13.6"" (M3)",22,24/2Tb,Space Gray
3704,"Apple MacBook Air 13.6"" (M3)",22,24/2Tb,Midnight
3705,Honor 200 Pro 5G,4,12/256Gb,Moonlight White
3706,Honor 200 Pro 5G,4,12/256Gb,Black
3707,Honor 200 Pro 5G,4,12/256Gb,Ocean Cyan
3708,Honor 200 Pro 5G,4,12/256Gb,Pink
3709,Honor 200 Pro 5G,4,12/512Gb,Moonlight White
3710,Honor 200 Pro 5G,4,12/512Gb,Black
3711,Honor 200 Pro 5G,4,12/512Gb,Ocean Cyan
3712,Honor 200 Pro 5G,4,12/512Gb,Pink
3713,Honor 200 Pro 5G,4,16/512Gb,Moonlight White
3714,Honor 200 Pro 5G,4,16/512Gb,Black
3715,Honor 200 Pro 5G,4,16/512Gb,Ocean Cyan
3716,Honor 200 Pro 5G,4,16/512Gb,Pink
3717,Honor 200 Pro 5G,4,16/1Tb,Moonlight White
3718,Honor 200 Pro 5G,4,16/1Tb,Black
3719,Honor 200 Pro 5G,4,16/1Tb,Ocean Cyan
3720,Honor 200 Pro 5G,4,16/1Tb,Pink
3721,Honor X8b,4,8/128Gb,Glamorous Green
3722,Honor X8b,4,8/128Gb,Titanium Silver
3723,Honor X8b,4,8/128Gb,Midnight Black
3724,Honor X8b,4,6/256Gb,Glamorous Green
3725,Honor X8b,4,6/256Gb,Titanium Silver
3726,Honor X8b,4,6/256Gb,Midnight Black
3727,Honor X8b,4,8/256Gb,Glamorous Green
3728,Honor X8b,4,8/256Gb,Titanium Silver
3729,Honor X8b,4,8/256Gb,Midnight Black
3730,Honor X8b,4,8/512Gb,Glamorous Green
3731,Honor X8b,4,8/512Gb,Titanium Silver
3732,Honor X8b,4,8/512Gb,Midnight Black
3733,Xiaomi Redmi Buds 6 Active,14,,Black
3734,Xiaomi Redmi Buds 6 Play,14,,Black
3735,Xiaomi Redmi Buds 6 Play,14,,White
3736,Xiaomi Redmi 14C,3,4/128Gb,Midnight Black
3737,Xiaomi Redmi 14C,3,4/128Gb,Sage Green
3738,Xiaomi Redmi 14C,3,4/128Gb,Dreamy Purple
3739,Xiaomi Redmi 14C,3,4/128Gb,Starry Blue
3740,Xiaomi Redmi 14C,3,4/256Gb,Midnight Black
3741,Xiaomi Redmi 14C,3,4/256Gb,Sage Green
3742,Xiaomi Redmi 14C,3,4/256Gb,Dreamy Purple
3743,Xiaomi Redmi 14C,3,4/256Gb,Starry Blue
3744,Xiaomi Redmi 14C,3,6/128Gb,Midnight Black
3745,Xiaomi Redmi 14C,3,6/128Gb,Sage Green
3746,Xiaomi Redmi 14C,3,6/128Gb,Dreamy Purple
3747,Xiaomi Redmi 14C,3,6/128Gb,Starry Blue
3748,Xiaomi Redmi 14C,3,8/128Gb,Midnight Black
3749,Xiaomi Redmi 14C,3,8/128Gb,Sage Green
3750,Xiaomi Redmi 14C,3,8/128Gb,Dreamy Purple
3751,Xiaomi Redmi 14C,3,8/128Gb,Starry Blue
3752,Xiaomi Redmi 14C,3,8/256Gb,Midnight Black
3753,Xiaomi Redmi 14C,3,8/256Gb,Sage Green
3754,Xiaomi Redmi 14C,3,8/256Gb,Dreamy Purple
3755,Xiaomi Redmi 14C,3,8/256Gb,Starry Blue
3756,Huawei Watch GT Cyber,27,,Black Urban
3757,Huawei Watch GT Cyber,27,,Steel Sport
3758,Xiaomi Redmi Watch 5 Lite,25,,Black
3759,Xiaomi Redmi Watch 5 Lite,25,,White
3760,Xiaomi Redmi Watch 5 Active,25,,Black
3761,Xiaomi Redmi Watch 5 Active,25,,White
3762,Samsung Galaxy S24 FE 5G,2,8/128Gb,Blue
3763,Samsung Galaxy S24 FE 5G,2,8/128Gb,Graphite
3764,Samsung Galaxy S24 FE 5G,2,8/128Gb,Gray
3765,Samsung Galaxy S24 FE 5G,2,8/128Gb,Mint
3766,Samsung Galaxy S24 FE 5G,2,8/128Gb,Yellow
3767,Samsung Galaxy S24 FE 5G,2,8/256Gb,Blue
3768,Samsung Galaxy S24 FE 5G,2,8/256Gb,Graphite
3769,Samsung Galaxy S24 FE 5G,2,8/256Gb,Gray
3770,Samsung Galaxy S24 FE 5G,2,8/256Gb,Mint
3771,Samsung Galaxy S24 FE 5G,2,8/256Gb,Yellow
3772,Samsung Galaxy S24 FE 5G,2,8/512Gb,Blue
3773,Samsung Galaxy S24 FE 5G,2,8/512Gb,Graphite
3774,Samsung Galaxy S24 FE 5G,2,8/512Gb,Gray
3775,Samsung Galaxy S24 FE 5G,2,8/512Gb,Mint
3776,Samsung Galaxy S24 FE 5G,2,8/512Gb,Yellow
3777,Apple Watch Ultra 2 (Natural),26,49mm,Alpine Tan
3778,Apple Watch Ultra 2 (Natural),26,49mm,Alpine Navy
3779,Apple Watch Ultra 2 (Natural),26,49mm,Alpine Dark Green
3780,Apple Watch Ultra 2 (Natural),26,49mm,Trial Blue
3781,Apple Watch Ultra 2 (Natural),26,49mm,Trial Green
3782,Apple Watch Ultra 2 (Natural),26,49mm,Trial Black
3783,Apple Watch Ultra 2 (Natural),26,49mm,Ocean Ice Blue
3784,Apple Watch Ultra 2 (Natural),26,49mm,Ocean Navy
3785,Apple Watch Ultra 2 (Natural),26,49mm,Ocean Black
3786,Apple Watch Ultra 2 (Milanese),26,49mm,Titanium Milanese Natural
3787,Apple Watch Ultra 2 (Black),26,49mm,Alpine Tan
3788,Apple Watch Ultra 2 (Black),26,49mm,Alpine Navy
3789,Apple Watch Ultra 2 (Black),26,49mm,Alpine Dark Green
3790,Apple Watch Ultra 2 (Black),26,49mm,Trial Blue
3791,Apple Watch Ultra 2 (Black),26,49mm,Trial Green
3792,Apple Watch Ultra 2 (Black),26,49mm,Trial Black
3793,Apple Watch Ultra 2 (Black),26,49mm,Ocean Ice Blue
3794,Apple Watch Ultra 2 (Black),26,49mm,Ocean Navy
3795,Apple Watch Ultra 2 (Black),26,49mm,Ocean Black
3796,Apple Watch Ultra 2 (Milanese),26,49mm,Titanium Milanese Black
3797,Apple Watch Series 10,26,42mm,Jet Black
3798,Apple Watch Series 10,26,42mm,Rose Gold
3799,Apple Watch Series 10,26,42mm,Silver
3800,Apple AirPods 4 ANC,15,,
3801,Apple AirPods 4,15,,
3802,Apple Watch Series 10,26,46mm,Jet Black
3803,Apple Watch Series 10,26,46mm,Rose Gold
3804,Apple Watch Series 10,26,46mm,Silver
3805,Xiaomi 14T Pro 5G,3,12/256Gb,Titan Gray
3806,Xiaomi 14T Pro 5G,3,12/256Gb,Titan Blue
3807,Xiaomi 14T Pro 5G,3,12/256Gb,Titan Black
3808,Xiaomi 14T Pro 5G,3,12/512Gb,Titan Gray
3809,Xiaomi 14T Pro 5G,3,12/512Gb,Titan Blue
3810,Xiaomi 14T Pro 5G,3,12/512Gb,Titan Black
3811,Xiaomi 14T Pro 5G,3,16/512Gb,Titan Gray
3812,Xiaomi 14T Pro 5G,3,16/512Gb,Titan Blue
3813,Xiaomi 14T Pro 5G,3,16/512Gb,Titan Black
3814,Xiaomi 14T Pro 5G,3,12/1Tb,Titan Gray
3815,Xiaomi 14T Pro 5G,3,12/1Tb,Titan Blue
3816,Xiaomi 14T Pro 5G,3,12/1Tb,Titan Black
3817,Xiaomi Mix Flip 5G,3,12/256Gb,Black
3818,Xiaomi Mix Flip 5G,3,12/256Gb,Blue
3819,Xiaomi Mix Flip 5G,3,12/256Gb,Mint
3820,Xiaomi Mix Flip 5G,3,12/256Gb,Peach
3821,Xiaomi Mix Flip 5G,3,12/256Gb,Silver Shadow
3822,Xiaomi Mix Flip 5G,3,12/256Gb,White
3823,Xiaomi Mix Flip 5G,3,12/256Gb,Yellow
3824,Xiaomi Mix Flip 5G,3,12/512Gb,Black
3825,Xiaomi Mix Flip 5G,3,12/512Gb,Blue
3826,Xiaomi Mix Flip 5G,3,12/512Gb,Mint
3827,Xiaomi Mix Flip 5G,3,12/512Gb,Peach
3828,Xiaomi Mix Flip 5G,3,12/512Gb,Silver Shadow
3829,Xiaomi Mix Flip 5G,3,12/512Gb,White
3830,Xiaomi Mix Flip 5G,3,12/512Gb,Yellow
3831,Xiaomi Mix Flip 5G,3,16/1Tb,Black
3832,Xiaomi Mix Flip 5G,3,16/1Tb,Blue
3833,Xiaomi Mix Flip 5G,3,16/1Tb,Mint
3834,Xiaomi Mix Flip 5G,3,16/1Tb,Peach
3835,Xiaomi Mix Flip 5G,3,16/1Tb,Silver Shadow
3836,Xiaomi Mix Flip 5G,3,16/1Tb,White
3837,Xiaomi Mix Flip 5G,3,16/1Tb,Yellow
3838,Xiaomi 14T 5G,3,12/256Gb,Titan Gray
3839,Xiaomi 14T 5G,3,12/256Gb,Titan Blue
3840,Xiaomi 14T 5G,3,12/256Gb,Titan Black
3841,Xiaomi 14T 5G,3,12/256Gb,Lemon Green
3842,Xiaomi 14T 5G,3,12/512Gb,Titan Gray
3843,Xiaomi 14T 5G,3,12/512Gb,Titan Blue
3844,Xiaomi 14T 5G,3,12/512Gb,Titan Black
3845,Xiaomi 14T 5G,3,12/512Gb,Lemon Green
3846,Xiaomi 14T 5G,3,16/512Gb,Titan Gray
3847,Xiaomi 14T 5G,3,16/512Gb,Titan Blue
3848,Xiaomi 14T 5G,3,16/512Gb,Titan Black
3849,Xiaomi 14T 5G,3,16/512Gb,Lemon Green
3850,Amazfit T-Rex 3,23,,Onyx
3851,Amazfit T-Rex 3,23,,Lava
3852,Amazfit Falcon,23,,Titanium - Supersonic Black
3853,Amazfit T-Rex Ultra,23,,Abyss Black
3854,Amazfit T-Rex Ultra,23,,Sahara
3855,"Tab S9+, S10+ Keyboard Slim",61,,
3856,"Tab S9 Ultra, S10 Ultra Keyboard Slim",61,,
3857,"Tab S9, S9 FE Keyboard Slim",61,,
3858,"Apple MacBook Air 13.6"" (M3)",22,8/256Gb,Silver
3859,"Apple MacBook Air 13.6"" (M3)",22,8/256Gb,Starlight
3860,"Apple MacBook Air 13.6"" (M3)",22,8/256Gb,Space Gray
3861,"Apple MacBook Air 13.6"" (M3)",22,8/256Gb,Midnight
3862,"Apple MacBook Air 13.6"" (M3)",22,8/512Gb,Silver
3863,"Apple MacBook Air 13.6"" (M3)",22,8/512Gb,Starlight
3864,"Apple MacBook Air 13.6"" (M3)",22,8/512Gb,Space Gray
3865,"Apple MacBook Air 13.6"" (M3)",22,8/512Gb,Midnight
3866,"Apple MacBook Air 13.6"" (M3)",22,8/1Tb,Silver
3867,"Apple MacBook Air 13.6"" (M3)",22,8/1Tb,Starlight
3868,"Apple MacBook Air 13.6"" (M3)",22,8/1Tb,Space Gray
3869,"Apple MacBook Air 13.6"" (M3)",22,8/1Tb,Midnight
3870,"Apple MacBook Air 13.6"" (M3)",22,8/2Tb,Silver
3871,"Apple MacBook Air 13.6"" (M3)",22,8/2Tb,Starlight
3872,"Apple MacBook Air 13.6"" (M3)",22,8/2Tb,Space Gray
3873,"Apple MacBook Air 13.6"" (M3)",22,8/2Tb,Midnight
3874,"Apple MacBook Air 13.6"" (M3)",22,16/256Gb,Silver
3875,"Apple MacBook Air 13.6"" (M3)",22,16/256Gb,Starlight
3876,"Apple MacBook Air 13.6"" (M3)",22,16/256Gb,Space Gray
3877,"Apple MacBook Air 13.6"" (M3)",22,16/256Gb,Midnight
3878,"Apple MacBook Air 13.6"" (M3)",22,16/512Gb,Silver
3879,"Apple MacBook Air 13.6"" (M3)",22,16/512Gb,Starlight
3880,"Apple MacBook Air 13.6"" (M3)",22,16/512Gb,Space Gray
3881,"Apple MacBook Air 13.6"" (M3)",22,16/512Gb,Midnight
3882,"Apple MacBook Air 13.6"" (M3)",22,16/1Tb,Silver
3883,"Apple MacBook Air 13.6"" (M3)",22,16/1Tb,Starlight
3884,"Apple MacBook Air 13.6"" (M3)",22,16/1Tb,Space Gray
3885,"Apple MacBook Air 13.6"" (M3)",22,16/1Tb,Midnight
3886,"Apple MacBook Air 13.6"" (M3)",22,16/2Tb,Silver
3887,"Apple MacBook Air 13.6"" (M3)",22,16/2Tb,Starlight
3888,"Apple MacBook Air 13.6"" (M3)",22,16/2Tb,Space Gray
3889,"Apple MacBook Air 13.6"" (M3)",22,16/2Tb,Midnight
3890,"Apple MacBook Air 13.6"" (M3)",22,24/256Gb,Silver
3891,"Apple MacBook Air 13.6"" (M3)",22,24/256Gb,Starlight
3892,"Apple MacBook Air 13.6"" (M3)",22,24/256Gb,Space Gray
3893,"Apple MacBook Air 13.6"" (M3)",22,24/256Gb,Midnight
3894,"Apple MacBook Air 13.6"" (M3)",22,24/512Gb,Silver
3895,"Apple MacBook Air 13.6"" (M3)",22,24/512Gb,Starlight
3896,"Apple MacBook Air 13.6"" (M3)",22,24/512Gb,Space Gray
3897,"Apple MacBook Air 13.6"" (M3)",22,24/512Gb,Midnight
3898,"Apple MacBook Air 13.6"" (M3)",22,24/1Tb,Silver
3899,"Apple MacBook Air 13.6"" (M3)",22,24/1Tb,Starlight
3900,"Apple MacBook Air 13.6"" (M3)",22,24/1Tb,Space Gray
3901,"Apple MacBook Air 13.6"" (M3)",22,24/1Tb,Midnight
3902,"Apple MacBook Air 13.6"" (M3)",22,24/2Tb,Silver
3903,"Apple MacBook Air 13.6"" (M3)",22,24/2Tb,Starlight
3904,"Apple MacBook Air 13.6"" (M3)",22,24/2Tb,Space Gray
3905,"Apple MacBook Air 13.6"" (M3)",22,24/2Tb,Midnight
3906,"Apple MacBook Air 15"" (M3)",22,8/256Gb,Silver
3907,"Apple MacBook Air 15"" (M3)",22,8/256Gb,Starlight
3908,"Apple MacBook Air 15"" (M3)",22,8/256Gb,Space Gray
3909,"Apple MacBook Air 15"" (M3)",22,8/256Gb,Midnight
3910,"Apple MacBook Air 15"" (M3)",22,8/512Gb,Silver
3911,"Apple MacBook Air 15"" (M3)",22,8/512Gb,Starlight
3912,"Apple MacBook Air 15"" (M3)",22,8/512Gb,Space Gray
3913,"Apple MacBook Air 15"" (M3)",22,8/512Gb,Midnight
3914,"Apple MacBook Air 15"" (M3)",22,8/1Tb,Silver
3915,"Apple MacBook Air 15"" (M3)",22,8/1Tb,Starlight
3916,"Apple MacBook Air 15"" (M3)",22,8/1Tb,Space Gray
3917,"Apple MacBook Air 15"" (M3)",22,8/1Tb,Midnight
3918,"Apple MacBook Air 15"" (M3)",22,8/2Tb,Silver
3919,"Apple MacBook Air 15"" (M3)",22,8/2Tb,Starlight
3920,"Apple MacBook Air 15"" (M3)",22,8/2Tb,Space Gray
3921,"Apple MacBook Air 15"" (M3)",22,8/2Tb,Midnight
3922,"Apple MacBook Air 15"" (M3)",22,16/256Gb,Silver
3923,"Apple MacBook Air 15"" (M3)",22,16/256Gb,Starlight
3924,"Apple MacBook Air 15"" (M3)",22,16/256Gb,Space Gray
3925,"Apple MacBook Air 15"" (M3)",22,16/256Gb,Midnight
3926,"Apple MacBook Air 15"" (M3)",22,16/512Gb,Silver
3927,"Apple MacBook Air 15"" (M3)",22,16/512Gb,Starlight
3928,"Apple MacBook Air 15"" (M3)",22,16/512Gb,Space Gray
3929,"Apple MacBook Air 15"" (M3)",22,16/512Gb,Midnight
3930,"Apple MacBook Air 15"" (M3)",22,16/1Tb,Silver
3931,"Apple MacBook Air 15"" (M3)",22,16/1Tb,Starlight
3932,"Apple MacBook Air 15"" (M3)",22,16/1Tb,Space Gray
3933,"Apple MacBook Air 15"" (M3)",22,16/1Tb,Midnight
3934,"Apple MacBook Air 15"" (M3)",22,16/2Tb,Silver
3935,"Apple MacBook Air 15"" (M3)",22,16/2Tb,Starlight
3936,"Apple MacBook Air 15"" (M3)",22,16/2Tb,Space Gray
3937,"Apple MacBook Air 15"" (M3)",22,16/2Tb,Midnight
3938,"Apple MacBook Air 15"" (M3)",22,24/256Gb,Silver
3939,"Apple MacBook Air 15"" (M3)",22,24/256Gb,Starlight
3940,"Apple MacBook Air 15"" (M3)",22,24/256Gb,Space Gray
3941,"Apple MacBook Air 15"" (M3)",22,24/256Gb,Midnight
3942,"Apple MacBook Air 15"" (M3)",22,24/512Gb,Silver
3943,"Apple MacBook Air 15"" (M3)",22,24/512Gb,Starlight
3944,"Apple MacBook Air 15"" (M3)",22,24/512Gb,Space Gray
3945,"Apple MacBook Air 15"" (M3)",22,24/512Gb,Midnight
3946,"Apple MacBook Air 15"" (M3)",22,24/1Tb,Silver
3947,"Apple MacBook Air 15"" (M3)",22,24/1Tb,Starlight
3948,"Apple MacBook Air 15"" (M3)",22,24/1Tb,Space Gray
3949,"Apple MacBook Air 15"" (M3)",22,24/1Tb,Midnight
3950,"Apple MacBook Air 15"" (M3)",22,24/2Tb,Silver
3951,"Apple MacBook Air 15"" (M3)",22,24/2Tb,Starlight
3952,"Apple MacBook Air 15"" (M3)",22,24/2Tb,Space Gray
3953,"Apple MacBook Air 15"" (M3)",22,24/2Tb,Midnight
3954,Huawei Watch GT 5 Pro,27,42mm,White
3955,Huawei Watch GT 5 Pro,27,42mm,Ceramic White
3956,Huawei Watch GT 5 Pro,27,46mm,Black
3957,Huawei Watch GT 5 Pro,27,46mm,Titanium
3958,Samsung Galaxy A16 4G,2,4/128Gb,Black
3959,Samsung Galaxy A16 4G,2,4/128Gb,Gray
3960,Samsung Galaxy A16 4G,2,4/128Gb,Light Green
3961,Samsung Galaxy A16 4G,2,8/256Gb,Black
3962,Samsung Galaxy A16 4G,2,8/256Gb,Gray
3963,Samsung Galaxy A16 4G,2,8/256Gb,Light Green
3964,Samsung Galaxy A16 5G,2,4/128Gb,Blue Black
3965,Samsung Galaxy A16 5G,2,4/128Gb,Light Gray
3966,Samsung Galaxy A16 5G,2,4/128Gb,Gold
3967,Samsung Galaxy A16 5G,2,4/128Gb,Light Green
3968,Samsung Galaxy A16 5G,2,6/128Gb,Blue Black
3969,Samsung Galaxy A16 5G,2,6/128Gb,Light Gray
3970,Samsung Galaxy A16 5G,2,6/128Gb,Gold
3971,Samsung Galaxy A16 5G,2,6/128Gb,Light Green
3972,Samsung Galaxy A16 5G,2,8/128Gb,Blue Black
3973,Samsung Galaxy A16 5G,2,8/128Gb,Light Gray
3974,Samsung Galaxy A16 5G,2,8/128Gb,Gold
3975,Samsung Galaxy A16 5G,2,8/128Gb,Light Green
3976,Samsung Galaxy A16 5G,2,8/256Gb,Blue Black
3977,Samsung Galaxy A16 5G,2,8/256Gb,Light Gray
3978,Samsung Galaxy A16 5G,2,8/256Gb,Gold
3979,Samsung Galaxy A16 5G,2,8/256Gb,Light Green
3980,Samsung Galaxy M55 5G,2,12/256Gb,Dark Blue
3981,Samsung Galaxy M55 5G,2,12/256Gb,Light Green
3982,Samsung Galaxy M55 5G,2,8/128Gb,Dark Blue
3983,Samsung Galaxy M55 5G,2,8/128Gb,Light Green
3984,Samsung Galaxy M55 5G,2,8/256Gb,Dark Blue
3985,Samsung Galaxy M55 5G,2,8/256Gb,Light Green
3986,Samsung Galaxy F55 5G,2,12/256Gb,Black
3987,Samsung Galaxy F55 5G,2,12/256Gb,Apricot
3988,Samsung Galaxy F55 5G,2,8/128Gb,Black
3989,Samsung Galaxy F55 5G,2,8/128Gb,Apricot
3990,Samsung Galaxy F55 5G,2,8/256Gb,Black
3991,Samsung Galaxy F55 5G,2,8/256Gb,Apricot
3992,"Apple iPad mini 7 8.3"" (Wifi)",13,128Gb,Space Gray
3993,"Apple iPad mini 7 8.3"" (Wifi)",13,128Gb,Blue
3994,"Apple iPad mini 7 8.3"" (Wifi)",13,128Gb,Purple
3995,"Apple iPad mini 7 8.3"" (Wifi)",13,128Gb,Starlight
3996,"Apple iPad mini 7 8.3"" (Wifi)",13,256Gb,Space Gray
3997,"Apple iPad mini 7 8.3"" (Wifi)",13,256Gb,Blue
3998,"Apple iPad mini 7 8.3"" (Wifi)",13,256Gb,Purple
3999,"Apple iPad mini 7 8.3"" (Wifi)",13,256Gb,Starlight
4000,"Apple iPad mini 7 8.3"" (Wifi)",13,512Gb,Space Gray
4001,"Apple iPad mini 7 8.3"" (Wifi)",13,512Gb,Blue
4002,"Apple iPad mini 7 8.3"" (Wifi)",13,512Gb,Purple
4003,"Apple iPad mini 7 8.3"" (Wifi)",13,512Gb,Starlight
4004,"Apple iPad mini 7 8.3"" (Sim)",13,128Gb,Space Gray
4005,"Apple iPad mini 7 8.3"" (Sim)",13,128Gb,Blue
4006,"Apple iPad mini 7 8.3"" (Sim)",13,128Gb,Purple
4007,"Apple iPad mini 7 8.3"" (Sim)",13,128Gb,Starlight
4008,"Apple iPad mini 7 8.3"" (Sim)",13,256Gb,Space Gray
4009,"Apple iPad mini 7 8.3"" (Sim)",13,256Gb,Blue
4010,"Apple iPad mini 7 8.3"" (Sim)",13,256Gb,Purple
4011,"Apple iPad mini 7 8.3"" (Sim)",13,256Gb,Starlight
4012,"Apple iPad mini 7 8.3"" (Sim)",13,512Gb,Space Gray
4013,"Apple iPad mini 7 8.3"" (Sim)",13,512Gb,Blue
4014,"Apple iPad mini 7 8.3"" (Sim)",13,512Gb,Purple
4015,"Apple iPad mini 7 8.3"" (Sim)",13,512Gb,Starlight
4016,Honor X7c,4,6/128Gb,Midnight Black
4017,Honor X7c,4,6/128Gb,Forest Green
4018,Honor X7c,4,6/128Gb,Moonlight White
4019,Honor X7c,4,8/256Gb,Midnight Black
4020,Honor X7c,4,8/256Gb,Forest Green
4021,Honor X7c,4,8/256Gb,Moonlight White
4022,Xiaomi Poco C75,6,6/128Gb,Black
4023,Xiaomi Poco C75,6,6/128Gb,Green
4024,Xiaomi Poco C75,6,6/128Gb,Gold
4025,Xiaomi Poco C75,6,8/256Gb,Black
4026,Xiaomi Poco C75,6,8/256Gb,Green
4027,Xiaomi Poco C75,6,8/256Gb,Gold
4028,Huawei Watch D2,27,,Black
4029,Huawei Watch D2,27,,Gold
4030,Samsung Galaxy Tab S10 Plus (Wifi),11,12/256Gb,Moonstone Gray
4031,Samsung Galaxy Tab S10 Plus (Wifi),11,12/256Gb,Platinum Silver
4032,Samsung Galaxy Tab S10 Plus (Wifi),11,12/512Gb,Moonstone Gray
4033,Samsung Galaxy Tab S10 Plus (Wifi),11,12/512Gb,Platinum Silver
4034,Samsung Galaxy Tab S10 Plus 5G (Sim),11,12/256Gb,Moonstone Gray
4035,Samsung Galaxy Tab S10 Plus 5G (Sim),11,12/256Gb,Platinum Silver
4036,Samsung Galaxy Tab S10 Plus 5G (Sim),11,12/512Gb,Moonstone Gray
4037,Samsung Galaxy Tab S10 Plus 5G (Sim),11,12/512Gb,Platinum Silver
4038,Samsung Galaxy Tab S10 Ultra 5G (Sim),11,12/256Gb,Moonstone Gray
4039,Samsung Galaxy Tab S10 Ultra 5G (Sim),11,12/256Gb,Platinum Silver
4040,Samsung Galaxy Tab S10 Ultra 5G (Sim),11,12/512Gb,Moonstone Gray
4041,Samsung Galaxy Tab S10 Ultra 5G (Sim),11,12/512Gb,Platinum Silver
4042,Samsung Galaxy Tab S10 Ultra 5G (Sim),11,16/1Tb,Moonstone Gray
4043,Samsung Galaxy Tab S10 Ultra 5G (Sim),11,16/1Tb,Platinum Silver
4044,Samsung Galaxy Tab S10 Ultra (Wifi),11,12/256Gb,Moonstone Gray
4045,Samsung Galaxy Tab S10 Ultra (Wifi),11,12/256Gb,Platinum Silver
4046,Samsung Galaxy Tab S10 Ultra (Wifi),11,12/512Gb,Moonstone Gray
4047,Samsung Galaxy Tab S10 Ultra (Wifi),11,12/512Gb,Platinum Silver
4048,Samsung Galaxy Tab S10 Ultra (Wifi),11,16/1Tb,Moonstone Gray
4049,Samsung Galaxy Tab S10 Ultra (Wifi),11,16/1Tb,Platinum Silver
4050,Samsung Galaxy A16 4G,2,6/128Gb,Black
4051,Samsung Galaxy A16 4G,2,6/128Gb,Gray
4052,Samsung Galaxy A16 4G,2,6/128Gb,Light Green
4053,Honor X9c 5G,4,8/256Gb,Titanium Purple
4054,Honor X9c 5G,4,8/256Gb,Titanium Black
4055,Honor X9c 5G,4,8/256Gb,Jade Cyan
4056,Honor X9c 5G,4,12/256Gb,Titanium Purple
4057,Honor X9c 5G,4,12/256Gb,Titanium Black
4058,Honor X9c 5G,4,12/256Gb,Jade Cyan
4059,Honor X9c 5G,4,12/512Gb,Titanium Purple
4060,Honor X9c 5G,4,12/512Gb,Titanium Black
4061,Honor X9c 5G,4,12/512Gb,Jade Cyan
4062,Huawei Watch GT 5,27,46mm,Black
4063,Huawei Watch GT 5,27,46mm,Brown
4064,Huawei Watch GT 5,27,46mm,Blue
4065,Huawei Watch GT 5,27,41mm,Black
4066,Huawei Watch GT 5,27,41mm,Brown
4067,Huawei Watch GT 5,27,41mm,Blue
4068,Huawei Watch GT 5,27,41mm,White
4069,Huawei Watch GT 5,27,41mm,Gold
4070,Xiaomi Smart Band 9 Pro,25,,Obsidian Black
4071,Xiaomi Smart Band 9 Pro,25,,Rose Gold
4072,Xiaomi Smart Band 9 Pro,25,,Moonlight Silver
4073,Xiaomi Redmi Note 13 4G,3,8/512Gb,Ice Blue
4074,Xiaomi Redmi Note 13 4G,3,8/512Gb,Midnight Black
4075,Xiaomi Redmi Note 13 4G,3,8/512Gb,Mint Green
4076,Xiaomi Redmi Note 13 4G,3,8/512Gb,Ocean Sunset
4077,"Apple MacBook Pro 16"" (M4 Max 16-Core)",22,24/512Gb,Space Black
4078,"Apple MacBook Pro 16"" (M4 Max 16-Core)",22,24/512Gb,Silver
4079,"Apple MacBook Pro 16"" (M4 Max 16-Core)",22,24/1Tb,Space Black
4080,"Apple MacBook Pro 16"" (M4 Max 16-Core)",22,24/1Tb,Silver
4081,"Apple MacBook Pro 16"" (M4 Max 16-Core)",22,24/2Tb,Space Black
4082,"Apple MacBook Pro 16"" (M4 Max 16-Core)",22,24/2Tb,Silver
4083,"Apple MacBook Pro 16"" (M4 Max 16-Core)",22,24/4Tb,Space Black
4084,"Apple MacBook Pro 16"" (M4 Max 16-Core)",22,24/4Tb,Silver
4085,"Apple MacBook Pro 16"" (M4 Max 16-Core)",22,24/8Tb,Space Black
4086,"Apple MacBook Pro 16"" (M4 Max 16-Core)",22,24/8Tb,Silver
4087,"Apple MacBook Pro 16"" (M4 Max 16-Core)",22,36/512Gb,Space Black
4088,"Apple MacBook Pro 16"" (M4 Max 16-Core)",22,36/512Gb,Silver
4089,"Apple MacBook Pro 16"" (M4 Max 16-Core)",22,36/1Tb,Space Black
4090,"Apple MacBook Pro 16"" (M4 Max 16-Core)",22,36/1Tb,Silver
4091,"Apple MacBook Pro 16"" (M4 Max 16-Core)",22,36/2Tb,Space Black
4092,"Apple MacBook Pro 16"" (M4 Max 16-Core)",22,36/2Tb,Silver
4093,"Apple MacBook Pro 16"" (M4 Max 16-Core)",22,36/4Tb,Space Black
4094,"Apple MacBook Pro 16"" (M4 Max 16-Core)",22,36/4Tb,Silver
4095,"Apple MacBook Pro 16"" (M4 Max 16-Core)",22,36/8Tb,Space Black
4096,"Apple MacBook Pro 16"" (M4 Max 16-Core)",22,36/8Tb,Silver
4097,"Apple MacBook Pro 16"" (M4 Max 16-Core)",22,48/512Gb,Space Black
4098,"Apple MacBook Pro 16"" (M4 Max 16-Core)",22,48/512Gb,Silver
4099,"Apple MacBook Pro 16"" (M4 Max 16-Core)",22,48/1Tb,Space Black
4100,"Apple MacBook Pro 16"" (M4 Max 16-Core)",22,48/1Tb,Silver
4101,"Apple MacBook Pro 16"" (M4 Max 16-Core)",22,48/2Tb,Space Black
4102,"Apple MacBook Pro 16"" (M4 Max 16-Core)",22,48/2Tb,Silver
4103,"Apple MacBook Pro 16"" (M4 Max 16-Core)",22,48/4Tb,Space Black
4104,"Apple MacBook Pro 16"" (M4 Max 16-Core)",22,48/4Tb,Silver
4105,"Apple MacBook Pro 16"" (M4 Max 16-Core)",22,48/8Tb,Space Black
4106,"Apple MacBook Pro 16"" (M4 Max 16-Core)",22,48/8Tb,Silver
4107,"Apple MacBook Pro 16"" (M4 Max 16-Core)",22,64/512Gb,Space Black
4108,"Apple MacBook Pro 16"" (M4 Max 16-Core)",22,64/512Gb,Silver
4109,"Apple MacBook Pro 16"" (M4 Max 16-Core)",22,64/1Tb,Space Black
4110,"Apple MacBook Pro 16"" (M4 Max 16-Core)",22,64/1Tb,Silver
4111,"Apple MacBook Pro 16"" (M4 Max 16-Core)",22,64/2Tb,Space Black
4112,"Apple MacBook Pro 16"" (M4 Max 16-Core)",22,64/2Tb,Silver
4113,"Apple MacBook Pro 16"" (M4 Max 16-Core)",22,64/4Tb,Space Black
4114,"Apple MacBook Pro 16"" (M4 Max 16-Core)",22,64/4Tb,Silver
4115,"Apple MacBook Pro 16"" (M4 Max 16-Core)",22,64/8Tb,Space Black
4116,"Apple MacBook Pro 16"" (M4 Max 16-Core)",22,64/8Tb,Silver
4117,"Apple MacBook Pro 16"" (M4 Max 16-Core)",22,128/512Gb,Space Black
4118,"Apple MacBook Pro 16"" (M4 Max 16-Core)",22,128/512Gb,Silver
4119,"Apple MacBook Pro 16"" (M4 Max 16-Core)",22,128/1Tb,Space Black
4120,"Apple MacBook Pro 16"" (M4 Max 16-Core)",22,128/1Tb,Silver
4121,"Apple MacBook Pro 16"" (M4 Max 16-Core)",22,128/2Tb,Space Black
4122,"Apple MacBook Pro 16"" (M4 Max 16-Core)",22,128/2Tb,Silver
4123,"Apple MacBook Pro 16"" (M4 Max 16-Core)",22,128/4Tb,Space Black
4124,"Apple MacBook Pro 16"" (M4 Max 16-Core)",22,128/4Tb,Silver
4125,"Apple MacBook Pro 16"" (M4 Max 16-Core)",22,128/8Tb,Space Black
4126,"Apple MacBook Pro 16"" (M4 Max 16-Core)",22,128/8Tb,Silver
4127,"Apple MacBook Pro 14"" (M4 Max 14-Core)",22,16/512Gb,Space Black
4128,"Apple MacBook Pro 14"" (M4 Max 14-Core)",22,16/512Gb,Silver
4129,"Apple MacBook Pro 14"" (M4 Max 14-Core)",22,16/1Tb,Space Black
4130,"Apple MacBook Pro 14"" (M4 Max 14-Core)",22,16/1Tb,Silver
4131,"Apple MacBook Pro 14"" (M4 Max 14-Core)",22,16/2Tb,Space Black
4132,"Apple MacBook Pro 14"" (M4 Max 14-Core)",22,16/2Tb,Silver
4133,"Apple MacBook Pro 14"" (M4 Max 14-Core)",22,16/4Tb,Space Black
4134,"Apple MacBook Pro 14"" (M4 Max 14-Core)",22,16/4Tb,Silver
4135,"Apple MacBook Pro 14"" (M4 Max 14-Core)",22,16/8Tb,Space Black
4136,"Apple MacBook Pro 14"" (M4 Max 14-Core)",22,16/8Tb,Silver
4137,"Apple MacBook Pro 14"" (M4 Max 14-Core)",22,24/512Gb,Space Black
4138,"Apple MacBook Pro 14"" (M4 Max 14-Core)",22,24/512Gb,Silver
4139,"Apple MacBook Pro 14"" (M4 Max 14-Core)",22,24/1Tb,Space Black
4140,"Apple MacBook Pro 14"" (M4 Max 14-Core)",22,24/1Tb,Silver
4141,"Apple MacBook Pro 14"" (M4 Max 14-Core)",22,24/2Tb,Space Black
4142,"Apple MacBook Pro 14"" (M4 Max 14-Core)",22,24/2Tb,Silver
4143,"Apple MacBook Pro 14"" (M4 Max 14-Core)",22,24/4Tb,Space Black
4144,"Apple MacBook Pro 14"" (M4 Max 14-Core)",22,24/4Tb,Silver
4145,"Apple MacBook Pro 14"" (M4 Max 14-Core)",22,24/8Tb,Space Black
4146,"Apple MacBook Pro 14"" (M4 Max 14-Core)",22,24/8Tb,Silver
4147,"Apple MacBook Pro 14"" (M4 Max 14-Core)",22,32/512Gb,Space Black
4148,"Apple MacBook Pro 14"" (M4 Max 14-Core)",22,32/512Gb,Silver
4149,"Apple MacBook Pro 14"" (M4 Max 14-Core)",22,32/1Tb,Space Black
4150,"Apple MacBook Pro 14"" (M4 Max 14-Core)",22,32/1Tb,Silver
4151,"Apple MacBook Pro 14"" (M4 Max 14-Core)",22,32/2Tb,Space Black
4152,"Apple MacBook Pro 14"" (M4 Max 14-Core)",22,32/2Tb,Silver
4153,"Apple MacBook Pro 14"" (M4 Max 14-Core)",22,32/4Tb,Space Black
4154,"Apple MacBook Pro 14"" (M4 Max 14-Core)",22,32/4Tb,Silver
4155,"Apple MacBook Pro 14"" (M4 Max 14-Core)",22,32/8Tb,Space Black
4156,"Apple MacBook Pro 14"" (M4 Max 14-Core)",22,32/8Tb,Silver
4157,"Apple MacBook Pro 14"" (M4 Max 14-Core)",22,36/512Gb,Space Black
4158,"Apple MacBook Pro 14"" (M4 Max 14-Core)",22,36/512Gb,Silver
4159,"Apple MacBook Pro 14"" (M4 Max 14-Core)",22,36/1Tb,Space Black
4160,"Apple MacBook Pro 14"" (M4 Max 14-Core)",22,36/1Tb,Silver
4161,"Apple MacBook Pro 14"" (M4 Max 14-Core)",22,36/2Tb,Space Black
4162,"Apple MacBook Pro 14"" (M4 Max 14-Core)",22,36/2Tb,Silver
4163,"Apple MacBook Pro 14"" (M4 Max 14-Core)",22,36/4Tb,Space Black
4164,"Apple MacBook Pro 14"" (M4 Max 14-Core)",22,36/4Tb,Silver
4165,"Apple MacBook Pro 14"" (M4 Max 14-Core)",22,36/8Tb,Space Black
4166,"Apple MacBook Pro 14"" (M4 Max 14-Core)",22,36/8Tb,Silver
4167,"Apple MacBook Pro 14"" (M4 Max 14-Core)",22,48/512Gb,Space Black
4168,"Apple MacBook Pro 14"" (M4 Max 14-Core)",22,48/512Gb,Silver
4169,"Apple MacBook Pro 14"" (M4 Max 14-Core)",22,48/1Tb,Space Black
4170,"Apple MacBook Pro 14"" (M4 Max 14-Core)",22,48/1Tb,Silver
4171,"Apple MacBook Pro 14"" (M4 Max 14-Core)",22,48/2Tb,Space Black
4172,"Apple MacBook Pro 14"" (M4 Max 14-Core)",22,48/2Tb,Silver
4173,"Apple MacBook Pro 14"" (M4 Max 14-Core)",22,48/4Tb,Space Black
4174,"Apple MacBook Pro 14"" (M4 Max 14-Core)",22,48/4Tb,Silver
4175,"Apple MacBook Pro 14"" (M4 Max 14-Core)",22,48/8Tb,Space Black
4176,"Apple MacBook Pro 14"" (M4 Max 14-Core)",22,48/8Tb,Silver
4177,"Apple MacBook Pro 14"" (M4 Max 14-Core)",22,64/512Gb,Space Black
4178,"Apple MacBook Pro 14"" (M4 Max 14-Core)",22,64/512Gb,Silver
4179,"Apple MacBook Pro 14"" (M4 Max 14-Core)",22,64/1Tb,Space Black
4180,"Apple MacBook Pro 14"" (M4 Max 14-Core)",22,64/1Tb,Silver
4181,"Apple MacBook Pro 14"" (M4 Max 14-Core)",22,64/2Tb,Space Black
4182,"Apple MacBook Pro 14"" (M4 Max 14-Core)",22,64/2Tb,Silver
4183,"Apple MacBook Pro 14"" (M4 Max 14-Core)",22,64/4Tb,Space Black
4184,"Apple MacBook Pro 14"" (M4 Max 14-Core)",22,64/4Tb,Silver
4185,"Apple MacBook Pro 14"" (M4 Max 14-Core)",22,64/8Tb,Space Black
4186,"Apple MacBook Pro 14"" (M4 Max 14-Core)",22,64/8Tb,Silver
4187,"Apple MacBook Pro 14"" (M4 Max 14-Core)",22,128/512Gb,Space Black
4188,"Apple MacBook Pro 14"" (M4 Max 14-Core)",22,128/512Gb,Silver
4189,"Apple MacBook Pro 14"" (M4 Max 14-Core)",22,128/1Tb,Space Black
4190,"Apple MacBook Pro 14"" (M4 Max 14-Core)",22,128/1Tb,Silver
4191,"Apple MacBook Pro 14"" (M4 Max 14-Core)",22,128/2Tb,Space Black
4192,"Apple MacBook Pro 14"" (M4 Max 14-Core)",22,128/2Tb,Silver
4193,"Apple MacBook Pro 14"" (M4 Max 14-Core)",22,128/4Tb,Space Black
4194,"Apple MacBook Pro 14"" (M4 Max 14-Core)",22,128/4Tb,Silver
4195,"Apple MacBook Pro 14"" (M4 Max 14-Core)",22,128/8Tb,Space Black
4196,"Apple MacBook Pro 14"" (M4 Max 14-Core)",22,128/8Tb,Silver
4197,"Apple MacBook Pro 16"" (M4 Pro 14-Core)",22,24/512Gb,Space Black
4198,"Apple MacBook Pro 16"" (M4 Pro 14-Core)",22,24/512Gb,Silver
4199,"Apple MacBook Pro 16"" (M4 Pro 14-Core)",22,24/1Tb,Space Black
4200,"Apple MacBook Pro 16"" (M4 Pro 14-Core)",22,24/1Tb,Silver
4201,"Apple MacBook Pro 16"" (M4 Pro 14-Core)",22,24/2Tb,Space Black
4202,"Apple MacBook Pro 16"" (M4 Pro 14-Core)",22,24/2Tb,Silver
4203,"Apple MacBook Pro 16"" (M4 Pro 14-Core)",22,24/4Tb,Space Black
4204,"Apple MacBook Pro 16"" (M4 Pro 14-Core)",22,24/4Tb,Silver
4205,"Apple MacBook Pro 16"" (M4 Pro 14-Core)",22,24/8Tb,Space Black
4206,"Apple MacBook Pro 16"" (M4 Pro 14-Core)",22,24/8Tb,Silver
4207,"Apple MacBook Pro 16"" (M4 Pro 14-Core)",22,36/512Gb,Space Black
4208,"Apple MacBook Pro 16"" (M4 Pro 14-Core)",22,36/512Gb,Silver
4209,"Apple MacBook Pro 16"" (M4 Pro 14-Core)",22,36/1Tb,Space Black
4210,"Apple MacBook Pro 16"" (M4 Pro 14-Core)",22,36/1Tb,Silver
4211,"Apple MacBook Pro 16"" (M4 Pro 14-Core)",22,36/2Tb,Space Black
4212,"Apple MacBook Pro 16"" (M4 Pro 14-Core)",22,36/2Tb,Silver
4213,"Apple MacBook Pro 16"" (M4 Pro 14-Core)",22,36/4Tb,Space Black
4214,"Apple MacBook Pro 16"" (M4 Pro 14-Core)",22,36/4Tb,Silver
4215,"Apple MacBook Pro 16"" (M4 Pro 14-Core)",22,36/8Tb,Space Black
4216,"Apple MacBook Pro 16"" (M4 Pro 14-Core)",22,36/8Tb,Silver
4217,"Apple MacBook Pro 16"" (M4 Pro 14-Core)",22,48/512Gb,Space Black
4218,"Apple MacBook Pro 16"" (M4 Pro 14-Core)",22,48/512Gb,Silver
4219,"Apple MacBook Pro 16"" (M4 Pro 14-Core)",22,48/1Tb,Space Black
4220,"Apple MacBook Pro 16"" (M4 Pro 14-Core)",22,48/1Tb,Silver
4221,"Apple MacBook Pro 16"" (M4 Pro 14-Core)",22,48/2Tb,Space Black
4222,"Apple MacBook Pro 16"" (M4 Pro 14-Core)",22,48/2Tb,Silver
4223,"Apple MacBook Pro 16"" (M4 Pro 14-Core)",22,48/4Tb,Space Black
4224,"Apple MacBook Pro 16"" (M4 Pro 14-Core)",22,48/4Tb,Silver
4225,"Apple MacBook Pro 16"" (M4 Pro 14-Core)",22,48/8Tb,Space Black
4226,"Apple MacBook Pro 16"" (M4 Pro 14-Core)",22,48/8Tb,Silver
4227,"Apple MacBook Pro 16"" (M4 Pro 14-Core)",22,64/512Gb,Space Black
4228,"Apple MacBook Pro 16"" (M4 Pro 14-Core)",22,64/512Gb,Silver
4229,"Apple MacBook Pro 16"" (M4 Pro 14-Core)",22,64/1Tb,Space Black
4230,"Apple MacBook Pro 16"" (M4 Pro 14-Core)",22,64/1Tb,Silver
4231,"Apple MacBook Pro 16"" (M4 Pro 14-Core)",22,64/2Tb,Space Black
4232,"Apple MacBook Pro 16"" (M4 Pro 14-Core)",22,64/2Tb,Silver
4233,"Apple MacBook Pro 16"" (M4 Pro 14-Core)",22,64/4Tb,Space Black
4234,"Apple MacBook Pro 16"" (M4 Pro 14-Core)",22,64/4Tb,Silver
4235,"Apple MacBook Pro 16"" (M4 Pro 14-Core)",22,64/8Tb,Space Black
4236,"Apple MacBook Pro 16"" (M4 Pro 14-Core)",22,64/8Tb,Silver
4237,"Apple MacBook Pro 16"" (M4 Pro 14-Core)",22,128/512Gb,Space Black
4238,"Apple MacBook Pro 16"" (M4 Pro 14-Core)",22,128/512Gb,Silver
4239,"Apple MacBook Pro 16"" (M4 Pro 14-Core)",22,128/1Tb,Space Black
4240,"Apple MacBook Pro 16"" (M4 Pro 14-Core)",22,128/1Tb,Silver
4241,"Apple MacBook Pro 16"" (M4 Pro 14-Core)",22,128/2Tb,Space Black
4242,"Apple MacBook Pro 16"" (M4 Pro 14-Core)",22,128/2Tb,Silver
4243,"Apple MacBook Pro 16"" (M4 Pro 14-Core)",22,128/4Tb,Space Black
4244,"Apple MacBook Pro 16"" (M4 Pro 14-Core)",22,128/4Tb,Silver
4245,"Apple MacBook Pro 16"" (M4 Pro 14-Core)",22,128/8Tb,Space Black
4246,"Apple MacBook Pro 16"" (M4 Pro 14-Core)",22,128/8Tb,Silver
4247,"Apple MacBook Pro 14"" (M4 Pro 12-Core)",22,16/512Gb,Space Black
4248,"Apple MacBook Pro 14"" (M4 Pro 12-Core)",22,16/512Gb,Silver
4249,"Apple MacBook Pro 14"" (M4 Pro 12-Core)",22,16/1Tb,Space Black
4250,"Apple MacBook Pro 14"" (M4 Pro 12-Core)",22,16/1Tb,Silver
4251,"Apple MacBook Pro 14"" (M4 Pro 12-Core)",22,16/2Tb,Space Black
4252,"Apple MacBook Pro 14"" (M4 Pro 12-Core)",22,16/2Tb,Silver
4253,"Apple MacBook Pro 14"" (M4 Pro 12-Core)",22,16/4Tb,Space Black
4254,"Apple MacBook Pro 14"" (M4 Pro 12-Core)",22,16/4Tb,Silver
4255,"Apple MacBook Pro 14"" (M4 Pro 12-Core)",22,16/8Tb,Space Black
4256,"Apple MacBook Pro 14"" (M4 Pro 12-Core)",22,16/8Tb,Silver
4257,"Apple MacBook Pro 14"" (M4 Pro 12-Core)",22,24/512Gb,Space Black
4258,"Apple MacBook Pro 14"" (M4 Pro 12-Core)",22,24/512Gb,Silver
4259,"Apple MacBook Pro 14"" (M4 Pro 12-Core)",22,24/1Tb,Space Black
4260,"Apple MacBook Pro 14"" (M4 Pro 12-Core)",22,24/1Tb,Silver
4261,"Apple MacBook Pro 14"" (M4 Pro 12-Core)",22,24/2Tb,Space Black
4262,"Apple MacBook Pro 14"" (M4 Pro 12-Core)",22,24/2Tb,Silver
4263,"Apple MacBook Pro 14"" (M4 Pro 12-Core)",22,24/4Tb,Space Black
4264,"Apple MacBook Pro 14"" (M4 Pro 12-Core)",22,24/4Tb,Silver
4265,"Apple MacBook Pro 14"" (M4 Pro 12-Core)",22,24/8Tb,Space Black
4266,"Apple MacBook Pro 14"" (M4 Pro 12-Core)",22,24/8Tb,Silver
4267,"Apple MacBook Pro 14"" (M4 Pro 12-Core)",22,32/512Gb,Space Black
4268,"Apple MacBook Pro 14"" (M4 Pro 12-Core)",22,32/512Gb,Silver
4269,"Apple MacBook Pro 14"" (M4 Pro 12-Core)",22,32/1Tb,Space Black
4270,"Apple MacBook Pro 14"" (M4 Pro 12-Core)",22,32/1Tb,Silver
4271,"Apple MacBook Pro 14"" (M4 Pro 12-Core)",22,32/2Tb,Space Black
4272,"Apple MacBook Pro 14"" (M4 Pro 12-Core)",22,32/2Tb,Silver
4273,"Apple MacBook Pro 14"" (M4 Pro 12-Core)",22,32/4Tb,Space Black
4274,"Apple MacBook Pro 14"" (M4 Pro 12-Core)",22,32/4Tb,Silver
4275,"Apple MacBook Pro 14"" (M4 Pro 12-Core)",22,32/8Tb,Space Black
4276,"Apple MacBook Pro 14"" (M4 Pro 12-Core)",22,32/8Tb,Silver
4277,"Apple MacBook Pro 14"" (M4 Pro 12-Core)",22,36/512Gb,Space Black
4278,"Apple MacBook Pro 14"" (M4 Pro 12-Core)",22,36/512Gb,Silver
4279,"Apple MacBook Pro 14"" (M4 Pro 12-Core)",22,36/1Tb,Space Black
4280,"Apple MacBook Pro 14"" (M4 Pro 12-Core)",22,36/1Tb,Silver
4281,"Apple MacBook Pro 14"" (M4 Pro 12-Core)",22,36/2Tb,Space Black
4282,"Apple MacBook Pro 14"" (M4 Pro 12-Core)",22,36/2Tb,Silver
4283,"Apple MacBook Pro 14"" (M4 Pro 12-Core)",22,36/4Tb,Space Black
4284,"Apple MacBook Pro 14"" (M4 Pro 12-Core)",22,36/4Tb,Silver
4285,"Apple MacBook Pro 14"" (M4 Pro 12-Core)",22,36/8Tb,Space Black
4286,"Apple MacBook Pro 14"" (M4 Pro 12-Core)",22,36/8Tb,Silver
4287,"Apple MacBook Pro 14"" (M4 Pro 12-Core)",22,48/512Gb,Space Black
4288,"Apple MacBook Pro 14"" (M4 Pro 12-Core)",22,48/512Gb,Silver
4289,"Apple MacBook Pro 14"" (M4 Pro 12-Core)",22,48/1Tb,Space Black
4290,"Apple MacBook Pro 14"" (M4 Pro 12-Core)",22,48/1Tb,Silver
4291,"Apple MacBook Pro 14"" (M4 Pro 12-Core)",22,48/2Tb,Space Black
4292,"Apple MacBook Pro 14"" (M4 Pro 12-Core)",22,48/2Tb,Silver
4293,"Apple MacBook Pro 14"" (M4 Pro 12-Core)",22,48/4Tb,Space Black
4294,"Apple MacBook Pro 14"" (M4 Pro 12-Core)",22,48/4Tb,Silver
4295,"Apple MacBook Pro 14"" (M4 Pro 12-Core)",22,48/8Tb,Space Black
4296,"Apple MacBook Pro 14"" (M4 Pro 12-Core)",22,48/8Tb,Silver
4297,"Apple MacBook Pro 14"" (M4 Pro 12-Core)",22,64/512Gb,Space Black
4298,"Apple MacBook Pro 14"" (M4 Pro 12-Core)",22,64/512Gb,Silver
4299,"Apple MacBook Pro 14"" (M4 Pro 12-Core)",22,64/1Tb,Space Black
4300,"Apple MacBook Pro 14"" (M4 Pro 12-Core)",22,64/1Tb,Silver
4301,"Apple MacBook Pro 14"" (M4 Pro 12-Core)",22,64/2Tb,Space Black
4302,"Apple MacBook Pro 14"" (M4 Pro 12-Core)",22,64/2Tb,Silver
4303,"Apple MacBook Pro 14"" (M4 Pro 12-Core)",22,64/4Tb,Space Black
4304,"Apple MacBook Pro 14"" (M4 Pro 12-Core)",22,64/4Tb,Silver
4305,"Apple MacBook Pro 14"" (M4 Pro 12-Core)",22,64/8Tb,Space Black
4306,"Apple MacBook Pro 14"" (M4 Pro 12-Core)",22,64/8Tb,Silver
4307,"Apple MacBook Pro 14"" (M4 Pro 12-Core)",22,128/512Gb,Space Black
4308,"Apple MacBook Pro 14"" (M4 Pro 12-Core)",22,128/512Gb,Silver
4309,"Apple MacBook Pro 14"" (M4 Pro 12-Core)",22,128/1Tb,Space Black
4310,"Apple MacBook Pro 14"" (M4 Pro 12-Core)",22,128/1Tb,Silver
4311,"Apple MacBook Pro 14"" (M4 Pro 12-Core)",22,128/2Tb,Space Black
4312,"Apple MacBook Pro 14"" (M4 Pro 12-Core)",22,128/2Tb,Silver
4313,"Apple MacBook Pro 14"" (M4 Pro 12-Core)",22,128/4Tb,Space Black
4314,"Apple MacBook Pro 14"" (M4 Pro 12-Core)",22,128/4Tb,Silver
4315,"Apple MacBook Pro 14"" (M4 Pro 12-Core)",22,128/8Tb,Space Black
4316,"Apple MacBook Pro 14"" (M4 Pro 12-Core)",22,128/8Tb,Silver
4317,"Apple MacBook Pro 14"" (M4 Max 16-Core)",22,16/512Gb,Space Black
4318,"Apple MacBook Pro 14"" (M4 Max 16-Core)",22,16/512Gb,Silver
4319,"Apple MacBook Pro 14"" (M4 Max 16-Core)",22,16/1Tb,Space Black
4320,"Apple MacBook Pro 14"" (M4 Max 16-Core)",22,16/1Tb,Silver
4321,"Apple MacBook Pro 14"" (M4 Max 16-Core)",22,16/2Tb,Space Black
4322,"Apple MacBook Pro 14"" (M4 Max 16-Core)",22,16/2Tb,Silver
4323,"Apple MacBook Pro 14"" (M4 Max 16-Core)",22,16/4Tb,Space Black
4324,"Apple MacBook Pro 14"" (M4 Max 16-Core)",22,16/4Tb,Silver
4325,"Apple MacBook Pro 14"" (M4 Max 16-Core)",22,16/8Tb,Space Black
4326,"Apple MacBook Pro 14"" (M4 Max 16-Core)",22,16/8Tb,Silver
4327,"Apple MacBook Pro 14"" (M4 Max 16-Core)",22,24/512Gb,Space Black
4328,"Apple MacBook Pro 14"" (M4 Max 16-Core)",22,24/512Gb,Silver
4329,"Apple MacBook Pro 14"" (M4 Max 16-Core)",22,24/1Tb,Space Black
4330,"Apple MacBook Pro 14"" (M4 Max 16-Core)",22,24/1Tb,Silver
4331,"Apple MacBook Pro 14"" (M4 Max 16-Core)",22,24/2Tb,Space Black
4332,"Apple MacBook Pro 14"" (M4 Max 16-Core)",22,24/2Tb,Silver
4333,"Apple MacBook Pro 14"" (M4 Max 16-Core)",22,24/4Tb,Space Black
4334,"Apple MacBook Pro 14"" (M4 Max 16-Core)",22,24/4Tb,Silver
4335,"Apple MacBook Pro 14"" (M4 Max 16-Core)",22,24/8Tb,Space Black
4336,"Apple MacBook Pro 14"" (M4 Max 16-Core)",22,24/8Tb,Silver
4337,"Apple MacBook Pro 14"" (M4 Max 16-Core)",22,32/512Gb,Space Black
4338,"Apple MacBook Pro 14"" (M4 Max 16-Core)",22,32/512Gb,Silver
4339,"Apple MacBook Pro 14"" (M4 Max 16-Core)",22,32/1Tb,Space Black
4340,"Apple MacBook Pro 14"" (M4 Max 16-Core)",22,32/1Tb,Silver
4341,"Apple MacBook Pro 14"" (M4 Max 16-Core)",22,32/2Tb,Space Black
4342,"Apple MacBook Pro 14"" (M4 Max 16-Core)",22,32/2Tb,Silver
4343,"Apple MacBook Pro 14"" (M4 Max 16-Core)",22,32/4Tb,Space Black
4344,"Apple MacBook Pro 14"" (M4 Max 16-Core)",22,32/4Tb,Silver
4345,"Apple MacBook Pro 14"" (M4 Max 16-Core)",22,32/8Tb,Space Black
4346,"Apple MacBook Pro 14"" (M4 Max 16-Core)",22,32/8Tb,Silver
4347,"Apple MacBook Pro 14"" (M4 Max 16-Core)",22,36/512Gb,Space Black
4348,"Apple MacBook Pro 14"" (M4 Max 16-Core)",22,36/512Gb,Silver
4349,"Apple MacBook Pro 14"" (M4 Max 16-Core)",22,36/1Tb,Space Black
4350,"Apple MacBook Pro 14"" (M4 Max 16-Core)",22,36/1Tb,Silver
4351,"Apple MacBook Pro 14"" (M4 Max 16-Core)",22,36/2Tb,Space Black
4352,"Apple MacBook Pro 14"" (M4 Max 16-Core)",22,36/2Tb,Silver
4353,"Apple MacBook Pro 14"" (M4 Max 16-Core)",22,36/4Tb,Space Black
4354,"Apple MacBook Pro 14"" (M4 Max 16-Core)",22,36/4Tb,Silver
4355,"Apple MacBook Pro 14"" (M4 Max 16-Core)",22,36/8Tb,Space Black
4356,"Apple MacBook Pro 14"" (M4 Max 16-Core)",22,36/8Tb,Silver
4357,"Apple MacBook Pro 14"" (M4 Max 16-Core)",22,48/512Gb,Space Black
4358,"Apple MacBook Pro 14"" (M4 Max 16-Core)",22,48/512Gb,Silver
4359,"Apple MacBook Pro 14"" (M4 Max 16-Core)",22,48/1Tb,Space Black
4360,"Apple MacBook Pro 14"" (M4 Max 16-Core)",22,48/1Tb,Silver
4361,"Apple MacBook Pro 14"" (M4 Max 16-Core)",22,48/2Tb,Space Black
4362,"Apple MacBook Pro 14"" (M4 Max 16-Core)",22,48/2Tb,Silver
4363,"Apple MacBook Pro 14"" (M4 Max 16-Core)",22,48/4Tb,Space Black
4364,"Apple MacBook Pro 14"" (M4 Max 16-Core)",22,48/4Tb,Silver
4365,"Apple MacBook Pro 14"" (M4 Max 16-Core)",22,48/8Tb,Space Black
4366,"Apple MacBook Pro 14"" (M4 Max 16-Core)",22,48/8Tb,Silver
4367,"Apple MacBook Pro 14"" (M4 Max 16-Core)",22,64/512Gb,Space Black
4368,"Apple MacBook Pro 14"" (M4 Max 16-Core)",22,64/512Gb,Silver
4369,"Apple MacBook Pro 14"" (M4 Max 16-Core)",22,64/1Tb,Space Black
4370,"Apple MacBook Pro 14"" (M4 Max 16-Core)",22,64/1Tb,Silver
4371,"Apple MacBook Pro 14"" (M4 Max 16-Core)",22,64/2Tb,Space Black
4372,"Apple MacBook Pro 14"" (M4 Max 16-Core)",22,64/2Tb,Silver
4373,"Apple MacBook Pro 14"" (M4 Max 16-Core)",22,64/4Tb,Space Black
4374,"Apple MacBook Pro 14"" (M4 Max 16-Core)",22,64/4Tb,Silver
4375,"Apple MacBook Pro 14"" (M4 Max 16-Core)",22,64/8Tb,Space Black
4376,"Apple MacBook Pro 14"" (M4 Max 16-Core)",22,64/8Tb,Silver
4377,"Apple MacBook Pro 14"" (M4 Max 16-Core)",22,128/512Gb,Space Black
4378,"Apple MacBook Pro 14"" (M4 Max 16-Core)",22,128/512Gb,Silver
4379,"Apple MacBook Pro 14"" (M4 Max 16-Core)",22,128/1Tb,Space Black
4380,"Apple MacBook Pro 14"" (M4 Max 16-Core)",22,128/1Tb,Silver
4381,"Apple MacBook Pro 14"" (M4 Max 16-Core)",22,128/2Tb,Space Black
4382,"Apple MacBook Pro 14"" (M4 Max 16-Core)",22,128/2Tb,Silver
4383,"Apple MacBook Pro 14"" (M4 Max 16-Core)",22,128/4Tb,Space Black
4384,"Apple MacBook Pro 14"" (M4 Max 16-Core)",22,128/4Tb,Silver
4385,"Apple MacBook Pro 14"" (M4 Max 16-Core)",22,128/8Tb,Space Black
4386,"Apple MacBook Pro 14"" (M4 Max 16-Core)",22,128/8Tb,Silver
4387,"Apple MacBook Pro 16"" (M4 Max 14-Core)",22,24/512Gb,Space Black
4388,"Apple MacBook Pro 16"" (M4 Max 14-Core)",22,24/512Gb,Silver
4389,"Apple MacBook Pro 16"" (M4 Max 14-Core)",22,24/1Tb,Space Black
4390,"Apple MacBook Pro 16"" (M4 Max 14-Core)",22,24/1Tb,Silver
4391,"Apple MacBook Pro 16"" (M4 Max 14-Core)",22,24/2Tb,Space Black
4392,"Apple MacBook Pro 16"" (M4 Max 14-Core)",22,24/2Tb,Silver
4393,"Apple MacBook Pro 16"" (M4 Max 14-Core)",22,24/4Tb,Space Black
4394,"Apple MacBook Pro 16"" (M4 Max 14-Core)",22,24/4Tb,Silver
4395,"Apple MacBook Pro 16"" (M4 Max 14-Core)",22,24/8Tb,Space Black
4396,"Apple MacBook Pro 16"" (M4 Max 14-Core)",22,24/8Tb,Silver
4397,"Apple MacBook Pro 16"" (M4 Max 14-Core)",22,36/512Gb,Space Black
4398,"Apple MacBook Pro 16"" (M4 Max 14-Core)",22,36/512Gb,Silver
4399,"Apple MacBook Pro 16"" (M4 Max 14-Core)",22,36/1Tb,Space Black
4400,"Apple MacBook Pro 16"" (M4 Max 14-Core)",22,36/1Tb,Silver
4401,"Apple MacBook Pro 16"" (M4 Max 14-Core)",22,36/2Tb,Space Black
4402,"Apple MacBook Pro 16"" (M4 Max 14-Core)",22,36/2Tb,Silver
4403,"Apple MacBook Pro 16"" (M4 Max 14-Core)",22,36/4Tb,Space Black
4404,"Apple MacBook Pro 16"" (M4 Max 14-Core)",22,36/4Tb,Silver
4405,"Apple MacBook Pro 16"" (M4 Max 14-Core)",22,36/8Tb,Space Black
4406,"Apple MacBook Pro 16"" (M4 Max 14-Core)",22,36/8Tb,Silver
4407,"Apple MacBook Pro 16"" (M4 Max 14-Core)",22,48/512Gb,Space Black
4408,"Apple MacBook Pro 16"" (M4 Max 14-Core)",22,48/512Gb,Silver
4409,"Apple MacBook Pro 16"" (M4 Max 14-Core)",22,48/1Tb,Space Black
4410,"Apple MacBook Pro 16"" (M4 Max 14-Core)",22,48/1Tb,Silver
4411,"Apple MacBook Pro 16"" (M4 Max 14-Core)",22,48/2Tb,Space Black
4412,"Apple MacBook Pro 16"" (M4 Max 14-Core)",22,48/2Tb,Silver
4413,"Apple MacBook Pro 16"" (M4 Max 14-Core)",22,48/4Tb,Space Black
4414,"Apple MacBook Pro 16"" (M4 Max 14-Core)",22,48/4Tb,Silver
4415,"Apple MacBook Pro 16"" (M4 Max 14-Core)",22,48/8Tb,Space Black
4416,"Apple MacBook Pro 16"" (M4 Max 14-Core)",22,48/8Tb,Silver
4417,"Apple MacBook Pro 16"" (M4 Max 14-Core)",22,64/512Gb,Space Black
4418,"Apple MacBook Pro 16"" (M4 Max 14-Core)",22,64/512Gb,Silver
4419,"Apple MacBook Pro 16"" (M4 Max 14-Core)",22,64/1Tb,Space Black
4420,"Apple MacBook Pro 16"" (M4 Max 14-Core)",22,64/1Tb,Silver
4421,"Apple MacBook Pro 16"" (M4 Max 14-Core)",22,64/2Tb,Space Black
4422,"Apple MacBook Pro 16"" (M4 Max 14-Core)",22,64/2Tb,Silver
4423,"Apple MacBook Pro 16"" (M4 Max 14-Core)",22,64/4Tb,Space Black
4424,"Apple MacBook Pro 16"" (M4 Max 14-Core)",22,64/4Tb,Silver
4425,"Apple MacBook Pro 16"" (M4 Max 14-Core)",22,64/8Tb,Space Black
4426,"Apple MacBook Pro 16"" (M4 Max 14-Core)",22,64/8Tb,Silver
4427,"Apple MacBook Pro 16"" (M4 Max 14-Core)",22,128/512Gb,Space Black
4428,"Apple MacBook Pro 16"" (M4 Max 14-Core)",22,128/512Gb,Silver
4429,"Apple MacBook Pro 16"" (M4 Max 14-Core)",22,128/1Tb,Space Black
4430,"Apple MacBook Pro 16"" (M4 Max 14-Core)",22,128/1Tb,Silver
4431,"Apple MacBook Pro 16"" (M4 Max 14-Core)",22,128/2Tb,Space Black
4432,"Apple MacBook Pro 16"" (M4 Max 14-Core)",22,128/2Tb,Silver
4433,"Apple MacBook Pro 16"" (M4 Max 14-Core)",22,128/4Tb,Space Black
4434,"Apple MacBook Pro 16"" (M4 Max 14-Core)",22,128/4Tb,Silver
4435,"Apple MacBook Pro 16"" (M4 Max 14-Core)",22,128/8Tb,Space Black
4436,"Apple MacBook Pro 16"" (M4 Max 14-Core)",22,128/8Tb,Silver
4437,"Apple MacBook Pro 14"" (M4 Pro 14-Core)",22,16/512Gb,Space Black
4438,"Apple MacBook Pro 14"" (M4 Pro 14-Core)",22,16/512Gb,Silver
4439,"Apple MacBook Pro 14"" (M4 Pro 14-Core)",22,16/1Tb,Space Black
4440,"Apple MacBook Pro 14"" (M4 Pro 14-Core)",22,16/1Tb,Silver
4441,"Apple MacBook Pro 14"" (M4 Pro 14-Core)",22,16/2Tb,Space Black
4442,"Apple MacBook Pro 14"" (M4 Pro 14-Core)",22,16/2Tb,Silver
4443,"Apple MacBook Pro 14"" (M4 Pro 14-Core)",22,16/4Tb,Space Black
4444,"Apple MacBook Pro 14"" (M4 Pro 14-Core)",22,16/4Tb,Silver
4445,"Apple MacBook Pro 14"" (M4 Pro 14-Core)",22,16/8Tb,Space Black
4446,"Apple MacBook Pro 14"" (M4 Pro 14-Core)",22,16/8Tb,Silver
4447,"Apple MacBook Pro 14"" (M4 Pro 14-Core)",22,24/512Gb,Space Black
4448,"Apple MacBook Pro 14"" (M4 Pro 14-Core)",22,24/512Gb,Silver
4449,"Apple MacBook Pro 14"" (M4 Pro 14-Core)",22,24/1Tb,Space Black
4450,"Apple MacBook Pro 14"" (M4 Pro 14-Core)",22,24/1Tb,Silver
4451,"Apple MacBook Pro 14"" (M4 Pro 14-Core)",22,24/2Tb,Space Black
4452,"Apple MacBook Pro 14"" (M4 Pro 14-Core)",22,24/2Tb,Silver
4453,"Apple MacBook Pro 14"" (M4 Pro 14-Core)",22,24/4Tb,Space Black
4454,"Apple MacBook Pro 14"" (M4 Pro 14-Core)",22,24/4Tb,Silver
4455,"Apple MacBook Pro 14"" (M4 Pro 14-Core)",22,24/8Tb,Space Black
4456,"Apple MacBook Pro 14"" (M4 Pro 14-Core)",22,24/8Tb,Silver
4457,"Apple MacBook Pro 14"" (M4 Pro 14-Core)",22,32/512Gb,Space Black
4458,"Apple MacBook Pro 14"" (M4 Pro 14-Core)",22,32/512Gb,Silver
4459,"Apple MacBook Pro 14"" (M4 Pro 14-Core)",22,32/1Tb,Space Black
4460,"Apple MacBook Pro 14"" (M4 Pro 14-Core)",22,32/1Tb,Silver
4461,"Apple MacBook Pro 14"" (M4 Pro 14-Core)",22,32/2Tb,Space Black
4462,"Apple MacBook Pro 14"" (M4 Pro 14-Core)",22,32/2Tb,Silver
4463,"Apple MacBook Pro 14"" (M4 Pro 14-Core)",22,32/4Tb,Space Black
4464,"Apple MacBook Pro 14"" (M4 Pro 14-Core)",22,32/4Tb,Silver
4465,"Apple MacBook Pro 14"" (M4 Pro 14-Core)",22,32/8Tb,Space Black
4466,"Apple MacBook Pro 14"" (M4 Pro 14-Core)",22,32/8Tb,Silver
4467,"Apple MacBook Pro 14"" (M4 Pro 14-Core)",22,36/512Gb,Space Black
4468,"Apple MacBook Pro 14"" (M4 Pro 14-Core)",22,36/512Gb,Silver
4469,"Apple MacBook Pro 14"" (M4 Pro 14-Core)",22,36/1Tb,Space Black
4470,"Apple MacBook Pro 14"" (M4 Pro 14-Core)",22,36/1Tb,Silver
4471,"Apple MacBook Pro 14"" (M4 Pro 14-Core)",22,36/2Tb,Space Black
4472,"Apple MacBook Pro 14"" (M4 Pro 14-Core)",22,36/2Tb,Silver
4473,"Apple MacBook Pro 14"" (M4 Pro 14-Core)",22,36/4Tb,Space Black
4474,"Apple MacBook Pro 14"" (M4 Pro 14-Core)",22,36/4Tb,Silver
4475,"Apple MacBook Pro 14"" (M4 Pro 14-Core)",22,36/8Tb,Space Black
4476,"Apple MacBook Pro 14"" (M4 Pro 14-Core)",22,36/8Tb,Silver
4477,"Apple MacBook Pro 14"" (M4 Pro 14-Core)",22,48/512Gb,Space Black
4478,"Apple MacBook Pro 14"" (M4 Pro 14-Core)",22,48/512Gb,Silver
4479,"Apple MacBook Pro 14"" (M4 Pro 14-Core)",22,48/1Tb,Space Black
4480,"Apple MacBook Pro 14"" (M4 Pro 14-Core)",22,48/1Tb,Silver
4481,"Apple MacBook Pro 14"" (M4 Pro 14-Core)",22,48/2Tb,Space Black
4482,"Apple MacBook Pro 14"" (M4 Pro 14-Core)",22,48/2Tb,Silver
4483,"Apple MacBook Pro 14"" (M4 Pro 14-Core)",22,48/4Tb,Space Black
4484,"Apple MacBook Pro 14"" (M4 Pro 14-Core)",22,48/4Tb,Silver
4485,"Apple MacBook Pro 14"" (M4 Pro 14-Core)",22,48/8Tb,Space Black
4486,"Apple MacBook Pro 14"" (M4 Pro 14-Core)",22,48/8Tb,Silver
4487,"Apple MacBook Pro 14"" (M4 Pro 14-Core)",22,64/512Gb,Space Black
4488,"Apple MacBook Pro 14"" (M4 Pro 14-Core)",22,64/512Gb,Silver
4489,"Apple MacBook Pro 14"" (M4 Pro 14-Core)",22,64/1Tb,Space Black
4490,"Apple MacBook Pro 14"" (M4 Pro 14-Core)",22,64/1Tb,Silver
4491,"Apple MacBook Pro 14"" (M4 Pro 14-Core)",22,64/2Tb,Space Black
4492,"Apple MacBook Pro 14"" (M4 Pro 14-Core)",22,64/2Tb,Silver
4493,"Apple MacBook Pro 14"" (M4 Pro 14-Core)",22,64/4Tb,Space Black
4494,"Apple MacBook Pro 14"" (M4 Pro 14-Core)",22,64/4Tb,Silver
4495,"Apple MacBook Pro 14"" (M4 Pro 14-Core)",22,64/8Tb,Space Black
4496,"Apple MacBook Pro 14"" (M4 Pro 14-Core)",22,64/8Tb,Silver
4497,"Apple MacBook Pro 14"" (M4 Pro 14-Core)",22,128/512Gb,Space Black
4498,"Apple MacBook Pro 14"" (M4 Pro 14-Core)",22,128/512Gb,Silver
4499,"Apple MacBook Pro 14"" (M4 Pro 14-Core)",22,128/1Tb,Space Black
4500,"Apple MacBook Pro 14"" (M4 Pro 14-Core)",22,128/1Tb,Silver
4501,"Apple MacBook Pro 14"" (M4 Pro 14-Core)",22,128/2Tb,Space Black
4502,"Apple MacBook Pro 14"" (M4 Pro 14-Core)",22,128/2Tb,Silver
4503,"Apple MacBook Pro 14"" (M4 Pro 14-Core)",22,128/4Tb,Space Black
4504,"Apple MacBook Pro 14"" (M4 Pro 14-Core)",22,128/4Tb,Silver
4505,"Apple MacBook Pro 14"" (M4 Pro 14-Core)",22,128/8Tb,Space Black
4506,"Apple MacBook Pro 14"" (M4 Pro 14-Core)",22,128/8Tb,Silver
4507,"Apple MacBook Pro 14"" (M4 10-Core)",22,16/512Gb,Space Black
4508,"Apple MacBook Pro 14"" (M4 10-Core)",22,16/512Gb,Silver
4509,"Apple MacBook Pro 14"" (M4 10-Core)",22,16/1Tb,Space Black
4510,"Apple MacBook Pro 14"" (M4 10-Core)",22,16/1Tb,Silver
4511,"Apple MacBook Pro 14"" (M4 10-Core)",22,16/2Tb,Space Black
4512,"Apple MacBook Pro 14"" (M4 10-Core)",22,16/2Tb,Silver
4513,"Apple MacBook Pro 14"" (M4 10-Core)",22,16/4Tb,Space Black
4514,"Apple MacBook Pro 14"" (M4 10-Core)",22,16/4Tb,Silver
4515,"Apple MacBook Pro 14"" (M4 10-Core)",22,16/8Tb,Space Black
4516,"Apple MacBook Pro 14"" (M4 10-Core)",22,16/8Tb,Silver
4517,"Apple MacBook Pro 14"" (M4 10-Core)",22,24/512Gb,Space Black
4518,"Apple MacBook Pro 14"" (M4 10-Core)",22,24/512Gb,Silver
4519,"Apple MacBook Pro 14"" (M4 10-Core)",22,24/1Tb,Space Black
4520,"Apple MacBook Pro 14"" (M4 10-Core)",22,24/1Tb,Silver
4521,"Apple MacBook Pro 14"" (M4 10-Core)",22,24/2Tb,Space Black
4522,"Apple MacBook Pro 14"" (M4 10-Core)",22,24/2Tb,Silver
4523,"Apple MacBook Pro 14"" (M4 10-Core)",22,24/4Tb,Space Black
4524,"Apple MacBook Pro 14"" (M4 10-Core)",22,24/4Tb,Silver
4525,"Apple MacBook Pro 14"" (M4 10-Core)",22,24/8Tb,Space Black
4526,"Apple MacBook Pro 14"" (M4 10-Core)",22,24/8Tb,Silver
4527,"Apple MacBook Pro 14"" (M4 10-Core)",22,32/512Gb,Space Black
4528,"Apple MacBook Pro 14"" (M4 10-Core)",22,32/512Gb,Silver
4529,"Apple MacBook Pro 14"" (M4 10-Core)",22,32/1Tb,Space Black
4530,"Apple MacBook Pro 14"" (M4 10-Core)",22,32/1Tb,Silver
4531,"Apple MacBook Pro 14"" (M4 10-Core)",22,32/2Tb,Space Black
4532,"Apple MacBook Pro 14"" (M4 10-Core)",22,32/2Tb,Silver
4533,"Apple MacBook Pro 14"" (M4 10-Core)",22,32/4Tb,Space Black
4534,"Apple MacBook Pro 14"" (M4 10-Core)",22,32/4Tb,Silver
4535,"Apple MacBook Pro 14"" (M4 10-Core)",22,32/8Tb,Space Black
4536,"Apple MacBook Pro 14"" (M4 10-Core)",22,32/8Tb,Silver
4537,"Apple MacBook Pro 14"" (M4 10-Core)",22,36/512Gb,Space Black
4538,"Apple MacBook Pro 14"" (M4 10-Core)",22,36/512Gb,Silver
4539,"Apple MacBook Pro 14"" (M4 10-Core)",22,36/1Tb,Space Black
4540,"Apple MacBook Pro 14"" (M4 10-Core)",22,36/1Tb,Silver
4541,"Apple MacBook Pro 14"" (M4 10-Core)",22,36/2Tb,Space Black
4542,"Apple MacBook Pro 14"" (M4 10-Core)",22,36/2Tb,Silver
4543,"Apple MacBook Pro 14"" (M4 10-Core)",22,36/4Tb,Space Black
4544,"Apple MacBook Pro 14"" (M4 10-Core)",22,36/4Tb,Silver
4545,"Apple MacBook Pro 14"" (M4 10-Core)",22,36/8Tb,Space Black
4546,"Apple MacBook Pro 14"" (M4 10-Core)",22,36/8Tb,Silver
4547,"Apple MacBook Pro 14"" (M4 10-Core)",22,48/512Gb,Space Black
4548,"Apple MacBook Pro 14"" (M4 10-Core)",22,48/512Gb,Silver
4549,"Apple MacBook Pro 14"" (M4 10-Core)",22,48/1Tb,Space Black
4550,"Apple MacBook Pro 14"" (M4 10-Core)",22,48/1Tb,Silver
4551,"Apple MacBook Pro 14"" (M4 10-Core)",22,48/2Tb,Space Black
4552,"Apple MacBook Pro 14"" (M4 10-Core)",22,48/2Tb,Silver
4553,"Apple MacBook Pro 14"" (M4 10-Core)",22,48/4Tb,Space Black
4554,"Apple MacBook Pro 14"" (M4 10-Core)",22,48/4Tb,Silver
4555,"Apple MacBook Pro 14"" (M4 10-Core)",22,48/8Tb,Space Black
4556,"Apple MacBook Pro 14"" (M4 10-Core)",22,48/8Tb,Silver
4557,"Apple MacBook Pro 14"" (M4 10-Core)",22,64/512Gb,Space Black
4558,"Apple MacBook Pro 14"" (M4 10-Core)",22,64/512Gb,Silver
4559,"Apple MacBook Pro 14"" (M4 10-Core)",22,64/1Tb,Space Black
4560,"Apple MacBook Pro 14"" (M4 10-Core)",22,64/1Tb,Silver
4561,"Apple MacBook Pro 14"" (M4 10-Core)",22,64/2Tb,Space Black
4562,"Apple MacBook Pro 14"" (M4 10-Core)",22,64/2Tb,Silver
4563,"Apple MacBook Pro 14"" (M4 10-Core)",22,64/4Tb,Space Black
4564,"Apple MacBook Pro 14"" (M4 10-Core)",22,64/4Tb,Silver
4565,"Apple MacBook Pro 14"" (M4 10-Core)",22,64/8Tb,Space Black
4566,"Apple MacBook Pro 14"" (M4 10-Core)",22,64/8Tb,Silver
4567,"Apple MacBook Pro 14"" (M4 10-Core)",22,128/512Gb,Space Black
4568,"Apple MacBook Pro 14"" (M4 10-Core)",22,128/512Gb,Silver
4569,"Apple MacBook Pro 14"" (M4 10-Core)",22,128/1Tb,Space Black
4570,"Apple MacBook Pro 14"" (M4 10-Core)",22,128/1Tb,Silver
4571,"Apple MacBook Pro 14"" (M4 10-Core)",22,128/2Tb,Space Black
4572,"Apple MacBook Pro 14"" (M4 10-Core)",22,128/2Tb,Silver
4573,"Apple MacBook Pro 14"" (M4 10-Core)",22,128/4Tb,Space Black
4574,"Apple MacBook Pro 14"" (M4 10-Core)",22,128/4Tb,Silver
4575,"Apple MacBook Pro 14"" (M4 10-Core)",22,128/8Tb,Space Black
4576,"Apple MacBook Pro 14"" (M4 10-Core)",22,128/8Tb,Silver
4577,Honor X5b Plus,4,4/128Gb,Ocean Blue
4578,Honor X5b Plus,4,4/128Gb,Starry Purple
4579,Honor X5b Plus,4,4/128Gb,Midnight Black
4580,Apple AirPods Max (USB-C),15,,Midnight
4581,Apple AirPods Max (USB-C),15,,Starlight
4582,Apple AirPods Max (USB-C),15,,Purple
4583,Apple AirPods Max (USB-C),15,,Blue
4584,Apple AirPods Max (USB-C),15,,Orange
4585,Huawei Watch D,27,,Graphite Black
4586,Apple iPhone 14 Pro Max (Sim),1,128Gb,
4587,Apple iPhone 14 Pro Max (Sim),1,256Gb,
4588,Apple iPhone 14 Pro Max (Sim),1,512Gb,
4589,Apple iPhone 14 Pro Max (Sim),1,1Tb,
4590,Apple iPhone 14 (Sim),1,128Gb,
4591,Apple iPhone 14 (Sim),1,256Gb,
4592,Apple iPhone 14 (Sim),1,512Gb,
4593,Apple iPhone 13 Mini (Sim),1,128Gb,
4594,Apple iPhone 13 Mini (Sim),1,256Gb,
4595,Apple iPhone 13 Mini (Sim),1,512Gb,
4596,Apple iPhone 11 (Sim),1,64Gb,
4597,Apple iPhone 11 (Sim),1,128Gb,
4598,Apple iPhone 11 (Sim),1,256Gb,
4599,Apple iPhone 15 (Sim),1,128Gb,
4600,Apple iPhone 15 (Sim),1,256Gb,
4601,Apple iPhone 15 (Sim),1,512Gb,
4602,Apple iPhone 13 Pro (Sim),1,128Gb,
4603,Apple iPhone 13 Pro (Sim),1,256Gb,
4604,Apple iPhone 13 Pro (Sim),1,512Gb,
4605,Apple iPhone 13 Pro (Sim),1,1Tb,
4606,Apple iPhone 14 Plus (Sim),1,128Gb,
4607,Apple iPhone 14 Plus (Sim),1,256Gb,
4608,Apple iPhone 14 Plus (Sim),1,512Gb,
4609,Apple iPhone 13 Pro Max (Sim),1,128Gb,
4610,Apple iPhone 13 Pro Max (Sim),1,256Gb,
4611,Apple iPhone 13 Pro Max (Sim),1,512Gb,
4612,Apple iPhone 13 Pro Max (Sim),1,1Tb,
4613,Apple iPhone 13 (Sim),1,128Gb,
4614,Apple iPhone 13 (Sim),1,256Gb,
4615,Apple iPhone 13 (Sim),1,512Gb,
4616,Apple iPhone 15 Plus (Sim),1,128Gb,
4617,Apple iPhone 15 Plus (Sim),1,256Gb,
4618,Apple iPhone 15 Plus (Sim),1,512Gb,
4619,Apple iPhone 15 Pro (Sim),1,128Gb,
4620,Apple iPhone 15 Pro (Sim),1,256Gb,
4621,Apple iPhone 15 Pro (Sim),1,512Gb,
4622,Apple iPhone 15 Plus (eSim),1,128Gb,
4623,Apple iPhone 15 Plus (eSim),1,256Gb,
4624,Apple iPhone 15 Plus (eSim),1,512Gb,
4625,Apple iPhone SE 3 (Sim),1,64Gb,
4626,Apple iPhone SE 3 (Sim),1,128Gb,
4627,Apple iPhone SE 3 (Sim),1,256Gb,
4628,Apple iPhone 15 Pro (eSim),1,128Gb,
4629,Apple iPhone 15 Pro (eSim),1,256Gb,
4630,Apple iPhone 15 Pro (eSim),1,512Gb,
4631,Apple iPhone 15 (eSim),1,128Gb,
4632,Apple iPhone 15 (eSim),1,256Gb,
4633,Apple iPhone 15 (eSim),1,512Gb,
4634,Apple iPhone 14 Pro (Sim),1,128Gb,
4635,Apple iPhone 14 Pro (Sim),1,256Gb,
4636,Apple iPhone 14 Pro (Sim),1,512Gb,
4637,Apple iPhone 15 Pro Max (eSim),1,128Gb,
4638,Apple iPhone 15 Pro Max (eSim),1,256Gb,
4639,Apple iPhone 15 Pro Max (eSim),1,512Gb,
4640,Apple iPhone 15 Pro Max (Sim),1,128Gb,
4641,Apple iPhone 15 Pro Max (Sim),1,256Gb,
4642,Apple iPhone 15 Pro Max (Sim),1,512Gb,
4643,Apple iPhone 15 Pro Max (eSim),1,1Tb,
4644,Apple iPhone 15 Pro Max (Sim),1,1Tb,
4645,Apple iPhone 16 Pro Max (eSim),1,256Gb,
4646,Apple iPhone 16 Pro Max (eSim),1,512Gb,
4647,Apple iPhone 16 Pro Max (eSim),1,1Tb,
4648,Apple iPhone 16 Plus (Sim),1,128Gb,
4649,Apple iPhone 16 Plus (Sim),1,256Gb,
4650,Apple iPhone 16 Plus (Sim),1,512Gb,
4651,Apple iPhone 16 Pro (Sim),1,128Gb,
4652,Apple iPhone 16 Pro (Sim),1,256Gb,
4653,Apple iPhone 16 Pro (Sim),1,512Gb,
4654,Apple iPhone 16 Pro (Sim),1,1Tb,
4655,Apple iPhone 16 Plus (eSim),1,128Gb,
4656,Apple iPhone 16 Plus (eSim),1,256Gb,
4657,Apple iPhone 16 Plus (eSim),1,512Gb,
4658,Apple iPhone 16 (eSim),1,128Gb,
4659,Apple iPhone 16 (eSim),1,256Gb,
4660,Apple iPhone 16 (eSim),1,512Gb,
4661,Apple iPhone 16 (Sim),1,128Gb,
4662,Apple iPhone 16 (Sim),1,256Gb,
4663,Apple iPhone 16 (Sim),1,512Gb,
4664,Apple iPhone 16 Pro Max (Sim),1,256Gb,
4665,Apple iPhone 16 Pro Max (Sim),1,512Gb,
4666,Apple iPhone 16 Pro Max (Sim),1,1Tb,
4667,Apple iPhone 16 Pro (eSim),1,128Gb,
4668,Apple iPhone 16 Pro (eSim),1,256Gb,
4669,Apple iPhone 16 Pro (eSim),1,512Gb,
4670,Apple iPhone 16 Pro (eSim),1,1Tb,
4671,"Apple MacBook Air 15"" (M2)",22,8/256Gb,
4672,"Apple MacBook Air 15"" (M2)",22,8/512Gb,
4673,"Apple MacBook Air 15"" (M2)",22,8/1Tb,
4674,"Apple MacBook Air 15"" (M2)",22,8/2Tb,
4675,"Apple MacBook Air 15"" (M2)",22,16/256Gb,
4676,"Apple MacBook Air 15"" (M2)",22,16/512Gb,
4677,"Apple MacBook Air 15"" (M2)",22,16/1Tb,
4678,"Apple MacBook Air 15"" (M2)",22,16/2Tb,
4679,"Apple MacBook Air 15"" (M2)",22,24/256Gb,
4680,"Apple MacBook Air 15"" (M2)",22,24/512Gb,
4681,"Apple MacBook Air 15"" (M2)",22,24/1Tb,
4682,"Apple MacBook Air 15"" (M2)",22,24/2Tb,
4683,"Apple MacBook Air 13.6"" (M2)",22,8/256Gb,
4684,"Apple MacBook Air 13.6"" (M2)",22,8/512Gb,
4685,"Apple MacBook Air 13.6"" (M2)",22,8/1Tb,
4686,"Apple MacBook Air 13.6"" (M2)",22,8/2Tb,
4687,"Apple MacBook Air 13.6"" (M2)",22,16/256Gb,
4688,"Apple MacBook Air 13.6"" (M2)",22,16/512Gb,
4689,"Apple MacBook Air 13.6"" (M2)",22,16/1Tb,
4690,"Apple MacBook Air 13.6"" (M2)",22,16/2Tb,
4691,"Apple MacBook Air 13.6"" (M2)",22,24/256Gb,
4692,"Apple MacBook Air 13.6"" (M2)",22,24/512Gb,
4693,"Apple MacBook Air 13.6"" (M2)",22,24/1Tb,
4694,"Apple MacBook Air 13.6"" (M2)",22,24/2Tb,
4695,"Apple MacBook Pro 16"" (M3 Max)",22,18/512Gb,
4696,"Apple MacBook Pro 16"" (M3 Max)",22,18/1Tb,
4697,"Apple MacBook Pro 16"" (M3 Max)",22,18/2Tb,
4698,"Apple MacBook Pro 16"" (M3 Max)",22,18/4Tb,
4699,"Apple MacBook Pro 16"" (M3 Max)",22,18/8Tb,
4700,"Apple MacBook Pro 16"" (M3 Max)",22,36/512Gb,
4701,"Apple MacBook Pro 16"" (M3 Max)",22,36/1Tb,
4702,"Apple MacBook Pro 16"" (M3 Max)",22,36/2Tb,
4703,"Apple MacBook Pro 16"" (M3 Max)",22,36/4Tb,
4704,"Apple MacBook Pro 16"" (M3 Max)",22,36/8Tb,
4705,"Apple MacBook Pro 16"" (M3 Max)",22,48/512Gb,
4706,"Apple MacBook Pro 16"" (M3 Max)",22,48/1Tb,
4707,"Apple MacBook Pro 16"" (M3 Max)",22,48/2Tb,
4708,"Apple MacBook Pro 16"" (M3 Max)",22,48/4Tb,
4709,"Apple MacBook Pro 16"" (M3 Max)",22,48/8Tb,
4710,"Apple MacBook Pro 16"" (M3 Max)",22,64/512Gb,
4711,"Apple MacBook Pro 16"" (M3 Max)",22,64/1Tb,
4712,"Apple MacBook Pro 16"" (M3 Max)",22,64/2Tb,
4713,"Apple MacBook Pro 16"" (M3 Max)",22,64/4Tb,
4714,"Apple MacBook Pro 16"" (M3 Max)",22,64/8Tb,
4715,"Apple MacBook Pro 16"" (M3 Max)",22,96/512Gb,
4716,"Apple MacBook Pro 16"" (M3 Max)",22,96/1Tb,
4717,"Apple MacBook Pro 16"" (M3 Max)",22,96/2Tb,
4718,"Apple MacBook Pro 16"" (M3 Max)",22,96/4Tb,
4719,"Apple MacBook Pro 16"" (M3 Max)",22,96/8Tb,
4720,"Apple MacBook Pro 16"" (M3 Max)",22,128/512Gb,
4721,"Apple MacBook Pro 16"" (M3 Max)",22,128/1Tb,
4722,"Apple MacBook Pro 16"" (M3 Max)",22,128/2Tb,
4723,"Apple MacBook Pro 16"" (M3 Max)",22,128/4Tb,
4724,"Apple MacBook Pro 16"" (M3 Max)",22,128/8Tb,
4725,"Apple MacBook Pro 14"" (M3)",22,8/512Gb,
4726,"Apple MacBook Pro 14"" (M3)",22,8/1Tb,
4727,"Apple MacBook Pro 14"" (M3)",22,8/2Tb,
4728,"Apple MacBook Pro 14"" (M3)",22,8/3Tb,
4729,"Apple MacBook Pro 14"" (M3)",22,8/4Tb,
4730,"Apple MacBook Pro 14"" (M3)",22,8/8Tb,
4731,"Apple MacBook Pro 14"" (M3)",22,16/512Gb,
4732,"Apple MacBook Pro 14"" (M3)",22,16/1Tb,
4733,"Apple MacBook Pro 14"" (M3)",22,16/2Tb,
4734,"Apple MacBook Pro 14"" (M3)",22,16/3Tb,
4735,"Apple MacBook Pro 14"" (M3)",22,16/4Tb,
4736,"Apple MacBook Pro 14"" (M3)",22,16/8Tb,
4737,"Apple MacBook Pro 14"" (M3)",22,18/512Gb,
4738,"Apple MacBook Pro 14"" (M3)",22,18/1Tb,
4739,"Apple MacBook Pro 14"" (M3)",22,18/2Tb,
4740,"Apple MacBook Pro 14"" (M3)",22,18/3Tb,
4741,"Apple MacBook Pro 14"" (M3)",22,18/4Tb,
4742,"Apple MacBook Pro 14"" (M3)",22,18/8Tb,
4743,"Apple MacBook Pro 14"" (M3)",22,24/512Gb,
4744,"Apple MacBook Pro 14"" (M3)",22,24/1Tb,
4745,"Apple MacBook Pro 14"" (M3)",22,24/2Tb,
4746,"Apple MacBook Pro 14"" (M3)",22,24/3Tb,
4747,"Apple MacBook Pro 14"" (M3)",22,24/4Tb,
4748,"Apple MacBook Pro 14"" (M3)",22,24/8Tb,
4749,"Apple MacBook Pro 14"" (M3)",22,36/512Gb,
4750,"Apple MacBook Pro 14"" (M3)",22,36/1Tb,
4751,"Apple MacBook Pro 14"" (M3)",22,36/2Tb,
4752,"Apple MacBook Pro 14"" (M3)",22,36/3Tb,
4753,"Apple MacBook Pro 14"" (M3)",22,36/4Tb,
4754,"Apple MacBook Pro 14"" (M3)",22,36/8Tb,
4755,"Apple MacBook Pro 14"" (M3)",22,48/512Gb,
4756,"Apple MacBook Pro 14"" (M3)",22,48/1Tb,
4757,"Apple MacBook Pro 14"" (M3)",22,48/2Tb,
4758,"Apple MacBook Pro 14"" (M3)",22,48/3Tb,
4759,"Apple MacBook Pro 14"" (M3)",22,48/4Tb,
4760,"Apple MacBook Pro 14"" (M3)",22,48/8Tb,
4761,"Apple MacBook Pro 14"" (M3)",22,64/512Gb,
4762,"Apple MacBook Pro 14"" (M3)",22,64/1Tb,
4763,"Apple MacBook Pro 14"" (M3)",22,64/2Tb,
4764,"Apple MacBook Pro 14"" (M3)",22,64/3Tb,
4765,"Apple MacBook Pro 14"" (M3)",22,64/4Tb,
4766,"Apple MacBook Pro 14"" (M3)",22,64/8Tb,
4767,"Apple MacBook Pro 14"" (M3)",22,96/512Gb,
4768,"Apple MacBook Pro 14"" (M3)",22,96/1Tb,
4769,"Apple MacBook Pro 14"" (M3)",22,96/2Tb,
4770,"Apple MacBook Pro 14"" (M3)",22,96/3Tb,
4771,"Apple MacBook Pro 14"" (M3)",22,96/4Tb,
4772,"Apple MacBook Pro 14"" (M3)",22,96/8Tb,
4773,"Apple MacBook Pro 14"" (M3)",22,128/512Gb,
4774,"Apple MacBook Pro 14"" (M3)",22,128/1Tb,
4775,"Apple MacBook Pro 14"" (M3)",22,128/2Tb,
4776,"Apple MacBook Pro 14"" (M3)",22,128/3Tb,
4777,"Apple MacBook Pro 14"" (M3)",22,128/4Tb,
4778,"Apple MacBook Pro 14"" (M3)",22,128/8Tb,
4779,"Apple MacBook Pro 16"" (M2 Max)",22,16/512Gb,
4780,"Apple MacBook Pro 16"" (M2 Max)",22,16/1Tb,
4781,"Apple MacBook Pro 16"" (M2 Max)",22,16/2Tb,
4782,"Apple MacBook Pro 16"" (M2 Max)",22,16/4Tb,
4783,"Apple MacBook Pro 16"" (M2 Max)",22,16/8Tb,
4784,"Apple MacBook Pro 16"" (M2 Max)",22,32/512Gb,
4785,"Apple MacBook Pro 16"" (M2 Max)",22,32/1Tb,
4786,"Apple MacBook Pro 16"" (M2 Max)",22,32/2Tb,
4787,"Apple MacBook Pro 16"" (M2 Max)",22,32/4Tb,
4788,"Apple MacBook Pro 16"" (M2 Max)",22,32/8Tb,
4789,"Apple MacBook Pro 16"" (M2 Max)",22,64/512Gb,
4790,"Apple MacBook Pro 16"" (M2 Max)",22,64/1Tb,
4791,"Apple MacBook Pro 16"" (M2 Max)",22,64/2Tb,
4792,"Apple MacBook Pro 16"" (M2 Max)",22,64/4Tb,
4793,"Apple MacBook Pro 16"" (M2 Max)",22,64/8Tb,
4794,"Apple MacBook Pro 16"" (M2 Max)",22,96/512Gb,
4795,"Apple MacBook Pro 16"" (M2 Max)",22,96/1Tb,
4796,"Apple MacBook Pro 16"" (M2 Max)",22,96/2Tb,
4797,"Apple MacBook Pro 16"" (M2 Max)",22,96/4Tb,
4798,"Apple MacBook Pro 16"" (M2 Max)",22,96/8Tb,
4799,"Apple MacBook Pro 16"" (M3 Pro)",22,18/512Gb,
4800,"Apple MacBook Pro 16"" (M3 Pro)",22,18/1Tb,
4801,"Apple MacBook Pro 16"" (M3 Pro)",22,18/2Tb,
4802,"Apple MacBook Pro 16"" (M3 Pro)",22,18/4Tb,
4803,"Apple MacBook Pro 16"" (M3 Pro)",22,18/8Tb,
4804,"Apple MacBook Pro 16"" (M3 Pro)",22,36/512Gb,
4805,"Apple MacBook Pro 16"" (M3 Pro)",22,36/1Tb,
4806,"Apple MacBook Pro 16"" (M3 Pro)",22,36/2Tb,
4807,"Apple MacBook Pro 16"" (M3 Pro)",22,36/4Tb,
4808,"Apple MacBook Pro 16"" (M3 Pro)",22,36/8Tb,
4809,"Apple MacBook Pro 16"" (M3 Pro)",22,48/512Gb,
4810,"Apple MacBook Pro 16"" (M3 Pro)",22,48/1Tb,
4811,"Apple MacBook Pro 16"" (M3 Pro)",22,48/2Tb,
4812,"Apple MacBook Pro 16"" (M3 Pro)",22,48/4Tb,
4813,"Apple MacBook Pro 16"" (M3 Pro)",22,48/8Tb,
4814,"Apple MacBook Pro 16"" (M3 Pro)",22,64/512Gb,
4815,"Apple MacBook Pro 16"" (M3 Pro)",22,64/1Tb,
4816,"Apple MacBook Pro 16"" (M3 Pro)",22,64/2Tb,
4817,"Apple MacBook Pro 16"" (M3 Pro)",22,64/4Tb,
4818,"Apple MacBook Pro 16"" (M3 Pro)",22,64/8Tb,
4819,"Apple MacBook Pro 16"" (M3 Pro)",22,96/512Gb,
4820,"Apple MacBook Pro 16"" (M3 Pro)",22,96/1Tb,
4821,"Apple MacBook Pro 16"" (M3 Pro)",22,96/2Tb,
4822,"Apple MacBook Pro 16"" (M3 Pro)",22,96/4Tb,
4823,"Apple MacBook Pro 16"" (M3 Pro)",22,96/8Tb,
4824,"Apple MacBook Pro 16"" (M3 Pro)",22,128/512Gb,
4825,"Apple MacBook Pro 16"" (M3 Pro)",22,128/1Tb,
4826,"Apple MacBook Pro 16"" (M3 Pro)",22,128/2Tb,
4827,"Apple MacBook Pro 16"" (M3 Pro)",22,128/4Tb,
4828,"Apple MacBook Pro 16"" (M3 Pro)",22,128/8Tb,
4829,"Apple MacBook Air 13.3"" (M1)",22,8/256Gb,
4830,"Apple MacBook Air 13.3"" (M1)",22,8/512Gb,
4831,"Apple MacBook Air 13.3"" (M1)",22,8/1Tb,
4832,"Apple MacBook Air 13.3"" (M1)",22,8/2Tb,
4833,"Apple MacBook Air 13.3"" (M1)",22,16/256Gb,
4834,"Apple MacBook Air 13.3"" (M1)",22,16/512Gb,
4835,"Apple MacBook Air 13.3"" (M1)",22,16/1Tb,
4836,"Apple MacBook Air 13.3"" (M1)",22,16/2Tb,
4837,"Apple MacBook Pro 16"" (M2 Pro)",22,16/512Gb,
4838,"Apple MacBook Pro 16"" (M2 Pro)",22,16/1Tb,
4839,"Apple MacBook Pro 16"" (M2 Pro)",22,16/2Tb,
4840,"Apple MacBook Pro 16"" (M2 Pro)",22,16/4Tb,
4841,"Apple MacBook Pro 16"" (M2 Pro)",22,16/8Tb,
4842,"Apple MacBook Pro 16"" (M2 Pro)",22,32/512Gb,
4843,"Apple MacBook Pro 16"" (M2 Pro)",22,32/1Tb,
4844,"Apple MacBook Pro 16"" (M2 Pro)",22,32/2Tb,
4845,"Apple MacBook Pro 16"" (M2 Pro)",22,32/4Tb,
4846,"Apple MacBook Pro 16"" (M2 Pro)",22,32/8Tb,
4847,"Apple MacBook Pro 16"" (M2 Pro)",22,64/512Gb,
4848,"Apple MacBook Pro 16"" (M2 Pro)",22,64/1Tb,
4849,"Apple MacBook Pro 16"" (M2 Pro)",22,64/2Tb,
4850,"Apple MacBook Pro 16"" (M2 Pro)",22,64/4Tb,
4851,"Apple MacBook Pro 16"" (M2 Pro)",22,64/8Tb,
4852,"Apple MacBook Pro 16"" (M2 Pro)",22,96/512Gb,
4853,"Apple MacBook Pro 16"" (M2 Pro)",22,96/1Tb,
4854,"Apple MacBook Pro 16"" (M2 Pro)",22,96/2Tb,
4855,"Apple MacBook Pro 16"" (M2 Pro)",22,96/4Tb,
4856,"Apple MacBook Pro 16"" (M2 Pro)",22,96/8Tb,
4857,"Apple MacBook Pro 13"" (M1)",22,8/256Gb,
4858,"Apple MacBook Pro 13"" (M1)",22,8/512Gb,
4859,"Apple MacBook Pro 13"" (M1)",22,8/1Tb,
4860,"Apple MacBook Pro 13"" (M1)",22,8/2Tb,
4861,"Apple MacBook Pro 13"" (M1)",22,16/256Gb,
4862,"Apple MacBook Pro 13"" (M1)",22,16/512Gb,
4863,"Apple MacBook Pro 13"" (M1)",22,16/1Tb,
4864,"Apple MacBook Pro 13"" (M1)",22,16/2Tb,
4865,"Apple MacBook Pro 14"" (M3 Pro)",22,8/512Gb,
4866,"Apple MacBook Pro 14"" (M3 Pro)",22,8/1Tb,
4867,"Apple MacBook Pro 14"" (M3 Pro)",22,8/2Tb,
4868,"Apple MacBook Pro 14"" (M3 Pro)",22,8/3Tb,
4869,"Apple MacBook Pro 14"" (M3 Pro)",22,8/4Tb,
4870,"Apple MacBook Pro 14"" (M3 Pro)",22,8/8Tb,
4871,"Apple MacBook Pro 14"" (M3 Pro)",22,16/512Gb,
4872,"Apple MacBook Pro 14"" (M3 Pro)",22,16/1Tb,
4873,"Apple MacBook Pro 14"" (M3 Pro)",22,16/2Tb,
4874,"Apple MacBook Pro 14"" (M3 Pro)",22,16/3Tb,
4875,"Apple MacBook Pro 14"" (M3 Pro)",22,16/4Tb,
4876,"Apple MacBook Pro 14"" (M3 Pro)",22,16/8Tb,
4877,"Apple MacBook Pro 14"" (M3 Pro)",22,18/512Gb,
4878,"Apple MacBook Pro 14"" (M3 Pro)",22,18/1Tb,
4879,"Apple MacBook Pro 14"" (M3 Pro)",22,18/2Tb,
4880,"Apple MacBook Pro 14"" (M3 Pro)",22,18/3Tb,
4881,"Apple MacBook Pro 14"" (M3 Pro)",22,18/4Tb,
4882,"Apple MacBook Pro 14"" (M3 Pro)",22,18/8Tb,
4883,"Apple MacBook Pro 14"" (M3 Pro)",22,24/512Gb,
4884,"Apple MacBook Pro 14"" (M3 Pro)",22,24/1Tb,
4885,"Apple MacBook Pro 14"" (M3 Pro)",22,24/2Tb,
4886,"Apple MacBook Pro 14"" (M3 Pro)",22,24/3Tb,
4887,"Apple MacBook Pro 14"" (M3 Pro)",22,24/4Tb,
4888,"Apple MacBook Pro 14"" (M3 Pro)",22,24/8Tb,
4889,"Apple MacBook Pro 14"" (M3 Pro)",22,36/512Gb,
4890,"Apple MacBook Pro 14"" (M3 Pro)",22,36/1Tb,
4891,"Apple MacBook Pro 14"" (M3 Pro)",22,36/2Tb,
4892,"Apple MacBook Pro 14"" (M3 Pro)",22,36/3Tb,
4893,"Apple MacBook Pro 14"" (M3 Pro)",22,36/4Tb,
4894,"Apple MacBook Pro 14"" (M3 Pro)",22,36/8Tb,
4895,"Apple MacBook Pro 14"" (M3 Pro)",22,48/512Gb,
4896,"Apple MacBook Pro 14"" (M3 Pro)",22,48/1Tb,
4897,"Apple MacBook Pro 14"" (M3 Pro)",22,48/2Tb,
4898,"Apple MacBook Pro 14"" (M3 Pro)",22,48/3Tb,
4899,"Apple MacBook Pro 14"" (M3 Pro)",22,48/4Tb,
4900,"Apple MacBook Pro 14"" (M3 Pro)",22,48/8Tb,
4901,"Apple MacBook Pro 14"" (M3 Pro)",22,64/512Gb,
4902,"Apple MacBook Pro 14"" (M3 Pro)",22,64/1Tb,
4903,"Apple MacBook Pro 14"" (M3 Pro)",22,64/2Tb,
4904,"Apple MacBook Pro 14"" (M3 Pro)",22,64/3Tb,
4905,"Apple MacBook Pro 14"" (M3 Pro)",22,64/4Tb,
4906,"Apple MacBook Pro 14"" (M3 Pro)",22,64/8Tb,
4907,"Apple MacBook Pro 14"" (M3 Pro)",22,96/512Gb,
4908,"Apple MacBook Pro 14"" (M3 Pro)",22,96/1Tb,
4909,"Apple MacBook Pro 14"" (M3 Pro)",22,96/2Tb,
4910,"Apple MacBook Pro 14"" (M3 Pro)",22,96/3Tb,
4911,"Apple MacBook Pro 14"" (M3 Pro)",22,96/4Tb,
4912,"Apple MacBook Pro 14"" (M3 Pro)",22,96/8Tb,
4913,"Apple MacBook Pro 14"" (M3 Pro)",22,128/512Gb,
4914,"Apple MacBook Pro 14"" (M3 Pro)",22,128/1Tb,
4915,"Apple MacBook Pro 14"" (M3 Pro)",22,128/2Tb,
4916,"Apple MacBook Pro 14"" (M3 Pro)",22,128/3Tb,
4917,"Apple MacBook Pro 14"" (M3 Pro)",22,128/4Tb,
4918,"Apple MacBook Pro 14"" (M3 Pro)",22,128/8Tb,
4919,"Apple MacBook Pro 14"" (M2 Pro)",22,16/512Gb,
4920,"Apple MacBook Pro 14"" (M2 Pro)",22,16/1Tb,
4921,"Apple MacBook Pro 14"" (M2 Pro)",22,16/2Tb,
4922,"Apple MacBook Pro 14"" (M2 Pro)",22,16/4Tb,
4923,"Apple MacBook Pro 14"" (M2 Pro)",22,16/8Tb,
4924,"Apple MacBook Pro 14"" (M2 Pro)",22,32/512Gb,
4925,"Apple MacBook Pro 14"" (M2 Pro)",22,32/1Tb,
4926,"Apple MacBook Pro 14"" (M2 Pro)",22,32/2Tb,
4927,"Apple MacBook Pro 14"" (M2 Pro)",22,32/4Tb,
4928,"Apple MacBook Pro 14"" (M2 Pro)",22,32/8Tb,
4929,"Apple MacBook Pro 14"" (M2 Pro)",22,64/512Gb,
4930,"Apple MacBook Pro 14"" (M2 Pro)",22,64/1Tb,
4931,"Apple MacBook Pro 14"" (M2 Pro)",22,64/2Tb,
4932,"Apple MacBook Pro 14"" (M2 Pro)",22,64/4Tb,
4933,"Apple MacBook Pro 14"" (M2 Pro)",22,64/8Tb,
4934,"Apple MacBook Pro 14"" (M2 Pro)",22,96/512Gb,
4935,"Apple MacBook Pro 14"" (M2 Pro)",22,96/1Tb,
4936,"Apple MacBook Pro 14"" (M2 Pro)",22,96/2Tb,
4937,"Apple MacBook Pro 14"" (M2 Pro)",22,96/4Tb,
4938,"Apple MacBook Pro 14"" (M2 Pro)",22,96/8Tb,
4939,"Apple MacBook Pro 14"" (M3 Max)",22,8/512Gb,
4940,"Apple MacBook Pro 14"" (M3 Max)",22,8/1Tb,
4941,"Apple MacBook Pro 14"" (M3 Max)",22,8/2Tb,
4942,"Apple MacBook Pro 14"" (M3 Max)",22,8/3Tb,
4943,"Apple MacBook Pro 14"" (M3 Max)",22,8/4Tb,
4944,"Apple MacBook Pro 14"" (M3 Max)",22,8/8Tb,
4945,"Apple MacBook Pro 14"" (M3 Max)",22,16/512Gb,
4946,"Apple MacBook Pro 14"" (M3 Max)",22,16/1Tb,
4947,"Apple MacBook Pro 14"" (M3 Max)",22,16/2Tb,
4948,"Apple MacBook Pro 14"" (M3 Max)",22,16/3Tb,
4949,"Apple MacBook Pro 14"" (M3 Max)",22,16/4Tb,
4950,"Apple MacBook Pro 14"" (M3 Max)",22,16/8Tb,
4951,"Apple MacBook Pro 14"" (M3 Max)",22,18/512Gb,
4952,"Apple MacBook Pro 14"" (M3 Max)",22,18/1Tb,
4953,"Apple MacBook Pro 14"" (M3 Max)",22,18/2Tb,
4954,"Apple MacBook Pro 14"" (M3 Max)",22,18/3Tb,
4955,"Apple MacBook Pro 14"" (M3 Max)",22,18/4Tb,
4956,"Apple MacBook Pro 14"" (M3 Max)",22,18/8Tb,
4957,"Apple MacBook Pro 14"" (M3 Max)",22,24/512Gb,
4958,"Apple MacBook Pro 14"" (M3 Max)",22,24/1Tb,
4959,"Apple MacBook Pro 14"" (M3 Max)",22,24/2Tb,
4960,"Apple MacBook Pro 14"" (M3 Max)",22,24/3Tb,
4961,"Apple MacBook Pro 14"" (M3 Max)",22,24/4Tb,
4962,"Apple MacBook Pro 14"" (M3 Max)",22,24/8Tb,
4963,"Apple MacBook Pro 14"" (M3 Max)",22,36/512Gb,
4964,"Apple MacBook Pro 14"" (M3 Max)",22,36/1Tb,
4965,"Apple MacBook Pro 14"" (M3 Max)",22,36/2Tb,
4966,"Apple MacBook Pro 14"" (M3 Max)",22,36/3Tb,
4967,"Apple MacBook Pro 14"" (M3 Max)",22,36/4Tb,
4968,"Apple MacBook Pro 14"" (M3 Max)",22,36/8Tb,
4969,"Apple MacBook Pro 14"" (M3 Max)",22,48/512Gb,
4970,"Apple MacBook Pro 14"" (M3 Max)",22,48/1Tb,
4971,"Apple MacBook Pro 14"" (M3 Max)",22,48/2Tb,
4972,"Apple MacBook Pro 14"" (M3 Max)",22,48/3Tb,
4973,"Apple MacBook Pro 14"" (M3 Max)",22,48/4Tb,
4974,"Apple MacBook Pro 14"" (M3 Max)",22,48/8Tb,
4975,"Apple MacBook Pro 14"" (M3 Max)",22,64/512Gb,
4976,"Apple MacBook Pro 14"" (M3 Max)",22,64/1Tb,
4977,"Apple MacBook Pro 14"" (M3 Max)",22,64/2Tb,
4978,"Apple MacBook Pro 14"" (M3 Max)",22,64/3Tb,
4979,"Apple MacBook Pro 14"" (M3 Max)",22,64/4Tb,
4980,"Apple MacBook Pro 14"" (M3 Max)",22,64/8Tb,
4981,"Apple MacBook Pro 14"" (M3 Max)",22,96/512Gb,
4982,"Apple MacBook Pro 14"" (M3 Max)",22,96/1Tb,
4983,"Apple MacBook Pro 14"" (M3 Max)",22,96/2Tb,
4984,"Apple MacBook Pro 14"" (M3 Max)",22,96/3Tb,
4985,"Apple MacBook Pro 14"" (M3 Max)",22,96/4Tb,
4986,"Apple MacBook Pro 14"" (M3 Max)",22,96/8Tb,
4987,"Apple MacBook Pro 14"" (M3 Max)",22,128/512Gb,
4988,"Apple MacBook Pro 14"" (M3 Max)",22,128/1Tb,
4989,"Apple MacBook Pro 14"" (M3 Max)",22,128/2Tb,
4990,"Apple MacBook Pro 14"" (M3 Max)",22,128/3Tb,
4991,"Apple MacBook Pro 14"" (M3 Max)",22,128/4Tb,
4992,"Apple MacBook Pro 14"" (M3 Max)",22,128/8Tb,
4993,"Apple MacBook Pro 14"" (M1 Pro)",22,16/512Gb,
4994,"Apple MacBook Pro 14"" (M1 Pro)",22,16/1Tb,
4995,"Apple MacBook Pro 14"" (M1 Pro)",22,16/2Tb,
4996,"Apple MacBook Pro 14"" (M1 Pro)",22,16/4Tb,
4997,"Apple MacBook Pro 14"" (M1 Pro)",22,16/8Tb,
4998,"Apple MacBook Pro 14"" (M1 Pro)",22,24/512Gb,
4999,"Apple MacBook Pro 14"" (M1 Pro)",22,24/1Tb,
5000,"Apple MacBook Pro 14"" (M1 Pro)",22,24/2Tb,
5001,"Apple MacBook Pro 14"" (M1 Pro)",22,24/4Tb,
5002,"Apple MacBook Pro 14"" (M1 Pro)",22,24/8Tb,
5003,"Apple MacBook Pro 14"" (M1 Pro)",22,32/512Gb,
5004,"Apple MacBook Pro 14"" (M1 Pro)",22,32/1Tb,
5005,"Apple MacBook Pro 14"" (M1 Pro)",22,32/2Tb,
5006,"Apple MacBook Pro 14"" (M1 Pro)",22,32/4Tb,
5007,"Apple MacBook Pro 14"" (M1 Pro)",22,32/8Tb,
5008,"Apple MacBook Pro 13"" (M2)",22,8/256Gb,
5009,"Apple MacBook Pro 13"" (M2)",22,8/512Gb,
5010,"Apple MacBook Pro 13"" (M2)",22,8/1Tb,
5011,"Apple MacBook Pro 13"" (M2)",22,8/2Tb,
5012,"Apple MacBook Pro 13"" (M2)",22,16/256Gb,
5013,"Apple MacBook Pro 13"" (M2)",22,16/512Gb,
5014,"Apple MacBook Pro 13"" (M2)",22,16/1Tb,
5015,"Apple MacBook Pro 13"" (M2)",22,16/2Tb,
5016,"Apple MacBook Pro 13"" (M2)",22,24/256Gb,
5017,"Apple MacBook Pro 13"" (M2)",22,24/512Gb,
5018,"Apple MacBook Pro 13"" (M2)",22,24/1Tb,
5019,"Apple MacBook Pro 13"" (M2)",22,24/2Tb,
5020,"Apple MacBook Pro 14"" (M2 Max)",22,16/512Gb,
5021,"Apple MacBook Pro 14"" (M2 Max)",22,16/1Tb,
5022,"Apple MacBook Pro 14"" (M2 Max)",22,16/2Tb,
5023,"Apple MacBook Pro 14"" (M2 Max)",22,16/4Tb,
5024,"Apple MacBook Pro 14"" (M2 Max)",22,16/8Tb,
5025,"Apple MacBook Pro 14"" (M2 Max)",22,32/512Gb,
5026,"Apple MacBook Pro 14"" (M2 Max)",22,32/1Tb,
5027,"Apple MacBook Pro 14"" (M2 Max)",22,32/2Tb,
5028,"Apple MacBook Pro 14"" (M2 Max)",22,32/4Tb,
5029,"Apple MacBook Pro 14"" (M2 Max)",22,32/8Tb,
5030,"Apple MacBook Pro 14"" (M2 Max)",22,64/512Gb,
5031,"Apple MacBook Pro 14"" (M2 Max)",22,64/1Tb,
5032,"Apple MacBook Pro 14"" (M2 Max)",22,64/2Tb,
5033,"Apple MacBook Pro 14"" (M2 Max)",22,64/4Tb,
5034,"Apple MacBook Pro 14"" (M2 Max)",22,64/8Tb,
5035,"Apple MacBook Pro 14"" (M2 Max)",22,96/512Gb,
5036,"Apple MacBook Pro 14"" (M2 Max)",22,96/1Tb,
5037,"Apple MacBook Pro 14"" (M2 Max)",22,96/2Tb,
5038,"Apple MacBook Pro 14"" (M2 Max)",22,96/4Tb,
5039,"Apple MacBook Pro 14"" (M2 Max)",22,96/8Tb,
5040,"Apple MacBook Air 13.6"" (M3)",22,8/256Gb,
5041,"Apple MacBook Air 13.6"" (M3)",22,8/512Gb,
5042,"Apple MacBook Air 13.6"" (M3)",22,8/1Tb,
5043,"Apple MacBook Air 13.6"" (M3)",22,8/2Tb,
5044,"Apple MacBook Air 13.6"" (M3)",22,16/256Gb,
5045,"Apple MacBook Air 13.6"" (M3)",22,16/512Gb,
5046,"Apple MacBook Air 13.6"" (M3)",22,16/1Tb,
5047,"Apple MacBook Air 13.6"" (M3)",22,16/2Tb,
5048,"Apple MacBook Air 13.6"" (M3)",22,24/256Gb,
5049,"Apple MacBook Air 13.6"" (M3)",22,24/512Gb,
5050,"Apple MacBook Air 13.6"" (M3)",22,24/1Tb,
5051,"Apple MacBook Air 13.6"" (M3)",22,24/2Tb,
5052,"Apple MacBook Air 15"" (M3)",22,8/256Gb,
5053,"Apple MacBook Air 15"" (M3)",22,8/512Gb,
5054,"Apple MacBook Air 15"" (M3)",22,8/1Tb,
5055,"Apple MacBook Air 15"" (M3)",22,8/2Tb,
5056,"Apple MacBook Air 15"" (M3)",22,16/256Gb,
5057,"Apple MacBook Air 15"" (M3)",22,16/512Gb,
5058,"Apple MacBook Air 15"" (M3)",22,16/1Tb,
5059,"Apple MacBook Air 15"" (M3)",22,16/2Tb,
5060,"Apple MacBook Air 15"" (M3)",22,24/256Gb,
5061,"Apple MacBook Air 15"" (M3)",22,24/512Gb,
5062,"Apple MacBook Air 15"" (M3)",22,24/1Tb,
5063,"Apple MacBook Air 15"" (M3)",22,24/2Tb,
5064,"Apple MacBook Pro 16"" (M4 Max 16-Core)",22,24/512Gb,
5065,"Apple MacBook Pro 16"" (M4 Max 16-Core)",22,24/1Tb,
5066,"Apple MacBook Pro 16"" (M4 Max 16-Core)",22,24/2Tb,
5067,"Apple MacBook Pro 16"" (M4 Max 16-Core)",22,24/4Tb,
5068,"Apple MacBook Pro 16"" (M4 Max 16-Core)",22,24/8Tb,
5069,"Apple MacBook Pro 16"" (M4 Max 16-Core)",22,36/512Gb,
5070,"Apple MacBook Pro 16"" (M4 Max 16-Core)",22,36/1Tb,
5071,"Apple MacBook Pro 16"" (M4 Max 16-Core)",22,36/2Tb,
5072,"Apple MacBook Pro 16"" (M4 Max 16-Core)",22,36/4Tb,
5073,"Apple MacBook Pro 16"" (M4 Max 16-Core)",22,36/8Tb,
5074,"Apple MacBook Pro 16"" (M4 Max 16-Core)",22,48/512Gb,
5075,"Apple MacBook Pro 16"" (M4 Max 16-Core)",22,48/1Tb,
5076,"Apple MacBook Pro 16"" (M4 Max 16-Core)",22,48/2Tb,
5077,"Apple MacBook Pro 16"" (M4 Max 16-Core)",22,48/4Tb,
5078,"Apple MacBook Pro 16"" (M4 Max 16-Core)",22,48/8Tb,
5079,"Apple MacBook Pro 16"" (M4 Max 16-Core)",22,64/512Gb,
5080,"Apple MacBook Pro 16"" (M4 Max 16-Core)",22,64/1Tb,
5081,"Apple MacBook Pro 16"" (M4 Max 16-Core)",22,64/2Tb,
5082,"Apple MacBook Pro 16"" (M4 Max 16-Core)",22,64/4Tb,
5083,"Apple MacBook Pro 16"" (M4 Max 16-Core)",22,64/8Tb,
5084,"Apple MacBook Pro 16"" (M4 Max 16-Core)",22,128/512Gb,
5085,"Apple MacBook Pro 16"" (M4 Max 16-Core)",22,128/1Tb,
5086,"Apple MacBook Pro 16"" (M4 Max 16-Core)",22,128/2Tb,
5087,"Apple MacBook Pro 16"" (M4 Max 16-Core)",22,128/4Tb,
5088,"Apple MacBook Pro 16"" (M4 Max 16-Core)",22,128/8Tb,
5089,"Apple MacBook Pro 14"" (M4 Max 14-Core)",22,16/512Gb,
5090,"Apple MacBook Pro 14"" (M4 Max 14-Core)",22,16/1Tb,
5091,"Apple MacBook Pro 14"" (M4 Max 14-Core)",22,16/2Tb,
5092,"Apple MacBook Pro 14"" (M4 Max 14-Core)",22,16/4Tb,
5093,"Apple MacBook Pro 14"" (M4 Max 14-Core)",22,16/8Tb,
5094,"Apple MacBook Pro 14"" (M4 Max 14-Core)",22,24/512Gb,
5095,"Apple MacBook Pro 14"" (M4 Max 14-Core)",22,24/1Tb,
5096,"Apple MacBook Pro 14"" (M4 Max 14-Core)",22,24/2Tb,
5097,"Apple MacBook Pro 14"" (M4 Max 14-Core)",22,24/4Tb,
5098,"Apple MacBook Pro 14"" (M4 Max 14-Core)",22,24/8Tb,
5099,"Apple MacBook Pro 14"" (M4 Max 14-Core)",22,32/512Gb,
5100,"Apple MacBook Pro 14"" (M4 Max 14-Core)",22,32/1Tb,
5101,"Apple MacBook Pro 14"" (M4 Max 14-Core)",22,32/2Tb,
5102,"Apple MacBook Pro 14"" (M4 Max 14-Core)",22,32/4Tb,
5103,"Apple MacBook Pro 14"" (M4 Max 14-Core)",22,32/8Tb,
5104,"Apple MacBook Pro 14"" (M4 Max 14-Core)",22,36/512Gb,
5105,"Apple MacBook Pro 14"" (M4 Max 14-Core)",22,36/1Tb,
5106,"Apple MacBook Pro 14"" (M4 Max 14-Core)",22,36/2Tb,
5107,"Apple MacBook Pro 14"" (M4 Max 14-Core)",22,36/4Tb,
5108,"Apple MacBook Pro 14"" (M4 Max 14-Core)",22,36/8Tb,
5109,"Apple MacBook Pro 14"" (M4 Max 14-Core)",22,48/512Gb,
5110,"Apple MacBook Pro 14"" (M4 Max 14-Core)",22,48/1Tb,
5111,"Apple MacBook Pro 14"" (M4 Max 14-Core)",22,48/2Tb,
5112,"Apple MacBook Pro 14"" (M4 Max 14-Core)",22,48/4Tb,
5113,"Apple MacBook Pro 14"" (M4 Max 14-Core)",22,48/8Tb,
5114,"Apple MacBook Pro 14"" (M4 Max 14-Core)",22,64/512Gb,
5115,"Apple MacBook Pro 14"" (M4 Max 14-Core)",22,64/1Tb,
5116,"Apple MacBook Pro 14"" (M4 Max 14-Core)",22,64/2Tb,
5117,"Apple MacBook Pro 14"" (M4 Max 14-Core)",22,64/4Tb,
5118,"Apple MacBook Pro 14"" (M4 Max 14-Core)",22,64/8Tb,
5119,"Apple MacBook Pro 14"" (M4 Max 14-Core)",22,128/512Gb,
5120,"Apple MacBook Pro 14"" (M4 Max 14-Core)",22,128/1Tb,
5121,"Apple MacBook Pro 14"" (M4 Max 14-Core)",22,128/2Tb,
5122,"Apple MacBook Pro 14"" (M4 Max 14-Core)",22,128/4Tb,
5123,"Apple MacBook Pro 14"" (M4 Max 14-Core)",22,128/8Tb,
5124,"Apple MacBook Pro 16"" (M4 Pro 14-Core)",22,24/512Gb,
5125,"Apple MacBook Pro 16"" (M4 Pro 14-Core)",22,24/1Tb,
5126,"Apple MacBook Pro 16"" (M4 Pro 14-Core)",22,24/2Tb,
5127,"Apple MacBook Pro 16"" (M4 Pro 14-Core)",22,24/4Tb,
5128,"Apple MacBook Pro 16"" (M4 Pro 14-Core)",22,24/8Tb,
5129,"Apple MacBook Pro 16"" (M4 Pro 14-Core)",22,36/512Gb,
5130,"Apple MacBook Pro 16"" (M4 Pro 14-Core)",22,36/1Tb,
5131,"Apple MacBook Pro 16"" (M4 Pro 14-Core)",22,36/2Tb,
5132,"Apple MacBook Pro 16"" (M4 Pro 14-Core)",22,36/4Tb,
5133,"Apple MacBook Pro 16"" (M4 Pro 14-Core)",22,36/8Tb,
5134,"Apple MacBook Pro 16"" (M4 Pro 14-Core)",22,48/512Gb,
5135,"Apple MacBook Pro 16"" (M4 Pro 14-Core)",22,48/1Tb,
5136,"Apple MacBook Pro 16"" (M4 Pro 14-Core)",22,48/2Tb,
5137,"Apple MacBook Pro 16"" (M4 Pro 14-Core)",22,48/4Tb,
5138,"Apple MacBook Pro 16"" (M4 Pro 14-Core)",22,48/8Tb,
5139,"Apple MacBook Pro 16"" (M4 Pro 14-Core)",22,64/512Gb,
5140,"Apple MacBook Pro 16"" (M4 Pro 14-Core)",22,64/1Tb,
5141,"Apple MacBook Pro 16"" (M4 Pro 14-Core)",22,64/2Tb,
5142,"Apple MacBook Pro 16"" (M4 Pro 14-Core)",22,64/4Tb,
5143,"Apple MacBook Pro 16"" (M4 Pro 14-Core)",22,64/8Tb,
5144,"Apple MacBook Pro 16"" (M4 Pro 14-Core)",22,128/512Gb,
5145,"Apple MacBook Pro 16"" (M4 Pro 14-Core)",22,128/1Tb,
5146,"Apple MacBook Pro 16"" (M4 Pro 14-Core)",22,128/2Tb,
5147,"Apple MacBook Pro 16"" (M4 Pro 14-Core)",22,128/4Tb,
5148,"Apple MacBook Pro 16"" (M4 Pro 14-Core)",22,128/8Tb,
5149,"Apple MacBook Pro 14"" (M4 Pro 12-Core)",22,16/512Gb,
5150,"Apple MacBook Pro 14"" (M4 Pro 12-Core)",22,16/1Tb,
5151,"Apple MacBook Pro 14"" (M4 Pro 12-Core)",22,16/2Tb,
5152,"Apple MacBook Pro 14"" (M4 Pro 12-Core)",22,16/4Tb,
5153,"Apple MacBook Pro 14"" (M4 Pro 12-Core)",22,16/8Tb,
5154,"Apple MacBook Pro 14"" (M4 Pro 12-Core)",22,24/512Gb,
5155,"Apple MacBook Pro 14"" (M4 Pro 12-Core)",22,24/1Tb,
5156,"Apple MacBook Pro 14"" (M4 Pro 12-Core)",22,24/2Tb,
5157,"Apple MacBook Pro 14"" (M4 Pro 12-Core)",22,24/4Tb,
5158,"Apple MacBook Pro 14"" (M4 Pro 12-Core)",22,24/8Tb,
5159,"Apple MacBook Pro 14"" (M4 Pro 12-Core)",22,32/512Gb,
5160,"Apple MacBook Pro 14"" (M4 Pro 12-Core)",22,32/1Tb,
5161,"Apple MacBook Pro 14"" (M4 Pro 12-Core)",22,32/2Tb,
5162,"Apple MacBook Pro 14"" (M4 Pro 12-Core)",22,32/4Tb,
5163,"Apple MacBook Pro 14"" (M4 Pro 12-Core)",22,32/8Tb,
5164,"Apple MacBook Pro 14"" (M4 Pro 12-Core)",22,36/512Gb,
5165,"Apple MacBook Pro 14"" (M4 Pro 12-Core)",22,36/1Tb,
5166,"Apple MacBook Pro 14"" (M4 Pro 12-Core)",22,36/2Tb,
5167,"Apple MacBook Pro 14"" (M4 Pro 12-Core)",22,36/4Tb,
5168,"Apple MacBook Pro 14"" (M4 Pro 12-Core)",22,36/8Tb,
5169,"Apple MacBook Pro 14"" (M4 Pro 12-Core)",22,48/512Gb,
5170,"Apple MacBook Pro 14"" (M4 Pro 12-Core)",22,48/1Tb,
5171,"Apple MacBook Pro 14"" (M4 Pro 12-Core)",22,48/2Tb,
5172,"Apple MacBook Pro 14"" (M4 Pro 12-Core)",22,48/4Tb,
5173,"Apple MacBook Pro 14"" (M4 Pro 12-Core)",22,48/8Tb,
5174,"Apple MacBook Pro 14"" (M4 Pro 12-Core)",22,64/512Gb,
5175,"Apple MacBook Pro 14"" (M4 Pro 12-Core)",22,64/1Tb,
5176,"Apple MacBook Pro 14"" (M4 Pro 12-Core)",22,64/2Tb,
5177,"Apple MacBook Pro 14"" (M4 Pro 12-Core)",22,64/4Tb,
5178,"Apple MacBook Pro 14"" (M4 Pro 12-Core)",22,64/8Tb,
5179,"Apple MacBook Pro 14"" (M4 Pro 12-Core)",22,128/512Gb,
5180,"Apple MacBook Pro 14"" (M4 Pro 12-Core)",22,128/1Tb,
5181,"Apple MacBook Pro 14"" (M4 Pro 12-Core)",22,128/2Tb,
5182,"Apple MacBook Pro 14"" (M4 Pro 12-Core)",22,128/4Tb,
5183,"Apple MacBook Pro 14"" (M4 Pro 12-Core)",22,128/8Tb,
5184,"Apple MacBook Pro 14"" (M4 Max 16-Core)",22,16/512Gb,
5185,"Apple MacBook Pro 14"" (M4 Max 16-Core)",22,16/1Tb,
5186,"Apple MacBook Pro 14"" (M4 Max 16-Core)",22,16/2Tb,
5187,"Apple MacBook Pro 14"" (M4 Max 16-Core)",22,16/4Tb,
5188,"Apple MacBook Pro 14"" (M4 Max 16-Core)",22,16/8Tb,
5189,"Apple MacBook Pro 14"" (M4 Max 16-Core)",22,24/512Gb,
5190,"Apple MacBook Pro 14"" (M4 Max 16-Core)",22,24/1Tb,
5191,"Apple MacBook Pro 14"" (M4 Max 16-Core)",22,24/2Tb,
5192,"Apple MacBook Pro 14"" (M4 Max 16-Core)",22,24/4Tb,
5193,"Apple MacBook Pro 14"" (M4 Max 16-Core)",22,24/8Tb,
5194,"Apple MacBook Pro 14"" (M4 Max 16-Core)",22,32/512Gb,
5195,"Apple MacBook Pro 14"" (M4 Max 16-Core)",22,32/1Tb,
5196,"Apple MacBook Pro 14"" (M4 Max 16-Core)",22,32/2Tb,
5197,"Apple MacBook Pro 14"" (M4 Max 16-Core)",22,32/4Tb,
5198,"Apple MacBook Pro 14"" (M4 Max 16-Core)",22,32/8Tb,
5199,"Apple MacBook Pro 14"" (M4 Max 16-Core)",22,36/512Gb,
5200,"Apple MacBook Pro 14"" (M4 Max 16-Core)",22,36/1Tb,
5201,"Apple MacBook Pro 14"" (M4 Max 16-Core)",22,36/2Tb,
5202,"Apple MacBook Pro 14"" (M4 Max 16-Core)",22,36/4Tb,
5203,"Apple MacBook Pro 14"" (M4 Max 16-Core)",22,36/8Tb,
5204,"Apple MacBook Pro 14"" (M4 Max 16-Core)",22,48/512Gb,
5205,"Apple MacBook Pro 14"" (M4 Max 16-Core)",22,48/1Tb,
5206,"Apple MacBook Pro 14"" (M4 Max 16-Core)",22,48/2Tb,
5207,"Apple MacBook Pro 14"" (M4 Max 16-Core)",22,48/4Tb,
5208,"Apple MacBook Pro 14"" (M4 Max 16-Core)",22,48/8Tb,
5209,"Apple MacBook Pro 14"" (M4 Max 16-Core)",22,64/512Gb,
5210,"Apple MacBook Pro 14"" (M4 Max 16-Core)",22,64/1Tb,
5211,"Apple MacBook Pro 14"" (M4 Max 16-Core)",22,64/2Tb,
5212,"Apple MacBook Pro 14"" (M4 Max 16-Core)",22,64/4Tb,
5213,"Apple MacBook Pro 14"" (M4 Max 16-Core)",22,64/8Tb,
5214,"Apple MacBook Pro 14"" (M4 Max 16-Core)",22,128/512Gb,
5215,"Apple MacBook Pro 14"" (M4 Max 16-Core)",22,128/1Tb,
5216,"Apple MacBook Pro 14"" (M4 Max 16-Core)",22,128/2Tb,
5217,"Apple MacBook Pro 14"" (M4 Max 16-Core)",22,128/4Tb,
5218,"Apple MacBook Pro 14"" (M4 Max 16-Core)",22,128/8Tb,
5219,"Apple MacBook Pro 16"" (M4 Max 14-Core)",22,24/512Gb,
5220,"Apple MacBook Pro 16"" (M4 Max 14-Core)",22,24/1Tb,
5221,"Apple MacBook Pro 16"" (M4 Max 14-Core)",22,24/2Tb,
5222,"Apple MacBook Pro 16"" (M4 Max 14-Core)",22,24/4Tb,
5223,"Apple MacBook Pro 16"" (M4 Max 14-Core)",22,24/8Tb,
5224,"Apple MacBook Pro 16"" (M4 Max 14-Core)",22,36/512Gb,
5225,"Apple MacBook Pro 16"" (M4 Max 14-Core)",22,36/1Tb,
5226,"Apple MacBook Pro 16"" (M4 Max 14-Core)",22,36/2Tb,
5227,"Apple MacBook Pro 16"" (M4 Max 14-Core)",22,36/4Tb,
5228,"Apple MacBook Pro 16"" (M4 Max 14-Core)",22,36/8Tb,
5229,"Apple MacBook Pro 16"" (M4 Max 14-Core)",22,48/512Gb,
5230,"Apple MacBook Pro 16"" (M4 Max 14-Core)",22,48/1Tb,
5231,"Apple MacBook Pro 16"" (M4 Max 14-Core)",22,48/2Tb,
5232,"Apple MacBook Pro 16"" (M4 Max 14-Core)",22,48/4Tb,
5233,"Apple MacBook Pro 16"" (M4 Max 14-Core)",22,48/8Tb,
5234,"Apple MacBook Pro 16"" (M4 Max 14-Core)",22,64/512Gb,
5235,"Apple MacBook Pro 16"" (M4 Max 14-Core)",22,64/1Tb,
5236,"Apple MacBook Pro 16"" (M4 Max 14-Core)",22,64/2Tb,
5237,"Apple MacBook Pro 16"" (M4 Max 14-Core)",22,64/4Tb,
5238,"Apple MacBook Pro 16"" (M4 Max 14-Core)",22,64/8Tb,
5239,"Apple MacBook Pro 16"" (M4 Max 14-Core)",22,128/512Gb,
5240,"Apple MacBook Pro 16"" (M4 Max 14-Core)",22,128/1Tb,
5241,"Apple MacBook Pro 16"" (M4 Max 14-Core)",22,128/2Tb,
5242,"Apple MacBook Pro 16"" (M4 Max 14-Core)",22,128/4Tb,
5243,"Apple MacBook Pro 16"" (M4 Max 14-Core)",22,128/8Tb,
5244,"Apple MacBook Pro 14"" (M4 Pro 14-Core)",22,16/512Gb,
5245,"Apple MacBook Pro 14"" (M4 Pro 14-Core)",22,16/1Tb,
5246,"Apple MacBook Pro 14"" (M4 Pro 14-Core)",22,16/2Tb,
5247,"Apple MacBook Pro 14"" (M4 Pro 14-Core)",22,16/4Tb,
5248,"Apple MacBook Pro 14"" (M4 Pro 14-Core)",22,16/8Tb,
5249,"Apple MacBook Pro 14"" (M4 Pro 14-Core)",22,24/512Gb,
5250,"Apple MacBook Pro 14"" (M4 Pro 14-Core)",22,24/1Tb,
5251,"Apple MacBook Pro 14"" (M4 Pro 14-Core)",22,24/2Tb,
5252,"Apple MacBook Pro 14"" (M4 Pro 14-Core)",22,24/4Tb,
5253,"Apple MacBook Pro 14"" (M4 Pro 14-Core)",22,24/8Tb,
5254,"Apple MacBook Pro 14"" (M4 Pro 14-Core)",22,32/512Gb,
5255,"Apple MacBook Pro 14"" (M4 Pro 14-Core)",22,32/1Tb,
5256,"Apple MacBook Pro 14"" (M4 Pro 14-Core)",22,32/2Tb,
5257,"Apple MacBook Pro 14"" (M4 Pro 14-Core)",22,32/4Tb,
5258,"Apple MacBook Pro 14"" (M4 Pro 14-Core)",22,32/8Tb,
5259,"Apple MacBook Pro 14"" (M4 Pro 14-Core)",22,36/512Gb,
5260,"Apple MacBook Pro 14"" (M4 Pro 14-Core)",22,36/1Tb,
5261,"Apple MacBook Pro 14"" (M4 Pro 14-Core)",22,36/2Tb,
5262,"Apple MacBook Pro 14"" (M4 Pro 14-Core)",22,36/4Tb,
5263,"Apple MacBook Pro 14"" (M4 Pro 14-Core)",22,36/8Tb,
5264,"Apple MacBook Pro 14"" (M4 Pro 14-Core)",22,48/512Gb,
5265,"Apple MacBook Pro 14"" (M4 Pro 14-Core)",22,48/1Tb,
5266,"Apple MacBook Pro 14"" (M4 Pro 14-Core)",22,48/2Tb,
5267,"Apple MacBook Pro 14"" (M4 Pro 14-Core)",22,48/4Tb,
5268,"Apple MacBook Pro 14"" (M4 Pro 14-Core)",22,48/8Tb,
5269,"Apple MacBook Pro 14"" (M4 Pro 14-Core)",22,64/512Gb,
5270,"Apple MacBook Pro 14"" (M4 Pro 14-Core)",22,64/1Tb,
5271,"Apple MacBook Pro 14"" (M4 Pro 14-Core)",22,64/2Tb,
5272,"Apple MacBook Pro 14"" (M4 Pro 14-Core)",22,64/4Tb,
5273,"Apple MacBook Pro 14"" (M4 Pro 14-Core)",22,64/8Tb,
5274,"Apple MacBook Pro 14"" (M4 Pro 14-Core)",22,128/512Gb,
5275,"Apple MacBook Pro 14"" (M4 Pro 14-Core)",22,128/1Tb,
5276,"Apple MacBook Pro 14"" (M4 Pro 14-Core)",22,128/2Tb,
5277,"Apple MacBook Pro 14"" (M4 Pro 14-Core)",22,128/4Tb,
5278,"Apple MacBook Pro 14"" (M4 Pro 14-Core)",22,128/8Tb,
5279,"Apple MacBook Pro 14"" (M4 10-Core)",22,16/512Gb,
5280,"Apple MacBook Pro 14"" (M4 10-Core)",22,16/1Tb,
5281,"Apple MacBook Pro 14"" (M4 10-Core)",22,16/2Tb,
5282,"Apple MacBook Pro 14"" (M4 10-Core)",22,16/4Tb,
5283,"Apple MacBook Pro 14"" (M4 10-Core)",22,16/8Tb,
5284,"Apple MacBook Pro 14"" (M4 10-Core)",22,24/512Gb,
5285,"Apple MacBook Pro 14"" (M4 10-Core)",22,24/1Tb,
5286,"Apple MacBook Pro 14"" (M4 10-Core)",22,24/2Tb,
5287,"Apple MacBook Pro 14"" (M4 10-Core)",22,24/4Tb,
5288,"Apple MacBook Pro 14"" (M4 10-Core)",22,24/8Tb,
5289,"Apple MacBook Pro 14"" (M4 10-Core)",22,32/512Gb,
5290,"Apple MacBook Pro 14"" (M4 10-Core)",22,32/1Tb,
5291,"Apple MacBook Pro 14"" (M4 10-Core)",22,32/2Tb,
5292,"Apple MacBook Pro 14"" (M4 10-Core)",22,32/4Tb,
5293,"Apple MacBook Pro 14"" (M4 10-Core)",22,32/8Tb,
5294,"Apple MacBook Pro 14"" (M4 10-Core)",22,36/512Gb,
5295,"Apple MacBook Pro 14"" (M4 10-Core)",22,36/1Tb,
5296,"Apple MacBook Pro 14"" (M4 10-Core)",22,36/2Tb,
5297,"Apple MacBook Pro 14"" (M4 10-Core)",22,36/4Tb,
5298,"Apple MacBook Pro 14"" (M4 10-Core)",22,36/8Tb,
5299,"Apple MacBook Pro 14"" (M4 10-Core)",22,48/512Gb,
5300,"Apple MacBook Pro 14"" (M4 10-Core)",22,48/1Tb,
5301,"Apple MacBook Pro 14"" (M4 10-Core)",22,48/2Tb,
5302,"Apple MacBook Pro 14"" (M4 10-Core)",22,48/4Tb,
5303,"Apple MacBook Pro 14"" (M4 10-Core)",22,48/8Tb,
5304,"Apple MacBook Pro 14"" (M4 10-Core)",22,64/512Gb,
5305,"Apple MacBook Pro 14"" (M4 10-Core)",22,64/1Tb,
5306,"Apple MacBook Pro 14"" (M4 10-Core)",22,64/2Tb,
5307,"Apple MacBook Pro 14"" (M4 10-Core)",22,64/4Tb,
5308,"Apple MacBook Pro 14"" (M4 10-Core)",22,64/8Tb,
5309,"Apple MacBook Pro 14"" (M4 10-Core)",22,128/512Gb,
5310,"Apple MacBook Pro 14"" (M4 10-Core)",22,128/1Tb,
5311,"Apple MacBook Pro 14"" (M4 10-Core)",22,128/2Tb,
5312,"Apple MacBook Pro 14"" (M4 10-Core)",22,128/4Tb,
5313,"Apple MacBook Pro 14"" (M4 10-Core)",22,128/8Tb,
5314,Nokia 150 2023,7,,
5315,Nokia 130 2020,7,,
5316,Nokia 105 (1-Sim),7,,
5317,Nokia 110 2020,7,,
5318,Nokia 105 (2-Sim),7,,
5319,Nokia 108 2024,7,,
5320,Nokia 230 2024,7,,
5321,Nokia 5310,7,,
5322,Nokia 3210,7,,
5323,Nokia 125 2024,7,,
5324,Nothing Ear (a) 2024,79,,
5325,Nothing Ear 3 (2024),79,,
5326,Marshall Motif 2 ANC,18,,
5327,Marshall Monitor 2,18,,
5328,Яндекс Станция Мини 3,21,,Лиловый
5329,Яндекс Станция Мини 3,21,,Чёрный
5330,Яндекс Станция Мини 3,21,,Серый
5331,Яндекс Станция лайт 2,21,,Зеленый
5332,Яндекс Станция лайт 2,21,,Коралловый
5333,Яндекс Станция лайт 2,21,,Серый
5334,Xiaomi Redmi Buds 6 Lite,14,,Black
5335,Xiaomi Redmi Buds 6 Lite,14,,White
5336,Xiaomi Redmi Buds 6 Active,14,,White
5337,Xiaomi Redmi Note 14 Pro Plus 5G,3,8/256Gb,Lavender Purple
5338,Xiaomi Redmi Note 14 Pro Plus 5G,3,8/256Gb,Frost Blue
5339,Xiaomi Redmi Note 14 Pro Plus 5G,3,8/256Gb,Midnight Black
5340,Xiaomi Redmi Note 14 Pro Plus 5G,3,12/256Gb,Lavender Purple
5341,Xiaomi Redmi Note 14 Pro Plus 5G,3,12/256Gb,Frost Blue
5342,Xiaomi Redmi Note 14 Pro Plus 5G,3,12/256Gb,Midnight Black
5343,Xiaomi Redmi Note 14 Pro Plus 5G,3,12/512Gb,Lavender Purple
5344,Xiaomi Redmi Note 14 Pro Plus 5G,3,12/512Gb,Frost Blue
5345,Xiaomi Redmi Note 14 Pro Plus 5G,3,12/512Gb,Midnight Black
5346,Xiaomi Redmi Note 14 Pro 5G,3,8/256Gb,Lavender Purple
5347,Xiaomi Redmi Note 14 Pro 5G,3,8/256Gb,Coral Green
5348,Xiaomi Redmi Note 14 Pro 5G,3,8/256Gb,Midnight Black
5349,Xiaomi Redmi Note 14 Pro 5G,3,12/256Gb,Lavender Purple
5350,Xiaomi Redmi Note 14 Pro 5G,3,12/256Gb,Coral Green
5351,Xiaomi Redmi Note 14 Pro 5G,3,12/256Gb,Midnight Black
5352,Xiaomi Redmi Note 14 Pro 5G,3,12/512Gb,Lavender Purple
5353,Xiaomi Redmi Note 14 Pro 5G,3,12/512Gb,Coral Green
5354,Xiaomi Redmi Note 14 Pro 5G,3,12/512Gb,Midnight Black
5355,Xiaomi Redmi Note 14 5G,3,6/128Gb,Black
5356,Xiaomi Redmi Note 14 5G,3,6/128Gb,White
5357,Xiaomi Redmi Note 14 5G,3,6/128Gb,Green
5358,Xiaomi Redmi Note 14 5G,3,8/128Gb,Black
5359,Xiaomi Redmi Note 14 5G,3,8/128Gb,White
5360,Xiaomi Redmi Note 14 5G,3,8/128Gb,Green
5361,Xiaomi Redmi Note 14 5G,3,8/256Gb,Black
5362,Xiaomi Redmi Note 14 5G,3,8/256Gb,White
5363,Xiaomi Redmi Note 14 5G,3,8/256Gb,Green
5364,Xiaomi Redmi Note 14 5G,3,12/256Gb,Black
5365,Xiaomi Redmi Note 14 5G,3,12/256Gb,White
5366,Xiaomi Redmi Note 14 5G,3,12/256Gb,Green
5367,Xiaomi Redmi Note 14 Pro 4G,3,8/128Gb,Midnight Black
5368,Xiaomi Redmi Note 14 Pro 4G,3,8/128Gb,Aurora Purple
5369,Xiaomi Redmi Note 14 Pro 4G,3,8/128Gb,Ocean Blue
5370,Xiaomi Redmi Note 14 Pro 4G,3,8/256Gb,Midnight Black
5371,Xiaomi Redmi Note 14 Pro 4G,3,8/256Gb,Aurora Purple
5372,Xiaomi Redmi Note 14 Pro 4G,3,8/256Gb,Ocean Blue
5373,Xiaomi Redmi Note 14 Pro 4G,3,12/256Gb,Midnight Black
5374,Xiaomi Redmi Note 14 Pro 4G,3,12/256Gb,Aurora Purple
5375,Xiaomi Redmi Note 14 Pro 4G,3,12/256Gb,Ocean Blue
5376,Xiaomi Redmi Note 14 Pro 4G,3,12/512Gb,Midnight Black
5377,Xiaomi Redmi Note 14 Pro 4G,3,12/512Gb,Aurora Purple
5378,Xiaomi Redmi Note 14 Pro 4G,3,12/512Gb,Ocean Blue
5379,Xiaomi Redmi Note 14 4G,3,6/128Gb,Lime Green
5380,Xiaomi Redmi Note 14 4G,3,6/128Gb,Mist Purple
5381,Xiaomi Redmi Note 14 4G,3,6/128Gb,Ocean Blue
5382,Xiaomi Redmi Note 14 4G,3,6/128Gb,Midnight Black
5383,Xiaomi Redmi Note 14 4G,3,8/128Gb,Lime Green
5384,Xiaomi Redmi Note 14 4G,3,8/128Gb,Mist Purple
5385,Xiaomi Redmi Note 14 4G,3,8/128Gb,Ocean Blue
5386,Xiaomi Redmi Note 14 4G,3,8/128Gb,Midnight Black
5387,Xiaomi Redmi Note 14 4G,3,8/256Gb,Lime Green
5388,Xiaomi Redmi Note 14 4G,3,8/256Gb,Mist Purple
5389,Xiaomi Redmi Note 14 4G,3,8/256Gb,Ocean Blue
5390,Xiaomi Redmi Note 14 4G,3,8/256Gb,Midnight Black
5391,Xiaomi Poco X7 5G,6,8/128Gb,Black
5392,Xiaomi Poco X7 5G,6,8/128Gb,Green
5393,Xiaomi Poco X7 5G,6,8/128Gb,Silver
5394,Xiaomi Poco X7 5G,6,8/256Gb,Black
5395,Xiaomi Poco X7 5G,6,8/256Gb,Green
5396,Xiaomi Poco X7 5G,6,8/256Gb,Silver
5397,Xiaomi Poco X7 5G,6,12/512Gb,Black
5398,Xiaomi Poco X7 5G,6,12/512Gb,Green
5399,Xiaomi Poco X7 5G,6,12/512Gb,Silver
5400,Xiaomi Poco X7 Pro 5G,6,8/256Gb,Black
5401,Xiaomi Poco X7 Pro 5G,6,8/256Gb,Yellow
5402,Xiaomi Poco X7 Pro 5G,6,8/256Gb,Green
5403,Xiaomi Poco X7 Pro 5G,6,12/256Gb,Black
5404,Xiaomi Poco X7 Pro 5G,6,12/256Gb,Yellow
5405,Xiaomi Poco X7 Pro 5G,6,12/256Gb,Green
5406,Xiaomi Poco X7 Pro 5G,6,12/512Gb,Black
5407,Xiaomi Poco X7 Pro 5G,6,12/512Gb,Yellow
5408,Xiaomi Poco X7 Pro 5G,6,12/512Gb,Green
5409,Samsung Galaxy S25 Ultra 5G,2,12/256Gb,Titanium Silver Blue
5410,Samsung Galaxy S25 Ultra 5G,2,12/256Gb,Titanium Black
5411,Samsung Galaxy S25 Ultra 5G,2,12/256Gb,Titanium White Silver
5412,Samsung Galaxy S25 Ultra 5G,2,12/256Gb,Titanium Gray
5413,Samsung Galaxy S25 Ultra 5G,2,12/256Gb,Titanium Jade Green
5414,Samsung Galaxy S25 Ultra 5G,2,12/256Gb,Titanium Jet Black
5415,Samsung Galaxy S25 Ultra 5G,2,12/256Gb,Titanium Pink Gold
5416,Samsung Galaxy S25 Ultra 5G,2,12/512Gb,Titanium Silver Blue
5417,Samsung Galaxy S25 Ultra 5G,2,12/512Gb,Titanium Black
5418,Samsung Galaxy S25 Ultra 5G,2,12/512Gb,Titanium White Silver
5419,Samsung Galaxy S25 Ultra 5G,2,12/512Gb,Titanium Gray
5420,Samsung Galaxy S25 Ultra 5G,2,12/512Gb,Titanium Jade Green
5421,Samsung Galaxy S25 Ultra 5G,2,12/512Gb,Titanium Jet Black
5422,Samsung Galaxy S25 Ultra 5G,2,12/512Gb,Titanium Pink Gold
5423,Samsung Galaxy S25 Ultra 5G,2,12/1Tb,Titanium Silver Blue
5424,Samsung Galaxy S25 Ultra 5G,2,12/1Tb,Titanium Black
5425,Samsung Galaxy S25 Ultra 5G,2,12/1Tb,Titanium White Silver
5426,Samsung Galaxy S25 Ultra 5G,2,12/1Tb,Titanium Gray
5427,Samsung Galaxy S25 Ultra 5G,2,12/1Tb,Titanium Jade Green
5428,Samsung Galaxy S25 Ultra 5G,2,12/1Tb,Titanium Jet Black
5429,Samsung Galaxy S25 Ultra 5G,2,12/1Tb,Titanium Pink Gold
5430,Samsung Galaxy S25 Ultra 5G,2,16/1Tb,Titanium Silver Blue
5431,Samsung Galaxy S25 Ultra 5G,2,16/1Tb,Titanium Black
5432,Samsung Galaxy S25 Ultra 5G,2,16/1Tb,Titanium White Silver
5433,Samsung Galaxy S25 Ultra 5G,2,16/1Tb,Titanium Gray
5434,Samsung Galaxy S25 Ultra 5G,2,16/1Tb,Titanium Jade Green
5435,Samsung Galaxy S25 Ultra 5G,2,16/1Tb,Titanium Jet Black
5436,Samsung Galaxy S25 Ultra 5G,2,16/1Tb,Titanium Pink Gold
5437,Samsung Galaxy S25 Plus 5G,2,12/256Gb,Icy Blue
5438,Samsung Galaxy S25 Plus 5G,2,12/256Gb,Mint
5439,Samsung Galaxy S25 Plus 5G,2,12/256Gb,Navy
5440,Samsung Galaxy S25 Plus 5G,2,12/256Gb,Silver Shadow
5441,Samsung Galaxy S25 Plus 5G,2,12/256Gb,Pink Gold
5442,Samsung Galaxy S25 Plus 5G,2,12/256Gb,Coral Red
5443,Samsung Galaxy S25 Plus 5G,2,12/256Gb,Blue Black
5444,Samsung Galaxy S25 Plus 5G,2,12/512Gb,Icy Blue
5445,Samsung Galaxy S25 Plus 5G,2,12/512Gb,Mint
5446,Samsung Galaxy S25 Plus 5G,2,12/512Gb,Navy
5447,Samsung Galaxy S25 Plus 5G,2,12/512Gb,Silver Shadow
5448,Samsung Galaxy S25 Plus 5G,2,12/512Gb,Pink Gold
5449,Samsung Galaxy S25 Plus 5G,2,12/512Gb,Coral Red
5450,Samsung Galaxy S25 Plus 5G,2,12/512Gb,Blue Black
5451,Samsung Galaxy S25 5G,2,12/128Gb,Icy Blue
5452,Samsung Galaxy S25 5G,2,12/128Gb,Mint
5453,Samsung Galaxy S25 5G,2,12/128Gb,Navy
5454,Samsung Galaxy S25 5G,2,12/128Gb,Silver Shadow
5455,Samsung Galaxy S25 5G,2,12/128Gb,Pink Gold
5456,Samsung Galaxy S25 5G,2,12/128Gb,Coral Red
5457,Samsung Galaxy S25 5G,2,12/128Gb,Blue Black
5458,Samsung Galaxy S25 5G,2,12/256Gb,Icy Blue
5459,Samsung Galaxy S25 5G,2,12/256Gb,Mint
5460,Samsung Galaxy S25 5G,2,12/256Gb,Navy
5461,Samsung Galaxy S25 5G,2,12/256Gb,Silver Shadow
5462,Samsung Galaxy S25 5G,2,12/256Gb,Pink Gold
5463,Samsung Galaxy S25 5G,2,12/256Gb,Coral Red
5464,Samsung Galaxy S25 5G,2,12/256Gb,Blue Black
5465,Samsung Galaxy S25 5G,2,12/512Gb,Icy Blue
5466,Samsung Galaxy S25 5G,2,12/512Gb,Mint
5467,Samsung Galaxy S25 5G,2,12/512Gb,Navy
5468,Samsung Galaxy S25 5G,2,12/512Gb,Silver Shadow
5469,Samsung Galaxy S25 5G,2,12/512Gb,Pink Gold
5470,Samsung Galaxy S25 5G,2,12/512Gb,Coral Red
5471,Samsung Galaxy S25 5G,2,12/512Gb,Blue Black
5472,Xiaomi Smart Camera C300 Dual,44,,
5473,Xiaomi Smart Camera C301,44,,
5474,Dyson Airwrap Straight+Wavy HS05,88,,Blue/Blush
5475,Dyson Airwrap i.d. Straight+Wavy HS08,88,,Red Velvet/Gold
5476,Dyson Airwrap i.d. Straight+Wavy HS08,88,,Ceramic Patina/Topaz
5477,Dyson Airwrap i.d. Straight+Wavy HS08,88,,Vinca Blue/Topaz
5478,Dyson Airwrap i.d. Straight+Wavy HS08,88,,Jasper plum
5479,Dyson Airwrap i.d. Straight+Wavy HS08,88,,Ceramic Pink/Rose Gold
5480,Dyson Airwrap Complete Long Straight+Wavy HS05,88,,Prussian Blue/Rich Copper
5481,Dyson Airwrap Complete Long Straight+Wavy HS05,88,,Strawberry Bronze/Blush Pink
5482,Dyson Airstrait HT01,89,,Strawberry Bronze/Blush Pink
5483,Dyson Airstrait HT01,89,,Ceramic Pink/Rose Gold
5484,Dyson Airstrait HT01,89,,Nickel / Copper
5485,Dyson Airstrait HT01,89,,Prussian Blue/Rich Copper
5486,Dyson Airstrait HT01,89,,Red Velvet/Gold
5487,Amazfit Active,23,,Midnight Black
5488,Amazfit Active,23,,Petal Pink
5489,Amazfit Active,23,,Lavender Purple
5490,Xiaomi Mi Power Bank 3 Quick Charge Edition 30000mAh,54,,
5491,Xiaomi Magnetic Power Bank 6000mAh,54,,
5492,Mi 50w Power Bank 20000mAh,54,,
5493,Xiaomi 22.5W Power Bank 20000mAh,54,,
5494,Xiaomi 22.5W Power Bank 10000mAh,54,,Black
5495,Xiaomi 22.5W Power Bank 10000mAh,54,,Silver
5496,Xiaomi Mi Power Bank Pocket Edition 10000 mAh,54,,
5497,Apple iPhone 16e (eSim),1,128Gb,Black
5498,Apple iPhone 16e (eSim),1,128Gb,White
5499,Apple iPhone 16e (eSim),1,256Gb,Black
5500,Apple iPhone 16e (eSim),1,256Gb,White
5501,Apple iPhone 16e (eSim),1,512Gb,Black
5502,Apple iPhone 16e (eSim),1,512Gb,White
5503,Apple iPhone 16e (Sim),1,128Gb,Black
5504,Apple iPhone 16e (Sim),1,128Gb,White
5505,Apple iPhone 16e (Sim),1,256Gb,Black
5506,Apple iPhone 16e (Sim),1,256Gb,White
5507,Apple iPhone 16e (Sim),1,512Gb,Black
5508,Apple iPhone 16e (Sim),1,512Gb,White
5509,Dyson V15 Detect Absolute,83,,Yellow Nickle
5510,Dyson V15 Detect Absolute,83,,Gold
5511,Dyson Gen5 Detect Absolute,83,,Prussian Blue/Copper
5512,Dyson G1 Wash,83,,Matte Black/Ultra Blue
5513,Dyson V8 Absolute,83,,
5514,Dyson V10 Total Clean,83,,
5515,Dyson V15S Detect Submarine,83,,Yellow Nickel
5516,Dyson V12 Detect Slim Absolute,83,,
5517,Huawei FreeBuds SE 3,30,,Beige
5518,Huawei FreeBuds SE 3,30,,Black
5519,Samsung Wireless Battery Pack 10.000mAh / 25W Super Fast,58,,
5520,"Tab S9, S9 FE Keyboard",61,,
5521,"Tab S9+, S10+ Keyboard",61,,
5522,"Tab S9 Ultra, S10 Ultra Keyboard",61,,
5523,Honor X9c Smart 5G,4,8/256Gb,Marrs Green
5524,Honor X9c Smart 5G,4,8/256Gb,Midnight Black
5525,Honor X9c Smart 5G,4,8/256Gb,Moonlight White
5526,Honor X9c Smart 5G,4,8/256Gb,Cloud Purple
5527,Honor X5b,4,4/64Gb,Ocean Blue
5528,Honor X5b,4,4/64Gb,Starry Purple
5529,Honor X5b,4,4/64Gb,Midnight Black
5534,Honor X8c,4,6/128Gb,Marrs Green
5535,Honor X8c,4,6/128Gb,Midnight Black
5536,Honor X8c,4,6/128Gb,Moonlight White
5537,Honor X8c,4,6/128Gb,Cloud Purple
5538,Honor X8c,4,8/128Gb,Marrs Green
5539,Honor X8c,4,8/128Gb,Midnight Black
5540,Honor X8c,4,8/128Gb,Moonlight White
5541,Honor X8c,4,8/128Gb,Cloud Purple
5542,Honor X8c,4,8/256Gb,Marrs Green
5543,Honor X8c,4,8/256Gb,Midnight Black
5544,Honor X8c,4,8/256Gb,Moonlight White
5545,Honor X8c,4,8/256Gb,Cloud Purple
5546,Honor X8c,4,8/512Gb,Marrs Green
5547,Honor X8c,4,8/512Gb,Midnight Black
5548,Honor X8c,4,8/512Gb,Moonlight White
5549,Honor X8c,4,8/512Gb,Cloud Purple
5550,Belkin 3-in-1 Werless Charging Pad with MagSafe,91,,Black
5551,Belkin 3-in-1 Werless Charging Pad with MagSafe,91,,White
5552,Belkin 3-in-1 Werless Charging Stand with MagSafe,91,,Black
5553,Belkin 3-in-1 Werless Charging Stand with MagSafe,91,,White
5554,Belkin 3-in-1 Werless Charging Stand with Qi2,91,,Black
5555,Belkin 3-in-1 Werless Charging Stand with Qi2,91,,White
5556,Belkin Magnetic Wireless Charging Stand with Qi2,91,,Black
5557,Belkin Magnetic Wireless Charging Stand with Qi2,91,,White
5558,Belkin Magnetic Wireless Car Charger 10W with MagSafe,91,,Black
5559,Belkin Magnetic Wireless Car Charger 10W with MagSafe,91,,White
5560,Apple Watch Series 10 (Milanese & Link),26,42mm,Natural Milanese Loop
5561,Apple Watch Series 10 (Milanese & Link),26,42mm,Gold Milanese Loop
5562,Apple Watch Series 10 (Milanese & Link),26,42mm,Slate Milanese Loop
5563,Apple Watch Series 10 (Milanese & Link),26,42mm,Natural Link Bracelet
5564,Apple Watch Series 10 (Milanese & Link),26,42mm,Gold Link Bracelet
5565,Apple Watch Series 10 (Milanese & Link),26,42mm,Slate Link Bracelet
5566,Apple Watch Series 10 (Milanese & Link),26,46mm,Natural Milanese Loop
5567,Apple Watch Series 10 (Milanese & Link),26,46mm,Gold Milanese Loop
5568,Apple Watch Series 10 (Milanese & Link),26,46mm,Slate Milanese Loop
5569,Apple Watch Series 10 (Milanese & Link),26,46mm,Natural Link Bracelet
5570,Apple Watch Series 10 (Milanese & Link),26,46mm,Gold Link Bracelet
5571,Apple Watch Series 10 (Milanese & Link),26,46mm,Slate Link Bracelet
5572,JBL Tune 760NC,19,,Black
5573,JBL Tune 760NC,19,,Blue
5574,JBL Tune 760NC,19,,White
5575,JBL Tune 520BT,19,,Blue
5576,JBL Tune 520BT,19,,White
5577,JBL Tune 520BT,19,,Purple
5578,JBL Wave Buds,19,,Black
5579,JBL Wave Buds,19,,Mint
5580,JBL Wave Buds,19,,White
5581,JBL Wave Buds,19,,Beige
5582,JBL Live 660NC,19,,Black
5583,JBL Live 660NC,19,,Blue
5584,JBL Live 660NC,19,,White
5585,JBL Tune 500,19,,Blue
5586,JBL Tune 500,19,,White
5587,JBL Tune 500,19,,Pink
5588,DJI Osmo Mobile 7,47,,
5589,Дисковод PlayStation для PS5 Pro/PS5 Slim,90,,
5590,PlayStation 5 Slim Disck 1Tb,90,,
5591,PlayStation 4 Pro 4K 2Tb,90,,
5592,PlayStation 4 Slim Disc 500Gb,90,,
5593,PlayStation 5 Pro Digital 2Tb,90,,
5594,Вертикальная подставка для PS5/PS5 Slim,90,,
5599,Геймпад для PS 5 - DualSense Wireless Controller,90,,White
5600,PlayStation 5 825Gb,90,,
5601,PlayStation 4 Pro 4K 1Tb,90,,
5602,PlayStation 4 Slim 1Tb,90,,
5603,PlayStation 5 Digital 825Gb,90,,
5604,Xiaomi Buds 5,14,,Graphite Black
5605,Xiaomi Buds 5,14,,Ceramic White
5606,Xiaomi Buds 5,14,,Titan Gray
5607,Xiaomi Redmi Buds 6 Lite,14,,Blue
5608,Xiaomi Buds 5 Pro,14,,Titan Gray
5609,Xiaomi Buds 5 Pro,14,,Ceramic White
5610,Xiaomi Redmi Buds 6 Active,14,,Blue
5611,Xiaomi Redmi Buds 6 Active,14,,Pink
5612,Xiaomi Redmi Buds 6 Pro,14,,Space Black
5613,Xiaomi Redmi Buds 6 Pro,14,,Glacier White
5614,Xiaomi Redmi Buds 6 Pro,14,,Lavender Purple
5615,Xiaomi Redmi Buds 6,14,,Night Black
5616,Xiaomi Redmi Buds 6,14,,Cloud White
5617,Xiaomi Redmi Buds 6,14,,Coral Green
5618,Xiaomi Redmi Buds 6 Play,14,,Blue
5619,Xiaomi Redmi Buds 6 Play,14,,Pink
5620,Meta Quest 3S,51,128Gb,
5621,Meta Quest 3S,51,256Gb,
5622,Marshall Major 5,18,,Brown
5623,Marshall Major 5,18,,Cream
5624,Marshall Major 4,18,,Brown
5625,Dyson Supersonic Nural HD18,84,,Vinca Blue/Topaz
5626,Dyson Supersonic HD08,84,,Nickel/Copper
5627,Dyson Supersonic HD08,84,,Prussian Blue/Rich Copper
5628,Dyson Supersonic HD07,84,,
5629,Dyson Supersonic Nural HD16,84,,
5630,Xiaomi Redmi A3x,3,3/64Gb,Midnight Black
5631,Xiaomi Redmi A3x,3,3/64Gb,Moonlight White
5632,Xiaomi Redmi A3x,3,3/64Gb,Aurora Green
5633,Xiaomi Redmi A3x,3,3/64Gb,Olive Green
5634,Xiaomi Redmi A3x,3,4/64Gb,Midnight Black
5635,Xiaomi Redmi A3x,3,4/64Gb,Moonlight White
5636,Xiaomi Redmi A3x,3,4/64Gb,Aurora Green
5637,Xiaomi Redmi A3x,3,4/64Gb,Olive Green
5638,Xiaomi Redmi A3x,3,4/128Gb,Midnight Black
5639,Xiaomi Redmi A3x,3,4/128Gb,Moonlight White
5640,Xiaomi Redmi A3x,3,4/128Gb,Aurora Green
5641,Xiaomi Redmi A3x,3,4/128Gb,Olive Green
5642,JBL PartyBox Ultimate,20,,
5643,JBL Charge 6,20,,Black
5644,JBL Charge 6,20,,Blue
5645,JBL Charge 6,20,,White
5646,JBL Charge 6,20,,Red
5647,JBL Charge 6,20,,Purple
5648,JBL Charge 6,20,,Squad
5649,JBL Flip 7,20,,Black
5650,JBL Flip 7,20,,Blue
5651,JBL Flip 7,20,,White
5652,JBL Flip 7,20,,Red
5653,JBL Flip 7,20,,Purple
5654,JBL Flip 7,20,,Squad
5655,JBL PartyBox Encore,20,,
5656,Harman Kardon Onyx Studio 9,20,,Black
5657,Harman Kardon Onyx Studio 9,20,,Gray
5658,Harman Kardon Onyx Studio 8,20,,Black
5659,Harman Kardon Onyx Studio 8,20,,Blue
5660,Harman Kardon Onyx Studio 8,20,,Gold
5661,Dyson Corrale HS07,87,,Strawberry Bronze/Blush Pink
5662,Dyson Corrale HS07,87,,Prussian Blue/Rich Copper
5663,Dyson Corrale HS07,87,,Copper/Nickel
5664,Dyson Corrale HS07,87,,Black/Purple
5665,Dyson Corrale HS07,87,,Blue/Blush
5666,Dyson Corrale HS07,87,,Vinca Blue/Rose
5667,Dyson Purifier Cool Gen1 purifying fan TP10,82,,Black/Nickel
5668,Dyson Purifier Cool Gen1 purifying fan TP10,82,,White/Silver
5669,Dyson Purifier Cool Gen1 purifying fan TP10,82,,White
5670,Dyson Purifier Cool purifying fan TP07,82,,Black/Nickel
5671,Dyson Purifier Cool purifying fan TP07,82,,White/Silver
5672,Dyson Purifier Humidify+Cool Formaldehyde PH04,82,,White/Gold
5673,Dyson Purifier Humidify+Cool Formaldehyde PH04,82,,Nickel/Gold
5674,Xiaomi Watch 2,25,,Black
5675,Xiaomi Watch 2,25,,Silver
5676,Xiaomi Redmi Watch 5,25,,Obsidian Black
5677,Xiaomi Redmi Watch 5,25,,Silver Gray
5678,Xiaomi Redmi Watch 5,25,,Lavender Purple
5679,Xiaomi Watch S4,25,,Black
5680,Xiaomi Watch S4,25,,Silver
5681,Xiaomi Watch S4,25,,Rainbow
5682,Xiaomi Smart Band 9 Active,25,,Black
5683,Xiaomi Smart Band 9 Active,25,,Beige White
5684,Xiaomi Smart Band 9 Active,25,,Pink
5685,Яндекс Станция Мини 3,21,,Бирюзовый
5686,Apple Magic Mouse (USB‑C),46,,Black
5687,Apple Magic Mouse (USB‑C),46,,White
5688,Samsung Galaxy A56 5G,2,8/128Gb,Pink
5689,Samsung Galaxy A56 5G,2,8/128Gb,Olive
5690,Samsung Galaxy A56 5G,2,8/128Gb,Graphite
5691,Samsung Galaxy A56 5G,2,8/128Gb,Lightgray
5692,Samsung Galaxy A56 5G,2,8/256Gb,Pink
5693,Samsung Galaxy A56 5G,2,8/256Gb,Olive
5694,Samsung Galaxy A56 5G,2,8/256Gb,Graphite
5695,Samsung Galaxy A56 5G,2,8/256Gb,Lightgray
5696,Samsung Galaxy A56 5G,2,12/256Gb,Pink
5697,Samsung Galaxy A56 5G,2,12/256Gb,Olive
5698,Samsung Galaxy A56 5G,2,12/256Gb,Graphite
5699,Samsung Galaxy A56 5G,2,12/256Gb,Lightgray
5700,Samsung Galaxy A36 5G,2,6/128Gb,Lavender
5701,Samsung Galaxy A36 5G,2,6/128Gb,Black
5702,Samsung Galaxy A36 5G,2,6/128Gb,White
5703,Samsung Galaxy A36 5G,2,6/128Gb,Lime
5704,Samsung Galaxy A36 5G,2,8/128Gb,Lavender
5705,Samsung Galaxy A36 5G,2,8/128Gb,Black
5706,Samsung Galaxy A36 5G,2,8/128Gb,White
5707,Samsung Galaxy A36 5G,2,8/128Gb,Lime
5708,Samsung Galaxy A36 5G,2,8/256Gb,Lavender
5709,Samsung Galaxy A36 5G,2,8/256Gb,Black
5710,Samsung Galaxy A36 5G,2,8/256Gb,White
5711,Samsung Galaxy A36 5G,2,8/256Gb,Lime
5712,Samsung Galaxy A36 5G,2,12/256Gb,Lavender
5713,Samsung Galaxy A36 5G,2,12/256Gb,Black
5714,Samsung Galaxy A36 5G,2,12/256Gb,White
5715,Samsung Galaxy A36 5G,2,12/256Gb,Lime
5716,Xiaomi 15 5G,3,12/256Gb,Black
5717,Xiaomi 15 5G,3,12/256Gb,Green
5718,Xiaomi 15 5G,3,12/256Gb,White
5719,Xiaomi 15 5G,3,12/256Gb,Liquid Silver
5720,Xiaomi 15 5G,3,12/512Gb,Black
5721,Xiaomi 15 5G,3,12/512Gb,Green
5722,Xiaomi 15 5G,3,12/512Gb,White
5723,Xiaomi 15 5G,3,12/512Gb,Liquid Silver
5724,Xiaomi 15 Ultra 5G,3,16/1Tb,Black
5725,Xiaomi 15 Ultra 5G,3,16/1Tb,Silver Chrome
5726,Xiaomi 15 Ultra 5G,3,16/1Tb,White
5727,Xiaomi 15 Ultra 5G,3,16/512Gb,Black
5728,Xiaomi 15 Ultra 5G,3,16/512Gb,Silver Chrome
5729,Xiaomi 15 Ultra 5G,3,16/512Gb,White
5730,Xiaomi Pad 7 (Wifi),12,8/128Gb,Gray
5731,Xiaomi Pad 7 (Wifi),12,8/128Gb,Blue
5732,Xiaomi Pad 7 (Wifi),12,8/128Gb,Green
5733,Xiaomi Pad 7 (Wifi),12,8/256Gb,Gray
5734,Xiaomi Pad 7 (Wifi),12,8/256Gb,Blue
5735,Xiaomi Pad 7 (Wifi),12,8/256Gb,Green
5736,Xiaomi Pad 7 (Wifi),12,12/256Gb,Gray
5737,Xiaomi Pad 7 (Wifi),12,12/256Gb,Blue
5738,Xiaomi Pad 7 (Wifi),12,12/256Gb,Green
5739,Xiaomi Pad 7 Pro (Wifi),12,8/128Gb,Gray
5740,Xiaomi Pad 7 Pro (Wifi),12,8/128Gb,Blue
5741,Xiaomi Pad 7 Pro (Wifi),12,8/128Gb,Green
5742,Xiaomi Pad 7 Pro (Wifi),12,8/256Gb,Gray
5743,Xiaomi Pad 7 Pro (Wifi),12,8/256Gb,Blue
5744,Xiaomi Pad 7 Pro (Wifi),12,8/256Gb,Green
5745,Xiaomi Pad 7 Pro (Wifi),12,12/512Gb,Gray
5746,Xiaomi Pad 7 Pro (Wifi),12,12/512Gb,Blue
5747,Xiaomi Pad 7 Pro (Wifi),12,12/512Gb,Green
5748,Redmi Smart Pen for Redmi Pad Pro,65,,
5749,Xiaomi Pad 7 / 7 Pro Focus Keyboard,60,,
5750,Xiaomi Pad 7 / 7 Pro Keyboard,60,,
5751,Huawei FreeBuds Pro 4,30,,Black
5752,Huawei FreeBuds Pro 4,30,,White
5753,Huawei FreeBuds Pro 4,30,,Green
5754,Apple AirPods Max (USB-C),15,,
5755,Apple AirPods Max (Lightning),15,,
5756,Samsung Earphones (Mini Jack 3.5mm),16,,
5757,Samsung Galaxy A26 5G,2,6/128Gb,Black
5758,Samsung Galaxy A26 5G,2,6/128Gb,White
5759,Samsung Galaxy A26 5G,2,6/128Gb,Mint
5760,Samsung Galaxy A26 5G,2,6/128Gb,Peach Pink
5761,Samsung Galaxy A26 5G,2,8/128Gb,Black
5762,Samsung Galaxy A26 5G,2,8/128Gb,White
5763,Samsung Galaxy A26 5G,2,8/128Gb,Mint
5764,Samsung Galaxy A26 5G,2,8/128Gb,Peach Pink
5765,Samsung Galaxy A26 5G,2,8/256Gb,Black
5766,Samsung Galaxy A26 5G,2,8/256Gb,White
5767,Samsung Galaxy A26 5G,2,8/256Gb,Mint
5768,Samsung Galaxy A26 5G,2,8/256Gb,Peach Pink
5769,Apple EarPods (3.5 mm),15,,
5770,Xiaomi Redmi Note 14S,3,8/256Gb,Midnight Black
5771,Xiaomi Redmi Note 14S,3,8/256Gb,Ocean Blue
5772,Xiaomi Redmi Note 14S,3,8/256Gb,Aurora Purple
5773,Xiaomi Redmi Note 14S,3,8/128Gb,Midnight Black
5774,Xiaomi Redmi Note 14S,3,8/128Gb,Ocean Blue
5775,Xiaomi Redmi Note 14S,3,8/128Gb,Aurora Purple
5776,Xiaomi Redmi Note 14S,3,12/512Gb,Midnight Black
5777,Xiaomi Redmi Note 14S,3,12/512Gb,Ocean Blue
5778,Xiaomi Redmi Note 14S,3,12/512Gb,Aurora Purple
5849,Apple iPad 10 (Sim),13,64Gb,
5850,Apple iPad 10 (Sim),13,256Gb,
5851,"Apple iPad Pro 13"" M4 (Wifi)",13,256Gb,
5852,"Apple iPad Pro 13"" M4 (Wifi)",13,512Gb,
5853,"Apple iPad Pro 13"" M4 (Wifi)",13,1Tb,
5854,"Apple iPad Pro 13"" M4 (Wifi)",13,2Tb,
5855,"Apple iPad Air 11"" M2 (Sim)",13,128Gb,
5856,"Apple iPad Air 11"" M2 (Sim)",13,256Gb,
5857,"Apple iPad Air 11"" M2 (Sim)",13,512Gb,
5858,Apple iPad 10 (Wifi),13,64Gb,
5859,Apple iPad 10 (Wifi),13,256Gb,
5860,Apple iPad 9 (Sim),13,64Gb,
5861,Apple iPad 9 (Sim),13,256Gb,
5862,"Apple iPad Air 11"" M2 (Wifi)",13,128Gb,
5863,"Apple iPad Air 11"" M2 (Wifi)",13,256Gb,
5864,"Apple iPad Air 11"" M2 (Wifi)",13,512Gb,
5865,"Apple iPad Pro 12.9"" M2 (Sim)",13,128Gb,
5866,"Apple iPad Pro 12.9"" M2 (Sim)",13,256Gb,
5867,"Apple iPad Pro 12.9"" M2 (Sim)",13,512Gb,
5868,"Apple iPad Pro 12.9"" M2 (Sim)",13,1Tb,
5869,"Apple iPad Pro 12.9"" M2 (Sim)",13,2Tb,
5870,"Apple iPad Air 13"" M2 (Sim)",13,128Gb,
5871,"Apple iPad Air 13"" M2 (Sim)",13,256Gb,
5872,"Apple iPad Air 13"" M2 (Sim)",13,512Gb,
5873,"Apple iPad Air 10.9"" M1 (Sim)",13,64Gb,
5874,"Apple iPad Air 10.9"" M1 (Sim)",13,256Gb,
5875,"Apple iPad Pro 11"" M4 (Wifi)",13,256Gb,
5876,"Apple iPad Pro 11"" M4 (Wifi)",13,512Gb,
5877,"Apple iPad Pro 11"" M4 (Wifi)",13,1Tb,
5878,"Apple iPad Pro 11"" M4 (Wifi)",13,2Tb,
5879,Apple iPad 9 (Wifi),13,64Gb,
5880,Apple iPad 9 (Wifi),13,256Gb,
5881,"Apple iPad Pro 13"" M4 (Sim)",13,256Gb,
5882,"Apple iPad Pro 13"" M4 (Sim)",13,512Gb,
5883,"Apple iPad Pro 13"" M4 (Sim)",13,1Tb,
5884,"Apple iPad Pro 13"" M4 (Sim)",13,2Tb,
5885,"Apple iPad Pro 11"" M2 (Sim)",13,128Gb,
5886,"Apple iPad Pro 11"" M2 (Sim)",13,256Gb,
5887,"Apple iPad Pro 11"" M2 (Sim)",13,512Gb,
5888,"Apple iPad Pro 11"" M2 (Sim)",13,1Tb,
5889,"Apple iPad Pro 11"" M2 (Sim)",13,2Tb,
5890,"Apple iPad mini 6 8.3"" (Sim)",13,64Gb,
5891,"Apple iPad mini 6 8.3"" (Sim)",13,256Gb,
5892,"Apple iPad mini 7 8.3"" (Wifi)",13,128Gb,
5893,"Apple iPad mini 7 8.3"" (Wifi)",13,256Gb,
5894,"Apple iPad mini 7 8.3"" (Wifi)",13,512Gb,
5895,"Apple iPad Pro 11"" M2 (Wifi)",13,128Gb,
5896,"Apple iPad Pro 11"" M2 (Wifi)",13,256Gb,
5897,"Apple iPad Pro 11"" M2 (Wifi)",13,512Gb,
5898,"Apple iPad Pro 11"" M2 (Wifi)",13,1Tb,
5899,"Apple iPad Pro 11"" M2 (Wifi)",13,2Tb,
5900,"Apple iPad Air 10.9"" M1 (Wifi)",13,64Gb,
5901,"Apple iPad Air 10.9"" M1 (Wifi)",13,256Gb,
5902,"Apple iPad Pro 11"" M4 (Sim)",13,256Gb,
5903,"Apple iPad Pro 11"" M4 (Sim)",13,512Gb,
5904,"Apple iPad Pro 11"" M4 (Sim)",13,1Tb,
5905,"Apple iPad Pro 11"" M4 (Sim)",13,2Tb,
5906,"Apple iPad mini 6 8.3"" (Wifi)",13,64Gb,
5907,"Apple iPad mini 6 8.3"" (Wifi)",13,256Gb,
5908,"Apple iPad mini 7 8.3"" (Sim)",13,128Gb,
5909,"Apple iPad mini 7 8.3"" (Sim)",13,256Gb,
5910,"Apple iPad mini 7 8.3"" (Sim)",13,512Gb,
5911,"Apple iPad Air 13"" M2 (Wifi)",13,128Gb,
5912,"Apple iPad Air 13"" M2 (Wifi)",13,256Gb,
5913,"Apple iPad Air 13"" M2 (Wifi)",13,512Gb,
5914,"Apple iPad Pro 12.9"" M2 (Wifi)",13,128Gb,
5915,"Apple iPad Pro 12.9"" M2 (Wifi)",13,256Gb,
5916,"Apple iPad Pro 12.9"" M2 (Wifi)",13,512Gb,
5917,"Apple iPad Pro 12.9"" M2 (Wifi)",13,1Tb,
5918,"Apple iPad Pro 12.9"" M2 (Wifi)",13,2Tb,
5923,"Apple iPad Air 13"" M3 (Wifi)",13,128Gb,Space Gray
5924,"Apple iPad Air 13"" M3 (Wifi)",13,128Gb,Starlight
5925,"Apple iPad Air 13"" M3 (Wifi)",13,128Gb,Purple
5926,"Apple iPad Air 13"" M3 (Wifi)",13,128Gb,Blue
5927,"Apple iPad Air 13"" M3 (Wifi)",13,256Gb,Space Gray
5928,"Apple iPad Air 13"" M3 (Wifi)",13,256Gb,Starlight
5929,"Apple iPad Air 13"" M3 (Wifi)",13,256Gb,Purple
5930,"Apple iPad Air 13"" M3 (Wifi)",13,256Gb,Blue
5931,"Apple iPad Air 13"" M3 (Wifi)",13,512Gb,Space Gray
5932,"Apple iPad Air 13"" M3 (Wifi)",13,512Gb,Starlight
5933,"Apple iPad Air 13"" M3 (Wifi)",13,512Gb,Purple
5934,"Apple iPad Air 13"" M3 (Wifi)",13,512Gb,Blue
5935,"Apple iPad Air 13"" M3 (Wifi)",13,1Tb,Space Gray
5936,"Apple iPad Air 13"" M3 (Wifi)",13,1Tb,Starlight
5937,"Apple iPad Air 13"" M3 (Wifi)",13,1Tb,Purple
5938,"Apple iPad Air 13"" M3 (Wifi)",13,1Tb,Blue
5943,"Apple iPad Air 11"" M3 (Sim)",13,128Gb,Space Gray
5944,"Apple iPad Air 11"" M3 (Sim)",13,128Gb,Starlight
5945,"Apple iPad Air 11"" M3 (Sim)",13,128Gb,Purple
5946,"Apple iPad Air 11"" M3 (Sim)",13,128Gb,Blue
5947,"Apple iPad Air 11"" M3 (Sim)",13,256Gb,Space Gray
5948,"Apple iPad Air 11"" M3 (Sim)",13,256Gb,Starlight
5949,"Apple iPad Air 11"" M3 (Sim)",13,256Gb,Purple
5950,"Apple iPad Air 11"" M3 (Sim)",13,256Gb,Blue
5951,"Apple iPad Air 11"" M3 (Sim)",13,512Gb,Space Gray
5952,"Apple iPad Air 11"" M3 (Sim)",13,512Gb,Starlight
5953,"Apple iPad Air 11"" M3 (Sim)",13,512Gb,Purple
5954,"Apple iPad Air 11"" M3 (Sim)",13,512Gb,Blue
5955,"Apple iPad Air 11"" M3 (Sim)",13,1Tb,Space Gray
5956,"Apple iPad Air 11"" M3 (Sim)",13,1Tb,Starlight
5957,"Apple iPad Air 11"" M3 (Sim)",13,1Tb,Purple
5958,"Apple iPad Air 11"" M3 (Sim)",13,1Tb,Blue
5963,"Apple iPad Air 13"" M3 (Sim)",13,128Gb,Space Gray
5964,"Apple iPad Air 13"" M3 (Sim)",13,128Gb,Starlight
5965,"Apple iPad Air 13"" M3 (Sim)",13,128Gb,Purple
5966,"Apple iPad Air 13"" M3 (Sim)",13,128Gb,Blue
5967,"Apple iPad Air 13"" M3 (Sim)",13,256Gb,Space Gray
5968,"Apple iPad Air 13"" M3 (Sim)",13,256Gb,Starlight
5969,"Apple iPad Air 13"" M3 (Sim)",13,256Gb,Purple
5970,"Apple iPad Air 13"" M3 (Sim)",13,256Gb,Blue
5971,"Apple iPad Air 13"" M3 (Sim)",13,512Gb,Space Gray
5972,"Apple iPad Air 13"" M3 (Sim)",13,512Gb,Starlight
5973,"Apple iPad Air 13"" M3 (Sim)",13,512Gb,Purple
5974,"Apple iPad Air 13"" M3 (Sim)",13,512Gb,Blue
5975,"Apple iPad Air 13"" M3 (Sim)",13,1Tb,Space Gray
5976,"Apple iPad Air 13"" M3 (Sim)",13,1Tb,Starlight
5977,"Apple iPad Air 13"" M3 (Sim)",13,1Tb,Purple
5978,"Apple iPad Air 13"" M3 (Sim)",13,1Tb,Blue
5983,"Apple iPad Air 11"" M3 (Wifi)",13,128Gb,Space Gray
5984,"Apple iPad Air 11"" M3 (Wifi)",13,128Gb,Starlight
5985,"Apple iPad Air 11"" M3 (Wifi)",13,128Gb,Purple
5986,"Apple iPad Air 11"" M3 (Wifi)",13,128Gb,Blue
5987,"Apple iPad Air 11"" M3 (Wifi)",13,256Gb,Space Gray
5988,"Apple iPad Air 11"" M3 (Wifi)",13,256Gb,Starlight
5989,"Apple iPad Air 11"" M3 (Wifi)",13,256Gb,Purple
5990,"Apple iPad Air 11"" M3 (Wifi)",13,256Gb,Blue
5991,"Apple iPad Air 11"" M3 (Wifi)",13,512Gb,Space Gray
5992,"Apple iPad Air 11"" M3 (Wifi)",13,512Gb,Starlight
5993,"Apple iPad Air 11"" M3 (Wifi)",13,512Gb,Purple
5994,"Apple iPad Air 11"" M3 (Wifi)",13,512Gb,Blue
5995,"Apple iPad Air 11"" M3 (Wifi)",13,1Tb,Space Gray
5996,"Apple iPad Air 11"" M3 (Wifi)",13,1Tb,Starlight
5997,"Apple iPad Air 11"" M3 (Wifi)",13,1Tb,Purple
5998,"Apple iPad Air 11"" M3 (Wifi)",13,1Tb,Blue
5999,"Apple iPad Air 13"" M3 (Wifi)",13,128Gb,
6000,"Apple iPad Air 13"" M3 (Wifi)",13,256Gb,
6001,"Apple iPad Air 13"" M3 (Wifi)",13,512Gb,
6002,"Apple iPad Air 13"" M3 (Wifi)",13,1Tb,
6003,"Apple iPad Air 11"" M3 (Sim)",13,128Gb,
6004,"Apple iPad Air 11"" M3 (Sim)",13,256Gb,
6005,"Apple iPad Air 11"" M3 (Sim)",13,512Gb,
6006,"Apple iPad Air 11"" M3 (Sim)",13,1Tb,
6007,"Apple iPad Air 13"" M3 (Sim)",13,128Gb,
6008,"Apple iPad Air 13"" M3 (Sim)",13,256Gb,
6009,"Apple iPad Air 13"" M3 (Sim)",13,512Gb,
6010,"Apple iPad Air 13"" M3 (Sim)",13,1Tb,
6011,"Apple iPad Air 11"" M3 (Wifi)",13,128Gb,
6012,"Apple iPad Air 11"" M3 (Wifi)",13,256Gb,
6013,"Apple iPad Air 11"" M3 (Wifi)",13,512Gb,
6014,"Apple iPad Air 11"" M3 (Wifi)",13,1Tb,
6015,"Apple MacBook Air 15"" (M4 10-Core)",22,8/256Gb,Sky Blue
6016,"Apple MacBook Air 15"" (M4 10-Core)",22,8/256Gb,Silver
6017,"Apple MacBook Air 15"" (M4 10-Core)",22,8/256Gb,Starlight
6018,"Apple MacBook Air 15"" (M4 10-Core)",22,8/256Gb,Midnight
6019,"Apple MacBook Air 15"" (M4 10-Core)",22,8/512Gb,Sky Blue
6020,"Apple MacBook Air 15"" (M4 10-Core)",22,8/512Gb,Silver
6021,"Apple MacBook Air 15"" (M4 10-Core)",22,8/512Gb,Starlight
6022,"Apple MacBook Air 15"" (M4 10-Core)",22,8/512Gb,Midnight
6023,"Apple MacBook Air 15"" (M4 10-Core)",22,8/1Tb,Sky Blue
6024,"Apple MacBook Air 15"" (M4 10-Core)",22,8/1Tb,Silver
6025,"Apple MacBook Air 15"" (M4 10-Core)",22,8/1Tb,Starlight
6026,"Apple MacBook Air 15"" (M4 10-Core)",22,8/1Tb,Midnight
6027,"Apple MacBook Air 15"" (M4 10-Core)",22,8/2Tb,Sky Blue
6028,"Apple MacBook Air 15"" (M4 10-Core)",22,8/2Tb,Silver
6029,"Apple MacBook Air 15"" (M4 10-Core)",22,8/2Tb,Starlight
6030,"Apple MacBook Air 15"" (M4 10-Core)",22,8/2Tb,Midnight
6031,"Apple MacBook Air 15"" (M4 10-Core)",22,16/256Gb,Sky Blue
6032,"Apple MacBook Air 15"" (M4 10-Core)",22,16/256Gb,Silver
6033,"Apple MacBook Air 15"" (M4 10-Core)",22,16/256Gb,Starlight
6034,"Apple MacBook Air 15"" (M4 10-Core)",22,16/256Gb,Midnight
6035,"Apple MacBook Air 15"" (M4 10-Core)",22,16/512Gb,Sky Blue
6036,"Apple MacBook Air 15"" (M4 10-Core)",22,16/512Gb,Silver
6037,"Apple MacBook Air 15"" (M4 10-Core)",22,16/512Gb,Starlight
6038,"Apple MacBook Air 15"" (M4 10-Core)",22,16/512Gb,Midnight
6039,"Apple MacBook Air 15"" (M4 10-Core)",22,16/1Tb,Sky Blue
6040,"Apple MacBook Air 15"" (M4 10-Core)",22,16/1Tb,Silver
6041,"Apple MacBook Air 15"" (M4 10-Core)",22,16/1Tb,Starlight
6042,"Apple MacBook Air 15"" (M4 10-Core)",22,16/1Tb,Midnight
6043,"Apple MacBook Air 15"" (M4 10-Core)",22,16/2Tb,Sky Blue
6044,"Apple MacBook Air 15"" (M4 10-Core)",22,16/2Tb,Silver
6045,"Apple MacBook Air 15"" (M4 10-Core)",22,16/2Tb,Starlight
6046,"Apple MacBook Air 15"" (M4 10-Core)",22,16/2Tb,Midnight
6047,"Apple MacBook Air 15"" (M4 10-Core)",22,24/256Gb,Sky Blue
6048,"Apple MacBook Air 15"" (M4 10-Core)",22,24/256Gb,Silver
6049,"Apple MacBook Air 15"" (M4 10-Core)",22,24/256Gb,Starlight
6050,"Apple MacBook Air 15"" (M4 10-Core)",22,24/256Gb,Midnight
6051,"Apple MacBook Air 15"" (M4 10-Core)",22,24/512Gb,Sky Blue
6052,"Apple MacBook Air 15"" (M4 10-Core)",22,24/512Gb,Silver
6053,"Apple MacBook Air 15"" (M4 10-Core)",22,24/512Gb,Starlight
6054,"Apple MacBook Air 15"" (M4 10-Core)",22,24/512Gb,Midnight
6055,"Apple MacBook Air 15"" (M4 10-Core)",22,24/1Tb,Sky Blue
6056,"Apple MacBook Air 15"" (M4 10-Core)",22,24/1Tb,Silver
6057,"Apple MacBook Air 15"" (M4 10-Core)",22,24/1Tb,Starlight
6058,"Apple MacBook Air 15"" (M4 10-Core)",22,24/1Tb,Midnight
6059,"Apple MacBook Air 15"" (M4 10-Core)",22,24/2Tb,Sky Blue
6060,"Apple MacBook Air 15"" (M4 10-Core)",22,24/2Tb,Silver
6061,"Apple MacBook Air 15"" (M4 10-Core)",22,24/2Tb,Starlight
6062,"Apple MacBook Air 15"" (M4 10-Core)",22,24/2Tb,Midnight
6063,"Apple MacBook Air 13.6"" (M4 10-Core)",22,8/256Gb,Sky Blue
6064,"Apple MacBook Air 13.6"" (M4 10-Core)",22,8/256Gb,Silver
6065,"Apple MacBook Air 13.6"" (M4 10-Core)",22,8/256Gb,Starlight
6066,"Apple MacBook Air 13.6"" (M4 10-Core)",22,8/256Gb,Midnight
6067,"Apple MacBook Air 13.6"" (M4 10-Core)",22,8/512Gb,Sky Blue
6068,"Apple MacBook Air 13.6"" (M4 10-Core)",22,8/512Gb,Silver
6069,"Apple MacBook Air 13.6"" (M4 10-Core)",22,8/512Gb,Starlight
6070,"Apple MacBook Air 13.6"" (M4 10-Core)",22,8/512Gb,Midnight
6071,"Apple MacBook Air 13.6"" (M4 10-Core)",22,8/1Tb,Sky Blue
6072,"Apple MacBook Air 13.6"" (M4 10-Core)",22,8/1Tb,Silver
6073,"Apple MacBook Air 13.6"" (M4 10-Core)",22,8/1Tb,Starlight
6074,"Apple MacBook Air 13.6"" (M4 10-Core)",22,8/1Tb,Midnight
6075,"Apple MacBook Air 13.6"" (M4 10-Core)",22,8/2Tb,Sky Blue
6076,"Apple MacBook Air 13.6"" (M4 10-Core)",22,8/2Tb,Silver
6077,"Apple MacBook Air 13.6"" (M4 10-Core)",22,8/2Tb,Starlight
6078,"Apple MacBook Air 13.6"" (M4 10-Core)",22,8/2Tb,Midnight
6079,"Apple MacBook Air 13.6"" (M4 10-Core)",22,16/256Gb,Sky Blue
6080,"Apple MacBook Air 13.6"" (M4 10-Core)",22,16/256Gb,Silver
6081,"Apple MacBook Air 13.6"" (M4 10-Core)",22,16/256Gb,Starlight
6082,"Apple MacBook Air 13.6"" (M4 10-Core)",22,16/256Gb,Midnight
6083,"Apple MacBook Air 13.6"" (M4 10-Core)",22,16/512Gb,Sky Blue
6084,"Apple MacBook Air 13.6"" (M4 10-Core)",22,16/512Gb,Silver
6085,"Apple MacBook Air 13.6"" (M4 10-Core)",22,16/512Gb,Starlight
6086,"Apple MacBook Air 13.6"" (M4 10-Core)",22,16/512Gb,Midnight
6087,"Apple MacBook Air 13.6"" (M4 10-Core)",22,16/1Tb,Sky Blue
6088,"Apple MacBook Air 13.6"" (M4 10-Core)",22,16/1Tb,Silver
6089,"Apple MacBook Air 13.6"" (M4 10-Core)",22,16/1Tb,Starlight
6090,"Apple MacBook Air 13.6"" (M4 10-Core)",22,16/1Tb,Midnight
6091,"Apple MacBook Air 13.6"" (M4 10-Core)",22,16/2Tb,Sky Blue
6092,"Apple MacBook Air 13.6"" (M4 10-Core)",22,16/2Tb,Silver
6093,"Apple MacBook Air 13.6"" (M4 10-Core)",22,16/2Tb,Starlight
6094,"Apple MacBook Air 13.6"" (M4 10-Core)",22,16/2Tb,Midnight
6095,"Apple MacBook Air 13.6"" (M4 10-Core)",22,24/256Gb,Sky Blue
6096,"Apple MacBook Air 13.6"" (M4 10-Core)",22,24/256Gb,Silver
6097,"Apple MacBook Air 13.6"" (M4 10-Core)",22,24/256Gb,Starlight
6098,"Apple MacBook Air 13.6"" (M4 10-Core)",22,24/256Gb,Midnight
6099,"Apple MacBook Air 13.6"" (M4 10-Core)",22,24/512Gb,Sky Blue
6100,"Apple MacBook Air 13.6"" (M4 10-Core)",22,24/512Gb,Silver
6101,"Apple MacBook Air 13.6"" (M4 10-Core)",22,24/512Gb,Starlight
6102,"Apple MacBook Air 13.6"" (M4 10-Core)",22,24/512Gb,Midnight
6103,"Apple MacBook Air 13.6"" (M4 10-Core)",22,24/1Tb,Sky Blue
6104,"Apple MacBook Air 13.6"" (M4 10-Core)",22,24/1Tb,Silver
6105,"Apple MacBook Air 13.6"" (M4 10-Core)",22,24/1Tb,Starlight
6106,"Apple MacBook Air 13.6"" (M4 10-Core)",22,24/1Tb,Midnight
6107,"Apple MacBook Air 13.6"" (M4 10-Core)",22,24/2Tb,Sky Blue
6108,"Apple MacBook Air 13.6"" (M4 10-Core)",22,24/2Tb,Silver
6109,"Apple MacBook Air 13.6"" (M4 10-Core)",22,24/2Tb,Starlight
6110,"Apple MacBook Air 13.6"" (M4 10-Core)",22,24/2Tb,Midnight
6111,"Apple MacBook Air 13.6"" (M4 8-Core)",22,8/256Gb,Sky Blue
6112,"Apple MacBook Air 13.6"" (M4 8-Core)",22,8/256Gb,Silver
6113,"Apple MacBook Air 13.6"" (M4 8-Core)",22,8/256Gb,Starlight
6114,"Apple MacBook Air 13.6"" (M4 8-Core)",22,8/256Gb,Midnight
6115,"Apple MacBook Air 13.6"" (M4 8-Core)",22,8/512Gb,Sky Blue
6116,"Apple MacBook Air 13.6"" (M4 8-Core)",22,8/512Gb,Silver
6117,"Apple MacBook Air 13.6"" (M4 8-Core)",22,8/512Gb,Starlight
6118,"Apple MacBook Air 13.6"" (M4 8-Core)",22,8/512Gb,Midnight
6119,"Apple MacBook Air 13.6"" (M4 8-Core)",22,8/1Tb,Sky Blue
6120,"Apple MacBook Air 13.6"" (M4 8-Core)",22,8/1Tb,Silver
6121,"Apple MacBook Air 13.6"" (M4 8-Core)",22,8/1Tb,Starlight
6122,"Apple MacBook Air 13.6"" (M4 8-Core)",22,8/1Tb,Midnight
6123,"Apple MacBook Air 13.6"" (M4 8-Core)",22,8/2Tb,Sky Blue
6124,"Apple MacBook Air 13.6"" (M4 8-Core)",22,8/2Tb,Silver
6125,"Apple MacBook Air 13.6"" (M4 8-Core)",22,8/2Tb,Starlight
6126,"Apple MacBook Air 13.6"" (M4 8-Core)",22,8/2Tb,Midnight
6127,"Apple MacBook Air 13.6"" (M4 8-Core)",22,16/256Gb,Sky Blue
6128,"Apple MacBook Air 13.6"" (M4 8-Core)",22,16/256Gb,Silver
6129,"Apple MacBook Air 13.6"" (M4 8-Core)",22,16/256Gb,Starlight
6130,"Apple MacBook Air 13.6"" (M4 8-Core)",22,16/256Gb,Midnight
6131,"Apple MacBook Air 13.6"" (M4 8-Core)",22,16/512Gb,Sky Blue
6132,"Apple MacBook Air 13.6"" (M4 8-Core)",22,16/512Gb,Silver
6133,"Apple MacBook Air 13.6"" (M4 8-Core)",22,16/512Gb,Starlight
6134,"Apple MacBook Air 13.6"" (M4 8-Core)",22,16/512Gb,Midnight
6135,"Apple MacBook Air 13.6"" (M4 8-Core)",22,16/1Tb,Sky Blue
6136,"Apple MacBook Air 13.6"" (M4 8-Core)",22,16/1Tb,Silver
6137,"Apple MacBook Air 13.6"" (M4 8-Core)",22,16/1Tb,Starlight
6138,"Apple MacBook Air 13.6"" (M4 8-Core)",22,16/1Tb,Midnight
6139,"Apple MacBook Air 13.6"" (M4 8-Core)",22,16/2Tb,Sky Blue
6140,"Apple MacBook Air 13.6"" (M4 8-Core)",22,16/2Tb,Silver
6141,"Apple MacBook Air 13.6"" (M4 8-Core)",22,16/2Tb,Starlight
6142,"Apple MacBook Air 13.6"" (M4 8-Core)",22,16/2Tb,Midnight
6143,"Apple MacBook Air 13.6"" (M4 8-Core)",22,24/256Gb,Sky Blue
6144,"Apple MacBook Air 13.6"" (M4 8-Core)",22,24/256Gb,Silver
6145,"Apple MacBook Air 13.6"" (M4 8-Core)",22,24/256Gb,Starlight
6146,"Apple MacBook Air 13.6"" (M4 8-Core)",22,24/256Gb,Midnight
6147,"Apple MacBook Air 13.6"" (M4 8-Core)",22,24/512Gb,Sky Blue
6148,"Apple MacBook Air 13.6"" (M4 8-Core)",22,24/512Gb,Silver
6149,"Apple MacBook Air 13.6"" (M4 8-Core)",22,24/512Gb,Starlight
6150,"Apple MacBook Air 13.6"" (M4 8-Core)",22,24/512Gb,Midnight
6151,"Apple MacBook Air 13.6"" (M4 8-Core)",22,24/1Tb,Sky Blue
6152,"Apple MacBook Air 13.6"" (M4 8-Core)",22,24/1Tb,Silver
6153,"Apple MacBook Air 13.6"" (M4 8-Core)",22,24/1Tb,Starlight
6154,"Apple MacBook Air 13.6"" (M4 8-Core)",22,24/1Tb,Midnight
6155,"Apple MacBook Air 13.6"" (M4 8-Core)",22,24/2Tb,Sky Blue
6156,"Apple MacBook Air 13.6"" (M4 8-Core)",22,24/2Tb,Silver
6157,"Apple MacBook Air 13.6"" (M4 8-Core)",22,24/2Tb,Starlight
6158,"Apple MacBook Air 13.6"" (M4 8-Core)",22,24/2Tb,Midnight
6159,"Apple MacBook Air 15"" (M4 10-Core)",22,8/256Gb,
6160,"Apple MacBook Air 15"" (M4 10-Core)",22,8/512Gb,
6161,"Apple MacBook Air 15"" (M4 10-Core)",22,8/1Tb,
6162,"Apple MacBook Air 15"" (M4 10-Core)",22,8/2Tb,
6163,"Apple MacBook Air 15"" (M4 10-Core)",22,16/256Gb,
6164,"Apple MacBook Air 15"" (M4 10-Core)",22,16/512Gb,
6165,"Apple MacBook Air 15"" (M4 10-Core)",22,16/1Tb,
6166,"Apple MacBook Air 15"" (M4 10-Core)",22,16/2Tb,
6167,"Apple MacBook Air 15"" (M4 10-Core)",22,24/256Gb,
6168,"Apple MacBook Air 15"" (M4 10-Core)",22,24/512Gb,
6169,"Apple MacBook Air 15"" (M4 10-Core)",22,24/1Tb,
6170,"Apple MacBook Air 15"" (M4 10-Core)",22,24/2Tb,
6171,"Apple MacBook Air 13.6"" (M4 10-Core)",22,8/256Gb,
6172,"Apple MacBook Air 13.6"" (M4 10-Core)",22,8/512Gb,
6173,"Apple MacBook Air 13.6"" (M4 10-Core)",22,8/1Tb,
6174,"Apple MacBook Air 13.6"" (M4 10-Core)",22,8/2Tb,
6175,"Apple MacBook Air 13.6"" (M4 10-Core)",22,16/256Gb,
6176,"Apple MacBook Air 13.6"" (M4 10-Core)",22,16/512Gb,
6177,"Apple MacBook Air 13.6"" (M4 10-Core)",22,16/1Tb,
6178,"Apple MacBook Air 13.6"" (M4 10-Core)",22,16/2Tb,
6179,"Apple MacBook Air 13.6"" (M4 10-Core)",22,24/256Gb,
6180,"Apple MacBook Air 13.6"" (M4 10-Core)",22,24/512Gb,
6181,"Apple MacBook Air 13.6"" (M4 10-Core)",22,24/1Tb,
6182,"Apple MacBook Air 13.6"" (M4 10-Core)",22,24/2Tb,
6183,"Apple MacBook Air 13.6"" (M4 8-Core)",22,8/256Gb,
6184,"Apple MacBook Air 13.6"" (M4 8-Core)",22,8/512Gb,
6185,"Apple MacBook Air 13.6"" (M4 8-Core)",22,8/1Tb,
6186,"Apple MacBook Air 13.6"" (M4 8-Core)",22,8/2Tb,
6187,"Apple MacBook Air 13.6"" (M4 8-Core)",22,16/256Gb,
6188,"Apple MacBook Air 13.6"" (M4 8-Core)",22,16/512Gb,
6189,"Apple MacBook Air 13.6"" (M4 8-Core)",22,16/1Tb,
6190,"Apple MacBook Air 13.6"" (M4 8-Core)",22,16/2Tb,
6191,"Apple MacBook Air 13.6"" (M4 8-Core)",22,24/256Gb,
6192,"Apple MacBook Air 13.6"" (M4 8-Core)",22,24/512Gb,
6193,"Apple MacBook Air 13.6"" (M4 8-Core)",22,24/1Tb,
6194,"Apple MacBook Air 13.6"" (M4 8-Core)",22,24/2Tb,
6195,Samsung Galaxy Tab S6 Lite 2024 (Sim),11,4/64Gb,Gray
6196,Samsung Galaxy Tab S6 Lite 2024 (Sim),11,4/64Gb,Mint
6197,Samsung Galaxy Tab S6 Lite 2024 (Sim),11,4/64Gb,Rose Gold
6198,Samsung Galaxy Tab S6 Lite 2024 (Sim),11,4/128Gb,Gray
6199,Samsung Galaxy Tab S6 Lite 2024 (Sim),11,4/128Gb,Mint
6200,Samsung Galaxy Tab S6 Lite 2024 (Sim),11,4/128Gb,Rose Gold
6207,Xiaomi Redmi A5,3,3/64Gb,Midnight Black
6208,Xiaomi Redmi A5,3,3/64Gb,Sandy Gold
6209,Xiaomi Redmi A5,3,3/64Gb,Lake Green
6210,Xiaomi Redmi A5,3,3/64Gb,Ocean Blue
6211,Xiaomi Redmi A5,3,4/128Gb,Midnight Black
6212,Xiaomi Redmi A5,3,4/128Gb,Sandy Gold
6213,Xiaomi Redmi A5,3,4/128Gb,Lake Green
6214,Xiaomi Redmi A5,3,4/128Gb,Ocean Blue
6219,Xiaomi Poco F7 Ultra 5G,6,12/256Gb,Black
6220,Xiaomi Poco F7 Ultra 5G,6,12/256Gb,Yellow
6221,Xiaomi Poco F7 Ultra 5G,6,16/512Gb,Black
6222,Xiaomi Poco F7 Ultra 5G,6,16/512Gb,Yellow
6223,Xiaomi Poco F7 Pro 5G,6,12/256Gb,Black
6224,Xiaomi Poco F7 Pro 5G,6,12/256Gb,Blue
6225,Xiaomi Poco F7 Pro 5G,6,12/256Gb,Silver
6226,Xiaomi Poco F7 Pro 5G,6,12/512Gb,Black
6227,Xiaomi Poco F7 Pro 5G,6,12/512Gb,Blue
6228,Xiaomi Poco F7 Pro 5G,6,12/512Gb,Silver
6229,Apple iPad 11 A16 (Sim),13,128Gb,
6230,Apple iPad 11 A16 (Sim),13,128Gb,Silver
6231,Apple iPad 11 A16 (Sim),13,128Gb,Blue
6232,Apple iPad 11 A16 (Sim),13,128Gb,Pink
6233,Apple iPad 11 A16 (Sim),13,128Gb,Yellow
6234,Apple iPad 11 A16 (Sim),13,256Gb,
6235,Apple iPad 11 A16 (Sim),13,256Gb,Silver
6236,Apple iPad 11 A16 (Sim),13,256Gb,Blue
6237,Apple iPad 11 A16 (Sim),13,256Gb,Pink
6238,Apple iPad 11 A16 (Sim),13,256Gb,Yellow
6239,Apple iPad 11 A16 (Sim),13,512Gb,
6240,Apple iPad 11 A16 (Sim),13,512Gb,Silver
6241,Apple iPad 11 A16 (Sim),13,512Gb,Blue
6242,Apple iPad 11 A16 (Sim),13,512Gb,Pink
6243,Apple iPad 11 A16 (Sim),13,512Gb,Yellow
6244,Apple iPad 11 A16 (Wifi),13,128Gb,
6245,Apple iPad 11 A16 (Wifi),13,128Gb,Silver
6246,Apple iPad 11 A16 (Wifi),13,128Gb,Blue
6247,Apple iPad 11 A16 (Wifi),13,128Gb,Pink
6248,Apple iPad 11 A16 (Wifi),13,128Gb,Yellow
6249,Apple iPad 11 A16 (Wifi),13,256Gb,
6250,Apple iPad 11 A16 (Wifi),13,256Gb,Silver
6251,Apple iPad 11 A16 (Wifi),13,256Gb,Blue
6252,Apple iPad 11 A16 (Wifi),13,256Gb,Pink
6253,Apple iPad 11 A16 (Wifi),13,256Gb,Yellow
6254,Apple iPad 11 A16 (Wifi),13,512Gb,
6255,Apple iPad 11 A16 (Wifi),13,512Gb,Silver
6256,Apple iPad 11 A16 (Wifi),13,512Gb,Blue
6257,Apple iPad 11 A16 (Wifi),13,512Gb,Pink
6258,Apple iPad 11 A16 (Wifi),13,512Gb,Yellow
6259,Dyson Airwrap Straight+Wavy HS05,88,,Nickel Bright
6260,Dyson Airwrap Straight+Wavy HS05,88,,Onyx Black Gold
6261,Dyson Airwrap Straight+Wavy HS05,88,,Prussian Blue Topaz
6262,Dyson Airwrap i.d. Curly+Coily HS08,88,,Red Velvet
6263,Dyson Airstrait HT01,89,,Jasper Plum
6264,Dyson Airstrait HT01,89,,Onyx Black/Gold
6265,Dyson Gen5 Detect Absolute,83,,Iron Purple
6266,Расчёска и гребень 2 в 1 (в стиле Dyson),86,,Blue
6267,Расчёска и гребень 2 в 1 (в стиле Dyson),86,,Silver
6268,Расчёска и гребень 2 в 1 (в стиле Dyson),86,,Gold
6269,Расчёска и гребень 2 в 1 (в стиле Dyson),86,,Violet
6270,Набор для укладки волос 7 в 1 (в стиле Dyson),86,,Blue
6271,Набор для укладки волос 7 в 1 (в стиле Dyson),86,,Silver
6272,Набор для укладки волос 7 в 1 (в стиле Dyson),86,,Gold
6273,Набор для укладки волос 7 в 1 (в стиле Dyson),86,,Violet
6274,Dyson Supersonic Nural HD16,84,,Ceramic Patina Topaz
6275,Dyson Supersonic Nural HD16,84,,Ceramic Pink Rose Gold
6276,Dyson Supersonic Nural HD16,84,,Jasper Plum
6277,Dyson Supersonic Nural HD16,84,,Red Velvet Gold
6278,Dyson Supersonic Nural HD16,84,,Strawberry Bronze Blush Pink
6279,Dyson Supersonic Nural HD16,84,,Vinca Blue Topaz
6280,Dyson OnTrac Noise Cancelling Headphones CNC,92,,Aluminum
6281,Dyson OnTrac Noise Cancelling Headphones CNC,92,,Black Nickel
6282,Dyson OnTrac Noise Cancelling Headphones CNC,92,,Ceramic Cinnabar
6283,Dyson OnTrac Noise Cancelling Headphones CNC,92,,Copper
6284,Dyson Purifier Cool Formaldehyde TP09,82,,Nickel Gold
6285,Dyson Purifier Cool Formaldehyde TP09,82,,White Gold
6287,Dyson Pure Cool Link Tower TP03,82,,White Silver
6288,Dyson Purifier Big+Quiet Formaldehyde BP04,82,,Prussian Blue/Gold
6289,Dyson Purifier Big+Quiet Formaldehyde BP03,82,,Nickel Prussian Blue
6290,Xiaomi Robot Vacuum S20 Plus,93,,Black
6291,Xiaomi Robot Vacuum S20 Plus,93,,White
6292,Xiaomi Vacuum Cleaner G20 Max,93,,
6293,Xiaomi Vacuum Cleaner G20,93,,
6294,Xiaomi Robot Vacuum X20 Plus,93,,
6295,Novey 118i,8,,Black
6296,Novey D10,8,,Black
6297,Novey D10,8,,Grey
6298,Novey M180,8,,Black
6299,Novey M180,8,,Grey
6300,Novey M180,8,,Blue
6301,Novey M180,8,,Red
6302,Novey N670,8,,Black
6303,Novey N670,8,,Choco
6304,Novey N670,8,,Silver
6305,Novey N670,8,,Gold
6306,Novey Senat SC1 CDMA,8,,Black
6307,Novey Senat SC1 CDMA,8,,Pacific Blue
6308,Novey Senat SC1 CDMA,8,,Space Grey
6309,Novey Senat SC1 CDMA,8,,Red
6310,Novey P30,8,,Black
6311,Novey P30,8,,Grey
6312,Novey P30,8,,Choco
6313,Novey M355,8,,Black
6314,Novey 104C,8,,Black
6315,Novey 104C,8,,Blue
6316,Novey M050,8,,Black
6317,Novey M050,8,,Grey
6318,Novey M050,8,,Green
6319,Novey M050,8,,Red
6320,Novey A65,8,,Black
6321,Novey A65,8,,Dark Grey
6322,Novey A65,8,,Red
6323,Novey 104,8,,Black
6324,Novey 104,8,,Blue
6325,Novey 105,8,,Matt Black
6326,Novey 105,8,,Grey
6327,Novey 105,8,,Choco
6328,Novey M180c,8,,Black
6329,Novey M180c,8,,Grey
6330,Novey M180c,8,,Blue
6331,Novey M180c,8,,Red
6332,Novey P50,8,,Black
6333,Novey P50,8,,Black Blue
6334,Novey P50,8,,Black Green
6335,Novey P50,8,,Black Redk
6336,Novey P50,8,,Black Grey
6337,Novey A70R,8,,Black
6338,Novey A70R,8,,Dark Blue
6339,Novey A70R,8,,Red
6340,Novey A70R,8,,Grey
6341,Novey X70,8,,Black
6342,Novey X70,8,,Grey
6343,Novey X70,8,,Blue
6344,Novey X70,8,,Red
6345,Novey P20,8,,Black Red
6346,Novey P20,8,,Black Yellow
6347,Novey P20,8,,Black
6348,Novey P20,8,,Grey
6349,Novey 102,8,,Black
6350,Novey 102,8,,Brown
6351,Novey 102,8,,Grey
6352,Novey 118,8,,Black
6353,Novey 118,8,,Grey
6354,Novey 118,8,,Red
6355,Novey M365,8,,Matt Black
6356,Novey M365,8,,Jet Black
6357,Novey M365,8,,Blue
6358,Novey M365,8,,Midnight Green
6359,Novey M365,8,,Space Black
6360,Novey Senat GSM,8,,Black
6361,Novey Senat GSM,8,,Pacific Blue
6362,Novey Senat GSM,8,,Space Grey
6363,Novey Senat GSM,8,,Red
6364,Novey X50,8,,Black
6365,Novey X50,8,,Grey
6366,Novey X50,8,,Silver
6367,Novey T310,8,,Black
6368,Novey T310,8,,Camouflage
6369,Novey T310,8,,Green
6370,Novey P40,8,,Black
6371,Novey P40,8,,Grey
6372,Novey P40,8,,Dark Blue
6373,Novey B300,8,,Black
6374,Novey B300,8,,Dark Blue
6375,Novey B300,8,,Red
6376,Novey B300,8,,Grey
6377,Novey 105C,8,,Matt Black
6378,Novey 105C,8,,Grey
6379,Novey N880,8,,Black Silver
6380,Novey N880,8,,Black
6381,Novey N880,8,,Gold
6382,Novey N880,8,,Silver
6383,Novey Z550,8,,Black
6384,Novey Z550,8,,Chrome
6385,Novey Z550,8,,Gold
6386,Novey Z550,8,,Grey
6387,Novey M350 Kids,8,,Yellow
6388,Novey M350 Kids,8,,Yellow
6389,Novey T515,8,,Black
6390,Novey P80,8,,Black
6391,Novey P80,8,,Dark Green
6392,Novey P80,8,,Green
6393,Novey P80,8,,Orange
6394,Novey P80,8,,Space Grey
6395,Novey S10,8,,Black
6396,Novey S10,8,,Blue
6397,Novey S10,8,,Grey
6398,Novey S10,8,,Silver
6399,Novey Z320,8,,Black
6400,Novey Z320,8,,Blue
6401,Novey Z320,8,,Red
6402,Novey P20i,8,,Black Red
6403,Novey P20i,8,,Black Yellow
6404,Novey P20i,8,,Black
6405,Novey P20i,8,,Grey
6406,Novey 102 Plus,8,,Black
6407,Novey 102 Plus,8,,Dark Blue
6408,Novey 102 Plus,8,,Grey
6409,Novey C10,8,,Black
6410,Novey C10,8,,Blue
6411,Novey C10,8,,Grey
6412,Novey P40i,8,,Black
6413,Novey P40i,8,,Grey
6414,Novey P40i,8,,Dark Blue
6415,Xiaomi Smart Air Purifier 4 Lite,94,,
6416,Xiaomi Smart Air Purifier 4 Compact,94,,
6417,Xiaomi Smart Air Purifier 4,94,,
6418,Xiaomi Smart Air Purifier Elite,94,,
6419,Duoqin F22,100,,Black
6420,Duoqin F22,100,,White
6421,Duoqin F22 Pro,100,,Black
6422,Duoqin F22 Pro,100,,White
6423,Фен Deerma DEM-CF15W,99,,синий
6424,Xiaomi Smart Humidifier 2,97,,
6425,Пылесос Deerma TJ200W,95,,белый
6426,Пылесос Deerma DX700,95,,белый
6427,Швабра Deerma TB880,95,,белый
6428,Пылесос Deerma DX115C,95,,черный
6429,Пылесос Deerma DX118C,95,,белый/серый
6430,Пылесос Deerma DX700S,95,,чёрный
6431,Пылесос Deerma DX888,95,,чёрный
6432,Увлажнитель Deerma Humidifier DEM-F323W,98,,черный
6433,Увлажнитель Deerma DEM-ST635W,98,,белый
6434,Увлажнитель Deerma DEM-LD220,98,,белый
6435,Увлажнитель Deerma Humidifier DEM-F325,98,,белый
6436,Увлажнитель Deerma DEM-F327W,98,,чёрный
6437,Увлажнитель Deerma DEM-ST636W,98,,белый
6438,Увлажнитель Deerma Humidifier DEM-F628W,98,,белый
6439,Увлажнитель Deerma Humidifier DEM-F600,98,,чёрный
6440,Увлажнитель Deerma Humidifier DEM-F600,98,,белый
6441,Увлажнитель Deerma Humidifier DEM-F628S,98,,белый
6442,Xiaomi Robot Vacuum X20 Pro,93,,
6443,Xiaomi Smart Air Purifier 4 Pro,94,,
6444,Amazfit Helio Ring (кольцо),23,,
6445,Amazfit Bip 5 Unity,23,,Grey
6446,Amazfit Bip 5 Unity,23,,Charcoal
6447,Amazfit Bip 5 Unity,23,,Pink
6448,Samsung Galaxy Ring (кольцо),24,,
6449,Samsung Galaxy Ring (кольцо),24,,Titanium Silver
6450,Samsung Galaxy Ring (кольцо),24,,Titanium Gold
6451,Samsung Galaxy Ring (кольцо),24,,Titanium Black
6452,Huawei Band 10,27,,Green
6453,Huawei Band 10,27,,Blue
6454,Huawei Band 10,27,,Purple
6455,Huawei Band 10,27,,Pink
6456,Huawei Band 10,27,,White
6457,Huawei Band 10,27,,Matte Black
6458,Huawei Band 10,27,,Black
6459,Dyson Airwrap i.d. Straight+Wavy HS08,88,,Strawberry Bronze
6460,Dyson Airwrap i.d. Curly+Coily HS08,88,,Jasper Plum
6461,Dyson Airwrap i.d. Curly+Coily HS08,88,,Ceramic Pink/Rose Gold
6462,Dyson Airwrap i.d. Curly+Coily HS08,88,,Vinca Blue/Topaz
6463,Dyson Airwrap i.d. Curly+Coily HS08,88,,Ceramic Patina/Topaz
6464,PlayStation 5 Slim Digital 1Tb,90,,
6465,Подписка PS Plus Deluxe,90,,1-Месяц
6466,Подписка PS Plus Deluxe,90,,3-Месяца
6467,Подписка PS Plus Deluxe,90,,12-Месяцев
6468,Подписка PS Plus Extra,90,,1-Месяц
6469,Подписка PS Plus Extra,90,,3-Месяца
6470,Подписка PS Plus Extra,90,,12-Месяцев
6471,Подписка PS Plus Essential,90,,1-Месяц
6472,Подписка PS Plus Essential,90,,3-Месяца
6473,Подписка PS Plus Essential,90,,12-Месяцев
6474,Вертикальная подставка для PS5/PS5 Slim (Copy),90,,
6475,Dyson Airwrap Coanda 2x HS09,88,,Ceramic Pink Rose
6476,Dyson Airwrap Coanda 2x HS09,88,,Jasper Plum
6477,Ray Ban Meta Wayfarer,120,,Matte Black/Clear to Graphite Green Transitions
6478,Ray Ban Meta Wayfarer,120,,Matte Black/Graphite
6479,Ray Ban Meta Wayfarer,120,,Matte Jeans/Dusty Blue
6480,Ray Ban Meta Wayfarer,120,,Shiny Black/Clear
6481,Ray Ban Meta Wayfarer,120,,Shiny Black/G-15 Green
6482,Ray Ban Meta Wayfarer,120,,Shiny Caramel/Brown
6483,Honor 400 Lite 5G,4,8/256Gb,Black
6484,Honor 400 Lite 5G,4,8/256Gb,Aqua Blue
6485,Honor 400 Lite 5G,4,8/256Gb,Gray/Silver
6486,Xiaomi Smart Camera C500 Pro,44,,
6487,Xiaomi Smart Scale S200,44,,White
6488,Xiaomi Smart Scale S200,44,,Dark Gray
6489,Seagate Expansion Portable HDD,101,,
6490,Apple Pencil Tips - 4 pack,64,,
6491,Huawei FreeArc,30,,Gray
6492,Huawei FreeArc,30,,Black
6493,Huawei FreeArc,30,,Green
6494,Insta360 GO 3 - Standart,106,,
6495,Insta360 Action Camera X4 - Single,106,,
6496,Insta360 Ace Pro - Standart,106,,
6497,Insta360 X3 - Standart,106,,
6498,SanDisk Extreme Portable SSD E61,103,,
6499,SanDisk Portable SSD E30,103,,
6500,Samsung Fast Wireless Charger (EP-QR0900),37,,
6501,Samsung Galaxy S25 Edge 5G,2,12/256Gb,Titanium Black
6502,Samsung Galaxy S25 Edge 5G,2,12/256Gb,Titanium Silver
6503,Samsung Galaxy S25 Edge 5G,2,12/512Gb,Titanium Black
6504,Samsung Galaxy S25 Edge 5G,2,12/512Gb,Titanium Silver
6505,Toshiba Canvio Basics Portable Hard Drive,102,,
6506,Honor Magic V3 5G,4,12/256Gb,Velvet Black
6507,Honor Magic V3 5G,4,12/256Gb,White
6508,Honor Magic V3 5G,4,12/256Gb,Tundra Green
6509,Honor Magic V3 5G,4,12/256Gb,Red
6510,Honor Magic V3 5G,4,12/512Gb,Velvet Black
6511,Honor Magic V3 5G,4,12/512Gb,White
6512,Honor Magic V3 5G,4,12/512Gb,Tundra Green
6513,Honor Magic V3 5G,4,12/512Gb,Red
6514,Honor Magic V3 5G,4,16/512Gb,Velvet Black
6515,Honor Magic V3 5G,4,16/512Gb,White
6516,Honor Magic V3 5G,4,16/512Gb,Tundra Green
6517,Honor Magic V3 5G,4,16/512Gb,Red
6518,Honor Magic V3 5G,4,16/1Tb,Velvet Black
6519,Honor Magic V3 5G,4,16/1Tb,White
6520,Honor Magic V3 5G,4,16/1Tb,Tundra Green
6521,Honor Magic V3 5G,4,16/1Tb,Red
6522,Fujifilm Instax Mini SE with 20x Film Sheets,109,,Blue
6523,Fujifilm Instax Mini SE with 20x Film Sheets,109,,Green
6524,Fujifilm Instax Mini SE with 20x Film Sheets,109,,Gray
6525,Fujifilm Instax Mini SE with 20x Film Sheets,109,,Pink
6526,Fujifilm Instax Mini SE with 20x Film Sheets,109,,Purple
6527,Apple TV 4K,67,64Gb,
6528,Apple TV 4K,67,128Gb,
6529,Ray Ban Meta Skyler,120,,Shiny Chalky Gray/Clear Sapphire Transtions
6530,Ray Ban Meta Skyler,120,,Shiny Black/G15 Green
6531,Ray Ban Meta Skyler,120,,Shiny Black/Clear
6532,Ray Ban Meta Skyler,120,,Shiny Black/Clear Cerulean Blue Transitions
6533,Ray Ban Meta Skyler,120,,Shiny Black/Clear Amethyst Transitions
6534,Zikr Ring Jood,105,,Black
6535,Zikr Ring Jood,105,,White
6536,Zikr Ring Jood,105,,Blue
6537,Zikr Ring Jood,105,,Green
6538,Zikr Ring Jood,105,,Pink
6539,Whoop 5.0 One,28,1 - Год подписки,
6540,Whoop 5.0 Life,28,1 - Год подписки,
6541,Whoop 5.0 Peak,28,1 - Год подписки,
6542,Harman Kardon Aura Studio 4,20,,
6543,Apple USB-C to MagSafe 3 Cable (2 m),38,,
6544,Apple USB-C to 3.5 mm Переходник,38,,
6545,Xiaomi 67W GaN Charger 2C1A,39,,
6546,Xiaomi 120W Charging Combo (Type - A),39,,
6547,Mi 33W Wall Charger (Type-A + Type-C),39,,
6548,Mi 20W Charger (Type-C),39,,
6549,Xiaomi 65W GaN Charger (Type-A + Type-C),39,,
6550,Huawei Watch GT 3 SE,27,,Graphite Black
6551,Huawei Watch GT 3 SE,27,,Wilderness Green
6552,Samsung Galaxy Watch Ultra Trail Band,110,,Black
6553,Samsung Galaxy Watch Ultra Trail Band,110,,Orange
6554,Samsung Galaxy Watch Ultra Trail Band,110,,White
6555,Samsung Galaxy Watch Ultra Sport Marine,110,,Black
6556,Samsung Galaxy Watch Ultra Sport Marine,110,,Khaki
6557,Samsung Galaxy Watch Ultra Sport Marine,110,,Orange
6558,Samsung Galaxy Watch Ultra Sport Marine,110,,White
6559,GoPro HERO 13 Black,107,,
6560,SanDisk Ultra MicroSD,104,,
6561,Seagate Expansion Portable HDD,101,500Gb,
6562,Seagate Expansion Portable HDD,101,750Gb,
6563,Seagate Expansion Portable HDD,101,1Tb,
6564,Seagate Expansion Portable HDD,101,2Tb,
6565,Seagate Expansion Portable HDD,101,3Tb,
6566,Seagate Expansion Portable HDD,101,4Tb,
6567,Seagate Expansion Portable HDD,101,5Tb,
6568,SanDisk Extreme Portable SSD E61,103,500Gb,
6569,SanDisk Extreme Portable SSD E61,103,1Tb,
6570,SanDisk Extreme Portable SSD E61,103,2Tb,
6571,SanDisk Extreme Portable SSD E61,103,4Tb,
6572,SanDisk Extreme Portable SSD E61,103,8Tb,
6573,SanDisk Portable SSD E30,103,480Gb,
6574,SanDisk Portable SSD E30,103,1Tb,
6575,SanDisk Portable SSD E30,103,2Tb,
6576,Toshiba Canvio Basics Portable Hard Drive,102,500Gb,
6577,Toshiba Canvio Basics Portable Hard Drive,102,1Tb,
6578,Toshiba Canvio Basics Portable Hard Drive,102,2Tb,
6579,Toshiba Canvio Basics Portable Hard Drive,102,3Tb,
6580,Toshiba Canvio Basics Portable Hard Drive,102,4Tb,
6581,SanDisk Ultra MicroSD,104,16Gb,
6582,SanDisk Ultra MicroSD,104,32Gb,
6583,SanDisk Ultra MicroSD,104,64Gb,
6584,SanDisk Ultra MicroSD,104,128Gb,
6585,SanDisk Ultra MicroSD,104,256Gb,
6586,SanDisk Ultra MicroSD,104,512Gb,
6587,SanDisk Ultra MicroSD,104,1Tb,
6588,Samsung Galaxy S25 Edge 5G,2,12/256Gb,Titanium IceBlue
6589,Samsung Galaxy S25 Edge 5G,2,12/512Gb,Titanium IceBlue
6590,Sony MDR-ZX110,17,,Black
6591,Sony MDR-ZX110,17,,White
6592,Xiaomi Smart Pet Care Air Purifier,94,,
6593,Nokia 150 Music,7,,Blue
6594,Nokia 150 Music,7,,Purple
6595,Nokia 150 Music,7,,Gray
6596,Nokia 130 Music,7,,Blue
6597,Nokia 130 Music,7,,Pink
6598,Nokia 130 Music,7,,Dark Gray
6599,Apple HomePod Mini,112,,Midnight
6600,Apple HomePod Mini,112,,White
6601,Apple HomePod Mini,112,,Orange
6602,Apple HomePod Mini,112,,Blue
6603,Apple HomePod Mini,112,,Yellow
6604,Apple HomePod (2nd Generation),112,,Midnight
6605,Apple HomePod (2nd Generation),112,,White
6606,DJI Mic 2 (1 TX + 1 RX),47,,
6607,DJI Osmo Mobile 7P,47,,
6608,DJI Osmo Mobile 7,47,,
6609,DJI Mic Mini (1 TX + 1 RX),47,,
6610,DJI Mic (1 TX + 1 RX),47,,
6611,DJI Osmo Pocket 3 Creator Combo,47,,
6612,Zikr Ring Flex Pro,105,,Blue
6613,Zikr Ring Flex Pro,105,,Green
6614,Zikr Ring Flex Pro,105,,Rose Gold
6615,Zikr Ring Flex Pro,105,,Space Gray
6616,Xiaomi 15S Pro 5G,3,16/512Gb,Dragon Scale Fiber
6617,Xiaomi 15S Pro 5G,3,16/512Gb,Sky Blue
6618,Xiaomi 15S Pro 5G,3,16/1Tb,Dragon Scale Fiber
6619,Xiaomi 15S Pro 5G,3,16/1Tb,Sky Blue
6620,Haylou Solar Lite,32,,Black
6621,Haylou Solar Lite,32,,White
6622,Haylou RS5,32,,Black
6623,Haylou RS5,32,,White
6624,Anker Soundcore Life Q35,31,,Black
6625,Anker Soundcore Life Q35,31,,Blue
6626,Anker Soundcore Life Q35,31,,Pink
6627,Anker Soundcore Q20i,31,,Black
6628,Anker Soundcore Q20i,31,,Blue
6629,Anker Soundcore Liberty 4 NC,31,,Velvet Black
6630,Anker Soundcore Liberty 4 NC,31,,Light Blue
6631,Anker Soundcore Liberty 4 NC,31,,Navy Blue
6632,Anker Soundcore Liberty 4 NC,31,,Clear White
6633,Anker Soundcore Liberty 4 NC,31,,Pastel Pink
6634,Anker Soundcore Liberty 4 Pro,31,,Champagne Mist
6635,Anker Soundcore Liberty 4 Pro,31,,Glossy Black
6636,Anker Soundcore Liberty 4 Pro,31,,Glossy Light Blue
6637,Anker Soundcore Liberty 4 Pro,31,,Light Blue
6638,Anker Soundcore Liberty 4 Pro,31,,Midnight
6639,Anker Soundcore Liberty 4 Pro,31,,Minity Green
6640,Anker Soundcore Space One Pro,31,,Black
6641,Anker Soundcore Space One Pro,31,,Cream White
6642,Anker Soundcore Life 2 Neo,31,,
6643,Anker Soundcore Space One,31,,Jet Black
6644,Anker Soundcore Space One,31,,Sky Blue
6645,Anker Soundcore Space One,31,,Latte Cream
6646,Anker Soundcore R50i NC,31,,Black
6647,Anker Soundcore R50i NC,31,,Blue
6648,Anker Soundcore R50i NC,31,,White
6649,Anker Soundcore Life Tune,31,,
6650,Anker Soundcore Life Q30,31,,Black
6651,Anker Soundcore Life Q30,31,,Midnight Blue
6652,Anker Soundcore Life Q30,31,,Sakura Pink
6653,Anker Soundcore Liberty 4,31,,Black
6654,Anker Soundcore Liberty 4,31,,Blue
6655,Anker Soundcore Liberty 4,31,,Red
6656,Anker Soundcore Liberty 4,31,,White
6657,Anker Soundcore Space Q45,31,,Black
6658,Anker Soundcore Space Q45,31,,White
6659,Anker Soundcore Space Q45,31,,Blue
6660,Xiaomi Redmi Pad 2 (Wifi),12,4/128Gb,Graphite Gray
6661,Xiaomi Redmi Pad 2 (Wifi),12,4/128Gb,Mint Green
6662,Xiaomi Redmi Pad 2 (Wifi),12,8/256Gb,Graphite Gray
6663,Xiaomi Redmi Pad 2 (Wifi),12,8/256Gb,Mint Green
6664,Xiaomi Pad 7 Ultra (Wifi),12,12/256Gb,Gray
6665,Xiaomi Pad 7 Ultra (Wifi),12,12/256Gb,Blue
6666,Xiaomi Pad 7 Ultra (Wifi),12,12/512Gb,Gray
6667,Xiaomi Pad 7 Ultra (Wifi),12,12/512Gb,Blue
6668,Beats Studio Pro,111,,Black
6669,Beats Studio Pro,111,,Deep Brown
6670,Beats Studio Pro,111,,Navy
6671,Beats Studio Pro,111,,Sandstone
6672,Beats Solo 4,111,,Cloud Pink
6673,Beats Solo 4,111,,Matt Black
6674,Beats Solo 4,111,,Slate Blue
6675,Яндекс Станция Мини 3 Про,21,,Зелёный
6676,Яндекс Станция Мини 3 Про,21,,Серый
6677,Яндекс Станция Мини 3 Про,21,,Синий
6678,Яндекс Станция Мини 3 Про,21,,Чёрный
6679,Xiaomi Redmi Pad 2 4G (Sim),12,4/128Gb,Gray
6680,Xiaomi Redmi Pad 2 4G (Sim),12,4/128Gb,Blue
6681,Xiaomi Redmi Pad 2 4G (Sim),12,8/256Gb,Gray
6682,Xiaomi Redmi Pad 2 4G (Sim),12,8/256Gb,Blue
6683,Xiaomi TV Box S (3rd Gen),66,,
6684,Magic Trackpad (USB‑C),46,,Black
6685,Magic Trackpad (USB‑C),46,,White
6686,Mibro GS Pro,33,,
6687,Mibro Lite 3,33,,Light Gold
6688,Mibro Lite 3,33,,Dark Gray
6689,Mibro A3,33,,Mocha
6690,Mibro A3,33,,Dark Gray
6691,Mibro GS Active,33,,Black
6692,Mibro GS Active,33,,Gray
6693,Mibro GS Active,33,,White
6694,Mibro GS Active,33,,Orange
6695,Mibro GS Explorer,33,,Black
6696,Mibro GS Explorer,33,,Green
6697,Mibro GS Explorer,33,,White
6698,Xiaomi Portable Photo Printer 1S,114,,
6699,JBL Soundgear Frames Square,19,,Amber
6700,JBL Soundgear Frames Square,19,,Onyx
6701,JBL Soundgear Frames Square,19,,Pearl
6702,Ray Ban Meta Headliner,120,,Matte Black/Charcoal Black
6703,Ray Ban Meta Headliner,120,,Matte Black/Clear to Grey Transitions
6704,Ray Ban Meta Headliner,120,,Shiny Black/Clear to Sapphire Transistions
6705,Ray Ban Meta Headliner,120,,Shiny Black/Clear
6706,Ray Ban Meta Headliner,120,,Shiny Black/Green
6707,Ray Ban Meta Headliner,120,,Shiny Caramel Transparent/Clear to Sapphire Transitions
6708,Ray Ban Meta Headliner,120,,Shiny Jeans Transparent/Dusty Red
6709,Ray Ban Meta Headliner,120,,Shiny Warm Stone Transparent/Tint to Dark Green Transitions
6710,Ray Ban Meta Headliner,120,,Shiny Warm Stone Transparent/Tint to Saffron Yellow Transitions
6711,Zikr Ring Noor,105,,Black
6712,Zikr Ring Noor,105,,Blue
6713,Zikr Ring Noor,105,,Green
6714,Zikr Ring Noor,105,,Pink
6715,Oteeto K10 Kids,113,,Blue
6716,Oteeto K10 Kids,113,,Pink
6717,Oteeto K1 Kids,113,,Blue
6718,Oteeto K1 Kids,113,,Pink
6719,Huawei FreeBuds 6,30,,Black
6720,Huawei FreeBuds 6,30,,White
6721,Huawei FreeBuds 6,30,,Purple
6722,JBL Go 4,20,,Black
6723,JBL Go 4,20,,Blue
6724,JBL Go 4,20,,Black Blue
6725,JBL Go 4,20,,Pink
6726,JBL Go 4,20,,Purple
6727,JBL Go 4,20,,White
6728,JBL Go 4,20,,Sand
6729,JBL Go 4,20,,Squad
6730,JBL Go 4,20,,Red
6731,Huawei Watch Fit 4 Pro,27,,Black
6732,Huawei Watch Fit 4 Pro,27,,Green
6733,Huawei Watch Fit 4 Pro,27,,Blue
6734,SanDisk Extreme Go USB 3.2,118,64Gb,
6735,SanDisk Extreme Go USB 3.2,118,128Gb,
6736,SanDisk Extreme Go USB 3.2,118,256Gb,
6737,SanDisk Extreme PRO USB 3.2,118,128Gb,
6738,SanDisk Extreme PRO USB 3.2,118,256Gb,
6739,SanDisk Extreme PRO USB 3.2,118,512Gb,
6740,SanDisk Extreme PRO USB 3.2,118,1Tb,
6741,SanDisk Ultra Eco USB 3.2,118,64Gb,
6742,SanDisk Ultra Eco USB 3.2,118,128Gb,
6743,SanDisk Ultra Eco USB 3.2,118,256Gb,
6744,SanDisk Ultra Eco USB 3.2,118,512Gb,
6745,Honor Choice Headphones ROS-ME01,115,,
6746,JBL Clip 4,20,,Black
6747,JBL Clip 4,20,,Blue
6748,JBL Clip 4,20,,Gray
6749,JBL Clip 4,20,,Red
6750,JBL Clip 4,20,,Squad
6751,JBL Clip 4,20,,Teal
6752,Xiaomi Walkie Talkie,116,,Xiaomi Walkie Talkie Lite
6753,Xiaomi Walkie Talkie,116,,Xiaomi Walkie Talkie 1S
6754,Xiaomi Walkie Talkie,116,,Xiaomi Walkie Talkie 2S
6755,Xiaomi Walkie Talkie,116,,Xiaomi Walkie Talkie 2
6756,Apple Mac mini M2,117,8/256Gb,
6757,Apple Mac mini M2,117,8/512Gb,
6758,Apple Mac mini M2,117,16/256Gb,
6759,Apple Mac mini M2,117,16/512Gb,
6760,Apple Mac mini M2,117,16/1Tb,
6761,Apple Mac mini M2,117,16/2Tb,
6762,Apple Mac mini M2,117,24/512Gb,
6763,Apple Mac mini M2,117,24/1Tb,
6764,Apple Mac mini M2,117,24/2Tb,
6765,Apple Mac Studio M1 Max,117,32/512Gb,
6766,Apple Mac Studio M1 Max,117,32/1Tb,
6767,Apple Mac Studio M1 Max,117,32/2Tb,
6768,Apple Mac Studio M1 Max,117,32/4Tb,
6769,Apple Mac Studio M1 Max,117,32/8Tb,
6770,Apple Mac Studio M1 Max,117,64/512Gb,
6771,Apple Mac Studio M1 Max,117,64/1Tb,
6772,Apple Mac Studio M1 Max,117,64/2Tb,
6773,Apple Mac Studio M1 Max,117,64/4Tb,
6774,Apple Mac Studio M1 Max,117,64/8Tb,
6775,Apple Mac mini M2 Pro,117,16/512Gb,
6776,Apple Mac mini M2 Pro,117,16/1Tb,
6777,Apple Mac mini M2 Pro,117,16/2Tb,
6778,Apple Mac mini M2 Pro,117,16/4Tb,
6779,Apple Mac mini M2 Pro,117,16/8Tb,
6780,Apple Mac mini M2 Pro,117,32/512Gb,
6781,Apple Mac mini M2 Pro,117,32/1Tb,
6782,Apple Mac mini M2 Pro,117,32/2Tb,
6783,Apple Mac mini M2 Pro,117,32/4Tb,
6784,Apple Mac mini M2 Pro,117,32/8Tb,
6785,Apple Mac mini M4,117,16/512Gb,
6786,Apple Mac mini M4,117,16/1Tb,
6787,Apple Mac mini M4,117,16/2Tb,
6788,Apple Mac mini M4,117,16/4Tb,
6789,Apple Mac mini M4,117,16/8Tb,
6790,Apple Mac mini M4,117,32/512Gb,
6791,Apple Mac mini M4,117,32/1Tb,
6792,Apple Mac mini M4,117,32/2Tb,
6793,Apple Mac mini M4,117,32/4Tb,
6794,Apple Mac mini M4,117,32/8Tb,
6795,Apple iMac 24 M1,117,8/256Gb,Blue
6796,Apple iMac 24 M1,117,8/256Gb,Green
6797,Apple iMac 24 M1,117,8/256Gb,Orange
6798,Apple iMac 24 M1,117,8/256Gb,Pink
6799,Apple iMac 24 M1,117,8/256Gb,Purple
6800,Apple iMac 24 M1,117,8/256Gb,Silver
6801,Apple iMac 24 M1,117,8/256Gb,Yellow
6802,Apple iMac 24 M1,117,8/512Gb,Blue
6803,Apple iMac 24 M1,117,8/512Gb,Green
6804,Apple iMac 24 M1,117,8/512Gb,Orange
6805,Apple iMac 24 M1,117,8/512Gb,Pink
6806,Apple iMac 24 M1,117,8/512Gb,Purple
6807,Apple iMac 24 M1,117,8/512Gb,Silver
6808,Apple iMac 24 M1,117,8/512Gb,Yellow
6809,Apple iMac 24 M1,117,8/1Tb,Blue
6810,Apple iMac 24 M1,117,8/1Tb,Green
6811,Apple iMac 24 M1,117,8/1Tb,Orange
6812,Apple iMac 24 M1,117,8/1Tb,Pink
6813,Apple iMac 24 M1,117,8/1Tb,Purple
6814,Apple iMac 24 M1,117,8/1Tb,Silver
6815,Apple iMac 24 M1,117,8/1Tb,Yellow
6816,Apple iMac 24 M1,117,8/2Tb,Blue
6817,Apple iMac 24 M1,117,8/2Tb,Green
6818,Apple iMac 24 M1,117,8/2Tb,Orange
6819,Apple iMac 24 M1,117,8/2Tb,Pink
6820,Apple iMac 24 M1,117,8/2Tb,Purple
6821,Apple iMac 24 M1,117,8/2Tb,Silver
6822,Apple iMac 24 M1,117,8/2Tb,Yellow
6823,Apple iMac 24 M1,117,16/256Gb,Blue
6824,Apple iMac 24 M1,117,16/256Gb,Green
6825,Apple iMac 24 M1,117,16/256Gb,Orange
6826,Apple iMac 24 M1,117,16/256Gb,Pink
6827,Apple iMac 24 M1,117,16/256Gb,Purple
6828,Apple iMac 24 M1,117,16/256Gb,Silver
6829,Apple iMac 24 M1,117,16/256Gb,Yellow
6830,Apple iMac 24 M1,117,16/512Gb,Blue
6831,Apple iMac 24 M1,117,16/512Gb,Green
6832,Apple iMac 24 M1,117,16/512Gb,Orange
6833,Apple iMac 24 M1,117,16/512Gb,Pink
6834,Apple iMac 24 M1,117,16/512Gb,Purple
6835,Apple iMac 24 M1,117,16/512Gb,Silver
6836,Apple iMac 24 M1,117,16/512Gb,Yellow
6837,Apple iMac 24 M1,117,16/1Tb,Blue
6838,Apple iMac 24 M1,117,16/1Tb,Green
6839,Apple iMac 24 M1,117,16/1Tb,Orange
6840,Apple iMac 24 M1,117,16/1Tb,Pink
6841,Apple iMac 24 M1,117,16/1Tb,Purple
6842,Apple iMac 24 M1,117,16/1Tb,Silver
6843,Apple iMac 24 M1,117,16/1Tb,Yellow
6844,Apple iMac 24 M1,117,16/2Tb,Blue
6845,Apple iMac 24 M1,117,16/2Tb,Green
6846,Apple iMac 24 M1,117,16/2Tb,Orange
6847,Apple iMac 24 M1,117,16/2Tb,Pink
6848,Apple iMac 24 M1,117,16/2Tb,Purple
6849,Apple iMac 24 M1,117,16/2Tb,Silver
6850,Apple iMac 24 M1,117,16/2Tb,Yellow
6851,Apple Mac mini M4 Pro,117,24/512Gb,
6852,Apple Mac mini M4 Pro,117,24/1Tb,
6853,Apple Mac mini M4 Pro,117,24/2Tb,
6854,Apple Mac mini M4 Pro,117,24/4Tb,
6855,Apple Mac mini M4 Pro,117,24/8Tb,
6856,Apple Mac mini M4 Pro,117,48/512Gb,
6857,Apple Mac mini M4 Pro,117,48/1Tb,
6858,Apple Mac mini M4 Pro,117,48/2Tb,
6859,Apple Mac mini M4 Pro,117,48/4Tb,
6860,Apple Mac mini M4 Pro,117,48/8Tb,
6861,Apple Mac mini M4 Pro,117,64/512Gb,
6862,Apple Mac mini M4 Pro,117,64/1Tb,
6863,Apple Mac mini M4 Pro,117,64/2Tb,
6864,Apple Mac mini M4 Pro,117,64/4Tb,
6865,Apple Mac mini M4 Pro,117,64/8Tb,
6866,Apple iMac 24 M3,117,8/256Gb,Blue
6867,Apple iMac 24 M3,117,8/256Gb,Green
6868,Apple iMac 24 M3,117,8/256Gb,Orange
6869,Apple iMac 24 M3,117,8/256Gb,Pink
6870,Apple iMac 24 M3,117,8/256Gb,Purple
6871,Apple iMac 24 M3,117,8/256Gb,Silver
6872,Apple iMac 24 M3,117,8/256Gb,Yellow
6873,Apple iMac 24 M3,117,8/512Gb,Blue
6874,Apple iMac 24 M3,117,8/512Gb,Green
6875,Apple iMac 24 M3,117,8/512Gb,Orange
6876,Apple iMac 24 M3,117,8/512Gb,Pink
6877,Apple iMac 24 M3,117,8/512Gb,Purple
6878,Apple iMac 24 M3,117,8/512Gb,Silver
6879,Apple iMac 24 M3,117,8/512Gb,Yellow
6880,Apple iMac 24 M3,117,8/1Tb,Blue
6881,Apple iMac 24 M3,117,8/1Tb,Green
6882,Apple iMac 24 M3,117,8/1Tb,Orange
6883,Apple iMac 24 M3,117,8/1Tb,Pink
6884,Apple iMac 24 M3,117,8/1Tb,Purple
6885,Apple iMac 24 M3,117,8/1Tb,Silver
6886,Apple iMac 24 M3,117,8/1Tb,Yellow
6887,Apple iMac 24 M3,117,8/2Tb,Blue
6888,Apple iMac 24 M3,117,8/2Tb,Green
6889,Apple iMac 24 M3,117,8/2Tb,Orange
6890,Apple iMac 24 M3,117,8/2Tb,Pink
6891,Apple iMac 24 M3,117,8/2Tb,Purple
6892,Apple iMac 24 M3,117,8/2Tb,Silver
6893,Apple iMac 24 M3,117,8/2Tb,Yellow
6894,Apple iMac 24 M3,117,16/256Gb,Blue
6895,Apple iMac 24 M3,117,16/256Gb,Green
6896,Apple iMac 24 M3,117,16/256Gb,Orange
6897,Apple iMac 24 M3,117,16/256Gb,Pink
6898,Apple iMac 24 M3,117,16/256Gb,Purple
6899,Apple iMac 24 M3,117,16/256Gb,Silver
6900,Apple iMac 24 M3,117,16/256Gb,Yellow
6901,Apple iMac 24 M3,117,16/512Gb,Blue
6902,Apple iMac 24 M3,117,16/512Gb,Green
6903,Apple iMac 24 M3,117,16/512Gb,Orange
6904,Apple iMac 24 M3,117,16/512Gb,Pink
6905,Apple iMac 24 M3,117,16/512Gb,Purple
6906,Apple iMac 24 M3,117,16/512Gb,Silver
6907,Apple iMac 24 M3,117,16/512Gb,Yellow
6908,Apple iMac 24 M3,117,16/1Tb,Blue
6909,Apple iMac 24 M3,117,16/1Tb,Green
6910,Apple iMac 24 M3,117,16/1Tb,Orange
6911,Apple iMac 24 M3,117,16/1Tb,Pink
6912,Apple iMac 24 M3,117,16/1Tb,Purple
6913,Apple iMac 24 M3,117,16/1Tb,Silver
6914,Apple iMac 24 M3,117,16/1Tb,Yellow
6915,Apple iMac 24 M3,117,16/2Tb,Blue
6916,Apple iMac 24 M3,117,16/2Tb,Green
6917,Apple iMac 24 M3,117,16/2Tb,Orange
6918,Apple iMac 24 M3,117,16/2Tb,Pink
6919,Apple iMac 24 M3,117,16/2Tb,Purple
6920,Apple iMac 24 M3,117,16/2Tb,Silver
6921,Apple iMac 24 M3,117,16/2Tb,Yellow
6922,Apple iMac 24 M3,117,24/256Gb,Blue
6923,Apple iMac 24 M3,117,24/256Gb,Green
6924,Apple iMac 24 M3,117,24/256Gb,Orange
6925,Apple iMac 24 M3,117,24/256Gb,Pink
6926,Apple iMac 24 M3,117,24/256Gb,Purple
6927,Apple iMac 24 M3,117,24/256Gb,Silver
6928,Apple iMac 24 M3,117,24/256Gb,Yellow
6929,Apple iMac 24 M3,117,24/512Gb,Blue
6930,Apple iMac 24 M3,117,24/512Gb,Green
6931,Apple iMac 24 M3,117,24/512Gb,Orange
6932,Apple iMac 24 M3,117,24/512Gb,Pink
6933,Apple iMac 24 M3,117,24/512Gb,Purple
6934,Apple iMac 24 M3,117,24/512Gb,Silver
6935,Apple iMac 24 M3,117,24/512Gb,Yellow
6936,Apple iMac 24 M3,117,24/1Tb,Blue
6937,Apple iMac 24 M3,117,24/1Tb,Green
6938,Apple iMac 24 M3,117,24/1Tb,Orange
6939,Apple iMac 24 M3,117,24/1Tb,Pink
6940,Apple iMac 24 M3,117,24/1Tb,Purple
6941,Apple iMac 24 M3,117,24/1Tb,Silver
6942,Apple iMac 24 M3,117,24/1Tb,Yellow
6943,Apple iMac 24 M3,117,24/2Tb,Blue
6944,Apple iMac 24 M3,117,24/2Tb,Green
6945,Apple iMac 24 M3,117,24/2Tb,Orange
6946,Apple iMac 24 M3,117,24/2Tb,Pink
6947,Apple iMac 24 M3,117,24/2Tb,Purple
6948,Apple iMac 24 M3,117,24/2Tb,Silver
6949,Apple iMac 24 M3,117,24/2Tb,Yellow
6950,Apple iMac 24 M4,117,8/256Gb,Blue
6951,Apple iMac 24 M4,117,8/256Gb,Green
6952,Apple iMac 24 M4,117,8/256Gb,Orange
6953,Apple iMac 24 M4,117,8/256Gb,Pink
6954,Apple iMac 24 M4,117,8/256Gb,Purple
6955,Apple iMac 24 M4,117,8/256Gb,Silver
6956,Apple iMac 24 M4,117,8/256Gb,Yellow
6957,Apple iMac 24 M4,117,8/512Gb,Blue
6958,Apple iMac 24 M4,117,8/512Gb,Green
6959,Apple iMac 24 M4,117,8/512Gb,Orange
6960,Apple iMac 24 M4,117,8/512Gb,Pink
6961,Apple iMac 24 M4,117,8/512Gb,Purple
6962,Apple iMac 24 M4,117,8/512Gb,Silver
6963,Apple iMac 24 M4,117,8/512Gb,Yellow
6964,Apple iMac 24 M4,117,8/1Tb,Blue
6965,Apple iMac 24 M4,117,8/1Tb,Green
6966,Apple iMac 24 M4,117,8/1Tb,Orange
6967,Apple iMac 24 M4,117,8/1Tb,Pink
6968,Apple iMac 24 M4,117,8/1Tb,Purple
6969,Apple iMac 24 M4,117,8/1Tb,Silver
6970,Apple iMac 24 M4,117,8/1Tb,Yellow
6971,Apple iMac 24 M4,117,8/2Tb,Blue
6972,Apple iMac 24 M4,117,8/2Tb,Green
6973,Apple iMac 24 M4,117,8/2Tb,Orange
6974,Apple iMac 24 M4,117,8/2Tb,Pink
6975,Apple iMac 24 M4,117,8/2Tb,Purple
6976,Apple iMac 24 M4,117,8/2Tb,Silver
6977,Apple iMac 24 M4,117,8/2Tb,Yellow
6978,Apple iMac 24 M4,117,16/256Gb,Blue
6979,Apple iMac 24 M4,117,16/256Gb,Green
6980,Apple iMac 24 M4,117,16/256Gb,Orange
6981,Apple iMac 24 M4,117,16/256Gb,Pink
6982,Apple iMac 24 M4,117,16/256Gb,Purple
6983,Apple iMac 24 M4,117,16/256Gb,Silver
6984,Apple iMac 24 M4,117,16/256Gb,Yellow
6985,Apple iMac 24 M4,117,16/512Gb,Blue
6986,Apple iMac 24 M4,117,16/512Gb,Green
6987,Apple iMac 24 M4,117,16/512Gb,Orange
6988,Apple iMac 24 M4,117,16/512Gb,Pink
6989,Apple iMac 24 M4,117,16/512Gb,Purple
6990,Apple iMac 24 M4,117,16/512Gb,Silver
6991,Apple iMac 24 M4,117,16/512Gb,Yellow
6992,Apple iMac 24 M4,117,16/1Tb,Blue
6993,Apple iMac 24 M4,117,16/1Tb,Green
6994,Apple iMac 24 M4,117,16/1Tb,Orange
6995,Apple iMac 24 M4,117,16/1Tb,Pink
6996,Apple iMac 24 M4,117,16/1Tb,Purple
6997,Apple iMac 24 M4,117,16/1Tb,Silver
6998,Apple iMac 24 M4,117,16/1Tb,Yellow
6999,Apple iMac 24 M4,117,16/2Tb,Blue
7000,Apple iMac 24 M4,117,16/2Tb,Green
7001,Apple iMac 24 M4,117,16/2Tb,Orange
7002,Apple iMac 24 M4,117,16/2Tb,Pink
7003,Apple iMac 24 M4,117,16/2Tb,Purple
7004,Apple iMac 24 M4,117,16/2Tb,Silver
7005,Apple iMac 24 M4,117,16/2Tb,Yellow
7006,Apple iMac 24 M4,117,24/256Gb,Blue
7007,Apple iMac 24 M4,117,24/256Gb,Green
7008,Apple iMac 24 M4,117,24/256Gb,Orange
7009,Apple iMac 24 M4,117,24/256Gb,Pink
7010,Apple iMac 24 M4,117,24/256Gb,Purple
7011,Apple iMac 24 M4,117,24/256Gb,Silver
7012,Apple iMac 24 M4,117,24/256Gb,Yellow
7013,Apple iMac 24 M4,117,24/512Gb,Blue
7014,Apple iMac 24 M4,117,24/512Gb,Green
7015,Apple iMac 24 M4,117,24/512Gb,Orange
7016,Apple iMac 24 M4,117,24/512Gb,Pink
7017,Apple iMac 24 M4,117,24/512Gb,Purple
7018,Apple iMac 24 M4,117,24/512Gb,Silver
7019,Apple iMac 24 M4,117,24/512Gb,Yellow
7020,Apple iMac 24 M4,117,24/1Tb,Blue
7021,Apple iMac 24 M4,117,24/1Tb,Green
7022,Apple iMac 24 M4,117,24/1Tb,Orange
7023,Apple iMac 24 M4,117,24/1Tb,Pink
7024,Apple iMac 24 M4,117,24/1Tb,Purple
7025,Apple iMac 24 M4,117,24/1Tb,Silver
7026,Apple iMac 24 M4,117,24/1Tb,Yellow
7027,Apple iMac 24 M4,117,24/2Tb,Blue
7028,Apple iMac 24 M4,117,24/2Tb,Green
7029,Apple iMac 24 M4,117,24/2Tb,Orange
7030,Apple iMac 24 M4,117,24/2Tb,Pink
7031,Apple iMac 24 M4,117,24/2Tb,Purple
7032,Apple iMac 24 M4,117,24/2Tb,Silver
7033,Apple iMac 24 M4,117,24/2Tb,Yellow
7034,Samsung Galaxy Tab S10 FE Plus 5G (Sim),11,8/128Gb,Light Blue
7035,Samsung Galaxy Tab S10 FE Plus 5G (Sim),11,8/128Gb,Gray
7036,Samsung Galaxy Tab S10 FE Plus 5G (Sim),11,8/128Gb,Silver
7037,Samsung Galaxy Tab S10 FE Plus 5G (Sim),11,8/256Gb,Light Blue
7038,Samsung Galaxy Tab S10 FE Plus 5G (Sim),11,8/256Gb,Gray
7039,Samsung Galaxy Tab S10 FE Plus 5G (Sim),11,8/256Gb,Silver
7040,Samsung Galaxy Tab S10 FE Plus 5G (Sim),11,12/256Gb,Light Blue
7041,Samsung Galaxy Tab S10 FE Plus 5G (Sim),11,12/256Gb,Gray
7042,Samsung Galaxy Tab S10 FE Plus 5G (Sim),11,12/256Gb,Silver
7043,Samsung Galaxy Tab S10 FE 5G (Sim),11,8/128Gb,Light Blue
7044,Samsung Galaxy Tab S10 FE 5G (Sim),11,8/128Gb,Gray
7045,Samsung Galaxy Tab S10 FE 5G (Sim),11,8/128Gb,Silver
7046,Samsung Galaxy Tab S10 FE 5G (Sim),11,8/256Gb,Light Blue
7047,Samsung Galaxy Tab S10 FE 5G (Sim),11,8/256Gb,Gray
7048,Samsung Galaxy Tab S10 FE 5G (Sim),11,8/256Gb,Silver
7049,Samsung Galaxy Tab S10 FE 5G (Sim),11,12/256Gb,Light Blue
7050,Samsung Galaxy Tab S10 FE 5G (Sim),11,12/256Gb,Gray
7051,Samsung Galaxy Tab S10 FE 5G (Sim),11,12/256Gb,Silver
7052,Samsung Galaxy Tab S10 FE (Wifi),11,8/128Gb,Light Blue
7053,Samsung Galaxy Tab S10 FE (Wifi),11,8/128Gb,Gray
7054,Samsung Galaxy Tab S10 FE (Wifi),11,8/128Gb,Silver
7055,Samsung Galaxy Tab S10 FE (Wifi),11,8/256Gb,Light Blue
7056,Samsung Galaxy Tab S10 FE (Wifi),11,8/256Gb,Gray
7057,Samsung Galaxy Tab S10 FE (Wifi),11,8/256Gb,Silver
7058,Samsung Galaxy Tab S10 FE (Wifi),11,12/256Gb,Light Blue
7059,Samsung Galaxy Tab S10 FE (Wifi),11,12/256Gb,Gray
7060,Samsung Galaxy Tab S10 FE (Wifi),11,12/256Gb,Silver
7061,Samsung Galaxy Tab S10 FE Plus (Wifi),11,8/128Gb,Light Blue
7062,Samsung Galaxy Tab S10 FE Plus (Wifi),11,8/128Gb,Gray
7063,Samsung Galaxy Tab S10 FE Plus (Wifi),11,8/128Gb,Silver
7064,Samsung Galaxy Tab S10 FE Plus (Wifi),11,8/256Gb,Light Blue
7065,Samsung Galaxy Tab S10 FE Plus (Wifi),11,8/256Gb,Gray
7066,Samsung Galaxy Tab S10 FE Plus (Wifi),11,8/256Gb,Silver
7067,Samsung Galaxy Tab S10 FE Plus (Wifi),11,12/256Gb,Light Blue
7068,Samsung Galaxy Tab S10 FE Plus (Wifi),11,12/256Gb,Gray
7069,Samsung Galaxy Tab S10 FE Plus (Wifi),11,12/256Gb,Silver
7070,CMF Buds 2a,79,,Dark Gray
7071,CMF Buds 2a,79,,Light Gray
7072,CMF Buds 2a,79,,Orange
7073,CMF Buds 2,79,,Dark Gray
7074,CMF Buds 2,79,,Light Green
7075,CMF Buds 2,79,,Orange
7076,Xiaomi Redmi Pad 2 (Wifi),12,6/128Gb,Lavender Purple
7077,Xiaomi Redmi Pad 2 (Wifi),12,6/128Gb,Graphite Gray
7078,Xiaomi Redmi Pad 2 (Wifi),12,6/128Gb,Mint Green
7079,Xiaomi Redmi Pad 2 4G (Sim),12,4/128Gb,Lavender Purple
7080,Xiaomi Redmi Pad 2 4G (Sim),12,8/256Gb,Lavender Purple
7081,Xiaomi Redmi Pad 2 4G (Sim),12,6/128Gb,Lavender Purple
7082,Xiaomi Redmi Pad 2 4G (Sim),12,6/128Gb,Graphite Gray
7083,Xiaomi Redmi Pad 2 4G (Sim),12,6/128Gb,Mint Green
7084,Xiaomi Redmi Pad 2 (Wifi),12,4/128Gb,Lavender Purple
7085,Xiaomi Redmi Pad 2 (Wifi),12,8/256Gb,Lavender Purple
7086,Apple iMac 24 M1,117,8/256Gb,
7087,Apple iMac 24 M1,117,8/256Gb,
7088,Apple iMac 24 M1,117,8/512Gb,
7089,Apple iMac 24 M1,117,8/512Gb,
7090,Apple iMac 24 M1,117,8/1Tb,
7091,Apple iMac 24 M1,117,8/1Tb,
7092,Apple iMac 24 M1,117,8/2Tb,
7093,Apple iMac 24 M1,117,8/2Tb,
7094,Apple iMac 24 M1,117,16/256Gb,
7095,Apple iMac 24 M1,117,16/256Gb,
7096,Apple iMac 24 M1,117,16/512Gb,
7097,Apple iMac 24 M1,117,16/512Gb,
7098,Apple iMac 24 M1,117,16/1Tb,
7099,Apple iMac 24 M1,117,16/1Tb,
7100,Apple iMac 24 M1,117,16/2Tb,
7101,Apple iMac 24 M1,117,16/2Tb,
7102,Apple iMac 24 M3,117,8/256Gb,
7103,Apple iMac 24 M3,117,8/256Gb,
7104,Apple iMac 24 M3,117,8/512Gb,
7105,Apple iMac 24 M3,117,8/512Gb,
7106,Apple iMac 24 M3,117,8/1Tb,
7107,Apple iMac 24 M3,117,8/1Tb,
7108,Apple iMac 24 M3,117,8/2Tb,
7109,Apple iMac 24 M3,117,8/2Tb,
7110,Apple iMac 24 M3,117,16/256Gb,
7111,Apple iMac 24 M3,117,16/256Gb,
7112,Apple iMac 24 M3,117,16/512Gb,
7113,Apple iMac 24 M3,117,16/512Gb,
7114,Apple iMac 24 M3,117,16/1Tb,
7115,Apple iMac 24 M3,117,16/1Tb,
7116,Apple iMac 24 M3,117,16/2Tb,
7117,Apple iMac 24 M3,117,16/2Tb,
7118,Apple iMac 24 M3,117,24/256Gb,
7119,Apple iMac 24 M3,117,24/256Gb,
7120,Apple iMac 24 M3,117,24/512Gb,
7121,Apple iMac 24 M3,117,24/512Gb,
7122,Apple iMac 24 M3,117,24/1Tb,
7123,Apple iMac 24 M3,117,24/1Tb,
7124,Apple iMac 24 M3,117,24/2Tb,
7125,Apple iMac 24 M3,117,24/2Tb,
7126,Apple iMac 24 M4,117,8/256Gb,
7127,Apple iMac 24 M4,117,8/256Gb,
7128,Apple iMac 24 M4,117,8/512Gb,
7129,Apple iMac 24 M4,117,8/512Gb,
7130,Apple iMac 24 M4,117,8/1Tb,
7131,Apple iMac 24 M4,117,8/1Tb,
7132,Apple iMac 24 M4,117,8/2Tb,
7133,Apple iMac 24 M4,117,8/2Tb,
7134,Apple iMac 24 M4,117,16/256Gb,
7135,Apple iMac 24 M4,117,16/256Gb,
7136,Apple iMac 24 M4,117,16/512Gb,
7137,Apple iMac 24 M4,117,16/512Gb,
7138,Apple iMac 24 M4,117,16/1Tb,
7139,Apple iMac 24 M4,117,16/1Tb,
7140,Apple iMac 24 M4,117,16/2Tb,
7141,Apple iMac 24 M4,117,16/2Tb,
7142,Apple iMac 24 M4,117,24/256Gb,
7143,Apple iMac 24 M4,117,24/256Gb,
7144,Apple iMac 24 M4,117,24/512Gb,
7145,Apple iMac 24 M4,117,24/512Gb,
7146,Apple iMac 24 M4,117,24/1Tb,
7147,Apple iMac 24 M4,117,24/1Tb,
7148,Apple iMac 24 M4,117,24/2Tb,
7149,Apple iMac 24 M4,117,24/2Tb,
7150,Apple Mac mini M4,117,16/256Gb,
7151,Huawei MatePad 11.5 (Wi-Fi),29,6/128Gb,Blue
7152,Huawei MatePad 11.5 (Wi-Fi),29,6/128Gb,Gray
7153,Huawei MatePad 11.5 (Wi-Fi),29,8/128Gb,Blue
7154,Huawei MatePad 11.5 (Wi-Fi),29,8/128Gb,Gray
7155,Huawei MatePad 11.5 (Wi-Fi),29,8/256Gb,Blue
7156,Huawei MatePad 11.5 (Wi-Fi),29,8/256Gb,Gray
7157,Honor Pad X8a,29,4/64Gb,Space Gray
7158,Honor Pad X8a,29,4/128Gb,Space Gray
7159,Huawei MatePad SE 11 4G (Sim),29,4/64Gb,Blue
7160,Huawei MatePad SE 11 4G (Sim),29,4/64Gb,Gray
7161,Huawei MatePad SE 11 4G (Sim),29,4/128Gb,Blue
7162,Huawei MatePad SE 11 4G (Sim),29,4/128Gb,Gray
7163,Huawei MatePad SE 11 4G (Sim),29,6/128Gb,Blue
7164,Huawei MatePad SE 11 4G (Sim),29,6/128Gb,Gray
7165,Huawei MatePad SE 11 4G (Sim),29,8/128Gb,Blue
7166,Huawei MatePad SE 11 4G (Sim),29,8/128Gb,Gray
7167,Huawei Nova 12s,119,8/128Gb,Black
7168,Huawei Nova 12s,119,8/128Gb,Blue
7169,Huawei Nova 12s,119,8/128Gb,White
7170,Huawei Nova 12s,119,8/256Gb,Black
7171,Huawei Nova 12s,119,8/256Gb,Blue
7172,Huawei Nova 12s,119,8/256Gb,White
7173,Huawei Nova Y61,119,4/64Gb,Green
7174,Huawei Nova Y61,119,4/64Gb,Midnight Black
7175,Huawei Nova Y61,119,4/64Gb,Sapphire Blue
7176,Huawei Nova Y61,119,6/64Gb,Green
7177,Huawei Nova Y61,119,6/64Gb,Midnight Black
7178,Huawei Nova Y61,119,6/64Gb,Sapphire Blue
7179,Huawei Nova Y61,119,4/128Gb,Green
7180,Huawei Nova Y61,119,4/128Gb,Midnight Black
7181,Huawei Nova Y61,119,4/128Gb,Sapphire Blue
7182,Huawei Nova Y61,119,8/128Gb,Green
7183,Huawei Nova Y61,119,8/128Gb,Midnight Black
7184,Huawei Nova Y61,119,8/128Gb,Sapphire Blue
7185,Huawei Nova Y72S,119,8/128Gb,Black
7186,Huawei Nova Y72S,119,8/128Gb,Blue
7187,Huawei Nova Y72S,119,8/256Gb,Black
7188,Huawei Nova Y72S,119,8/256Gb,Blue
7189,Huawei Nova 13 Pro,119,12/256Gb,Black
7190,Huawei Nova 13 Pro,119,12/256Gb,Green
7191,Huawei Nova 13 Pro,119,12/256Gb,White
7192,Huawei Nova 13 Pro,119,12/256Gb,Purple
7193,Huawei Nova 13 Pro,119,12/512Gb,Black
7194,Huawei Nova 13 Pro,119,12/512Gb,Green
7195,Huawei Nova 13 Pro,119,12/512Gb,White
7196,Huawei Nova 13 Pro,119,12/512Gb,Purple
7197,Huawei Nova 13 Pro,119,12/1Tb,Black
7198,Huawei Nova 13 Pro,119,12/1Tb,Green
7199,Huawei Nova 13 Pro,119,12/1Tb,White
7200,Huawei Nova 13 Pro,119,12/1Tb,Purple
7201,Huawei Pura 70,119,12/256Gb,Black
7202,Huawei Pura 70,119,12/256Gb,Blue
7203,Huawei Pura 70,119,12/256Gb,Pink
7204,Huawei Pura 70,119,12/256Gb,White
7205,Huawei Pura 70,119,12/512Gb,Black
7206,Huawei Pura 70,119,12/512Gb,Blue
7207,Huawei Pura 70,119,12/512Gb,Pink
7208,Huawei Pura 70,119,12/512Gb,White
7209,Huawei Pura 70,119,12/1Tb,Black
7210,Huawei Pura 70,119,12/1Tb,Blue
7211,Huawei Pura 70,119,12/1Tb,Pink
7212,Huawei Pura 70,119,12/1Tb,White
7213,Huawei Mate X6,119,12/256Gb,Black
7214,Huawei Mate X6,119,12/256Gb,Blue
7215,Huawei Mate X6,119,12/256Gb,Gray
7216,Huawei Mate X6,119,12/256Gb,Red
7217,Huawei Mate X6,119,12/256Gb,White
7218,Huawei Mate X6,119,12/512Gb,Black
7219,Huawei Mate X6,119,12/512Gb,Blue
7220,Huawei Mate X6,119,12/512Gb,Gray
7221,Huawei Mate X6,119,12/512Gb,Red
7222,Huawei Mate X6,119,12/512Gb,White
7223,Huawei Mate X6,119,16/512Gb,Black
7224,Huawei Mate X6,119,16/512Gb,Blue
7225,Huawei Mate X6,119,16/512Gb,Gray
7226,Huawei Mate X6,119,16/512Gb,Red
7227,Huawei Mate X6,119,16/512Gb,White
7228,Huawei Mate X6,119,16/1Tb,Black
7229,Huawei Mate X6,119,16/1Tb,Blue
7230,Huawei Mate X6,119,16/1Tb,Gray
7231,Huawei Mate X6,119,16/1Tb,Red
7232,Huawei Mate X6,119,16/1Tb,White
7233,Huawei Mate XT,119,16/256Gb,Black
7234,Huawei Mate XT,119,16/256Gb,Red
7235,Huawei Mate XT,119,16/512Gb,Black
7236,Huawei Mate XT,119,16/512Gb,Red
7237,Huawei Mate XT,119,16/1Tb,Black
7238,Huawei Mate XT,119,16/1Tb,Red
7239,Huawei Nova 13i,119,8/128Gb,Blue
7240,Huawei Nova 13i,119,8/128Gb,White
7241,Huawei Nova 13i,119,8/256Gb,Blue
7242,Huawei Nova 13i,119,8/256Gb,White
7243,Huawei Nova 12i,119,8/128Gb,Black
7244,Huawei Nova 12i,119,8/128Gb,Green
7245,Huawei Nova 12i,119,8/256Gb,Black
7246,Huawei Nova 12i,119,8/256Gb,Green
7247,Huawei Nova 13,119,12/256Gb,Green
7248,Huawei Nova 13,119,12/256Gb,White
7249,Huawei Nova 13,119,12/256Gb,Black
7250,Huawei Nova 13,119,12/512Gb,Green
7251,Huawei Nova 13,119,12/512Gb,White
7252,Huawei Nova 13,119,12/512Gb,Black
7253,Huawei Pura 70 Pro,119,12/256Gb,White
7254,Huawei Pura 70 Pro,119,12/256Gb,Purple
7255,Huawei Pura 70 Pro,119,12/256Gb,Black
7256,Huawei Pura 70 Pro,119,12/512Gb,White
7257,Huawei Pura 70 Pro,119,12/512Gb,Purple
7258,Huawei Pura 70 Pro,119,12/512Gb,Black
7259,Huawei Pura 70 Pro,119,12/1Tb,White
7260,Huawei Pura 70 Pro,119,12/1Tb,Purple
7261,Huawei Pura 70 Pro,119,12/1Tb,Black
7262,Huawei Pura 70 Pro,119,16/512Gb,White
7263,Huawei Pura 70 Pro,119,16/512Gb,Purple
7264,Huawei Pura 70 Pro,119,16/512Gb,Black
7265,Huawei Pura 70 Pro,119,16/1Tb,White
7266,Huawei Pura 70 Pro,119,16/1Tb,Purple
7267,Huawei Pura 70 Pro,119,16/1Tb,Black
7268,Xiaomi Focus Pen,65,,Black
7269,Xiaomi Focus Pen,65,,White
7270,Redmi Smart Pen,65,,
7271,Яндекс Станция Стрит,21,,Чёрный
7272,Яндекс Станция Стрит,21,,Зелёный
7273,Sony WH-1000XM6,17,,Black
7274,Sony WH-1000XM6,17,,Midnight Blue
7275,Sony WH-1000XM6,17,,Platinum Silver
7276,Huawei Watch Fit 4,27,,Black
7277,Huawei Watch Fit 4,27,,White
7278,Huawei Watch Fit 4,27,,Gray
7279,Huawei Watch Fit 4,27,,Purple
7280,Asus Vivobook X1404VA,77,CPU: Intel i3-1315U<br>GPU: Intel Iris Xe Graphics<br>RAM: DDR4 8Gb<br>Хранилище: SSD 512Gb<br>Экран: 14 FullHD<br>Цвет: Blue<br>Цена,
7281,Asus TUF FA507NUR,77,CPU: AMD R7-7435HS<br>GPU: Nvidia RTX 4050 6Gb<br>RAM: LPDDR5 16Gb<br>Хранилище: SSD 512Gb<br>Экран: 15.6 FullHD 144Hz<br>Цвет: Gray<br>Цена,
7282,Asus Expertbook B1402CBA,77,CPU: Intel i7-1255U<br>GPU: Intel Iris Xe Graphics<br>RAM: DDR4 8Gb<br>Хранилище: SSD 512Gb<br>Экран: 14 FullHD<br>Цвет: Blue<br>Цена,
7283,Asus TUF FX507VV,77,CPU: Intel i7-13620H<br>GPU: Nvidia RTX 4060 8Gb<br>RAM: LPDDR4 16Gb<br>Хранилище: SSD 512Gb<br>Экран: 15.6 FullHD 144Hz<br>Цвет: Gray<br>Цена,
7284,Asus Vivobook X1404VA,77,CPU: Intel i7-1335U<br>GPU: Intel Iris Xe Graphics<br>RAM: DDR4 8Gb<br>Хранилище: SSD 512Gb<br>Экран: 14 FullHD<br>Цвет: Blue<br>Цена,
7285,Asus Vivobook F1502ZA,77,CPU: Intel i5-12500H<br>GPU: Intel Iris Xe Graphics<br>RAM: DDR4 16Gb<br>Хранилище: SSD 512Gb<br>Экран: 15.6 FullHD<br>Цвет: Silver<br>Цена,
7286,Asus Vivobook X1404VA,77,CPU: Intel i7-1335U<br>GPU: Intel Iris Xe Graphics<br>RAM: DDR4 8Gb<br>Хранилище: SSD 512Gb<br>Экран: 14 FullHD<br>Цвет: Silver<br>Цена,
7287,Asus Vivobook M1605YA,77,CPU: AMD R7-7730U<br>GPU: Intel Radeon Graphics<br>RAM: DDR4 8Gb<br>Хранилище: SSD 512Gb<br>Экран: 16 WUXGA<br>Цвет: Silver<br>Цена,
7288,Asus Expertbook B1402CV,77,CPU: Intel i7-1355U<br>GPU: Intel Iris Xe Graphics<br>RAM: DDR4 16Gb<br>Хранилище: SSD 512Gb<br>Экран: 14 FullHD<br>Цвет: Black<br>Цена,
7289,Asus Expertbook B1500,77,CPU: Intel i5-1135G7<br>GPU: Intel Iris Xe Graphics<br>RAM: DDR4 8Gb<br>Хранилище: SSD 256Gb<br>Экран: 15.6 FullHD<br>Цвет: Black<br>Цена,
7290,Asus TUF FX707ZC,77,CPU: Intel i5-12500H<br>GPU: Nvidia RTX 3050 4Gb<br>RAM: DDR4 16Gb<br>Хранилище: SSD 512Gb<br>Экран: 17.3 FullHD 144Hz<br>Цвет: Gray<br>Цена,
7291,Asus Expertbook B1402,77,CPU: Intel i5-1335U<br>GPU: Intel Iris Xe Graphics<br>RAM: DDR4 8Gb<br>Хранилище: SSD 512Gb<br>Экран: 14 FullHD<br>Цвет: Black<br>Цена,
7292,Honor X6c,4,6/128Gb,Midnight Black
7293,Honor X6c,4,6/128Gb,Moonlight White
7294,Honor X6c,4,6/128Gb,Ocean Cyan
7295,Honor X6c,4,6/256Gb,Midnight Black
7296,Honor X6c,4,6/256Gb,Moonlight White
7297,Honor X6c,4,6/256Gb,Ocean Cyan
7298,Honor X6c,4,8/256Gb,Midnight Black
7299,Honor X6c,4,8/256Gb,Moonlight White
7300,Honor X6c,4,8/256Gb,Ocean Cyan
7301,Xiaomi Poco C71,6,4/64Gb,Black
7302,Xiaomi Poco C71,6,4/64Gb,Blue
7303,Xiaomi Poco C71,6,4/64Gb,Gold
7304,Xiaomi Poco C71,6,6/128Gb,Black
7305,Xiaomi Poco C71,6,6/128Gb,Blue
7306,Xiaomi Poco C71,6,6/128Gb,Gold
7307,MSI THIN A15 B13UCX,74,CPU: Intel i5-13420H<br>GPU: Nvidia RTX 2050 4Gb<br>RAM: DDR4 16Gb<br>Хранилище: SDD 512Gb<br>Экран: 15.6 FullHD 144 Hz<br>Цвет: Black<br>Цена,
7308,MSI THIN A15,74,CPU: AMD R7-7735HS<br>GPU: Nvidia RTX 4060 8Gb<br>RAM: DDR5 16Gb<br>Хранилище: SDD 512Gb<br>Экран: 15.6 FullHD 144 Hz<br>Цвет: Gray<br>Цена,
7309,MSI THIN A15,74,CPU: AMD R5-7535H<br>GPU: Nvidia RTX 2050 4Gb<br>RAM: DDR5 8Gb<br>Хранилище: SDD 512Gb<br>Экран: 15.6 FullHD 144 Hz<br>Цвет: Gray<br>Цена,
7310,MSI Modern 15,74,CPU: Intel i5-1235U<br>GPU: Intel Iris Xe Graphics<br>RAM: DDR4 8Gb<br>Хранилище: SDD 512Gb<br>Экран: 15.6 FullHD<br>Цвет: Black<br>Цена,
7311,HP ProBook 440 G10,73,CPU: Intel i5-1335U <br>• GPU: Intel UHD Graphics <br>• RAM: DDR4 8Gb <br>• Хранилище:SDD 512Gb <br>• Экран: 14 FullHD <br>• Цвет: Silver <br>Цена,
7312,HP 14-CF2111WM,73,CPU: Intel Celeron N4120 <br>• GPU: Intel UHD Graphics <br>• RAM: DDR4 4Gb <br>• Хранилище:SDD 64Gb <br>• Экран: 14 HD <br>• Цвет: Blue <br>Цена,
7313,HP Envy x360 16-AD0013DX,73,CPU: AMD R5-8640HS <br>• GPU: AMD Radeon 760M <br>• RAM: DDR5 8Gb <br>• Хранилище:SDD 512Gb <br>• Экран: 16 WUXGA <br>• Цвет: Gray <br>Цена,
7314,HP 15-FC0015NIA,73,CPU: AMD R3-7320U <br>• GPU: AMD Radeon Graphics <br>• RAM: DDR5 4Gb <br>• Хранилище:SDD 256Gb <br>• Экран: 15.6 FullHD <br>• Цвет: Silver <br>Цена,
7315,HP Pavilion 15T-EG300,73,CPU: Intel i5-1335U <br>• GPU: Intel UHD Graphics <br>• RAM: DDR4 8Gb <br>• Хранилище:SDD 256Gb <br>• Экран: 15.6 FullHD <br>• Цвет: Silver <br>Цена,
7316,HP ProBook 450 G10,73,CPU: Intel i5-1335U <br>• GPU: Nvidia RTX 2050 4Gb <br>• RAM: DDR4 8Gb <br>• Хранилище:SDD 512Gb <br>• Экран: 15.6 FullHD <br>• Цвет: Silver <br>Цена,
7317,HP Victus 15-FA1234NW,73,CPU: Intel i5-13420H <br>• GPU: Nvidia RTX 2050 4Gb <br>• RAM: DDR4 8Gb <br>• Хранилище:SDD 512Gb <br>• Экран: 15.6 FullHD 144Hz <br>• Цвет: Black <br>Цена,
7318,HP 15-DW3021NIA,73,CPU: Intel i5-1135G7 <br>• GPU: Nvidia MX350 2Gb <br>• RAM: DDR4 8Gb <br>• Хранилище:SDD 256Gb <br>• Экран: 15.6 FullHD <br>• Цвет: Silver <br>Цена,
7319,HP Victus 15-FA1034NN,73,CPU: Intel i5-12450H <br>• GPU: Nvidia RTX 4050 6Gb <br>• RAM: DDR4 16Gb <br>• Хранилище:SDD 512Gb <br>• Экран: 15.6 FullHD 144 Hz <br>• Цвет: White <br>Цена,
7320,HP Victus 15-FB2694NW,73,CPU: AMD R7-8845HS <br>• GPU: Nvidia RTX 4060 8Gb <br>• RAM: DDR4 16Gb <br>• Хранилище:SDD 1Tb <br>• Экран: 15.6 FullHD 144Hz <br>• Цвет: White <br>Цена,
7321,HP Victus 15-FA1033NIA,73,CPU: Intel i5-12500H <br>• GPU: Nvidia RTX 4060 4Gb <br>• RAM: DDR4 8Gb <br>• Хранилище:SDD 512Gb <br>• Экран: 15.6 FullHD 144Hz <br>• Цвет: Blue <br>Цена,
7322,HP 250 G8,73,CPU: Intel i5-1135G7 <br>• GPU: Intel Iris Xe Graphics <br>• RAM: DDR4 8Gb <br>• Хранилище:SDD 512Gb <br>• Экран: 15.6 FullHD <br>• Цвет: Silver <br>Цена,
7323,HP ProBook 460 G10,73,CPU: Intel Ultra 5-125U <br>• GPU: Intel UHD Graphics <br>• RAM: DDR5 8Gb <br>• Хранилище:SDD 512Gb <br>• Экран: 16 WUXGA <br>• Цвет: Silver <br>Цена,
7324,HP ENVY x360 15-EW1058WM,73,CPU: Intel i5-1335U <br>• GPU: Intel UHD Graphics <br>• RAM: DDR4 8Gb <br>• Хранилище:SDD 512Gb <br>• Экран: 15.6 FullHD <br>• Цвет: Silver <br>Цена,
7325,HP Victus 15-FA1408TX,73,CPU: Intel i5-13500H <br>• GPU: Nvidia RTX 3050 6Gb <br>• RAM: DDR4 8Gb <br>• Хранилище:SDD 512Gb <br>• Экран: 15.6 FullHD 144Hz <br>• Цвет: Black <br>Цена,
7326,HP OmniBook X 14-FE1003DX,73,CPU: Snapdragon X Plus X1P-42-100 <br>• GPU: Qualcomm Adreno GPU <br>LPDDR5x 16Gb <br>• Хранилище:SDD 512Gb <br>• Экран: 14 2K <br>• Цвет: Glacier Silver <br>Цена,
7327,HP ProBook 440 G10,73,CPU: Intel i7-1355U <br>• GPU: Intel Iris Xe Graphics <br>• RAM: DDR4 8Gb <br>• Хранилище:SDD 512Gb <br>• Экран: 14 FullHD <br>• Цвет: Silver <br>Цена,
7328,HP Victus 15-FB2082WM,73,CPU: AMD Ryzen 5-8645HS <br>• GPU: Nvidia RTX 4050 6Gb <br>• RAM: DDR5 8Gb <br>• Хранилище:SDD 512Gb <br>• Экран: 15.6 FullHD <br>• Цвет: Black <br>Цена,
7329,HP 15-FD0068NE,73,CPU: Intel i7-1355U <br>• GPU: Nvidia MX570 2Gb <br>• RAM: DDR4 8Gb <br>• Хранилище:SDD 512Gb <br>• Экран: 15.6 FullHD <br>• Цвет: Silver <br>Цена,
7330,HP Victus 15-FA0031DX,73,CPU: Intel i5-12450H <br>• GPU: Nvidia GTX 1650 4Gb <br>• RAM: DDR4 8Gb <br>• Хранилище:SDD 512Gb <br>• Экран: 15.6 FullHD 144Hz <br>• Цвет: Black <br>Цена,
7331,HP Victus 15-FB2772ND,73,CPU: AMD R7-8845HS <br>• GPU: Nvidia RTX 4060 8Gb <br>• RAM: DDR4 16Gb <br>• Хранилище:SDD 1Tb <br>• Экран: 15.6 FullHD 144Hz <br>• Цвет: Black <br>Цена,
7332,HP ProBook 440 G10,73,CPU: Intel i5-1335U <br>• GPU: Nvidia RTX 2050 4Gb <br>• RAM: DDR4 8Gb <br>• Хранилище:SDD 512Gb <br>• Экран: 14 FullHD <br>• Цвет: Silver <br>Цена,
7333,HP,73,CPU: Intel Celeron N4020 <br>• GPU: Intel UHD Graphics <br>• RAM: DDR4 4Gb <br>• Хранилище:HDD 1Tb <br>• Экран: 15.6 HD <br>• Цвет: Silver <br>Цена,
7334,HP ElitBook MT46,73,CPU: AMD R3-4450U <br>• GPU: AMD Radeon Graphics <br>• RAM: DDR4 8Gb <br>• Хранилище:SDD 256Gb <br>• Экран: 14 FullHD <br>• Цвет: Silver <br>Цена,
7335,HP 15-FC0125NIA,73,CPU: AMD R3-7320U <br>• GPU: AMD Radeon 610M 512Mb <br>• RAM: DDR5 8Gb <br>• Хранилище:SDD 256Gb <br>• Экран: 15.6 FullHD <br>• Цвет: Silver <br>Цена,
7336,HP X360 16-AC0033DX,73,CPU: Intel Ultra 7-155U <br>• GPU: Intel UHD Graphics <br>LPDDR5 32Gb <br>• Хранилище:SDD 2Tb <br>• Экран: 16 WUXGA <br>• Цвет: Silver <br>Цена,
7337,HP 15-FD0045NQ,73,CPU: Intel i3-1315U <br>• GPU: Intel UHD Graphics <br>• RAM: DDR4 8Gb <br>• Хранилище:SDD 256Gb <br>• Экран: 15.6 FullHD <br>• Цвет: Gold <br>Цена,
7338,HP 15S-FQ5066TU,73,CPU: Intel i5-1235U <br>• GPU: Intel UHD Graphics <br>• RAM: DDR4 8Gb <br>• Хранилище:SDD 512Gb <br>• Экран: 15.6 FullHD <br>• Цвет: Silver <br>Цена,
7339,Ray Ban Meta Headliner,120,,Matte Rebel Black/Polar Brown
7340,Ray Ban Meta Wayfarer,120,,hiny Warm Stone Transparent/Tint to Watermelon Red Transitions
7341,Honor 400 Pro 5G,4,12/256Gb,Midnight Black
7342,Honor 400 Pro 5G,4,12/256Gb,Tidal Blue
7343,Honor 400 Pro 5G,4,12/256Gb,Lunar Gray
7344,Honor 400 Pro 5G,4,12/512Gb,Midnight Black
7345,Honor 400 Pro 5G,4,12/512Gb,Tidal Blue
7346,Honor 400 Pro 5G,4,12/512Gb,Lunar Gray
7347,Honor 400 Pro 5G,4,16/512Gb,Midnight Black
7348,Honor 400 Pro 5G,4,16/512Gb,Tidal Blue
7349,Honor 400 Pro 5G,4,16/512Gb,Lunar Gray
7350,Honor 400 Pro 5G,4,16/1Tb,Midnight Black
7351,Honor 400 Pro 5G,4,16/1Tb,Tidal Blue
7352,Honor 400 Pro 5G,4,16/1Tb,Lunar Gray
7353,Honor 400 5G,4,8/256Gb,Midnight Black
7354,Honor 400 5G,4,8/256Gb,Sand Gold
7355,Honor 400 5G,4,8/256Gb,Silver
7356,Honor 400 5G,4,12/256Gb,Midnight Black
7357,Honor 400 5G,4,12/256Gb,Sand Gold
7358,Honor 400 5G,4,12/256Gb,Silver
7359,Honor 400 5G,4,12/512Gb,Midnight Black
7360,Honor 400 5G,4,12/512Gb,Sand Gold
7361,Honor 400 5G,4,12/512Gb,Silver
7362,Xiaomi Poco F7 5G,6,12/256Gb,Black
7363,Xiaomi Poco F7 5G,6,12/256Gb,White
7364,Xiaomi Poco F7 5G,6,12/256Gb,Silver
7365,Xiaomi Poco F7 5G,6,12/512Gb,Black
7366,Xiaomi Poco F7 5G,6,12/512Gb,White
7367,Xiaomi Poco F7 5G,6,12/512Gb,Silver
7368,Huawei Watch 5 46mm,27,,Black
7369,Huawei Watch 5 46mm,27,,Blue
7370,Huawei Watch 5 46mm,27,,Silver
7371,Huawei Watch 5 46mm,27,,Purple
7372,Huawei Watch 5 46mm,27,,Brown
7373,Huawei Watch 5 42mm,27,,Black
7374,Huawei Watch 5 42mm,27,,White
7375,Huawei Watch 5 42mm,27,,Beige
7376,Huawei Watch 5 42mm,27,,Green
7377,Huawei Watch 5 42mm,27,,Sand Gold
7378,Xiaomi Smart Band 10,25,,Midnight Black
7379,Xiaomi Smart Band 10,25,,Glacier Silver
7380,Xiaomi Smart Band 10,25,,Mystic Rose
7381,Xiaomi Smart Band 10,25,,Pearl White
7382,Honor 400 5G,4,8/256Gb,Tidal Blue
7383,Honor 400 5G,4,12/256Gb,Tidal Blue
7384,Honor 400 5G,4,12/512Gb,Tidal Blue
7385,Samsung Galaxy Tab S10 Ultra 5G (Sim),11,12/256Gb + Keyboard,Moonstone Gray
7386,Samsung Galaxy Tab S10 Ultra 5G (Sim),11,12/256Gb + Keyboard,Platinum Silver
7387,Samsung Galaxy Tab S10 Ultra 5G (Sim),11,12/512Gb + Keyboard,Moonstone Gray
7388,Samsung Galaxy Tab S10 Ultra 5G (Sim),11,12/512Gb + Keyboard,Platinum Silver
7389,Samsung Galaxy Tab S10 Ultra 5G (Sim),11,16/1Tb + Keyboard,Moonstone Gray
7390,Samsung Galaxy Tab S10 Ultra 5G (Sim),11,16/1Tb + Keyboard,Platinum Silver
7391,Samsung Galaxy Tab S10 Plus (Wifi),11,12/256Gb + Keyboard,Moonstone Gray
7392,Samsung Galaxy Tab S10 Plus (Wifi),11,12/256Gb + Keyboard,Platinum Silver
7393,Samsung Galaxy Tab S10 Plus (Wifi),11,12/512Gb + Keyboard,Moonstone Gray
7394,Samsung Galaxy Tab S10 Plus (Wifi),11,12/512Gb + Keyboard,Platinum Silver
7395,Samsung Galaxy Tab S10 Plus 5G (Sim),11,12/256Gb + Keyboard,Moonstone Gray
7396,Samsung Galaxy Tab S10 Plus 5G (Sim),11,12/256Gb + Keyboard,Platinum Silver
7397,Samsung Galaxy Tab S10 Plus 5G (Sim),11,12/512Gb + Keyboard,Moonstone Gray
7398,Samsung Galaxy Tab S10 Plus 5G (Sim),11,12/512Gb + Keyboard,Platinum Silver
7399,Samsung Galaxy Tab S10 FE Plus 5G (Sim),11,8/128Gb + Keyboard,Light Blue
7400,Samsung Galaxy Tab S10 FE Plus 5G (Sim),11,8/128Gb + Keyboard,Gray
7401,Samsung Galaxy Tab S10 FE Plus 5G (Sim),11,8/128Gb + Keyboard,Silver
7402,Samsung Galaxy Tab S10 FE Plus 5G (Sim),11,8/256Gb + Keyboard,Light Blue
7403,Samsung Galaxy Tab S10 FE Plus 5G (Sim),11,8/256Gb + Keyboard,Gray
7404,Samsung Galaxy Tab S10 FE Plus 5G (Sim),11,8/256Gb + Keyboard,Silver
7405,Samsung Galaxy Tab S10 FE Plus 5G (Sim),11,12/256Gb + Keyboard,Light Blue
7406,Samsung Galaxy Tab S10 FE Plus 5G (Sim),11,12/256Gb + Keyboard,Gray
7407,Samsung Galaxy Tab S10 FE Plus 5G (Sim),11,12/256Gb + Keyboard,Silver
7408,Samsung Galaxy Tab S10 FE 5G (Sim),11,8/128Gb + Keyboard,Light Blue
7409,Samsung Galaxy Tab S10 FE 5G (Sim),11,8/128Gb + Keyboard,Gray
7410,Samsung Galaxy Tab S10 FE 5G (Sim),11,8/128Gb + Keyboard,Silver
7411,Samsung Galaxy Tab S10 FE 5G (Sim),11,8/256Gb + Keyboard,Light Blue
7412,Samsung Galaxy Tab S10 FE 5G (Sim),11,8/256Gb + Keyboard,Gray
7413,Samsung Galaxy Tab S10 FE 5G (Sim),11,8/256Gb + Keyboard,Silver
7414,Samsung Galaxy Tab S10 FE 5G (Sim),11,12/256Gb + Keyboard,Light Blue
7415,Samsung Galaxy Tab S10 FE 5G (Sim),11,12/256Gb + Keyboard,Gray
7416,Samsung Galaxy Tab S10 FE 5G (Sim),11,12/256Gb + Keyboard,Silver
7417,Samsung Galaxy Tab S10 FE (Wifi),11,8/128Gb + Keyboard,Light Blue
7418,Samsung Galaxy Tab S10 FE (Wifi),11,8/128Gb + Keyboard,Gray
7419,Samsung Galaxy Tab S10 FE (Wifi),11,8/128Gb + Keyboard,Silver
7420,Samsung Galaxy Tab S10 FE (Wifi),11,8/256Gb + Keyboard,Light Blue
7421,Samsung Galaxy Tab S10 FE (Wifi),11,8/256Gb + Keyboard,Gray
7422,Samsung Galaxy Tab S10 FE (Wifi),11,8/256Gb + Keyboard,Silver
7423,Samsung Galaxy Tab S10 FE (Wifi),11,12/256Gb + Keyboard,Light Blue
7424,Samsung Galaxy Tab S10 FE (Wifi),11,12/256Gb + Keyboard,Gray
7425,Samsung Galaxy Tab S10 FE (Wifi),11,12/256Gb + Keyboard,Silver
7426,Samsung Galaxy Tab S10 Ultra (Wifi),11,12/256Gb + Keyboard,Moonstone Gray
7427,Samsung Galaxy Tab S10 Ultra (Wifi),11,12/256Gb + Keyboard,Platinum Silver
7428,Samsung Galaxy Tab S10 Ultra (Wifi),11,12/512Gb + Keyboard,Moonstone Gray
7429,Samsung Galaxy Tab S10 Ultra (Wifi),11,12/512Gb + Keyboard,Platinum Silver
7430,Samsung Galaxy Tab S10 Ultra (Wifi),11,16/1Tb + Keyboard,Moonstone Gray
7431,Samsung Galaxy Tab S10 Ultra (Wifi),11,16/1Tb + Keyboard,Platinum Silver
7432,Samsung Galaxy Tab S10 FE Plus (Wifi),11,8/128Gb + Keyboard,Light Blue
7433,Samsung Galaxy Tab S10 FE Plus (Wifi),11,8/128Gb + Keyboard,Gray
7434,Samsung Galaxy Tab S10 FE Plus (Wifi),11,8/128Gb + Keyboard,Silver
7435,Samsung Galaxy Tab S10 FE Plus (Wifi),11,8/256Gb + Keyboard,Light Blue
7436,Samsung Galaxy Tab S10 FE Plus (Wifi),11,8/256Gb + Keyboard,Gray
7437,Samsung Galaxy Tab S10 FE Plus (Wifi),11,8/256Gb + Keyboard,Silver
7438,Samsung Galaxy Tab S10 FE Plus (Wifi),11,12/256Gb + Keyboard,Light Blue
7439,Samsung Galaxy Tab S10 FE Plus (Wifi),11,12/256Gb + Keyboard,Gray
7440,Samsung Galaxy Tab S10 FE Plus (Wifi),11,12/256Gb + Keyboard,Silver
7441,"Lenovo Thinkbook 14 G7 IML |Intel Ultra 7-155H |
Intel UHD Graphics |DDR5 8Gb |SSD 512Gb |
14 WUXGA |Gray",72,,
7442,"Lenovo IdeaPad 3 |Intel i5-1135G7 |
Intel Iris Xe Graphics |DDR4 8Gb |SSD 256Gb |
14 FullHD |Gray",72,,
7443,"Lenovo Thinkbook 16 G6 |AMD R5-7530U |
AMD Radeon Graphics |DDR4 16Gb |SSD 512Gb |
16 FullHD |Gray",72,,
7444,"Lenovo Ideapad Flex 5 14IAU7 |Intel i5-1235U |
Intel Iris Xe Graphics |DDR4 8Gb |SSD 512Gb |
14 WUXGA |Gray",72,,
7445,"Lenovo Thinkbook 14 G7 |Intel Ultra 5-125U |
Intel UHD Graphics |DDR5 8Gb |SSD 512Gb |
14 FullHD |Gray",72,,
7446,"Lenovo IdeaPad Slim 3 |Intel i5-13420H |
Intel UHD Graphics |DDR5 8Gb |SSD 512Gb |
15.6 FullHD |Gray",72,,
7447,"Lenovo V15 G4 |Intel i5-13420H |
Intel UHD Graphics |DDR4 16Gb |SSD 512Gb |
15.6 FullHD |Gray",72,,
7448,"Lenovo LOQ 15IRH8 |Intel 5-12450HX |
Nvidia RTX 2050 4Gb |DDR5 16Gb |SSD 512Gb |
15.6 FullHD |Gray",72,,
7449,"Lenovo V15 |Intel i5-1135G7 |
Intel Iris Xe Graphics |DDR4 8Gb |HDD 1Tb |
15.6 FullHD |Black",72,,
7450,"Lenovo Thinkbook Ultra 16 G7 |Intel Ultra 5-125U |
Intel UHD Graphics |DDR5 8Gb |SSD 512Gb |
16 WUXGA |Gray",72,,
7451,"Lenovo ThinkBook 16 G6 ABP |AMD Ryzen 5-7430U |
AMD Radeon Graphics |DDR4 16Gb |SSD 512Gb |
16 WUXGA |Arctic Gray",72,,
7452,"DELL Inspirion 3535 |AMD R7-7730U |
AMD Radeon graphics |DDR4 16Gb |SSD 512Gb |
15.6 FullHD |Black",75,,
7453,"DELL Vostro 3530 |Intel Core i5-1335U |
Intel Iris Xe graphics |DDR4 16Gb |SSD 512Gb |
15.6 FullHD |Black",75,,
7454,Ray Ban Meta Skyler,120,,Shiny Chalky Gray/Gradient Cinnamon Pink
7455,Ray Ban Meta Wayfarer,120,,Matte Black/Polar Gradient Graphite
7456,"Apple MacBook Air 15"" (M2)",22,8/256Gb,
7457,"Apple MacBook Air 15"" (M2)",22,8/512Gb,
7458,"Apple MacBook Air 15"" (M2)",22,8/1Tb,
7459,"Apple MacBook Air 15"" (M2)",22,8/2Tb,
7460,"Apple MacBook Air 15"" (M2)",22,16/256Gb,
7461,"Apple MacBook Air 15"" (M2)",22,16/512Gb,
7462,"Apple MacBook Air 15"" (M2)",22,16/1Tb,
7463,"Apple MacBook Air 15"" (M2)",22,16/2Tb,
7464,"Apple MacBook Air 15"" (M2)",22,24/256Gb,
7465,"Apple MacBook Air 15"" (M2)",22,24/512Gb,
7466,"Apple MacBook Air 15"" (M2)",22,24/1Tb,
7467,"Apple MacBook Air 15"" (M2)",22,24/2Tb,
7468,"Apple MacBook Air 13.6"" (M2)",22,8/256Gb,
7469,"Apple MacBook Air 13.6"" (M2)",22,8/512Gb,
7470,"Apple MacBook Air 13.6"" (M2)",22,8/1Tb,
7471,"Apple MacBook Air 13.6"" (M2)",22,8/2Tb,
7472,"Apple MacBook Air 13.6"" (M2)",22,16/256Gb,
7473,"Apple MacBook Air 13.6"" (M2)",22,16/512Gb,
7474,"Apple MacBook Air 13.6"" (M2)",22,16/1Tb,
7475,"Apple MacBook Air 13.6"" (M2)",22,16/2Tb,
7476,"Apple MacBook Air 13.6"" (M2)",22,24/256Gb,
7477,"Apple MacBook Air 13.6"" (M2)",22,24/512Gb,
7478,"Apple MacBook Air 13.6"" (M2)",22,24/1Tb,
7479,"Apple MacBook Air 13.6"" (M2)",22,24/2Tb,
7480,"Apple MacBook Pro 16"" (M3 Max)",22,18/512Gb,
7481,"Apple MacBook Pro 16"" (M3 Max)",22,18/1Tb,
7482,"Apple MacBook Pro 16"" (M3 Max)",22,18/2Tb,
7483,"Apple MacBook Pro 16"" (M3 Max)",22,18/4Tb,
7484,"Apple MacBook Pro 16"" (M3 Max)",22,18/8Tb,
7485,"Apple MacBook Pro 16"" (M3 Max)",22,36/512Gb,
7486,"Apple MacBook Pro 16"" (M3 Max)",22,36/1Tb,
7487,"Apple MacBook Pro 16"" (M3 Max)",22,36/2Tb,
7488,"Apple MacBook Pro 16"" (M3 Max)",22,36/4Tb,
7489,"Apple MacBook Pro 16"" (M3 Max)",22,36/8Tb,
7490,"Apple MacBook Pro 16"" (M3 Max)",22,48/512Gb,
7491,"Apple MacBook Pro 16"" (M3 Max)",22,48/1Tb,
7492,"Apple MacBook Pro 16"" (M3 Max)",22,48/2Tb,
7493,"Apple MacBook Pro 16"" (M3 Max)",22,48/4Tb,
7494,"Apple MacBook Pro 16"" (M3 Max)",22,48/8Tb,
7495,"Apple MacBook Pro 16"" (M3 Max)",22,64/512Gb,
7496,"Apple MacBook Pro 16"" (M3 Max)",22,64/1Tb,
7497,"Apple MacBook Pro 16"" (M3 Max)",22,64/2Tb,
7498,"Apple MacBook Pro 16"" (M3 Max)",22,64/4Tb,
7499,"Apple MacBook Pro 16"" (M3 Max)",22,64/8Tb,
7500,"Apple MacBook Pro 16"" (M3 Max)",22,96/512Gb,
7501,"Apple MacBook Pro 16"" (M3 Max)",22,96/1Tb,
7502,"Apple MacBook Pro 16"" (M3 Max)",22,96/2Tb,
7503,"Apple MacBook Pro 16"" (M3 Max)",22,96/4Tb,
7504,"Apple MacBook Pro 16"" (M3 Max)",22,96/8Tb,
7505,"Apple MacBook Pro 16"" (M3 Max)",22,128/512Gb,
7506,"Apple MacBook Pro 16"" (M3 Max)",22,128/1Tb,
7507,"Apple MacBook Pro 16"" (M3 Max)",22,128/2Tb,
7508,"Apple MacBook Pro 16"" (M3 Max)",22,128/4Tb,
7509,"Apple MacBook Pro 16"" (M3 Max)",22,128/8Tb,
7510,"Apple MacBook Pro 14"" (M3)",22,8/512Gb,
7511,"Apple MacBook Pro 14"" (M3)",22,8/1Tb,
7512,"Apple MacBook Pro 14"" (M3)",22,8/2Tb,
7513,"Apple MacBook Pro 14"" (M3)",22,8/3Tb,
7514,"Apple MacBook Pro 14"" (M3)",22,8/4Tb,
7515,"Apple MacBook Pro 14"" (M3)",22,8/8Tb,
7516,"Apple MacBook Pro 14"" (M3)",22,16/512Gb,
7517,"Apple MacBook Pro 14"" (M3)",22,16/1Tb,
7518,"Apple MacBook Pro 14"" (M3)",22,16/2Tb,
7519,"Apple MacBook Pro 14"" (M3)",22,16/3Tb,
7520,"Apple MacBook Pro 14"" (M3)",22,16/4Tb,
7521,"Apple MacBook Pro 14"" (M3)",22,16/8Tb,
7522,"Apple MacBook Pro 14"" (M3)",22,18/512Gb,
7523,"Apple MacBook Pro 14"" (M3)",22,18/1Tb,
7524,"Apple MacBook Pro 14"" (M3)",22,18/2Tb,
7525,"Apple MacBook Pro 14"" (M3)",22,18/3Tb,
7526,"Apple MacBook Pro 14"" (M3)",22,18/4Tb,
7527,"Apple MacBook Pro 14"" (M3)",22,18/8Tb,
7528,"Apple MacBook Pro 14"" (M3)",22,24/512Gb,
7529,"Apple MacBook Pro 14"" (M3)",22,24/1Tb,
7530,"Apple MacBook Pro 14"" (M3)",22,24/2Tb,
7531,"Apple MacBook Pro 14"" (M3)",22,24/3Tb,
7532,"Apple MacBook Pro 14"" (M3)",22,24/4Tb,
7533,"Apple MacBook Pro 14"" (M3)",22,24/8Tb,
7534,"Apple MacBook Pro 14"" (M3)",22,36/512Gb,
7535,"Apple MacBook Pro 14"" (M3)",22,36/1Tb,
7536,"Apple MacBook Pro 14"" (M3)",22,36/2Tb,
7537,"Apple MacBook Pro 14"" (M3)",22,36/3Tb,
7538,"Apple MacBook Pro 14"" (M3)",22,36/4Tb,
7539,"Apple MacBook Pro 14"" (M3)",22,36/8Tb,
7540,"Apple MacBook Pro 14"" (M3)",22,48/512Gb,
7541,"Apple MacBook Pro 14"" (M3)",22,48/1Tb,
7542,"Apple MacBook Pro 14"" (M3)",22,48/2Tb,
7543,"Apple MacBook Pro 14"" (M3)",22,48/3Tb,
7544,"Apple MacBook Pro 14"" (M3)",22,48/4Tb,
7545,"Apple MacBook Pro 14"" (M3)",22,48/8Tb,
7546,"Apple MacBook Pro 14"" (M3)",22,64/512Gb,
7547,"Apple MacBook Pro 14"" (M3)",22,64/1Tb,
7548,"Apple MacBook Pro 14"" (M3)",22,64/2Tb,
7549,"Apple MacBook Pro 14"" (M3)",22,64/3Tb,
7550,"Apple MacBook Pro 14"" (M3)",22,64/4Tb,
7551,"Apple MacBook Pro 14"" (M3)",22,64/8Tb,
7552,"Apple MacBook Pro 14"" (M3)",22,96/512Gb,
7553,"Apple MacBook Pro 14"" (M3)",22,96/1Tb,
7554,"Apple MacBook Pro 14"" (M3)",22,96/2Tb,
7555,"Apple MacBook Pro 14"" (M3)",22,96/3Tb,
7556,"Apple MacBook Pro 14"" (M3)",22,96/4Tb,
7557,"Apple MacBook Pro 14"" (M3)",22,96/8Tb,
7558,"Apple MacBook Pro 14"" (M3)",22,128/512Gb,
7559,"Apple MacBook Pro 14"" (M3)",22,128/1Tb,
7560,"Apple MacBook Pro 14"" (M3)",22,128/2Tb,
7561,"Apple MacBook Pro 14"" (M3)",22,128/3Tb,
7562,"Apple MacBook Pro 14"" (M3)",22,128/4Tb,
7563,"Apple MacBook Pro 14"" (M3)",22,128/8Tb,
7564,"Apple MacBook Pro 16"" (M2 Max)",22,16/512Gb,
7565,"Apple MacBook Pro 16"" (M2 Max)",22,16/1Tb,
7566,"Apple MacBook Pro 16"" (M2 Max)",22,16/2Tb,
7567,"Apple MacBook Pro 16"" (M2 Max)",22,16/4Tb,
7568,"Apple MacBook Pro 16"" (M2 Max)",22,16/8Tb,
7569,"Apple MacBook Pro 16"" (M2 Max)",22,32/512Gb,
7570,"Apple MacBook Pro 16"" (M2 Max)",22,32/1Tb,
7571,"Apple MacBook Pro 16"" (M2 Max)",22,32/2Tb,
7572,"Apple MacBook Pro 16"" (M2 Max)",22,32/4Tb,
7573,"Apple MacBook Pro 16"" (M2 Max)",22,32/8Tb,
7574,"Apple MacBook Pro 16"" (M2 Max)",22,64/512Gb,
7575,"Apple MacBook Pro 16"" (M2 Max)",22,64/1Tb,
7576,"Apple MacBook Pro 16"" (M2 Max)",22,64/2Tb,
7577,"Apple MacBook Pro 16"" (M2 Max)",22,64/4Tb,
7578,"Apple MacBook Pro 16"" (M2 Max)",22,64/8Tb,
7579,"Apple MacBook Pro 16"" (M2 Max)",22,96/512Gb,
7580,"Apple MacBook Pro 16"" (M2 Max)",22,96/1Tb,
7581,"Apple MacBook Pro 16"" (M2 Max)",22,96/2Tb,
7582,"Apple MacBook Pro 16"" (M2 Max)",22,96/4Tb,
7583,"Apple MacBook Pro 16"" (M2 Max)",22,96/8Tb,
7584,"Apple MacBook Pro 16"" (M3 Pro)",22,18/512Gb,
7585,"Apple MacBook Pro 16"" (M3 Pro)",22,18/1Tb,
7586,"Apple MacBook Pro 16"" (M3 Pro)",22,18/2Tb,
7587,"Apple MacBook Pro 16"" (M3 Pro)",22,18/4Tb,
7588,"Apple MacBook Pro 16"" (M3 Pro)",22,18/8Tb,
7589,"Apple MacBook Pro 16"" (M3 Pro)",22,36/512Gb,
7590,"Apple MacBook Pro 16"" (M3 Pro)",22,36/1Tb,
7591,"Apple MacBook Pro 16"" (M3 Pro)",22,36/2Tb,
7592,"Apple MacBook Pro 16"" (M3 Pro)",22,36/4Tb,
7593,"Apple MacBook Pro 16"" (M3 Pro)",22,36/8Tb,
7594,"Apple MacBook Pro 16"" (M3 Pro)",22,48/512Gb,
7595,"Apple MacBook Pro 16"" (M3 Pro)",22,48/1Tb,
7596,"Apple MacBook Pro 16"" (M3 Pro)",22,48/2Tb,
7597,"Apple MacBook Pro 16"" (M3 Pro)",22,48/4Tb,
7598,"Apple MacBook Pro 16"" (M3 Pro)",22,48/8Tb,
7599,"Apple MacBook Pro 16"" (M3 Pro)",22,64/512Gb,
7600,"Apple MacBook Pro 16"" (M3 Pro)",22,64/1Tb,
7601,"Apple MacBook Pro 16"" (M3 Pro)",22,64/2Tb,
7602,"Apple MacBook Pro 16"" (M3 Pro)",22,64/4Tb,
7603,"Apple MacBook Pro 16"" (M3 Pro)",22,64/8Tb,
7604,"Apple MacBook Pro 16"" (M3 Pro)",22,96/512Gb,
7605,"Apple MacBook Pro 16"" (M3 Pro)",22,96/1Tb,
7606,"Apple MacBook Pro 16"" (M3 Pro)",22,96/2Tb,
7607,"Apple MacBook Pro 16"" (M3 Pro)",22,96/4Tb,
7608,"Apple MacBook Pro 16"" (M3 Pro)",22,96/8Tb,
7609,"Apple MacBook Pro 16"" (M3 Pro)",22,128/512Gb,
7610,"Apple MacBook Pro 16"" (M3 Pro)",22,128/1Tb,
7611,"Apple MacBook Pro 16"" (M3 Pro)",22,128/2Tb,
7612,"Apple MacBook Pro 16"" (M3 Pro)",22,128/4Tb,
7613,"Apple MacBook Pro 16"" (M3 Pro)",22,128/8Tb,
7614,"Apple MacBook Air 13.3"" (M1)",22,8/256Gb,
7615,"Apple MacBook Air 13.3"" (M1)",22,8/512Gb,
7616,"Apple MacBook Air 13.3"" (M1)",22,8/1Tb,
7617,"Apple MacBook Air 13.3"" (M1)",22,8/2Tb,
7618,"Apple MacBook Air 13.3"" (M1)",22,16/256Gb,
7619,"Apple MacBook Air 13.3"" (M1)",22,16/512Gb,
7620,"Apple MacBook Air 13.3"" (M1)",22,16/1Tb,
7621,"Apple MacBook Air 13.3"" (M1)",22,16/2Tb,
7622,"Apple MacBook Pro 16"" (M2 Pro)",22,16/512Gb,
7623,"Apple MacBook Pro 16"" (M2 Pro)",22,16/1Tb,
7624,"Apple MacBook Pro 16"" (M2 Pro)",22,16/2Tb,
7625,"Apple MacBook Pro 16"" (M2 Pro)",22,16/4Tb,
7626,"Apple MacBook Pro 16"" (M2 Pro)",22,16/8Tb,
7627,"Apple MacBook Pro 16"" (M2 Pro)",22,32/512Gb,
7628,"Apple MacBook Pro 16"" (M2 Pro)",22,32/1Tb,
7629,"Apple MacBook Pro 16"" (M2 Pro)",22,32/2Tb,
7630,"Apple MacBook Pro 16"" (M2 Pro)",22,32/4Tb,
7631,"Apple MacBook Pro 16"" (M2 Pro)",22,32/8Tb,
7632,"Apple MacBook Pro 16"" (M2 Pro)",22,64/512Gb,
7633,"Apple MacBook Pro 16"" (M2 Pro)",22,64/1Tb,
7634,"Apple MacBook Pro 16"" (M2 Pro)",22,64/2Tb,
7635,"Apple MacBook Pro 16"" (M2 Pro)",22,64/4Tb,
7636,"Apple MacBook Pro 16"" (M2 Pro)",22,64/8Tb,
7637,"Apple MacBook Pro 16"" (M2 Pro)",22,96/512Gb,
7638,"Apple MacBook Pro 16"" (M2 Pro)",22,96/1Tb,
7639,"Apple MacBook Pro 16"" (M2 Pro)",22,96/2Tb,
7640,"Apple MacBook Pro 16"" (M2 Pro)",22,96/4Tb,
7641,"Apple MacBook Pro 16"" (M2 Pro)",22,96/8Tb,
7642,"Apple MacBook Pro 13"" (M1)",22,8/256Gb,
7643,"Apple MacBook Pro 13"" (M1)",22,8/512Gb,
7644,"Apple MacBook Pro 13"" (M1)",22,8/1Tb,
7645,"Apple MacBook Pro 13"" (M1)",22,8/2Tb,
7646,"Apple MacBook Pro 13"" (M1)",22,16/256Gb,
7647,"Apple MacBook Pro 13"" (M1)",22,16/512Gb,
7648,"Apple MacBook Pro 13"" (M1)",22,16/1Tb,
7649,"Apple MacBook Pro 13"" (M1)",22,16/2Tb,
7650,"Apple MacBook Pro 14"" (M3 Pro)",22,8/512Gb,
7651,"Apple MacBook Pro 14"" (M3 Pro)",22,8/1Tb,
7652,"Apple MacBook Pro 14"" (M3 Pro)",22,8/2Tb,
7653,"Apple MacBook Pro 14"" (M3 Pro)",22,8/3Tb,
7654,"Apple MacBook Pro 14"" (M3 Pro)",22,8/4Tb,
7655,"Apple MacBook Pro 14"" (M3 Pro)",22,8/8Tb,
7656,"Apple MacBook Pro 14"" (M3 Pro)",22,16/512Gb,
7657,"Apple MacBook Pro 14"" (M3 Pro)",22,16/1Tb,
7658,"Apple MacBook Pro 14"" (M3 Pro)",22,16/2Tb,
7659,"Apple MacBook Pro 14"" (M3 Pro)",22,16/3Tb,
7660,"Apple MacBook Pro 14"" (M3 Pro)",22,16/4Tb,
7661,"Apple MacBook Pro 14"" (M3 Pro)",22,16/8Tb,
7662,"Apple MacBook Pro 14"" (M3 Pro)",22,18/512Gb,
7663,"Apple MacBook Pro 14"" (M3 Pro)",22,18/1Tb,
7664,"Apple MacBook Pro 14"" (M3 Pro)",22,18/2Tb,
7665,"Apple MacBook Pro 14"" (M3 Pro)",22,18/3Tb,
7666,"Apple MacBook Pro 14"" (M3 Pro)",22,18/4Tb,
7667,"Apple MacBook Pro 14"" (M3 Pro)",22,18/8Tb,
7668,"Apple MacBook Pro 14"" (M3 Pro)",22,24/512Gb,
7669,"Apple MacBook Pro 14"" (M3 Pro)",22,24/1Tb,
7670,"Apple MacBook Pro 14"" (M3 Pro)",22,24/2Tb,
7671,"Apple MacBook Pro 14"" (M3 Pro)",22,24/3Tb,
7672,"Apple MacBook Pro 14"" (M3 Pro)",22,24/4Tb,
7673,"Apple MacBook Pro 14"" (M3 Pro)",22,24/8Tb,
7674,"Apple MacBook Pro 14"" (M3 Pro)",22,36/512Gb,
7675,"Apple MacBook Pro 14"" (M3 Pro)",22,36/1Tb,
7676,"Apple MacBook Pro 14"" (M3 Pro)",22,36/2Tb,
7677,"Apple MacBook Pro 14"" (M3 Pro)",22,36/3Tb,
7678,"Apple MacBook Pro 14"" (M3 Pro)",22,36/4Tb,
7679,"Apple MacBook Pro 14"" (M3 Pro)",22,36/8Tb,
7680,"Apple MacBook Pro 14"" (M3 Pro)",22,48/512Gb,
7681,"Apple MacBook Pro 14"" (M3 Pro)",22,48/1Tb,
7682,"Apple MacBook Pro 14"" (M3 Pro)",22,48/2Tb,
7683,"Apple MacBook Pro 14"" (M3 Pro)",22,48/3Tb,
7684,"Apple MacBook Pro 14"" (M3 Pro)",22,48/4Tb,
7685,"Apple MacBook Pro 14"" (M3 Pro)",22,48/8Tb,
7686,"Apple MacBook Pro 14"" (M3 Pro)",22,64/512Gb,
7687,"Apple MacBook Pro 14"" (M3 Pro)",22,64/1Tb,
7688,"Apple MacBook Pro 14"" (M3 Pro)",22,64/2Tb,
7689,"Apple MacBook Pro 14"" (M3 Pro)",22,64/3Tb,
7690,"Apple MacBook Pro 14"" (M3 Pro)",22,64/4Tb,
7691,"Apple MacBook Pro 14"" (M3 Pro)",22,64/8Tb,
7692,"Apple MacBook Pro 14"" (M3 Pro)",22,96/512Gb,
7693,"Apple MacBook Pro 14"" (M3 Pro)",22,96/1Tb,
7694,"Apple MacBook Pro 14"" (M3 Pro)",22,96/2Tb,
7695,"Apple MacBook Pro 14"" (M3 Pro)",22,96/3Tb,
7696,"Apple MacBook Pro 14"" (M3 Pro)",22,96/4Tb,
7697,"Apple MacBook Pro 14"" (M3 Pro)",22,96/8Tb,
7698,"Apple MacBook Pro 14"" (M3 Pro)",22,128/512Gb,
7699,"Apple MacBook Pro 14"" (M3 Pro)",22,128/1Tb,
7700,"Apple MacBook Pro 14"" (M3 Pro)",22,128/2Tb,
7701,"Apple MacBook Pro 14"" (M3 Pro)",22,128/3Tb,
7702,"Apple MacBook Pro 14"" (M3 Pro)",22,128/4Tb,
7703,"Apple MacBook Pro 14"" (M3 Pro)",22,128/8Tb,
7704,"Apple MacBook Pro 14"" (M2 Pro)",22,16/512Gb,
7705,"Apple MacBook Pro 14"" (M2 Pro)",22,16/1Tb,
7706,"Apple MacBook Pro 14"" (M2 Pro)",22,16/2Tb,
7707,"Apple MacBook Pro 14"" (M2 Pro)",22,16/4Tb,
7708,"Apple MacBook Pro 14"" (M2 Pro)",22,16/8Tb,
7709,"Apple MacBook Pro 14"" (M2 Pro)",22,32/512Gb,
7710,"Apple MacBook Pro 14"" (M2 Pro)",22,32/1Tb,
7711,"Apple MacBook Pro 14"" (M2 Pro)",22,32/2Tb,
7712,"Apple MacBook Pro 14"" (M2 Pro)",22,32/4Tb,
7713,"Apple MacBook Pro 14"" (M2 Pro)",22,32/8Tb,
7714,"Apple MacBook Pro 14"" (M2 Pro)",22,64/512Gb,
7715,"Apple MacBook Pro 14"" (M2 Pro)",22,64/1Tb,
7716,"Apple MacBook Pro 14"" (M2 Pro)",22,64/2Tb,
7717,"Apple MacBook Pro 14"" (M2 Pro)",22,64/4Tb,
7718,"Apple MacBook Pro 14"" (M2 Pro)",22,64/8Tb,
7719,"Apple MacBook Pro 14"" (M2 Pro)",22,96/512Gb,
7720,"Apple MacBook Pro 14"" (M2 Pro)",22,96/1Tb,
7721,"Apple MacBook Pro 14"" (M2 Pro)",22,96/2Tb,
7722,"Apple MacBook Pro 14"" (M2 Pro)",22,96/4Tb,
7723,"Apple MacBook Pro 14"" (M2 Pro)",22,96/8Tb,
7724,"Apple MacBook Pro 14"" (M3 Max)",22,8/512Gb,
7725,"Apple MacBook Pro 14"" (M3 Max)",22,8/1Tb,
7726,"Apple MacBook Pro 14"" (M3 Max)",22,8/2Tb,
7727,"Apple MacBook Pro 14"" (M3 Max)",22,8/3Tb,
7728,"Apple MacBook Pro 14"" (M3 Max)",22,8/4Tb,
7729,"Apple MacBook Pro 14"" (M3 Max)",22,8/8Tb,
7730,"Apple MacBook Pro 14"" (M3 Max)",22,16/512Gb,
7731,"Apple MacBook Pro 14"" (M3 Max)",22,16/1Tb,
7732,"Apple MacBook Pro 14"" (M3 Max)",22,16/2Tb,
7733,"Apple MacBook Pro 14"" (M3 Max)",22,16/3Tb,
7734,"Apple MacBook Pro 14"" (M3 Max)",22,16/4Tb,
7735,"Apple MacBook Pro 14"" (M3 Max)",22,16/8Tb,
7736,"Apple MacBook Pro 14"" (M3 Max)",22,18/512Gb,
7737,"Apple MacBook Pro 14"" (M3 Max)",22,18/1Tb,
7738,"Apple MacBook Pro 14"" (M3 Max)",22,18/2Tb,
7739,"Apple MacBook Pro 14"" (M3 Max)",22,18/3Tb,
7740,"Apple MacBook Pro 14"" (M3 Max)",22,18/4Tb,
7741,"Apple MacBook Pro 14"" (M3 Max)",22,18/8Tb,
7742,"Apple MacBook Pro 14"" (M3 Max)",22,24/512Gb,
7743,"Apple MacBook Pro 14"" (M3 Max)",22,24/1Tb,
7744,"Apple MacBook Pro 14"" (M3 Max)",22,24/2Tb,
7745,"Apple MacBook Pro 14"" (M3 Max)",22,24/3Tb,
7746,"Apple MacBook Pro 14"" (M3 Max)",22,24/4Tb,
7747,"Apple MacBook Pro 14"" (M3 Max)",22,24/8Tb,
7748,"Apple MacBook Pro 14"" (M3 Max)",22,36/512Gb,
7749,"Apple MacBook Pro 14"" (M3 Max)",22,36/1Tb,
7750,"Apple MacBook Pro 14"" (M3 Max)",22,36/2Tb,
7751,"Apple MacBook Pro 14"" (M3 Max)",22,36/3Tb,
7752,"Apple MacBook Pro 14"" (M3 Max)",22,36/4Tb,
7753,"Apple MacBook Pro 14"" (M3 Max)",22,36/8Tb,
7754,"Apple MacBook Pro 14"" (M3 Max)",22,48/512Gb,
7755,"Apple MacBook Pro 14"" (M3 Max)",22,48/1Tb,
7756,"Apple MacBook Pro 14"" (M3 Max)",22,48/2Tb,
7757,"Apple MacBook Pro 14"" (M3 Max)",22,48/3Tb,
7758,"Apple MacBook Pro 14"" (M3 Max)",22,48/4Tb,
7759,"Apple MacBook Pro 14"" (M3 Max)",22,48/8Tb,
7760,"Apple MacBook Pro 14"" (M3 Max)",22,64/512Gb,
7761,"Apple MacBook Pro 14"" (M3 Max)",22,64/1Tb,
7762,"Apple MacBook Pro 14"" (M3 Max)",22,64/2Tb,
7763,"Apple MacBook Pro 14"" (M3 Max)",22,64/3Tb,
7764,"Apple MacBook Pro 14"" (M3 Max)",22,64/4Tb,
7765,"Apple MacBook Pro 14"" (M3 Max)",22,64/8Tb,
7766,"Apple MacBook Pro 14"" (M3 Max)",22,96/512Gb,
7767,"Apple MacBook Pro 14"" (M3 Max)",22,96/1Tb,
7768,"Apple MacBook Pro 14"" (M3 Max)",22,96/2Tb,
7769,"Apple MacBook Pro 14"" (M3 Max)",22,96/3Tb,
7770,"Apple MacBook Pro 14"" (M3 Max)",22,96/4Tb,
7771,"Apple MacBook Pro 14"" (M3 Max)",22,96/8Tb,
7772,"Apple MacBook Pro 14"" (M3 Max)",22,128/512Gb,
7773,"Apple MacBook Pro 14"" (M3 Max)",22,128/1Tb,
7774,"Apple MacBook Pro 14"" (M3 Max)",22,128/2Tb,
7775,"Apple MacBook Pro 14"" (M3 Max)",22,128/3Tb,
7776,"Apple MacBook Pro 14"" (M3 Max)",22,128/4Tb,
7777,"Apple MacBook Pro 14"" (M3 Max)",22,128/8Tb,
7778,"Apple MacBook Pro 14"" (M1 Pro)",22,16/512Gb,
7779,"Apple MacBook Pro 14"" (M1 Pro)",22,16/1Tb,
7780,"Apple MacBook Pro 14"" (M1 Pro)",22,16/2Tb,
7781,"Apple MacBook Pro 14"" (M1 Pro)",22,16/4Tb,
7782,"Apple MacBook Pro 14"" (M1 Pro)",22,16/8Tb,
7783,"Apple MacBook Pro 14"" (M1 Pro)",22,24/512Gb,
7784,"Apple MacBook Pro 14"" (M1 Pro)",22,24/1Tb,
7785,"Apple MacBook Pro 14"" (M1 Pro)",22,24/2Tb,
7786,"Apple MacBook Pro 14"" (M1 Pro)",22,24/4Tb,
7787,"Apple MacBook Pro 14"" (M1 Pro)",22,24/8Tb,
7788,"Apple MacBook Pro 14"" (M1 Pro)",22,32/512Gb,
7789,"Apple MacBook Pro 14"" (M1 Pro)",22,32/1Tb,
7790,"Apple MacBook Pro 14"" (M1 Pro)",22,32/2Tb,
7791,"Apple MacBook Pro 14"" (M1 Pro)",22,32/4Tb,
7792,"Apple MacBook Pro 14"" (M1 Pro)",22,32/8Tb,
7793,"Apple MacBook Pro 13"" (M2)",22,8/256Gb,
7794,"Apple MacBook Pro 13"" (M2)",22,8/512Gb,
7795,"Apple MacBook Pro 13"" (M2)",22,8/1Tb,
7796,"Apple MacBook Pro 13"" (M2)",22,8/2Tb,
7797,"Apple MacBook Pro 13"" (M2)",22,16/256Gb,
7798,"Apple MacBook Pro 13"" (M2)",22,16/512Gb,
7799,"Apple MacBook Pro 13"" (M2)",22,16/1Tb,
7800,"Apple MacBook Pro 13"" (M2)",22,16/2Tb,
7801,"Apple MacBook Pro 13"" (M2)",22,24/256Gb,
7802,"Apple MacBook Pro 13"" (M2)",22,24/512Gb,
7803,"Apple MacBook Pro 13"" (M2)",22,24/1Tb,
7804,"Apple MacBook Pro 13"" (M2)",22,24/2Tb,
7805,"Apple MacBook Pro 14"" (M2 Max)",22,16/512Gb,
7806,"Apple MacBook Pro 14"" (M2 Max)",22,16/1Tb,
7807,"Apple MacBook Pro 14"" (M2 Max)",22,16/2Tb,
7808,"Apple MacBook Pro 14"" (M2 Max)",22,16/4Tb,
7809,"Apple MacBook Pro 14"" (M2 Max)",22,16/8Tb,
7810,"Apple MacBook Pro 14"" (M2 Max)",22,32/512Gb,
7811,"Apple MacBook Pro 14"" (M2 Max)",22,32/1Tb,
7812,"Apple MacBook Pro 14"" (M2 Max)",22,32/2Tb,
7813,"Apple MacBook Pro 14"" (M2 Max)",22,32/4Tb,
7814,"Apple MacBook Pro 14"" (M2 Max)",22,32/8Tb,
7815,"Apple MacBook Pro 14"" (M2 Max)",22,64/512Gb,
7816,"Apple MacBook Pro 14"" (M2 Max)",22,64/1Tb,
7817,"Apple MacBook Pro 14"" (M2 Max)",22,64/2Tb,
7818,"Apple MacBook Pro 14"" (M2 Max)",22,64/4Tb,
7819,"Apple MacBook Pro 14"" (M2 Max)",22,64/8Tb,
7820,"Apple MacBook Pro 14"" (M2 Max)",22,96/512Gb,
7821,"Apple MacBook Pro 14"" (M2 Max)",22,96/1Tb,
7822,"Apple MacBook Pro 14"" (M2 Max)",22,96/2Tb,
7823,"Apple MacBook Pro 14"" (M2 Max)",22,96/4Tb,
7824,"Apple MacBook Pro 14"" (M2 Max)",22,96/8Tb,
7825,"Apple MacBook Air 13.6"" (M3)",22,8/256Gb,
7826,"Apple MacBook Air 13.6"" (M3)",22,8/512Gb,
7827,"Apple MacBook Air 13.6"" (M3)",22,8/1Tb,
7828,"Apple MacBook Air 13.6"" (M3)",22,8/2Tb,
7829,"Apple MacBook Air 13.6"" (M3)",22,16/256Gb,
7830,"Apple MacBook Air 13.6"" (M3)",22,16/512Gb,
7831,"Apple MacBook Air 13.6"" (M3)",22,16/1Tb,
7832,"Apple MacBook Air 13.6"" (M3)",22,16/2Tb,
7833,"Apple MacBook Air 13.6"" (M3)",22,24/256Gb,
7834,"Apple MacBook Air 13.6"" (M3)",22,24/512Gb,
7835,"Apple MacBook Air 13.6"" (M3)",22,24/1Tb,
7836,"Apple MacBook Air 13.6"" (M3)",22,24/2Tb,
7837,"Apple MacBook Air 15"" (M3)",22,8/256Gb,
7838,"Apple MacBook Air 15"" (M3)",22,8/512Gb,
7839,"Apple MacBook Air 15"" (M3)",22,8/1Tb,
7840,"Apple MacBook Air 15"" (M3)",22,8/2Tb,
7841,"Apple MacBook Air 15"" (M3)",22,16/256Gb,
7842,"Apple MacBook Air 15"" (M3)",22,16/512Gb,
7843,"Apple MacBook Air 15"" (M3)",22,16/1Tb,
7844,"Apple MacBook Air 15"" (M3)",22,16/2Tb,
7845,"Apple MacBook Air 15"" (M3)",22,24/256Gb,
7846,"Apple MacBook Air 15"" (M3)",22,24/512Gb,
7847,"Apple MacBook Air 15"" (M3)",22,24/1Tb,
7848,"Apple MacBook Air 15"" (M3)",22,24/2Tb,
7849,"Apple MacBook Pro 16"" (M4 Max 16-Core)",22,24/512Gb,
7850,"Apple MacBook Pro 16"" (M4 Max 16-Core)",22,24/1Tb,
7851,"Apple MacBook Pro 16"" (M4 Max 16-Core)",22,24/2Tb,
7852,"Apple MacBook Pro 16"" (M4 Max 16-Core)",22,24/4Tb,
7853,"Apple MacBook Pro 16"" (M4 Max 16-Core)",22,24/8Tb,
7854,"Apple MacBook Pro 16"" (M4 Max 16-Core)",22,36/512Gb,
7855,"Apple MacBook Pro 16"" (M4 Max 16-Core)",22,36/1Tb,
7856,"Apple MacBook Pro 16"" (M4 Max 16-Core)",22,36/2Tb,
7857,"Apple MacBook Pro 16"" (M4 Max 16-Core)",22,36/4Tb,
7858,"Apple MacBook Pro 16"" (M4 Max 16-Core)",22,36/8Tb,
7859,"Apple MacBook Pro 16"" (M4 Max 16-Core)",22,48/512Gb,
7860,"Apple MacBook Pro 16"" (M4 Max 16-Core)",22,48/1Tb,
7861,"Apple MacBook Pro 16"" (M4 Max 16-Core)",22,48/2Tb,
7862,"Apple MacBook Pro 16"" (M4 Max 16-Core)",22,48/4Tb,
7863,"Apple MacBook Pro 16"" (M4 Max 16-Core)",22,48/8Tb,
7864,"Apple MacBook Pro 16"" (M4 Max 16-Core)",22,64/512Gb,
7865,"Apple MacBook Pro 16"" (M4 Max 16-Core)",22,64/1Tb,
7866,"Apple MacBook Pro 16"" (M4 Max 16-Core)",22,64/2Tb,
7867,"Apple MacBook Pro 16"" (M4 Max 16-Core)",22,64/4Tb,
7868,"Apple MacBook Pro 16"" (M4 Max 16-Core)",22,64/8Tb,
7869,"Apple MacBook Pro 16"" (M4 Max 16-Core)",22,128/512Gb,
7870,"Apple MacBook Pro 16"" (M4 Max 16-Core)",22,128/1Tb,
7871,"Apple MacBook Pro 16"" (M4 Max 16-Core)",22,128/2Tb,
7872,"Apple MacBook Pro 16"" (M4 Max 16-Core)",22,128/4Tb,
7873,"Apple MacBook Pro 16"" (M4 Max 16-Core)",22,128/8Tb,
7874,"Apple MacBook Pro 14"" (M4 Max 14-Core)",22,16/512Gb,
7875,"Apple MacBook Pro 14"" (M4 Max 14-Core)",22,16/1Tb,
7876,"Apple MacBook Pro 14"" (M4 Max 14-Core)",22,16/2Tb,
7877,"Apple MacBook Pro 14"" (M4 Max 14-Core)",22,16/4Tb,
7878,"Apple MacBook Pro 14"" (M4 Max 14-Core)",22,16/8Tb,
7879,"Apple MacBook Pro 14"" (M4 Max 14-Core)",22,24/512Gb,
7880,"Apple MacBook Pro 14"" (M4 Max 14-Core)",22,24/1Tb,
7881,"Apple MacBook Pro 14"" (M4 Max 14-Core)",22,24/2Tb,
7882,"Apple MacBook Pro 14"" (M4 Max 14-Core)",22,24/4Tb,
7883,"Apple MacBook Pro 14"" (M4 Max 14-Core)",22,24/8Tb,
7884,"Apple MacBook Pro 14"" (M4 Max 14-Core)",22,32/512Gb,
7885,"Apple MacBook Pro 14"" (M4 Max 14-Core)",22,32/1Tb,
7886,"Apple MacBook Pro 14"" (M4 Max 14-Core)",22,32/2Tb,
7887,"Apple MacBook Pro 14"" (M4 Max 14-Core)",22,32/4Tb,
7888,"Apple MacBook Pro 14"" (M4 Max 14-Core)",22,32/8Tb,
7889,"Apple MacBook Pro 14"" (M4 Max 14-Core)",22,36/512Gb,
7890,"Apple MacBook Pro 14"" (M4 Max 14-Core)",22,36/1Tb,
7891,"Apple MacBook Pro 14"" (M4 Max 14-Core)",22,36/2Tb,
7892,"Apple MacBook Pro 14"" (M4 Max 14-Core)",22,36/4Tb,
7893,"Apple MacBook Pro 14"" (M4 Max 14-Core)",22,36/8Tb,
7894,"Apple MacBook Pro 14"" (M4 Max 14-Core)",22,48/512Gb,
7895,"Apple MacBook Pro 14"" (M4 Max 14-Core)",22,48/1Tb,
7896,"Apple MacBook Pro 14"" (M4 Max 14-Core)",22,48/2Tb,
7897,"Apple MacBook Pro 14"" (M4 Max 14-Core)",22,48/4Tb,
7898,"Apple MacBook Pro 14"" (M4 Max 14-Core)",22,48/8Tb,
7899,"Apple MacBook Pro 14"" (M4 Max 14-Core)",22,64/512Gb,
7900,"Apple MacBook Pro 14"" (M4 Max 14-Core)",22,64/1Tb,
7901,"Apple MacBook Pro 14"" (M4 Max 14-Core)",22,64/2Tb,
7902,"Apple MacBook Pro 14"" (M4 Max 14-Core)",22,64/4Tb,
7903,"Apple MacBook Pro 14"" (M4 Max 14-Core)",22,64/8Tb,
7904,"Apple MacBook Pro 14"" (M4 Max 14-Core)",22,128/512Gb,
7905,"Apple MacBook Pro 14"" (M4 Max 14-Core)",22,128/1Tb,
7906,"Apple MacBook Pro 14"" (M4 Max 14-Core)",22,128/2Tb,
7907,"Apple MacBook Pro 14"" (M4 Max 14-Core)",22,128/4Tb,
7908,"Apple MacBook Pro 14"" (M4 Max 14-Core)",22,128/8Tb,
7909,"Apple MacBook Pro 16"" (M4 Pro 14-Core)",22,24/512Gb,
7910,"Apple MacBook Pro 16"" (M4 Pro 14-Core)",22,24/1Tb,
7911,"Apple MacBook Pro 16"" (M4 Pro 14-Core)",22,24/2Tb,
7912,"Apple MacBook Pro 16"" (M4 Pro 14-Core)",22,24/4Tb,
7913,"Apple MacBook Pro 16"" (M4 Pro 14-Core)",22,24/8Tb,
7914,"Apple MacBook Pro 16"" (M4 Pro 14-Core)",22,36/512Gb,
7915,"Apple MacBook Pro 16"" (M4 Pro 14-Core)",22,36/1Tb,
7916,"Apple MacBook Pro 16"" (M4 Pro 14-Core)",22,36/2Tb,
7917,"Apple MacBook Pro 16"" (M4 Pro 14-Core)",22,36/4Tb,
7918,"Apple MacBook Pro 16"" (M4 Pro 14-Core)",22,36/8Tb,
7919,"Apple MacBook Pro 16"" (M4 Pro 14-Core)",22,48/512Gb,
7920,"Apple MacBook Pro 16"" (M4 Pro 14-Core)",22,48/1Tb,
7921,"Apple MacBook Pro 16"" (M4 Pro 14-Core)",22,48/2Tb,
7922,"Apple MacBook Pro 16"" (M4 Pro 14-Core)",22,48/4Tb,
7923,"Apple MacBook Pro 16"" (M4 Pro 14-Core)",22,48/8Tb,
7924,"Apple MacBook Pro 16"" (M4 Pro 14-Core)",22,64/512Gb,
7925,"Apple MacBook Pro 16"" (M4 Pro 14-Core)",22,64/1Tb,
7926,"Apple MacBook Pro 16"" (M4 Pro 14-Core)",22,64/2Tb,
7927,"Apple MacBook Pro 16"" (M4 Pro 14-Core)",22,64/4Tb,
7928,"Apple MacBook Pro 16"" (M4 Pro 14-Core)",22,64/8Tb,
7929,"Apple MacBook Pro 16"" (M4 Pro 14-Core)",22,128/512Gb,
7930,"Apple MacBook Pro 16"" (M4 Pro 14-Core)",22,128/1Tb,
7931,"Apple MacBook Pro 16"" (M4 Pro 14-Core)",22,128/2Tb,
7932,"Apple MacBook Pro 16"" (M4 Pro 14-Core)",22,128/4Tb,
7933,"Apple MacBook Pro 16"" (M4 Pro 14-Core)",22,128/8Tb,
7934,"Apple MacBook Pro 14"" (M4 Pro 12-Core)",22,16/512Gb,
7935,"Apple MacBook Pro 14"" (M4 Pro 12-Core)",22,16/1Tb,
7936,"Apple MacBook Pro 14"" (M4 Pro 12-Core)",22,16/2Tb,
7937,"Apple MacBook Pro 14"" (M4 Pro 12-Core)",22,16/4Tb,
7938,"Apple MacBook Pro 14"" (M4 Pro 12-Core)",22,16/8Tb,
7939,"Apple MacBook Pro 14"" (M4 Pro 12-Core)",22,24/512Gb,
7940,"Apple MacBook Pro 14"" (M4 Pro 12-Core)",22,24/1Tb,
7941,"Apple MacBook Pro 14"" (M4 Pro 12-Core)",22,24/2Tb,
7942,"Apple MacBook Pro 14"" (M4 Pro 12-Core)",22,24/4Tb,
7943,"Apple MacBook Pro 14"" (M4 Pro 12-Core)",22,24/8Tb,
7944,"Apple MacBook Pro 14"" (M4 Pro 12-Core)",22,32/512Gb,
7945,"Apple MacBook Pro 14"" (M4 Pro 12-Core)",22,32/1Tb,
7946,"Apple MacBook Pro 14"" (M4 Pro 12-Core)",22,32/2Tb,
7947,"Apple MacBook Pro 14"" (M4 Pro 12-Core)",22,32/4Tb,
7948,"Apple MacBook Pro 14"" (M4 Pro 12-Core)",22,32/8Tb,
7949,"Apple MacBook Pro 14"" (M4 Pro 12-Core)",22,36/512Gb,
7950,"Apple MacBook Pro 14"" (M4 Pro 12-Core)",22,36/1Tb,
7951,"Apple MacBook Pro 14"" (M4 Pro 12-Core)",22,36/2Tb,
7952,"Apple MacBook Pro 14"" (M4 Pro 12-Core)",22,36/4Tb,
7953,"Apple MacBook Pro 14"" (M4 Pro 12-Core)",22,36/8Tb,
7954,"Apple MacBook Pro 14"" (M4 Pro 12-Core)",22,48/512Gb,
7955,"Apple MacBook Pro 14"" (M4 Pro 12-Core)",22,48/1Tb,
7956,"Apple MacBook Pro 14"" (M4 Pro 12-Core)",22,48/2Tb,
7957,"Apple MacBook Pro 14"" (M4 Pro 12-Core)",22,48/4Tb,
7958,"Apple MacBook Pro 14"" (M4 Pro 12-Core)",22,48/8Tb,
7959,"Apple MacBook Pro 14"" (M4 Pro 12-Core)",22,64/512Gb,
7960,"Apple MacBook Pro 14"" (M4 Pro 12-Core)",22,64/1Tb,
7961,"Apple MacBook Pro 14"" (M4 Pro 12-Core)",22,64/2Tb,
7962,"Apple MacBook Pro 14"" (M4 Pro 12-Core)",22,64/4Tb,
7963,"Apple MacBook Pro 14"" (M4 Pro 12-Core)",22,64/8Tb,
7964,"Apple MacBook Pro 14"" (M4 Pro 12-Core)",22,128/512Gb,
7965,"Apple MacBook Pro 14"" (M4 Pro 12-Core)",22,128/1Tb,
7966,"Apple MacBook Pro 14"" (M4 Pro 12-Core)",22,128/2Tb,
7967,"Apple MacBook Pro 14"" (M4 Pro 12-Core)",22,128/4Tb,
7968,"Apple MacBook Pro 14"" (M4 Pro 12-Core)",22,128/8Tb,
7969,"Apple MacBook Pro 14"" (M4 Max 16-Core)",22,16/512Gb,
7970,"Apple MacBook Pro 14"" (M4 Max 16-Core)",22,16/1Tb,
7971,"Apple MacBook Pro 14"" (M4 Max 16-Core)",22,16/2Tb,
7972,"Apple MacBook Pro 14"" (M4 Max 16-Core)",22,16/4Tb,
7973,"Apple MacBook Pro 14"" (M4 Max 16-Core)",22,16/8Tb,
7974,"Apple MacBook Pro 14"" (M4 Max 16-Core)",22,24/512Gb,
7975,"Apple MacBook Pro 14"" (M4 Max 16-Core)",22,24/1Tb,
7976,"Apple MacBook Pro 14"" (M4 Max 16-Core)",22,24/2Tb,
7977,"Apple MacBook Pro 14"" (M4 Max 16-Core)",22,24/4Tb,
7978,"Apple MacBook Pro 14"" (M4 Max 16-Core)",22,24/8Tb,
7979,"Apple MacBook Pro 14"" (M4 Max 16-Core)",22,32/512Gb,
7980,"Apple MacBook Pro 14"" (M4 Max 16-Core)",22,32/1Tb,
7981,"Apple MacBook Pro 14"" (M4 Max 16-Core)",22,32/2Tb,
7982,"Apple MacBook Pro 14"" (M4 Max 16-Core)",22,32/4Tb,
7983,"Apple MacBook Pro 14"" (M4 Max 16-Core)",22,32/8Tb,
7984,"Apple MacBook Pro 14"" (M4 Max 16-Core)",22,36/512Gb,
7985,"Apple MacBook Pro 14"" (M4 Max 16-Core)",22,36/1Tb,
7986,"Apple MacBook Pro 14"" (M4 Max 16-Core)",22,36/2Tb,
7987,"Apple MacBook Pro 14"" (M4 Max 16-Core)",22,36/4Tb,
7988,"Apple MacBook Pro 14"" (M4 Max 16-Core)",22,36/8Tb,
7989,"Apple MacBook Pro 14"" (M4 Max 16-Core)",22,48/512Gb,
7990,"Apple MacBook Pro 14"" (M4 Max 16-Core)",22,48/1Tb,
7991,"Apple MacBook Pro 14"" (M4 Max 16-Core)",22,48/2Tb,
7992,"Apple MacBook Pro 14"" (M4 Max 16-Core)",22,48/4Tb,
7993,"Apple MacBook Pro 14"" (M4 Max 16-Core)",22,48/8Tb,
7994,"Apple MacBook Pro 14"" (M4 Max 16-Core)",22,64/512Gb,
7995,"Apple MacBook Pro 14"" (M4 Max 16-Core)",22,64/1Tb,
7996,"Apple MacBook Pro 14"" (M4 Max 16-Core)",22,64/2Tb,
7997,"Apple MacBook Pro 14"" (M4 Max 16-Core)",22,64/4Tb,
7998,"Apple MacBook Pro 14"" (M4 Max 16-Core)",22,64/8Tb,
7999,"Apple MacBook Pro 14"" (M4 Max 16-Core)",22,128/512Gb,
8000,"Apple MacBook Pro 14"" (M4 Max 16-Core)",22,128/1Tb,
8001,"Apple MacBook Pro 14"" (M4 Max 16-Core)",22,128/2Tb,
8002,"Apple MacBook Pro 14"" (M4 Max 16-Core)",22,128/4Tb,
8003,"Apple MacBook Pro 14"" (M4 Max 16-Core)",22,128/8Tb,
8004,"Apple MacBook Pro 16"" (M4 Max 14-Core)",22,24/512Gb,
8005,"Apple MacBook Pro 16"" (M4 Max 14-Core)",22,24/1Tb,
8006,"Apple MacBook Pro 16"" (M4 Max 14-Core)",22,24/2Tb,
8007,"Apple MacBook Pro 16"" (M4 Max 14-Core)",22,24/4Tb,
8008,"Apple MacBook Pro 16"" (M4 Max 14-Core)",22,24/8Tb,
8009,"Apple MacBook Pro 16"" (M4 Max 14-Core)",22,36/512Gb,
8010,"Apple MacBook Pro 16"" (M4 Max 14-Core)",22,36/1Tb,
8011,"Apple MacBook Pro 16"" (M4 Max 14-Core)",22,36/2Tb,
8012,"Apple MacBook Pro 16"" (M4 Max 14-Core)",22,36/4Tb,
8013,"Apple MacBook Pro 16"" (M4 Max 14-Core)",22,36/8Tb,
8014,"Apple MacBook Pro 16"" (M4 Max 14-Core)",22,48/512Gb,
8015,"Apple MacBook Pro 16"" (M4 Max 14-Core)",22,48/1Tb,
8016,"Apple MacBook Pro 16"" (M4 Max 14-Core)",22,48/2Tb,
8017,"Apple MacBook Pro 16"" (M4 Max 14-Core)",22,48/4Tb,
8018,"Apple MacBook Pro 16"" (M4 Max 14-Core)",22,48/8Tb,
8019,"Apple MacBook Pro 16"" (M4 Max 14-Core)",22,64/512Gb,
8020,"Apple MacBook Pro 16"" (M4 Max 14-Core)",22,64/1Tb,
8021,"Apple MacBook Pro 16"" (M4 Max 14-Core)",22,64/2Tb,
8022,"Apple MacBook Pro 16"" (M4 Max 14-Core)",22,64/4Tb,
8023,"Apple MacBook Pro 16"" (M4 Max 14-Core)",22,64/8Tb,
8024,"Apple MacBook Pro 16"" (M4 Max 14-Core)",22,128/512Gb,
8025,"Apple MacBook Pro 16"" (M4 Max 14-Core)",22,128/1Tb,
8026,"Apple MacBook Pro 16"" (M4 Max 14-Core)",22,128/2Tb,
8027,"Apple MacBook Pro 16"" (M4 Max 14-Core)",22,128/4Tb,
8028,"Apple MacBook Pro 16"" (M4 Max 14-Core)",22,128/8Tb,
8029,"Apple MacBook Pro 14"" (M4 Pro 14-Core)",22,16/512Gb,
8030,"Apple MacBook Pro 14"" (M4 Pro 14-Core)",22,16/1Tb,
8031,"Apple MacBook Pro 14"" (M4 Pro 14-Core)",22,16/2Tb,
8032,"Apple MacBook Pro 14"" (M4 Pro 14-Core)",22,16/4Tb,
8033,"Apple MacBook Pro 14"" (M4 Pro 14-Core)",22,16/8Tb,
8034,"Apple MacBook Pro 14"" (M4 Pro 14-Core)",22,24/512Gb,
8035,"Apple MacBook Pro 14"" (M4 Pro 14-Core)",22,24/1Tb,
8036,"Apple MacBook Pro 14"" (M4 Pro 14-Core)",22,24/2Tb,
8037,"Apple MacBook Pro 14"" (M4 Pro 14-Core)",22,24/4Tb,
8038,"Apple MacBook Pro 14"" (M4 Pro 14-Core)",22,24/8Tb,
8039,"Apple MacBook Pro 14"" (M4 Pro 14-Core)",22,32/512Gb,
8040,"Apple MacBook Pro 14"" (M4 Pro 14-Core)",22,32/1Tb,
8041,"Apple MacBook Pro 14"" (M4 Pro 14-Core)",22,32/2Tb,
8042,"Apple MacBook Pro 14"" (M4 Pro 14-Core)",22,32/4Tb,
8043,"Apple MacBook Pro 14"" (M4 Pro 14-Core)",22,32/8Tb,
8044,"Apple MacBook Pro 14"" (M4 Pro 14-Core)",22,36/512Gb,
8045,"Apple MacBook Pro 14"" (M4 Pro 14-Core)",22,36/1Tb,
8046,"Apple MacBook Pro 14"" (M4 Pro 14-Core)",22,36/2Tb,
8047,"Apple MacBook Pro 14"" (M4 Pro 14-Core)",22,36/4Tb,
8048,"Apple MacBook Pro 14"" (M4 Pro 14-Core)",22,36/8Tb,
8049,"Apple MacBook Pro 14"" (M4 Pro 14-Core)",22,48/512Gb,
8050,"Apple MacBook Pro 14"" (M4 Pro 14-Core)",22,48/1Tb,
8051,"Apple MacBook Pro 14"" (M4 Pro 14-Core)",22,48/2Tb,
8052,"Apple MacBook Pro 14"" (M4 Pro 14-Core)",22,48/4Tb,
8053,"Apple MacBook Pro 14"" (M4 Pro 14-Core)",22,48/8Tb,
8054,"Apple MacBook Pro 14"" (M4 Pro 14-Core)",22,64/512Gb,
8055,"Apple MacBook Pro 14"" (M4 Pro 14-Core)",22,64/1Tb,
8056,"Apple MacBook Pro 14"" (M4 Pro 14-Core)",22,64/2Tb,
8057,"Apple MacBook Pro 14"" (M4 Pro 14-Core)",22,64/4Tb,
8058,"Apple MacBook Pro 14"" (M4 Pro 14-Core)",22,64/8Tb,
8059,"Apple MacBook Pro 14"" (M4 Pro 14-Core)",22,128/512Gb,
8060,"Apple MacBook Pro 14"" (M4 Pro 14-Core)",22,128/1Tb,
8061,"Apple MacBook Pro 14"" (M4 Pro 14-Core)",22,128/2Tb,
8062,"Apple MacBook Pro 14"" (M4 Pro 14-Core)",22,128/4Tb,
8063,"Apple MacBook Pro 14"" (M4 Pro 14-Core)",22,128/8Tb,
8064,"Apple MacBook Pro 14"" (M4 10-Core)",22,16/512Gb,
8065,"Apple MacBook Pro 14"" (M4 10-Core)",22,16/1Tb,
8066,"Apple MacBook Pro 14"" (M4 10-Core)",22,16/2Tb,
8067,"Apple MacBook Pro 14"" (M4 10-Core)",22,16/4Tb,
8068,"Apple MacBook Pro 14"" (M4 10-Core)",22,16/8Tb,
8069,"Apple MacBook Pro 14"" (M4 10-Core)",22,24/512Gb,
8070,"Apple MacBook Pro 14"" (M4 10-Core)",22,24/1Tb,
8071,"Apple MacBook Pro 14"" (M4 10-Core)",22,24/2Tb,
8072,"Apple MacBook Pro 14"" (M4 10-Core)",22,24/4Tb,
8073,"Apple MacBook Pro 14"" (M4 10-Core)",22,24/8Tb,
8074,"Apple MacBook Pro 14"" (M4 10-Core)",22,32/512Gb,
8075,"Apple MacBook Pro 14"" (M4 10-Core)",22,32/1Tb,
8076,"Apple MacBook Pro 14"" (M4 10-Core)",22,32/2Tb,
8077,"Apple MacBook Pro 14"" (M4 10-Core)",22,32/4Tb,
8078,"Apple MacBook Pro 14"" (M4 10-Core)",22,32/8Tb,
8079,"Apple MacBook Pro 14"" (M4 10-Core)",22,36/512Gb,
8080,"Apple MacBook Pro 14"" (M4 10-Core)",22,36/1Tb,
8081,"Apple MacBook Pro 14"" (M4 10-Core)",22,36/2Tb,
8082,"Apple MacBook Pro 14"" (M4 10-Core)",22,36/4Tb,
8083,"Apple MacBook Pro 14"" (M4 10-Core)",22,36/8Tb,
8084,"Apple MacBook Pro 14"" (M4 10-Core)",22,48/512Gb,
8085,"Apple MacBook Pro 14"" (M4 10-Core)",22,48/1Tb,
8086,"Apple MacBook Pro 14"" (M4 10-Core)",22,48/2Tb,
8087,"Apple MacBook Pro 14"" (M4 10-Core)",22,48/4Tb,
8088,"Apple MacBook Pro 14"" (M4 10-Core)",22,48/8Tb,
8089,"Apple MacBook Pro 14"" (M4 10-Core)",22,64/512Gb,
8090,"Apple MacBook Pro 14"" (M4 10-Core)",22,64/1Tb,
8091,"Apple MacBook Pro 14"" (M4 10-Core)",22,64/2Tb,
8092,"Apple MacBook Pro 14"" (M4 10-Core)",22,64/4Tb,
8093,"Apple MacBook Pro 14"" (M4 10-Core)",22,64/8Tb,
8094,"Apple MacBook Pro 14"" (M4 10-Core)",22,128/512Gb,
8095,"Apple MacBook Pro 14"" (M4 10-Core)",22,128/1Tb,
8096,"Apple MacBook Pro 14"" (M4 10-Core)",22,128/2Tb,
8097,"Apple MacBook Pro 14"" (M4 10-Core)",22,128/4Tb,
8098,"Apple MacBook Pro 14"" (M4 10-Core)",22,128/8Tb,
8099,"Apple MacBook Air 15"" (M4 10-Core)",22,8/256Gb,
8100,"Apple MacBook Air 15"" (M4 10-Core)",22,8/512Gb,
8101,"Apple MacBook Air 15"" (M4 10-Core)",22,8/1Tb,
8102,"Apple MacBook Air 15"" (M4 10-Core)",22,8/2Tb,
8103,"Apple MacBook Air 15"" (M4 10-Core)",22,16/256Gb,
8104,"Apple MacBook Air 15"" (M4 10-Core)",22,16/512Gb,
8105,"Apple MacBook Air 15"" (M4 10-Core)",22,16/1Tb,
8106,"Apple MacBook Air 15"" (M4 10-Core)",22,16/2Tb,
8107,"Apple MacBook Air 15"" (M4 10-Core)",22,24/256Gb,
8108,"Apple MacBook Air 15"" (M4 10-Core)",22,24/512Gb,
8109,"Apple MacBook Air 15"" (M4 10-Core)",22,24/1Tb,
8110,"Apple MacBook Air 15"" (M4 10-Core)",22,24/2Tb,
8111,"Apple MacBook Air 13.6"" (M4 10-Core)",22,8/256Gb,
8112,"Apple MacBook Air 13.6"" (M4 10-Core)",22,8/512Gb,
8113,"Apple MacBook Air 13.6"" (M4 10-Core)",22,8/1Tb,
8114,"Apple MacBook Air 13.6"" (M4 10-Core)",22,8/2Tb,
8115,"Apple MacBook Air 13.6"" (M4 10-Core)",22,16/256Gb,
8116,"Apple MacBook Air 13.6"" (M4 10-Core)",22,16/512Gb,
8117,"Apple MacBook Air 13.6"" (M4 10-Core)",22,16/1Tb,
8118,"Apple MacBook Air 13.6"" (M4 10-Core)",22,16/2Tb,
8119,"Apple MacBook Air 13.6"" (M4 10-Core)",22,24/256Gb,
8120,"Apple MacBook Air 13.6"" (M4 10-Core)",22,24/512Gb,
8121,"Apple MacBook Air 13.6"" (M4 10-Core)",22,24/1Tb,
8122,"Apple MacBook Air 13.6"" (M4 10-Core)",22,24/2Tb,
8123,"Apple MacBook Air 13.6"" (M4 8-Core)",22,8/256Gb,
8124,"Apple MacBook Air 13.6"" (M4 8-Core)",22,8/512Gb,
8125,"Apple MacBook Air 13.6"" (M4 8-Core)",22,8/1Tb,
8126,"Apple MacBook Air 13.6"" (M4 8-Core)",22,8/2Tb,
8127,"Apple MacBook Air 13.6"" (M4 8-Core)",22,16/256Gb,
8128,"Apple MacBook Air 13.6"" (M4 8-Core)",22,16/512Gb,
8129,"Apple MacBook Air 13.6"" (M4 8-Core)",22,16/1Tb,
8130,"Apple MacBook Air 13.6"" (M4 8-Core)",22,16/2Tb,
8131,"Apple MacBook Air 13.6"" (M4 8-Core)",22,24/256Gb,
8132,"Apple MacBook Air 13.6"" (M4 8-Core)",22,24/512Gb,
8133,"Apple MacBook Air 13.6"" (M4 8-Core)",22,24/1Tb,
8134,"Apple MacBook Air 13.6"" (M4 8-Core)",22,24/2Tb,
8135,Amazfit Balance 2,23,,Black
8136,Amazfit Balance 2,23,,Lava
8137,Amazfit Active 2 (Square),23,,Black Leather
8138,Amazfit Active 2 (Square),23,,Red Sport Silicone
8139,Samsung Galaxy Z Flip 7 FE 5G,2,8/128Gb,Black
8140,Samsung Galaxy Z Flip 7 FE 5G,2,8/128Gb,White
8141,Samsung Galaxy Z Flip 7 FE 5G,2,8/256Gb,Black
8142,Samsung Galaxy Z Flip 7 FE 5G,2,8/256Gb,White
8143,Samsung Galaxy Z Flip 7 5G,2,12/256Gb,Blue Shadow
8144,Samsung Galaxy Z Flip 7 5G,2,12/256Gb,Coral Red
8145,Samsung Galaxy Z Flip 7 5G,2,12/256Gb,Jet Black
8146,Samsung Galaxy Z Flip 7 5G,2,12/256Gb,Mint
8147,Samsung Galaxy Z Flip 7 5G,2,12/512Gb,Blue Shadow
8148,Samsung Galaxy Z Flip 7 5G,2,12/512Gb,Coral Red
8149,Samsung Galaxy Z Flip 7 5G,2,12/512Gb,Jet Black
8150,Samsung Galaxy Z Flip 7 5G,2,12/512Gb,Mint
8151,Samsung Galaxy Z Fold 7 5G,2,12/256Gb,Blue Shadow
8152,Samsung Galaxy Z Fold 7 5G,2,12/256Gb,Jet Black
8153,Samsung Galaxy Z Fold 7 5G,2,12/256Gb,Mint
8154,Samsung Galaxy Z Fold 7 5G,2,12/256Gb,Silver Shadow
8155,Samsung Galaxy Z Fold 7 5G,2,12/512Gb,Blue Shadow
8156,Samsung Galaxy Z Fold 7 5G,2,12/512Gb,Jet Black
8157,Samsung Galaxy Z Fold 7 5G,2,12/512Gb,Mint
8158,Samsung Galaxy Z Fold 7 5G,2,12/512Gb,Silver Shadow
8159,Samsung Galaxy Z Fold 7 5G,2,16/1Tb,Blue Shadow
8160,Samsung Galaxy Z Fold 7 5G,2,16/1Tb,Jet Black
8161,Samsung Galaxy Z Fold 7 5G,2,16/1Tb,Mint
8162,Samsung Galaxy Z Fold 7 5G,2,16/1Tb,Silver Shadow
8163,Samsung Galaxy Watch 8 Classic 46mm,24,,Black
8164,Samsung Galaxy Watch 8 Classic 46mm,24,,White
8165,Samsung Galaxy Watch 8 40mm,24,,Graphite
8166,Samsung Galaxy Watch 8 40mm,24,,Silver
8167,Samsung Galaxy Watch 8 44mm,24,,Graphite
8168,Samsung Galaxy Watch 8 44mm,24,,Silver
8169,Samsung Galaxy Watch Ultra 47mm (2025),24,,Titanium Blue
8170,Samsung Galaxy Watch Ultra 47mm (2025),24,,Titanium Gray
8171,Samsung Galaxy Watch Ultra 47mm (2025),24,,Titanium Silver
8172,Samsung Galaxy Watch Ultra 47mm (2025),24,,Titanium White
8173,Samsung Galaxy M16 5G,2,4/128Gb,Thunder Black
8174,Samsung Galaxy M16 5G,2,4/128Gb,Mint Green
8175,Samsung Galaxy M16 5G,2,4/128Gb,Blush Pink
8176,Samsung Galaxy M16 5G,2,6/128Gb,Thunder Black
8177,Samsung Galaxy M16 5G,2,6/128Gb,Mint Green
8178,Samsung Galaxy M16 5G,2,6/128Gb,Blush Pink
8179,Samsung Galaxy M16 5G,2,8/128Gb,Thunder Black
8180,Samsung Galaxy M16 5G,2,8/128Gb,Mint Green
8181,Samsung Galaxy M16 5G,2,8/128Gb,Blush Pink
8182,Samsung Galaxy M16 5G,2,8/256Gb,Thunder Black
8183,Samsung Galaxy M16 5G,2,8/256Gb,Mint Green
8184,Samsung Galaxy M16 5G,2,8/256Gb,Blush Pink
8185,Samsung Galaxy F16 5G,2,4/128Gb,Bling Black
8186,Samsung Galaxy F16 5G,2,4/128Gb,Glam Green
8187,Samsung Galaxy F16 5G,2,4/128Gb,Vibing Blue
8188,Samsung Galaxy F16 5G,2,6/128Gb,Bling Black
8189,Samsung Galaxy F16 5G,2,6/128Gb,Glam Green
8190,Samsung Galaxy F16 5G,2,6/128Gb,Vibing Blue
8191,Samsung Galaxy F16 5G,2,8/128Gb,Bling Black
8192,Samsung Galaxy F16 5G,2,8/128Gb,Glam Green
8193,Samsung Galaxy F16 5G,2,8/128Gb,Vibing Blue
8194,Samsung Galaxy M56 5G,2,8/128Gb,Black
8195,Samsung Galaxy M56 5G,2,8/128Gb,Light Green
8196,Samsung Galaxy M56 5G,2,8/256Gb,Black
8197,Samsung Galaxy M56 5G,2,8/256Gb,Light Green
8198,Геймпад для PS 5 - DualSense Wireless Controller,90,,Black
8199,Геймпад для PS 5 - DualSense Wireless Controller,90,,Cosmic Red
8200,Геймпад для PS 5 - DualSense Wireless Controller,90,,Gray Camouflage
8201,Геймпад для PS 5 - DualSense Wireless Controller,90,,Purple
8202,Геймпад для PS 5 - DualSense Wireless Controller,90,,Silver
8203,Геймпад для PS 5 - DualSense Wireless Controller,90,,Starlight Blue
8204,Геймпад для PS 5 - DualSense Wireless Controller,90,,Chroma Indigo
8205,Геймпад для PS 5 - DualSense Wireless Controller,90,,Chroma Teal
8206,Геймпад для PS 5 - DualSense Wireless Controller,90,,Chroma Pearl
8207,Infinix Hot 60i,5,4/128Gb,Neon Red
8208,Infinix Hot 60i,5,4/128Gb,Shadow Blue
8209,Infinix Hot 60i,5,4/128Gb,Titanium Silver
8210,Infinix Hot 60i,5,4/128Gb,Meadow Green
8211,Infinix Hot 60i,5,4/128Gb,Sleek Black
8212,Infinix Hot 60i,5,4/128Gb,Soul Eye Purple
8213,Infinix Hot 60i,5,6/128Gb,Neon Red
8214,Infinix Hot 60i,5,6/128Gb,Shadow Blue
8215,Infinix Hot 60i,5,6/128Gb,Titanium Silver
8216,Infinix Hot 60i,5,6/128Gb,Meadow Green
8217,Infinix Hot 60i,5,6/128Gb,Sleek Black
8218,Infinix Hot 60i,5,6/128Gb,Soul Eye Purple
8219,Infinix Hot 60i,5,4/256Gb,Neon Red
8220,Infinix Hot 60i,5,4/256Gb,Shadow Blue
8221,Infinix Hot 60i,5,4/256Gb,Titanium Silver
8222,Infinix Hot 60i,5,4/256Gb,Meadow Green
8223,Infinix Hot 60i,5,4/256Gb,Sleek Black
8224,Infinix Hot 60i,5,4/256Gb,Soul Eye Purple
8225,Infinix Hot 60i,5,8/256Gb,Neon Red
8226,Infinix Hot 60i,5,8/256Gb,Shadow Blue
8227,Infinix Hot 60i,5,8/256Gb,Titanium Silver
8228,Infinix Hot 60i,5,8/256Gb,Meadow Green
8229,Infinix Hot 60i,5,8/256Gb,Sleek Black
8230,Infinix Hot 60i,5,8/256Gb,Soul Eye Purple
8231,Infinix Smart 10,5,3/64Gb,Sleek Black
8232,Infinix Smart 10,5,3/64Gb,Iris Blue
8233,Infinix Smart 10,5,3/64Gb,Twilight Gold
8234,Infinix Smart 10,5,4/64Gb,Sleek Black
8235,Infinix Smart 10,5,4/64Gb,Iris Blue
8236,Infinix Smart 10,5,4/64Gb,Twilight Gold
8237,Infinix Smart 10,5,4/128Gb,Sleek Black
8238,Infinix Smart 10,5,4/128Gb,Iris Blue
8239,Infinix Smart 10,5,4/128Gb,Twilight Gold
8240,Infinix Smart 10,5,4/256Gb,Sleek Black
8241,Infinix Smart 10,5,4/256Gb,Iris Blue
8242,Infinix Smart 10,5,4/256Gb,Twilight Gold
8243,Infinix Note 50,5,8/256Gb,Titanium Grey
8244,Infinix Note 50,5,8/256Gb,Ruby Red
8245,Infinix Note 50,5,8/256Gb,Mountain Shade
8246,Infinix Note 50,5,8/256Gb,Shadow Black
8247,Infinix Smart 10 Plus,5,4/128Gb,Sleek Black
8248,Infinix Smart 10 Plus,5,4/128Gb,Titanium Silver
8249,Infinix Smart 10 Plus,5,4/128Gb,Iris Blue
8250,Infinix Smart 10 Plus,5,4/128Gb,Ruby Red
8251,Infinix Smart 10 Plus,5,8/128Gb,Sleek Black
8252,Infinix Smart 10 Plus,5,8/128Gb,Titanium Silver
8253,Infinix Smart 10 Plus,5,8/128Gb,Iris Blue
8254,Infinix Smart 10 Plus,5,8/128Gb,Ruby Red
8255,Infinix Note 50 Pro 4G,5,8/256Gb,Titanium Grey
8256,Infinix Note 50 Pro 4G,5,8/256Gb,Enchanted Purple
8257,Infinix Note 50 Pro 4G,5,8/256Gb,Racing Edition
8258,Infinix Note 50 Pro 4G,5,8/256Gb,Shadow Black
8259,Infinix Note 50 Pro 4G,5,12/256Gb,Titanium Grey
8260,Infinix Note 50 Pro 4G,5,12/256Gb,Enchanted Purple
8261,Infinix Note 50 Pro 4G,5,12/256Gb,Racing Edition
8262,Infinix Note 50 Pro 4G,5,12/256Gb,Shadow Black
8263,Infinix Hot 50i,5,4/128Gb,Sleek Black
8264,Infinix Hot 50i,5,4/128Gb,Dreame Purple
8265,Infinix Hot 50i,5,4/128Gb,Titanium Gray
8266,Infinix Hot 50i,5,4/128Gb,Sage Green
8267,Infinix Hot 50i,5,4/256Gb,Sleek Black
8268,Infinix Hot 50i,5,4/256Gb,Dreame Purple
8269,Infinix Hot 50i,5,4/256Gb,Titanium Gray
8270,Infinix Hot 50i,5,4/256Gb,Sage Green
8271,Infinix Hot 50i,5,6/128Gb,Sleek Black
8272,Infinix Hot 50i,5,6/128Gb,Dreame Purple
8273,Infinix Hot 50i,5,6/128Gb,Titanium Gray
8274,Infinix Hot 50i,5,6/128Gb,Sage Green
8275,Infinix Hot 50i,5,6/256Gb,Sleek Black
8276,Infinix Hot 50i,5,6/256Gb,Dreame Purple
8277,Infinix Hot 50i,5,6/256Gb,Titanium Gray
8278,Infinix Hot 50i,5,6/256Gb,Sage Green
8279,Infinix Hot 50i,5,8/256Gb,Sleek Black
8280,Infinix Hot 50i,5,8/256Gb,Dreame Purple
8281,Infinix Hot 50i,5,8/256Gb,Titanium Gray
8282,Infinix Hot 50i,5,8/256Gb,Sage Green
8283,Infinix Hot 50 Pro Plus,5,8/128Gb,Sleek Black
8284,Infinix Hot 50 Pro Plus,5,8/128Gb,Dreame Purple
8285,Infinix Hot 50 Pro Plus,5,8/128Gb,Titanium Gray
8286,Infinix Hot 50 Pro Plus,5,8/256Gb,Sleek Black
8287,Infinix Hot 50 Pro Plus,5,8/256Gb,Dreame Purple
8288,Infinix Hot 50 Pro Plus,5,8/256Gb,Titanium Gray
8289,Infinix GT 30 Pro 5G,5,8/256Gb,Blade White
8290,Infinix GT 30 Pro 5G,5,8/256Gb,Dark Flare
8291,Infinix GT 30 Pro 5G,5,8/256Gb,Shadow Ash
8292,Infinix GT 30 Pro 5G,5,12/256Gb,Blade White
8293,Infinix GT 30 Pro 5G,5,12/256Gb,Dark Flare
8294,Infinix GT 30 Pro 5G,5,12/256Gb,Shadow Ash
8295,Infinix GT 30 Pro 5G,5,12/512Gb,Blade White
8296,Infinix GT 30 Pro 5G,5,12/512Gb,Dark Flare
8297,Infinix GT 30 Pro 5G,5,12/512Gb,Shadow Ash
8298,Infinix Smart 10,5,3/64Gb,Titanium Silver
8299,Infinix Smart 10,5,4/64Gb,Titanium Silver
8300,Infinix Smart 10,5,4/128Gb,Titanium Silver
8301,Infinix Smart 10,5,4/256Gb,Titanium Silver
8302,Xiaomi Redmi 15C 4G,3,4/128Gb,Moonlight Blue
8303,Xiaomi Redmi 15C 4G,3,4/128Gb,Mint Green
8304,Xiaomi Redmi 15C 4G,3,4/128Gb,Midnight Gray
8305,Xiaomi Redmi 15C 4G,3,4/128Gb,Twilight Orange
8306,Xiaomi Redmi 15C 4G,3,6/128Gb,Moonlight Blue
8307,Xiaomi Redmi 15C 4G,3,6/128Gb,Mint Green
8308,Xiaomi Redmi 15C 4G,3,6/128Gb,Midnight Gray
8309,Xiaomi Redmi 15C 4G,3,6/128Gb,Twilight Orange
8310,Xiaomi Redmi 15C 4G,3,4/256Gb,Moonlight Blue
8311,Xiaomi Redmi 15C 4G,3,4/256Gb,Mint Green
8312,Xiaomi Redmi 15C 4G,3,4/256Gb,Midnight Gray
8313,Xiaomi Redmi 15C 4G,3,4/256Gb,Twilight Orange
8314,Xiaomi Redmi 15C 4G,3,8/256Gb,Moonlight Blue
8315,Xiaomi Redmi 15C 4G,3,8/256Gb,Mint Green
8316,Xiaomi Redmi 15C 4G,3,8/256Gb,Midnight Gray
8317,Xiaomi Redmi 15C 4G,3,8/256Gb,Twilight Orange
8318,Samsung Galaxy Buds Core,16,,White
8319,Samsung Galaxy Buds Core,16,,Black
8320,CMF Watch 3 Pro,80,,Dark Grey
8321,CMF Watch 3 Pro,80,,Light Grey
8322,CMF Watch 3 Pro,80,,Orange
8323,Xiaomi Redmi 15 4G,3,4/128Gb,Midnight Black
8324,Xiaomi Redmi 15 4G,3,4/128Gb,Titan Gray
8325,Xiaomi Redmi 15 4G,3,4/128Gb,Sandy Purple
8326,Xiaomi Redmi 15 4G,3,6/128Gb,Midnight Black
8327,Xiaomi Redmi 15 4G,3,6/128Gb,Titan Gray
8328,Xiaomi Redmi 15 4G,3,6/128Gb,Sandy Purple
8329,Xiaomi Redmi 15 4G,3,8/128Gb,Midnight Black
8330,Xiaomi Redmi 15 4G,3,8/128Gb,Titan Gray
8331,Xiaomi Redmi 15 4G,3,8/128Gb,Sandy Purple
8332,Xiaomi Redmi 15 4G,3,8/256Gb,Midnight Black
8333,Xiaomi Redmi 15 4G,3,8/256Gb,Titan Gray
8334,Xiaomi Redmi 15 4G,3,8/256Gb,Sandy Purple
8335,"Apple MacBook Air 15"" (M2)",22,8/256Gb,
8336,"Apple MacBook Air 15"" (M2)",22,8/512Gb,
8337,"Apple MacBook Air 15"" (M2)",22,8/1Tb,
8338,"Apple MacBook Air 15"" (M2)",22,8/2Tb,
8339,"Apple MacBook Air 15"" (M2)",22,16/256Gb,
8340,"Apple MacBook Air 15"" (M2)",22,16/512Gb,
8341,"Apple MacBook Air 15"" (M2)",22,16/1Tb,
8342,"Apple MacBook Air 15"" (M2)",22,16/2Tb,
8343,"Apple MacBook Air 15"" (M2)",22,24/256Gb,
8344,"Apple MacBook Air 15"" (M2)",22,24/512Gb,
8345,"Apple MacBook Air 15"" (M2)",22,24/1Tb,
8346,"Apple MacBook Air 15"" (M2)",22,24/2Tb,
8347,"Apple MacBook Air 13.6"" (M2)",22,8/256Gb,
8348,"Apple MacBook Air 13.6"" (M2)",22,8/512Gb,
8349,"Apple MacBook Air 13.6"" (M2)",22,8/1Tb,
8350,"Apple MacBook Air 13.6"" (M2)",22,8/2Tb,
8351,"Apple MacBook Air 13.6"" (M2)",22,16/256Gb,
8352,"Apple MacBook Air 13.6"" (M2)",22,16/512Gb,
8353,"Apple MacBook Air 13.6"" (M2)",22,16/1Tb,
8354,"Apple MacBook Air 13.6"" (M2)",22,16/2Tb,
8355,"Apple MacBook Air 13.6"" (M2)",22,24/256Gb,
8356,"Apple MacBook Air 13.6"" (M2)",22,24/512Gb,
8357,"Apple MacBook Air 13.6"" (M2)",22,24/1Tb,
8358,"Apple MacBook Air 13.6"" (M2)",22,24/2Tb,
8359,"Apple MacBook Pro 16"" (M3 Max)",22,18/512Gb,
8360,"Apple MacBook Pro 16"" (M3 Max)",22,18/1Tb,
8361,"Apple MacBook Pro 16"" (M3 Max)",22,18/2Tb,
8362,"Apple MacBook Pro 16"" (M3 Max)",22,18/4Tb,
8363,"Apple MacBook Pro 16"" (M3 Max)",22,18/8Tb,
8364,"Apple MacBook Pro 16"" (M3 Max)",22,36/512Gb,
8365,"Apple MacBook Pro 16"" (M3 Max)",22,36/1Tb,
8366,"Apple MacBook Pro 16"" (M3 Max)",22,36/2Tb,
8367,"Apple MacBook Pro 16"" (M3 Max)",22,36/4Tb,
8368,"Apple MacBook Pro 16"" (M3 Max)",22,36/8Tb,
8369,"Apple MacBook Pro 16"" (M3 Max)",22,48/512Gb,
8370,"Apple MacBook Pro 16"" (M3 Max)",22,48/1Tb,
8371,"Apple MacBook Pro 16"" (M3 Max)",22,48/2Tb,
8372,"Apple MacBook Pro 16"" (M3 Max)",22,48/4Tb,
8373,"Apple MacBook Pro 16"" (M3 Max)",22,48/8Tb,
8374,"Apple MacBook Pro 16"" (M3 Max)",22,64/512Gb,
8375,"Apple MacBook Pro 16"" (M3 Max)",22,64/1Tb,
8376,"Apple MacBook Pro 16"" (M3 Max)",22,64/2Tb,
8377,"Apple MacBook Pro 16"" (M3 Max)",22,64/4Tb,
8378,"Apple MacBook Pro 16"" (M3 Max)",22,64/8Tb,
8379,"Apple MacBook Pro 16"" (M3 Max)",22,96/512Gb,
8380,"Apple MacBook Pro 16"" (M3 Max)",22,96/1Tb,
8381,"Apple MacBook Pro 16"" (M3 Max)",22,96/2Tb,
8382,"Apple MacBook Pro 16"" (M3 Max)",22,96/4Tb,
8383,"Apple MacBook Pro 16"" (M3 Max)",22,96/8Tb,
8384,"Apple MacBook Pro 16"" (M3 Max)",22,128/512Gb,
8385,"Apple MacBook Pro 16"" (M3 Max)",22,128/1Tb,
8386,"Apple MacBook Pro 16"" (M3 Max)",22,128/2Tb,
8387,"Apple MacBook Pro 16"" (M3 Max)",22,128/4Tb,
8388,"Apple MacBook Pro 16"" (M3 Max)",22,128/8Tb,
8389,"Apple MacBook Pro 14"" (M3)",22,8/512Gb,
8390,"Apple MacBook Pro 14"" (M3)",22,8/1Tb,
8391,"Apple MacBook Pro 14"" (M3)",22,8/2Tb,
8392,"Apple MacBook Pro 14"" (M3)",22,8/3Tb,
8393,"Apple MacBook Pro 14"" (M3)",22,8/4Tb,
8394,"Apple MacBook Pro 14"" (M3)",22,8/8Tb,
8395,"Apple MacBook Pro 14"" (M3)",22,16/512Gb,
8396,"Apple MacBook Pro 14"" (M3)",22,16/1Tb,
8397,"Apple MacBook Pro 14"" (M3)",22,16/2Tb,
8398,"Apple MacBook Pro 14"" (M3)",22,16/3Tb,
8399,"Apple MacBook Pro 14"" (M3)",22,16/4Tb,
8400,"Apple MacBook Pro 14"" (M3)",22,16/8Tb,
8401,"Apple MacBook Pro 14"" (M3)",22,18/512Gb,
8402,"Apple MacBook Pro 14"" (M3)",22,18/1Tb,
8403,"Apple MacBook Pro 14"" (M3)",22,18/2Tb,
8404,"Apple MacBook Pro 14"" (M3)",22,18/3Tb,
8405,"Apple MacBook Pro 14"" (M3)",22,18/4Tb,
8406,"Apple MacBook Pro 14"" (M3)",22,18/8Tb,
8407,"Apple MacBook Pro 14"" (M3)",22,24/512Gb,
8408,"Apple MacBook Pro 14"" (M3)",22,24/1Tb,
8409,"Apple MacBook Pro 14"" (M3)",22,24/2Tb,
8410,"Apple MacBook Pro 14"" (M3)",22,24/3Tb,
8411,"Apple MacBook Pro 14"" (M3)",22,24/4Tb,
8412,"Apple MacBook Pro 14"" (M3)",22,24/8Tb,
8413,"Apple MacBook Pro 14"" (M3)",22,36/512Gb,
8414,"Apple MacBook Pro 14"" (M3)",22,36/1Tb,
8415,"Apple MacBook Pro 14"" (M3)",22,36/2Tb,
8416,"Apple MacBook Pro 14"" (M3)",22,36/3Tb,
8417,"Apple MacBook Pro 14"" (M3)",22,36/4Tb,
8418,"Apple MacBook Pro 14"" (M3)",22,36/8Tb,
8419,"Apple MacBook Pro 14"" (M3)",22,48/512Gb,
8420,"Apple MacBook Pro 14"" (M3)",22,48/1Tb,
8421,"Apple MacBook Pro 14"" (M3)",22,48/2Tb,
8422,"Apple MacBook Pro 14"" (M3)",22,48/3Tb,
8423,"Apple MacBook Pro 14"" (M3)",22,48/4Tb,
8424,"Apple MacBook Pro 14"" (M3)",22,48/8Tb,
8425,"Apple MacBook Pro 14"" (M3)",22,64/512Gb,
8426,"Apple MacBook Pro 14"" (M3)",22,64/1Tb,
8427,"Apple MacBook Pro 14"" (M3)",22,64/2Tb,
8428,"Apple MacBook Pro 14"" (M3)",22,64/3Tb,
8429,"Apple MacBook Pro 14"" (M3)",22,64/4Tb,
8430,"Apple MacBook Pro 14"" (M3)",22,64/8Tb,
8431,"Apple MacBook Pro 14"" (M3)",22,96/512Gb,
8432,"Apple MacBook Pro 14"" (M3)",22,96/1Tb,
8433,"Apple MacBook Pro 14"" (M3)",22,96/2Tb,
8434,"Apple MacBook Pro 14"" (M3)",22,96/3Tb,
8435,"Apple MacBook Pro 14"" (M3)",22,96/4Tb,
8436,"Apple MacBook Pro 14"" (M3)",22,96/8Tb,
8437,"Apple MacBook Pro 14"" (M3)",22,128/512Gb,
8438,"Apple MacBook Pro 14"" (M3)",22,128/1Tb,
8439,"Apple MacBook Pro 14"" (M3)",22,128/2Tb,
8440,"Apple MacBook Pro 14"" (M3)",22,128/3Tb,
8441,"Apple MacBook Pro 14"" (M3)",22,128/4Tb,
8442,"Apple MacBook Pro 14"" (M3)",22,128/8Tb,
8443,"Apple MacBook Pro 16"" (M2 Max)",22,16/512Gb,
8444,"Apple MacBook Pro 16"" (M2 Max)",22,16/1Tb,
8445,"Apple MacBook Pro 16"" (M2 Max)",22,16/2Tb,
8446,"Apple MacBook Pro 16"" (M2 Max)",22,16/4Tb,
8447,"Apple MacBook Pro 16"" (M2 Max)",22,16/8Tb,
8448,"Apple MacBook Pro 16"" (M2 Max)",22,32/512Gb,
8449,"Apple MacBook Pro 16"" (M2 Max)",22,32/1Tb,
8450,"Apple MacBook Pro 16"" (M2 Max)",22,32/2Tb,
8451,"Apple MacBook Pro 16"" (M2 Max)",22,32/4Tb,
8452,"Apple MacBook Pro 16"" (M2 Max)",22,32/8Tb,
8453,"Apple MacBook Pro 16"" (M2 Max)",22,64/512Gb,
8454,"Apple MacBook Pro 16"" (M2 Max)",22,64/1Tb,
8455,"Apple MacBook Pro 16"" (M2 Max)",22,64/2Tb,
8456,"Apple MacBook Pro 16"" (M2 Max)",22,64/4Tb,
8457,"Apple MacBook Pro 16"" (M2 Max)",22,64/8Tb,
8458,"Apple MacBook Pro 16"" (M2 Max)",22,96/512Gb,
8459,"Apple MacBook Pro 16"" (M2 Max)",22,96/1Tb,
8460,"Apple MacBook Pro 16"" (M2 Max)",22,96/2Tb,
8461,"Apple MacBook Pro 16"" (M2 Max)",22,96/4Tb,
8462,"Apple MacBook Pro 16"" (M2 Max)",22,96/8Tb,
8463,"Apple MacBook Pro 16"" (M3 Pro)",22,18/512Gb,
8464,"Apple MacBook Pro 16"" (M3 Pro)",22,18/1Tb,
8465,"Apple MacBook Pro 16"" (M3 Pro)",22,18/2Tb,
8466,"Apple MacBook Pro 16"" (M3 Pro)",22,18/4Tb,
8467,"Apple MacBook Pro 16"" (M3 Pro)",22,18/8Tb,
8468,"Apple MacBook Pro 16"" (M3 Pro)",22,36/512Gb,
8469,"Apple MacBook Pro 16"" (M3 Pro)",22,36/1Tb,
8470,"Apple MacBook Pro 16"" (M3 Pro)",22,36/2Tb,
8471,"Apple MacBook Pro 16"" (M3 Pro)",22,36/4Tb,
8472,"Apple MacBook Pro 16"" (M3 Pro)",22,36/8Tb,
8473,"Apple MacBook Pro 16"" (M3 Pro)",22,48/512Gb,
8474,"Apple MacBook Pro 16"" (M3 Pro)",22,48/1Tb,
8475,"Apple MacBook Pro 16"" (M3 Pro)",22,48/2Tb,
8476,"Apple MacBook Pro 16"" (M3 Pro)",22,48/4Tb,
8477,"Apple MacBook Pro 16"" (M3 Pro)",22,48/8Tb,
8478,"Apple MacBook Pro 16"" (M3 Pro)",22,64/512Gb,
8479,"Apple MacBook Pro 16"" (M3 Pro)",22,64/1Tb,
8480,"Apple MacBook Pro 16"" (M3 Pro)",22,64/2Tb,
8481,"Apple MacBook Pro 16"" (M3 Pro)",22,64/4Tb,
8482,"Apple MacBook Pro 16"" (M3 Pro)",22,64/8Tb,
8483,"Apple MacBook Pro 16"" (M3 Pro)",22,96/512Gb,
8484,"Apple MacBook Pro 16"" (M3 Pro)",22,96/1Tb,
8485,"Apple MacBook Pro 16"" (M3 Pro)",22,96/2Tb,
8486,"Apple MacBook Pro 16"" (M3 Pro)",22,96/4Tb,
8487,"Apple MacBook Pro 16"" (M3 Pro)",22,96/8Tb,
8488,"Apple MacBook Pro 16"" (M3 Pro)",22,128/512Gb,
8489,"Apple MacBook Pro 16"" (M3 Pro)",22,128/1Tb,
8490,"Apple MacBook Pro 16"" (M3 Pro)",22,128/2Tb,
8491,"Apple MacBook Pro 16"" (M3 Pro)",22,128/4Tb,
8492,"Apple MacBook Pro 16"" (M3 Pro)",22,128/8Tb,
8493,"Apple MacBook Air 13.3"" (M1)",22,8/256Gb,
8494,"Apple MacBook Air 13.3"" (M1)",22,8/512Gb,
8495,"Apple MacBook Air 13.3"" (M1)",22,8/1Tb,
8496,"Apple MacBook Air 13.3"" (M1)",22,8/2Tb,
8497,"Apple MacBook Air 13.3"" (M1)",22,16/256Gb,
8498,"Apple MacBook Air 13.3"" (M1)",22,16/512Gb,
8499,"Apple MacBook Air 13.3"" (M1)",22,16/1Tb,
8500,"Apple MacBook Air 13.3"" (M1)",22,16/2Tb,
8501,"Apple MacBook Pro 16"" (M2 Pro)",22,16/512Gb,
8502,"Apple MacBook Pro 16"" (M2 Pro)",22,16/1Tb,
8503,"Apple MacBook Pro 16"" (M2 Pro)",22,16/2Tb,
8504,"Apple MacBook Pro 16"" (M2 Pro)",22,16/4Tb,
8505,"Apple MacBook Pro 16"" (M2 Pro)",22,16/8Tb,
8506,"Apple MacBook Pro 16"" (M2 Pro)",22,32/512Gb,
8507,"Apple MacBook Pro 16"" (M2 Pro)",22,32/1Tb,
8508,"Apple MacBook Pro 16"" (M2 Pro)",22,32/2Tb,
8509,"Apple MacBook Pro 16"" (M2 Pro)",22,32/4Tb,
8510,"Apple MacBook Pro 16"" (M2 Pro)",22,32/8Tb,
8511,"Apple MacBook Pro 16"" (M2 Pro)",22,64/512Gb,
8512,"Apple MacBook Pro 16"" (M2 Pro)",22,64/1Tb,
8513,"Apple MacBook Pro 16"" (M2 Pro)",22,64/2Tb,
8514,"Apple MacBook Pro 16"" (M2 Pro)",22,64/4Tb,
8515,"Apple MacBook Pro 16"" (M2 Pro)",22,64/8Tb,
8516,"Apple MacBook Pro 16"" (M2 Pro)",22,96/512Gb,
8517,"Apple MacBook Pro 16"" (M2 Pro)",22,96/1Tb,
8518,"Apple MacBook Pro 16"" (M2 Pro)",22,96/2Tb,
8519,"Apple MacBook Pro 16"" (M2 Pro)",22,96/4Tb,
8520,"Apple MacBook Pro 16"" (M2 Pro)",22,96/8Tb,
8521,"Apple MacBook Pro 13"" (M1)",22,8/256Gb,
8522,"Apple MacBook Pro 13"" (M1)",22,8/512Gb,
8523,"Apple MacBook Pro 13"" (M1)",22,8/1Tb,
8524,"Apple MacBook Pro 13"" (M1)",22,8/2Tb,
8525,"Apple MacBook Pro 13"" (M1)",22,16/256Gb,
8526,"Apple MacBook Pro 13"" (M1)",22,16/512Gb,
8527,"Apple MacBook Pro 13"" (M1)",22,16/1Tb,
8528,"Apple MacBook Pro 13"" (M1)",22,16/2Tb,
8529,"Apple MacBook Pro 14"" (M3 Pro)",22,8/512Gb,
8530,"Apple MacBook Pro 14"" (M3 Pro)",22,8/1Tb,
8531,"Apple MacBook Pro 14"" (M3 Pro)",22,8/2Tb,
8532,"Apple MacBook Pro 14"" (M3 Pro)",22,8/3Tb,
8533,"Apple MacBook Pro 14"" (M3 Pro)",22,8/4Tb,
8534,"Apple MacBook Pro 14"" (M3 Pro)",22,8/8Tb,
8535,"Apple MacBook Pro 14"" (M3 Pro)",22,16/512Gb,
8536,"Apple MacBook Pro 14"" (M3 Pro)",22,16/1Tb,
8537,"Apple MacBook Pro 14"" (M3 Pro)",22,16/2Tb,
8538,"Apple MacBook Pro 14"" (M3 Pro)",22,16/3Tb,
8539,"Apple MacBook Pro 14"" (M3 Pro)",22,16/4Tb,
8540,"Apple MacBook Pro 14"" (M3 Pro)",22,16/8Tb,
8541,"Apple MacBook Pro 14"" (M3 Pro)",22,18/512Gb,
8542,"Apple MacBook Pro 14"" (M3 Pro)",22,18/1Tb,
8543,"Apple MacBook Pro 14"" (M3 Pro)",22,18/2Tb,
8544,"Apple MacBook Pro 14"" (M3 Pro)",22,18/3Tb,
8545,"Apple MacBook Pro 14"" (M3 Pro)",22,18/4Tb,
8546,"Apple MacBook Pro 14"" (M3 Pro)",22,18/8Tb,
8547,"Apple MacBook Pro 14"" (M3 Pro)",22,24/512Gb,
8548,"Apple MacBook Pro 14"" (M3 Pro)",22,24/1Tb,
8549,"Apple MacBook Pro 14"" (M3 Pro)",22,24/2Tb,
8550,"Apple MacBook Pro 14"" (M3 Pro)",22,24/3Tb,
8551,"Apple MacBook Pro 14"" (M3 Pro)",22,24/4Tb,
8552,"Apple MacBook Pro 14"" (M3 Pro)",22,24/8Tb,
8553,"Apple MacBook Pro 14"" (M3 Pro)",22,36/512Gb,
8554,"Apple MacBook Pro 14"" (M3 Pro)",22,36/1Tb,
8555,"Apple MacBook Pro 14"" (M3 Pro)",22,36/2Tb,
8556,"Apple MacBook Pro 14"" (M3 Pro)",22,36/3Tb,
8557,"Apple MacBook Pro 14"" (M3 Pro)",22,36/4Tb,
8558,"Apple MacBook Pro 14"" (M3 Pro)",22,36/8Tb,
8559,"Apple MacBook Pro 14"" (M3 Pro)",22,48/512Gb,
8560,"Apple MacBook Pro 14"" (M3 Pro)",22,48/1Tb,
8561,"Apple MacBook Pro 14"" (M3 Pro)",22,48/2Tb,
8562,"Apple MacBook Pro 14"" (M3 Pro)",22,48/3Tb,
8563,"Apple MacBook Pro 14"" (M3 Pro)",22,48/4Tb,
8564,"Apple MacBook Pro 14"" (M3 Pro)",22,48/8Tb,
8565,"Apple MacBook Pro 14"" (M3 Pro)",22,64/512Gb,
8566,"Apple MacBook Pro 14"" (M3 Pro)",22,64/1Tb,
8567,"Apple MacBook Pro 14"" (M3 Pro)",22,64/2Tb,
8568,"Apple MacBook Pro 14"" (M3 Pro)",22,64/3Tb,
8569,"Apple MacBook Pro 14"" (M3 Pro)",22,64/4Tb,
8570,"Apple MacBook Pro 14"" (M3 Pro)",22,64/8Tb,
8571,"Apple MacBook Pro 14"" (M3 Pro)",22,96/512Gb,
8572,"Apple MacBook Pro 14"" (M3 Pro)",22,96/1Tb,
8573,"Apple MacBook Pro 14"" (M3 Pro)",22,96/2Tb,
8574,"Apple MacBook Pro 14"" (M3 Pro)",22,96/3Tb,
8575,"Apple MacBook Pro 14"" (M3 Pro)",22,96/4Tb,
8576,"Apple MacBook Pro 14"" (M3 Pro)",22,96/8Tb,
8577,"Apple MacBook Pro 14"" (M3 Pro)",22,128/512Gb,
8578,"Apple MacBook Pro 14"" (M3 Pro)",22,128/1Tb,
8579,"Apple MacBook Pro 14"" (M3 Pro)",22,128/2Tb,
8580,"Apple MacBook Pro 14"" (M3 Pro)",22,128/3Tb,
8581,"Apple MacBook Pro 14"" (M3 Pro)",22,128/4Tb,
8582,"Apple MacBook Pro 14"" (M3 Pro)",22,128/8Tb,
8583,"Apple MacBook Pro 14"" (M2 Pro)",22,16/512Gb,
8584,"Apple MacBook Pro 14"" (M2 Pro)",22,16/1Tb,
8585,"Apple MacBook Pro 14"" (M2 Pro)",22,16/2Tb,
8586,"Apple MacBook Pro 14"" (M2 Pro)",22,16/4Tb,
8587,"Apple MacBook Pro 14"" (M2 Pro)",22,16/8Tb,
8588,"Apple MacBook Pro 14"" (M2 Pro)",22,32/512Gb,
8589,"Apple MacBook Pro 14"" (M2 Pro)",22,32/1Tb,
8590,"Apple MacBook Pro 14"" (M2 Pro)",22,32/2Tb,
8591,"Apple MacBook Pro 14"" (M2 Pro)",22,32/4Tb,
8592,"Apple MacBook Pro 14"" (M2 Pro)",22,32/8Tb,
8593,"Apple MacBook Pro 14"" (M2 Pro)",22,64/512Gb,
8594,"Apple MacBook Pro 14"" (M2 Pro)",22,64/1Tb,
8595,"Apple MacBook Pro 14"" (M2 Pro)",22,64/2Tb,
8596,"Apple MacBook Pro 14"" (M2 Pro)",22,64/4Tb,
8597,"Apple MacBook Pro 14"" (M2 Pro)",22,64/8Tb,
8598,"Apple MacBook Pro 14"" (M2 Pro)",22,96/512Gb,
8599,"Apple MacBook Pro 14"" (M2 Pro)",22,96/1Tb,
8600,"Apple MacBook Pro 14"" (M2 Pro)",22,96/2Tb,
8601,"Apple MacBook Pro 14"" (M2 Pro)",22,96/4Tb,
8602,"Apple MacBook Pro 14"" (M2 Pro)",22,96/8Tb,
8603,"Apple MacBook Pro 14"" (M3 Max)",22,8/512Gb,
8604,"Apple MacBook Pro 14"" (M3 Max)",22,8/1Tb,
8605,"Apple MacBook Pro 14"" (M3 Max)",22,8/2Tb,
8606,"Apple MacBook Pro 14"" (M3 Max)",22,8/3Tb,
8607,"Apple MacBook Pro 14"" (M3 Max)",22,8/4Tb,
8608,"Apple MacBook Pro 14"" (M3 Max)",22,8/8Tb,
8609,"Apple MacBook Pro 14"" (M3 Max)",22,16/512Gb,
8610,"Apple MacBook Pro 14"" (M3 Max)",22,16/1Tb,
8611,"Apple MacBook Pro 14"" (M3 Max)",22,16/2Tb,
8612,"Apple MacBook Pro 14"" (M3 Max)",22,16/3Tb,
8613,"Apple MacBook Pro 14"" (M3 Max)",22,16/4Tb,
8614,"Apple MacBook Pro 14"" (M3 Max)",22,16/8Tb,
8615,"Apple MacBook Pro 14"" (M3 Max)",22,18/512Gb,
8616,"Apple MacBook Pro 14"" (M3 Max)",22,18/1Tb,
8617,"Apple MacBook Pro 14"" (M3 Max)",22,18/2Tb,
8618,"Apple MacBook Pro 14"" (M3 Max)",22,18/3Tb,
8619,"Apple MacBook Pro 14"" (M3 Max)",22,18/4Tb,
8620,"Apple MacBook Pro 14"" (M3 Max)",22,18/8Tb,
8621,"Apple MacBook Pro 14"" (M3 Max)",22,24/512Gb,
8622,"Apple MacBook Pro 14"" (M3 Max)",22,24/1Tb,
8623,"Apple MacBook Pro 14"" (M3 Max)",22,24/2Tb,
8624,"Apple MacBook Pro 14"" (M3 Max)",22,24/3Tb,
8625,"Apple MacBook Pro 14"" (M3 Max)",22,24/4Tb,
8626,"Apple MacBook Pro 14"" (M3 Max)",22,24/8Tb,
8627,"Apple MacBook Pro 14"" (M3 Max)",22,36/512Gb,
8628,"Apple MacBook Pro 14"" (M3 Max)",22,36/1Tb,
8629,"Apple MacBook Pro 14"" (M3 Max)",22,36/2Tb,
8630,"Apple MacBook Pro 14"" (M3 Max)",22,36/3Tb,
8631,"Apple MacBook Pro 14"" (M3 Max)",22,36/4Tb,
8632,"Apple MacBook Pro 14"" (M3 Max)",22,36/8Tb,
8633,"Apple MacBook Pro 14"" (M3 Max)",22,48/512Gb,
8634,"Apple MacBook Pro 14"" (M3 Max)",22,48/1Tb,
8635,"Apple MacBook Pro 14"" (M3 Max)",22,48/2Tb,
8636,"Apple MacBook Pro 14"" (M3 Max)",22,48/3Tb,
8637,"Apple MacBook Pro 14"" (M3 Max)",22,48/4Tb,
8638,"Apple MacBook Pro 14"" (M3 Max)",22,48/8Tb,
8639,"Apple MacBook Pro 14"" (M3 Max)",22,64/512Gb,
8640,"Apple MacBook Pro 14"" (M3 Max)",22,64/1Tb,
8641,"Apple MacBook Pro 14"" (M3 Max)",22,64/2Tb,
8642,"Apple MacBook Pro 14"" (M3 Max)",22,64/3Tb,
8643,"Apple MacBook Pro 14"" (M3 Max)",22,64/4Tb,
8644,"Apple MacBook Pro 14"" (M3 Max)",22,64/8Tb,
8645,"Apple MacBook Pro 14"" (M3 Max)",22,96/512Gb,
8646,"Apple MacBook Pro 14"" (M3 Max)",22,96/1Tb,
8647,"Apple MacBook Pro 14"" (M3 Max)",22,96/2Tb,
8648,"Apple MacBook Pro 14"" (M3 Max)",22,96/3Tb,
8649,"Apple MacBook Pro 14"" (M3 Max)",22,96/4Tb,
8650,"Apple MacBook Pro 14"" (M3 Max)",22,96/8Tb,
8651,"Apple MacBook Pro 14"" (M3 Max)",22,128/512Gb,
8652,"Apple MacBook Pro 14"" (M3 Max)",22,128/1Tb,
8653,"Apple MacBook Pro 14"" (M3 Max)",22,128/2Tb,
8654,"Apple MacBook Pro 14"" (M3 Max)",22,128/3Tb,
8655,"Apple MacBook Pro 14"" (M3 Max)",22,128/4Tb,
8656,"Apple MacBook Pro 14"" (M3 Max)",22,128/8Tb,
8657,"Apple MacBook Pro 14"" (M1 Pro)",22,16/512Gb,
8658,"Apple MacBook Pro 14"" (M1 Pro)",22,16/1Tb,
8659,"Apple MacBook Pro 14"" (M1 Pro)",22,16/2Tb,
8660,"Apple MacBook Pro 14"" (M1 Pro)",22,16/4Tb,
8661,"Apple MacBook Pro 14"" (M1 Pro)",22,16/8Tb,
8662,"Apple MacBook Pro 14"" (M1 Pro)",22,24/512Gb,
8663,"Apple MacBook Pro 14"" (M1 Pro)",22,24/1Tb,
8664,"Apple MacBook Pro 14"" (M1 Pro)",22,24/2Tb,
8665,"Apple MacBook Pro 14"" (M1 Pro)",22,24/4Tb,
8666,"Apple MacBook Pro 14"" (M1 Pro)",22,24/8Tb,
8667,"Apple MacBook Pro 14"" (M1 Pro)",22,32/512Gb,
8668,"Apple MacBook Pro 14"" (M1 Pro)",22,32/1Tb,
8669,"Apple MacBook Pro 14"" (M1 Pro)",22,32/2Tb,
8670,"Apple MacBook Pro 14"" (M1 Pro)",22,32/4Tb,
8671,"Apple MacBook Pro 14"" (M1 Pro)",22,32/8Tb,
8672,"Apple MacBook Pro 13"" (M2)",22,8/256Gb,
8673,"Apple MacBook Pro 13"" (M2)",22,8/512Gb,
8674,"Apple MacBook Pro 13"" (M2)",22,8/1Tb,
8675,"Apple MacBook Pro 13"" (M2)",22,8/2Tb,
8676,"Apple MacBook Pro 13"" (M2)",22,16/256Gb,
8677,"Apple MacBook Pro 13"" (M2)",22,16/512Gb,
8678,"Apple MacBook Pro 13"" (M2)",22,16/1Tb,
8679,"Apple MacBook Pro 13"" (M2)",22,16/2Tb,
8680,"Apple MacBook Pro 13"" (M2)",22,24/256Gb,
8681,"Apple MacBook Pro 13"" (M2)",22,24/512Gb,
8682,"Apple MacBook Pro 13"" (M2)",22,24/1Tb,
8683,"Apple MacBook Pro 13"" (M2)",22,24/2Tb,
8684,"Apple MacBook Pro 14"" (M2 Max)",22,16/512Gb,
8685,"Apple MacBook Pro 14"" (M2 Max)",22,16/1Tb,
8686,"Apple MacBook Pro 14"" (M2 Max)",22,16/2Tb,
8687,"Apple MacBook Pro 14"" (M2 Max)",22,16/4Tb,
8688,"Apple MacBook Pro 14"" (M2 Max)",22,16/8Tb,
8689,"Apple MacBook Pro 14"" (M2 Max)",22,32/512Gb,
8690,"Apple MacBook Pro 14"" (M2 Max)",22,32/1Tb,
8691,"Apple MacBook Pro 14"" (M2 Max)",22,32/2Tb,
8692,"Apple MacBook Pro 14"" (M2 Max)",22,32/4Tb,
8693,"Apple MacBook Pro 14"" (M2 Max)",22,32/8Tb,
8694,"Apple MacBook Pro 14"" (M2 Max)",22,64/512Gb,
8695,"Apple MacBook Pro 14"" (M2 Max)",22,64/1Tb,
8696,"Apple MacBook Pro 14"" (M2 Max)",22,64/2Tb,
8697,"Apple MacBook Pro 14"" (M2 Max)",22,64/4Tb,
8698,"Apple MacBook Pro 14"" (M2 Max)",22,64/8Tb,
8699,"Apple MacBook Pro 14"" (M2 Max)",22,96/512Gb,
8700,"Apple MacBook Pro 14"" (M2 Max)",22,96/1Tb,
8701,"Apple MacBook Pro 14"" (M2 Max)",22,96/2Tb,
8702,"Apple MacBook Pro 14"" (M2 Max)",22,96/4Tb,
8703,"Apple MacBook Pro 14"" (M2 Max)",22,96/8Tb,
8704,"Apple MacBook Air 13.6"" (M3)",22,8/256Gb,
8705,"Apple MacBook Air 13.6"" (M3)",22,8/512Gb,
8706,"Apple MacBook Air 13.6"" (M3)",22,8/1Tb,
8707,"Apple MacBook Air 13.6"" (M3)",22,8/2Tb,
8708,"Apple MacBook Air 13.6"" (M3)",22,16/256Gb,
8709,"Apple MacBook Air 13.6"" (M3)",22,16/512Gb,
8710,"Apple MacBook Air 13.6"" (M3)",22,16/1Tb,
8711,"Apple MacBook Air 13.6"" (M3)",22,16/2Tb,
8712,"Apple MacBook Air 13.6"" (M3)",22,24/256Gb,
8713,"Apple MacBook Air 13.6"" (M3)",22,24/512Gb,
8714,"Apple MacBook Air 13.6"" (M3)",22,24/1Tb,
8715,"Apple MacBook Air 13.6"" (M3)",22,24/2Tb,
8716,"Apple MacBook Air 15"" (M3)",22,8/256Gb,
8717,"Apple MacBook Air 15"" (M3)",22,8/512Gb,
8718,"Apple MacBook Air 15"" (M3)",22,8/1Tb,
8719,"Apple MacBook Air 15"" (M3)",22,8/2Tb,
8720,"Apple MacBook Air 15"" (M3)",22,16/256Gb,
8721,"Apple MacBook Air 15"" (M3)",22,16/512Gb,
8722,"Apple MacBook Air 15"" (M3)",22,16/1Tb,
8723,"Apple MacBook Air 15"" (M3)",22,16/2Tb,
8724,"Apple MacBook Air 15"" (M3)",22,24/256Gb,
8725,"Apple MacBook Air 15"" (M3)",22,24/512Gb,
8726,"Apple MacBook Air 15"" (M3)",22,24/1Tb,
8727,"Apple MacBook Air 15"" (M3)",22,24/2Tb,
8728,"Apple MacBook Pro 16"" (M4 Max 16-Core)",22,24/512Gb,
8729,"Apple MacBook Pro 16"" (M4 Max 16-Core)",22,24/1Tb,
8730,"Apple MacBook Pro 16"" (M4 Max 16-Core)",22,24/2Tb,
8731,"Apple MacBook Pro 16"" (M4 Max 16-Core)",22,24/4Tb,
8732,"Apple MacBook Pro 16"" (M4 Max 16-Core)",22,24/8Tb,
8733,"Apple MacBook Pro 16"" (M4 Max 16-Core)",22,36/512Gb,
8734,"Apple MacBook Pro 16"" (M4 Max 16-Core)",22,36/1Tb,
8735,"Apple MacBook Pro 16"" (M4 Max 16-Core)",22,36/2Tb,
8736,"Apple MacBook Pro 16"" (M4 Max 16-Core)",22,36/4Tb,
8737,"Apple MacBook Pro 16"" (M4 Max 16-Core)",22,36/8Tb,
8738,"Apple MacBook Pro 16"" (M4 Max 16-Core)",22,48/512Gb,
8739,"Apple MacBook Pro 16"" (M4 Max 16-Core)",22,48/1Tb,
8740,"Apple MacBook Pro 16"" (M4 Max 16-Core)",22,48/2Tb,
8741,"Apple MacBook Pro 16"" (M4 Max 16-Core)",22,48/4Tb,
8742,"Apple MacBook Pro 16"" (M4 Max 16-Core)",22,48/8Tb,
8743,"Apple MacBook Pro 16"" (M4 Max 16-Core)",22,64/512Gb,
8744,"Apple MacBook Pro 16"" (M4 Max 16-Core)",22,64/1Tb,
8745,"Apple MacBook Pro 16"" (M4 Max 16-Core)",22,64/2Tb,
8746,"Apple MacBook Pro 16"" (M4 Max 16-Core)",22,64/4Tb,
8747,"Apple MacBook Pro 16"" (M4 Max 16-Core)",22,64/8Tb,
8748,"Apple MacBook Pro 16"" (M4 Max 16-Core)",22,128/512Gb,
8749,"Apple MacBook Pro 16"" (M4 Max 16-Core)",22,128/1Tb,
8750,"Apple MacBook Pro 16"" (M4 Max 16-Core)",22,128/2Tb,
8751,"Apple MacBook Pro 16"" (M4 Max 16-Core)",22,128/4Tb,
8752,"Apple MacBook Pro 16"" (M4 Max 16-Core)",22,128/8Tb,
8753,"Apple MacBook Pro 14"" (M4 Max 14-Core)",22,16/512Gb,
8754,"Apple MacBook Pro 14"" (M4 Max 14-Core)",22,16/1Tb,
8755,"Apple MacBook Pro 14"" (M4 Max 14-Core)",22,16/2Tb,
8756,"Apple MacBook Pro 14"" (M4 Max 14-Core)",22,16/4Tb,
8757,"Apple MacBook Pro 14"" (M4 Max 14-Core)",22,16/8Tb,
8758,"Apple MacBook Pro 14"" (M4 Max 14-Core)",22,24/512Gb,
8759,"Apple MacBook Pro 14"" (M4 Max 14-Core)",22,24/1Tb,
8760,"Apple MacBook Pro 14"" (M4 Max 14-Core)",22,24/2Tb,
8761,"Apple MacBook Pro 14"" (M4 Max 14-Core)",22,24/4Tb,
8762,"Apple MacBook Pro 14"" (M4 Max 14-Core)",22,24/8Tb,
8763,"Apple MacBook Pro 14"" (M4 Max 14-Core)",22,32/512Gb,
8764,"Apple MacBook Pro 14"" (M4 Max 14-Core)",22,32/1Tb,
8765,"Apple MacBook Pro 14"" (M4 Max 14-Core)",22,32/2Tb,
8766,"Apple MacBook Pro 14"" (M4 Max 14-Core)",22,32/4Tb,
8767,"Apple MacBook Pro 14"" (M4 Max 14-Core)",22,32/8Tb,
8768,"Apple MacBook Pro 14"" (M4 Max 14-Core)",22,36/512Gb,
8769,"Apple MacBook Pro 14"" (M4 Max 14-Core)",22,36/1Tb,
8770,"Apple MacBook Pro 14"" (M4 Max 14-Core)",22,36/2Tb,
8771,"Apple MacBook Pro 14"" (M4 Max 14-Core)",22,36/4Tb,
8772,"Apple MacBook Pro 14"" (M4 Max 14-Core)",22,36/8Tb,
8773,"Apple MacBook Pro 14"" (M4 Max 14-Core)",22,48/512Gb,
8774,"Apple MacBook Pro 14"" (M4 Max 14-Core)",22,48/1Tb,
8775,"Apple MacBook Pro 14"" (M4 Max 14-Core)",22,48/2Tb,
8776,"Apple MacBook Pro 14"" (M4 Max 14-Core)",22,48/4Tb,
8777,"Apple MacBook Pro 14"" (M4 Max 14-Core)",22,48/8Tb,
8778,"Apple MacBook Pro 14"" (M4 Max 14-Core)",22,64/512Gb,
8779,"Apple MacBook Pro 14"" (M4 Max 14-Core)",22,64/1Tb,
8780,"Apple MacBook Pro 14"" (M4 Max 14-Core)",22,64/2Tb,
8781,"Apple MacBook Pro 14"" (M4 Max 14-Core)",22,64/4Tb,
8782,"Apple MacBook Pro 14"" (M4 Max 14-Core)",22,64/8Tb,
8783,"Apple MacBook Pro 14"" (M4 Max 14-Core)",22,128/512Gb,
8784,"Apple MacBook Pro 14"" (M4 Max 14-Core)",22,128/1Tb,
8785,"Apple MacBook Pro 14"" (M4 Max 14-Core)",22,128/2Tb,
8786,"Apple MacBook Pro 14"" (M4 Max 14-Core)",22,128/4Tb,
8787,"Apple MacBook Pro 14"" (M4 Max 14-Core)",22,128/8Tb,
8788,"Apple MacBook Pro 16"" (M4 Pro 14-Core)",22,24/512Gb,
8789,"Apple MacBook Pro 16"" (M4 Pro 14-Core)",22,24/1Tb,
8790,"Apple MacBook Pro 16"" (M4 Pro 14-Core)",22,24/2Tb,
8791,"Apple MacBook Pro 16"" (M4 Pro 14-Core)",22,24/4Tb,
8792,"Apple MacBook Pro 16"" (M4 Pro 14-Core)",22,24/8Tb,
8793,"Apple MacBook Pro 16"" (M4 Pro 14-Core)",22,36/512Gb,
8794,"Apple MacBook Pro 16"" (M4 Pro 14-Core)",22,36/1Tb,
8795,"Apple MacBook Pro 16"" (M4 Pro 14-Core)",22,36/2Tb,
8796,"Apple MacBook Pro 16"" (M4 Pro 14-Core)",22,36/4Tb,
8797,"Apple MacBook Pro 16"" (M4 Pro 14-Core)",22,36/8Tb,
8798,"Apple MacBook Pro 16"" (M4 Pro 14-Core)",22,48/512Gb,
8799,"Apple MacBook Pro 16"" (M4 Pro 14-Core)",22,48/1Tb,
8800,"Apple MacBook Pro 16"" (M4 Pro 14-Core)",22,48/2Tb,
8801,"Apple MacBook Pro 16"" (M4 Pro 14-Core)",22,48/4Tb,
8802,"Apple MacBook Pro 16"" (M4 Pro 14-Core)",22,48/8Tb,
8803,"Apple MacBook Pro 16"" (M4 Pro 14-Core)",22,64/512Gb,
8804,"Apple MacBook Pro 16"" (M4 Pro 14-Core)",22,64/1Tb,
8805,"Apple MacBook Pro 16"" (M4 Pro 14-Core)",22,64/2Tb,
8806,"Apple MacBook Pro 16"" (M4 Pro 14-Core)",22,64/4Tb,
8807,"Apple MacBook Pro 16"" (M4 Pro 14-Core)",22,64/8Tb,
8808,"Apple MacBook Pro 16"" (M4 Pro 14-Core)",22,128/512Gb,
8809,"Apple MacBook Pro 16"" (M4 Pro 14-Core)",22,128/1Tb,
8810,"Apple MacBook Pro 16"" (M4 Pro 14-Core)",22,128/2Tb,
8811,"Apple MacBook Pro 16"" (M4 Pro 14-Core)",22,128/4Tb,
8812,"Apple MacBook Pro 16"" (M4 Pro 14-Core)",22,128/8Tb,
8813,"Apple MacBook Pro 14"" (M4 Pro 12-Core)",22,16/512Gb,
8814,"Apple MacBook Pro 14"" (M4 Pro 12-Core)",22,16/1Tb,
8815,"Apple MacBook Pro 14"" (M4 Pro 12-Core)",22,16/2Tb,
8816,"Apple MacBook Pro 14"" (M4 Pro 12-Core)",22,16/4Tb,
8817,"Apple MacBook Pro 14"" (M4 Pro 12-Core)",22,16/8Tb,
8818,"Apple MacBook Pro 14"" (M4 Pro 12-Core)",22,24/512Gb,
8819,"Apple MacBook Pro 14"" (M4 Pro 12-Core)",22,24/1Tb,
8820,"Apple MacBook Pro 14"" (M4 Pro 12-Core)",22,24/2Tb,
8821,"Apple MacBook Pro 14"" (M4 Pro 12-Core)",22,24/4Tb,
8822,"Apple MacBook Pro 14"" (M4 Pro 12-Core)",22,24/8Tb,
8823,"Apple MacBook Pro 14"" (M4 Pro 12-Core)",22,32/512Gb,
8824,"Apple MacBook Pro 14"" (M4 Pro 12-Core)",22,32/1Tb,
8825,"Apple MacBook Pro 14"" (M4 Pro 12-Core)",22,32/2Tb,
8826,"Apple MacBook Pro 14"" (M4 Pro 12-Core)",22,32/4Tb,
8827,"Apple MacBook Pro 14"" (M4 Pro 12-Core)",22,32/8Tb,
8828,"Apple MacBook Pro 14"" (M4 Pro 12-Core)",22,36/512Gb,
8829,"Apple MacBook Pro 14"" (M4 Pro 12-Core)",22,36/1Tb,
8830,"Apple MacBook Pro 14"" (M4 Pro 12-Core)",22,36/2Tb,
8831,"Apple MacBook Pro 14"" (M4 Pro 12-Core)",22,36/4Tb,
8832,"Apple MacBook Pro 14"" (M4 Pro 12-Core)",22,36/8Tb,
8833,"Apple MacBook Pro 14"" (M4 Pro 12-Core)",22,48/512Gb,
8834,"Apple MacBook Pro 14"" (M4 Pro 12-Core)",22,48/1Tb,
8835,"Apple MacBook Pro 14"" (M4 Pro 12-Core)",22,48/2Tb,
8836,"Apple MacBook Pro 14"" (M4 Pro 12-Core)",22,48/4Tb,
8837,"Apple MacBook Pro 14"" (M4 Pro 12-Core)",22,48/8Tb,
8838,"Apple MacBook Pro 14"" (M4 Pro 12-Core)",22,64/512Gb,
8839,"Apple MacBook Pro 14"" (M4 Pro 12-Core)",22,64/1Tb,
8840,"Apple MacBook Pro 14"" (M4 Pro 12-Core)",22,64/2Tb,
8841,"Apple MacBook Pro 14"" (M4 Pro 12-Core)",22,64/4Tb,
8842,"Apple MacBook Pro 14"" (M4 Pro 12-Core)",22,64/8Tb,
8843,"Apple MacBook Pro 14"" (M4 Pro 12-Core)",22,128/512Gb,
8844,"Apple MacBook Pro 14"" (M4 Pro 12-Core)",22,128/1Tb,
8845,"Apple MacBook Pro 14"" (M4 Pro 12-Core)",22,128/2Tb,
8846,"Apple MacBook Pro 14"" (M4 Pro 12-Core)",22,128/4Tb,
8847,"Apple MacBook Pro 14"" (M4 Pro 12-Core)",22,128/8Tb,
8848,"Apple MacBook Pro 14"" (M4 Max 16-Core)",22,16/512Gb,
8849,"Apple MacBook Pro 14"" (M4 Max 16-Core)",22,16/1Tb,
8850,"Apple MacBook Pro 14"" (M4 Max 16-Core)",22,16/2Tb,
8851,"Apple MacBook Pro 14"" (M4 Max 16-Core)",22,16/4Tb,
8852,"Apple MacBook Pro 14"" (M4 Max 16-Core)",22,16/8Tb,
8853,"Apple MacBook Pro 14"" (M4 Max 16-Core)",22,24/512Gb,
8854,"Apple MacBook Pro 14"" (M4 Max 16-Core)",22,24/1Tb,
8855,"Apple MacBook Pro 14"" (M4 Max 16-Core)",22,24/2Tb,
8856,"Apple MacBook Pro 14"" (M4 Max 16-Core)",22,24/4Tb,
8857,"Apple MacBook Pro 14"" (M4 Max 16-Core)",22,24/8Tb,
8858,"Apple MacBook Pro 14"" (M4 Max 16-Core)",22,32/512Gb,
8859,"Apple MacBook Pro 14"" (M4 Max 16-Core)",22,32/1Tb,
8860,"Apple MacBook Pro 14"" (M4 Max 16-Core)",22,32/2Tb,
8861,"Apple MacBook Pro 14"" (M4 Max 16-Core)",22,32/4Tb,
8862,"Apple MacBook Pro 14"" (M4 Max 16-Core)",22,32/8Tb,
8863,"Apple MacBook Pro 14"" (M4 Max 16-Core)",22,36/512Gb,
8864,"Apple MacBook Pro 14"" (M4 Max 16-Core)",22,36/1Tb,
8865,"Apple MacBook Pro 14"" (M4 Max 16-Core)",22,36/2Tb,
8866,"Apple MacBook Pro 14"" (M4 Max 16-Core)",22,36/4Tb,
8867,"Apple MacBook Pro 14"" (M4 Max 16-Core)",22,36/8Tb,
8868,"Apple MacBook Pro 14"" (M4 Max 16-Core)",22,48/512Gb,
8869,"Apple MacBook Pro 14"" (M4 Max 16-Core)",22,48/1Tb,
8870,"Apple MacBook Pro 14"" (M4 Max 16-Core)",22,48/2Tb,
8871,"Apple MacBook Pro 14"" (M4 Max 16-Core)",22,48/4Tb,
8872,"Apple MacBook Pro 14"" (M4 Max 16-Core)",22,48/8Tb,
8873,"Apple MacBook Pro 14"" (M4 Max 16-Core)",22,64/512Gb,
8874,"Apple MacBook Pro 14"" (M4 Max 16-Core)",22,64/1Tb,
8875,"Apple MacBook Pro 14"" (M4 Max 16-Core)",22,64/2Tb,
8876,"Apple MacBook Pro 14"" (M4 Max 16-Core)",22,64/4Tb,
8877,"Apple MacBook Pro 14"" (M4 Max 16-Core)",22,64/8Tb,
8878,"Apple MacBook Pro 14"" (M4 Max 16-Core)",22,128/512Gb,
8879,"Apple MacBook Pro 14"" (M4 Max 16-Core)",22,128/1Tb,
8880,"Apple MacBook Pro 14"" (M4 Max 16-Core)",22,128/2Tb,
8881,"Apple MacBook Pro 14"" (M4 Max 16-Core)",22,128/4Tb,
8882,"Apple MacBook Pro 14"" (M4 Max 16-Core)",22,128/8Tb,
8883,"Apple MacBook Pro 16"" (M4 Max 14-Core)",22,24/512Gb,
8884,"Apple MacBook Pro 16"" (M4 Max 14-Core)",22,24/1Tb,
8885,"Apple MacBook Pro 16"" (M4 Max 14-Core)",22,24/2Tb,
8886,"Apple MacBook Pro 16"" (M4 Max 14-Core)",22,24/4Tb,
8887,"Apple MacBook Pro 16"" (M4 Max 14-Core)",22,24/8Tb,
8888,"Apple MacBook Pro 16"" (M4 Max 14-Core)",22,36/512Gb,
8889,"Apple MacBook Pro 16"" (M4 Max 14-Core)",22,36/1Tb,
8890,"Apple MacBook Pro 16"" (M4 Max 14-Core)",22,36/2Tb,
8891,"Apple MacBook Pro 16"" (M4 Max 14-Core)",22,36/4Tb,
8892,"Apple MacBook Pro 16"" (M4 Max 14-Core)",22,36/8Tb,
8893,"Apple MacBook Pro 16"" (M4 Max 14-Core)",22,48/512Gb,
8894,"Apple MacBook Pro 16"" (M4 Max 14-Core)",22,48/1Tb,
8895,"Apple MacBook Pro 16"" (M4 Max 14-Core)",22,48/2Tb,
8896,"Apple MacBook Pro 16"" (M4 Max 14-Core)",22,48/4Tb,
8897,"Apple MacBook Pro 16"" (M4 Max 14-Core)",22,48/8Tb,
8898,"Apple MacBook Pro 16"" (M4 Max 14-Core)",22,64/512Gb,
8899,"Apple MacBook Pro 16"" (M4 Max 14-Core)",22,64/1Tb,
8900,"Apple MacBook Pro 16"" (M4 Max 14-Core)",22,64/2Tb,
8901,"Apple MacBook Pro 16"" (M4 Max 14-Core)",22,64/4Tb,
8902,"Apple MacBook Pro 16"" (M4 Max 14-Core)",22,64/8Tb,
8903,"Apple MacBook Pro 16"" (M4 Max 14-Core)",22,128/512Gb,
8904,"Apple MacBook Pro 16"" (M4 Max 14-Core)",22,128/1Tb,
8905,"Apple MacBook Pro 16"" (M4 Max 14-Core)",22,128/2Tb,
8906,"Apple MacBook Pro 16"" (M4 Max 14-Core)",22,128/4Tb,
8907,"Apple MacBook Pro 16"" (M4 Max 14-Core)",22,128/8Tb,
8908,"Apple MacBook Pro 14"" (M4 Pro 14-Core)",22,16/512Gb,
8909,"Apple MacBook Pro 14"" (M4 Pro 14-Core)",22,16/1Tb,
8910,"Apple MacBook Pro 14"" (M4 Pro 14-Core)",22,16/2Tb,
8911,"Apple MacBook Pro 14"" (M4 Pro 14-Core)",22,16/4Tb,
8912,"Apple MacBook Pro 14"" (M4 Pro 14-Core)",22,16/8Tb,
8913,"Apple MacBook Pro 14"" (M4 Pro 14-Core)",22,24/512Gb,
8914,"Apple MacBook Pro 14"" (M4 Pro 14-Core)",22,24/1Tb,
8915,"Apple MacBook Pro 14"" (M4 Pro 14-Core)",22,24/2Tb,
8916,"Apple MacBook Pro 14"" (M4 Pro 14-Core)",22,24/4Tb,
8917,"Apple MacBook Pro 14"" (M4 Pro 14-Core)",22,24/8Tb,
8918,"Apple MacBook Pro 14"" (M4 Pro 14-Core)",22,32/512Gb,
8919,"Apple MacBook Pro 14"" (M4 Pro 14-Core)",22,32/1Tb,
8920,"Apple MacBook Pro 14"" (M4 Pro 14-Core)",22,32/2Tb,
8921,"Apple MacBook Pro 14"" (M4 Pro 14-Core)",22,32/4Tb,
8922,"Apple MacBook Pro 14"" (M4 Pro 14-Core)",22,32/8Tb,
8923,"Apple MacBook Pro 14"" (M4 Pro 14-Core)",22,36/512Gb,
8924,"Apple MacBook Pro 14"" (M4 Pro 14-Core)",22,36/1Tb,
8925,"Apple MacBook Pro 14"" (M4 Pro 14-Core)",22,36/2Tb,
8926,"Apple MacBook Pro 14"" (M4 Pro 14-Core)",22,36/4Tb,
8927,"Apple MacBook Pro 14"" (M4 Pro 14-Core)",22,36/8Tb,
8928,"Apple MacBook Pro 14"" (M4 Pro 14-Core)",22,48/512Gb,
8929,"Apple MacBook Pro 14"" (M4 Pro 14-Core)",22,48/1Tb,
8930,"Apple MacBook Pro 14"" (M4 Pro 14-Core)",22,48/2Tb,
8931,"Apple MacBook Pro 14"" (M4 Pro 14-Core)",22,48/4Tb,
8932,"Apple MacBook Pro 14"" (M4 Pro 14-Core)",22,48/8Tb,
8933,"Apple MacBook Pro 14"" (M4 Pro 14-Core)",22,64/512Gb,
8934,"Apple MacBook Pro 14"" (M4 Pro 14-Core)",22,64/1Tb,
8935,"Apple MacBook Pro 14"" (M4 Pro 14-Core)",22,64/2Tb,
8936,"Apple MacBook Pro 14"" (M4 Pro 14-Core)",22,64/4Tb,
8937,"Apple MacBook Pro 14"" (M4 Pro 14-Core)",22,64/8Tb,
8938,"Apple MacBook Pro 14"" (M4 Pro 14-Core)",22,128/512Gb,
8939,"Apple MacBook Pro 14"" (M4 Pro 14-Core)",22,128/1Tb,
8940,"Apple MacBook Pro 14"" (M4 Pro 14-Core)",22,128/2Tb,
8941,"Apple MacBook Pro 14"" (M4 Pro 14-Core)",22,128/4Tb,
8942,"Apple MacBook Pro 14"" (M4 Pro 14-Core)",22,128/8Tb,
8943,"Apple MacBook Pro 14"" (M4 10-Core)",22,16/512Gb,
8944,"Apple MacBook Pro 14"" (M4 10-Core)",22,16/1Tb,
8945,"Apple MacBook Pro 14"" (M4 10-Core)",22,16/2Tb,
8946,"Apple MacBook Pro 14"" (M4 10-Core)",22,16/4Tb,
8947,"Apple MacBook Pro 14"" (M4 10-Core)",22,16/8Tb,
8948,"Apple MacBook Pro 14"" (M4 10-Core)",22,24/512Gb,
8949,"Apple MacBook Pro 14"" (M4 10-Core)",22,24/1Tb,
8950,"Apple MacBook Pro 14"" (M4 10-Core)",22,24/2Tb,
8951,"Apple MacBook Pro 14"" (M4 10-Core)",22,24/4Tb,
8952,"Apple MacBook Pro 14"" (M4 10-Core)",22,24/8Tb,
8953,"Apple MacBook Pro 14"" (M4 10-Core)",22,32/512Gb,
8954,"Apple MacBook Pro 14"" (M4 10-Core)",22,32/1Tb,
8955,"Apple MacBook Pro 14"" (M4 10-Core)",22,32/2Tb,
8956,"Apple MacBook Pro 14"" (M4 10-Core)",22,32/4Tb,
8957,"Apple MacBook Pro 14"" (M4 10-Core)",22,32/8Tb,
8958,"Apple MacBook Pro 14"" (M4 10-Core)",22,36/512Gb,
8959,"Apple MacBook Pro 14"" (M4 10-Core)",22,36/1Tb,
8960,"Apple MacBook Pro 14"" (M4 10-Core)",22,36/2Tb,
8961,"Apple MacBook Pro 14"" (M4 10-Core)",22,36/4Tb,
8962,"Apple MacBook Pro 14"" (M4 10-Core)",22,36/8Tb,
8963,"Apple MacBook Pro 14"" (M4 10-Core)",22,48/512Gb,
8964,"Apple MacBook Pro 14"" (M4 10-Core)",22,48/1Tb,
8965,"Apple MacBook Pro 14"" (M4 10-Core)",22,48/2Tb,
8966,"Apple MacBook Pro 14"" (M4 10-Core)",22,48/4Tb,
8967,"Apple MacBook Pro 14"" (M4 10-Core)",22,48/8Tb,
8968,"Apple MacBook Pro 14"" (M4 10-Core)",22,64/512Gb,
8969,"Apple MacBook Pro 14"" (M4 10-Core)",22,64/1Tb,
8970,"Apple MacBook Pro 14"" (M4 10-Core)",22,64/2Tb,
8971,"Apple MacBook Pro 14"" (M4 10-Core)",22,64/4Tb,
8972,"Apple MacBook Pro 14"" (M4 10-Core)",22,64/8Tb,
8973,"Apple MacBook Pro 14"" (M4 10-Core)",22,128/512Gb,
8974,"Apple MacBook Pro 14"" (M4 10-Core)",22,128/1Tb,
8975,"Apple MacBook Pro 14"" (M4 10-Core)",22,128/2Tb,
8976,"Apple MacBook Pro 14"" (M4 10-Core)",22,128/4Tb,
8977,"Apple MacBook Pro 14"" (M4 10-Core)",22,128/8Tb,
8978,"Apple MacBook Air 15"" (M4 10-Core)",22,8/256Gb,
8979,"Apple MacBook Air 15"" (M4 10-Core)",22,8/512Gb,
8980,"Apple MacBook Air 15"" (M4 10-Core)",22,8/1Tb,
8981,"Apple MacBook Air 15"" (M4 10-Core)",22,8/2Tb,
8982,"Apple MacBook Air 15"" (M4 10-Core)",22,16/256Gb,
8983,"Apple MacBook Air 15"" (M4 10-Core)",22,16/512Gb,
8984,"Apple MacBook Air 15"" (M4 10-Core)",22,16/1Tb,
8985,"Apple MacBook Air 15"" (M4 10-Core)",22,16/2Tb,
8986,"Apple MacBook Air 15"" (M4 10-Core)",22,24/256Gb,
8987,"Apple MacBook Air 15"" (M4 10-Core)",22,24/512Gb,
8988,"Apple MacBook Air 15"" (M4 10-Core)",22,24/1Tb,
8989,"Apple MacBook Air 15"" (M4 10-Core)",22,24/2Tb,
8990,"Apple MacBook Air 13.6"" (M4 10-Core)",22,8/256Gb,
8991,"Apple MacBook Air 13.6"" (M4 10-Core)",22,8/512Gb,
8992,"Apple MacBook Air 13.6"" (M4 10-Core)",22,8/1Tb,
8993,"Apple MacBook Air 13.6"" (M4 10-Core)",22,8/2Tb,
8994,"Apple MacBook Air 13.6"" (M4 10-Core)",22,16/256Gb,
8995,"Apple MacBook Air 13.6"" (M4 10-Core)",22,16/512Gb,
8996,"Apple MacBook Air 13.6"" (M4 10-Core)",22,16/1Tb,
8997,"Apple MacBook Air 13.6"" (M4 10-Core)",22,16/2Tb,
8998,"Apple MacBook Air 13.6"" (M4 10-Core)",22,24/256Gb,
8999,"Apple MacBook Air 13.6"" (M4 10-Core)",22,24/512Gb,
9000,"Apple MacBook Air 13.6"" (M4 10-Core)",22,24/1Tb,
9001,"Apple MacBook Air 13.6"" (M4 10-Core)",22,24/2Tb,
9002,"Apple MacBook Air 13.6"" (M4 8-Core)",22,8/256Gb,
9003,"Apple MacBook Air 13.6"" (M4 8-Core)",22,8/512Gb,
9004,"Apple MacBook Air 13.6"" (M4 8-Core)",22,8/1Tb,
9005,"Apple MacBook Air 13.6"" (M4 8-Core)",22,8/2Tb,
9006,"Apple MacBook Air 13.6"" (M4 8-Core)",22,16/256Gb,
9007,"Apple MacBook Air 13.6"" (M4 8-Core)",22,16/512Gb,
9008,"Apple MacBook Air 13.6"" (M4 8-Core)",22,16/1Tb,
9009,"Apple MacBook Air 13.6"" (M4 8-Core)",22,16/2Tb,
9010,"Apple MacBook Air 13.6"" (M4 8-Core)",22,24/256Gb,
9011,"Apple MacBook Air 13.6"" (M4 8-Core)",22,24/512Gb,
9012,"Apple MacBook Air 13.6"" (M4 8-Core)",22,24/1Tb,
9013,"Apple MacBook Air 13.6"" (M4 8-Core)",22,24/2Tb,
9014,"Apple MacBook Air 15"" (M2)",22,8/256Gb,
9015,"Apple MacBook Air 15"" (M2)",22,8/512Gb,
9016,"Apple MacBook Air 15"" (M2)",22,8/1Tb,
9017,"Apple MacBook Air 15"" (M2)",22,8/2Tb,
9018,"Apple MacBook Air 15"" (M2)",22,16/256Gb,
9019,"Apple MacBook Air 15"" (M2)",22,16/512Gb,
9020,"Apple MacBook Air 15"" (M2)",22,16/1Tb,
9021,"Apple MacBook Air 15"" (M2)",22,16/2Tb,
9022,"Apple MacBook Air 15"" (M2)",22,24/256Gb,
9023,"Apple MacBook Air 15"" (M2)",22,24/512Gb,
9024,"Apple MacBook Air 15"" (M2)",22,24/1Tb,
9025,"Apple MacBook Air 15"" (M2)",22,24/2Tb,
9026,"Apple MacBook Air 13.6"" (M2)",22,8/256Gb,
9027,"Apple MacBook Air 13.6"" (M2)",22,8/512Gb,
9028,"Apple MacBook Air 13.6"" (M2)",22,8/1Tb,
9029,"Apple MacBook Air 13.6"" (M2)",22,8/2Tb,
9030,"Apple MacBook Air 13.6"" (M2)",22,16/256Gb,
9031,"Apple MacBook Air 13.6"" (M2)",22,16/512Gb,
9032,"Apple MacBook Air 13.6"" (M2)",22,16/1Tb,
9033,"Apple MacBook Air 13.6"" (M2)",22,16/2Tb,
9034,"Apple MacBook Air 13.6"" (M2)",22,24/256Gb,
9035,"Apple MacBook Air 13.6"" (M2)",22,24/512Gb,
9036,"Apple MacBook Air 13.6"" (M2)",22,24/1Tb,
9037,"Apple MacBook Air 13.6"" (M2)",22,24/2Tb,
9038,"Apple MacBook Pro 16"" (M3 Max)",22,18/512Gb,
9039,"Apple MacBook Pro 16"" (M3 Max)",22,18/1Tb,
9040,"Apple MacBook Pro 16"" (M3 Max)",22,18/2Tb,
9041,"Apple MacBook Pro 16"" (M3 Max)",22,18/4Tb,
9042,"Apple MacBook Pro 16"" (M3 Max)",22,18/8Tb,
9043,"Apple MacBook Pro 16"" (M3 Max)",22,36/512Gb,
9044,"Apple MacBook Pro 16"" (M3 Max)",22,36/1Tb,
9045,"Apple MacBook Pro 16"" (M3 Max)",22,36/2Tb,
9046,"Apple MacBook Pro 16"" (M3 Max)",22,36/4Tb,
9047,"Apple MacBook Pro 16"" (M3 Max)",22,36/8Tb,
9048,"Apple MacBook Pro 16"" (M3 Max)",22,48/512Gb,
9049,"Apple MacBook Pro 16"" (M3 Max)",22,48/1Tb,
9050,"Apple MacBook Pro 16"" (M3 Max)",22,48/2Tb,
9051,"Apple MacBook Pro 16"" (M3 Max)",22,48/4Tb,
9052,"Apple MacBook Pro 16"" (M3 Max)",22,48/8Tb,
9053,"Apple MacBook Pro 16"" (M3 Max)",22,64/512Gb,
9054,"Apple MacBook Pro 16"" (M3 Max)",22,64/1Tb,
9055,"Apple MacBook Pro 16"" (M3 Max)",22,64/2Tb,
9056,"Apple MacBook Pro 16"" (M3 Max)",22,64/4Tb,
9057,"Apple MacBook Pro 16"" (M3 Max)",22,64/8Tb,
9058,"Apple MacBook Pro 16"" (M3 Max)",22,96/512Gb,
9059,"Apple MacBook Pro 16"" (M3 Max)",22,96/1Tb,
9060,"Apple MacBook Pro 16"" (M3 Max)",22,96/2Tb,
9061,"Apple MacBook Pro 16"" (M3 Max)",22,96/4Tb,
9062,"Apple MacBook Pro 16"" (M3 Max)",22,96/8Tb,
9063,"Apple MacBook Pro 16"" (M3 Max)",22,128/512Gb,
9064,"Apple MacBook Pro 16"" (M3 Max)",22,128/1Tb,
9065,"Apple MacBook Pro 16"" (M3 Max)",22,128/2Tb,
9066,"Apple MacBook Pro 16"" (M3 Max)",22,128/4Tb,
9067,"Apple MacBook Pro 16"" (M3 Max)",22,128/8Tb,
9068,"Apple MacBook Pro 14"" (M3)",22,8/512Gb,
9069,"Apple MacBook Pro 14"" (M3)",22,8/1Tb,
9070,"Apple MacBook Pro 14"" (M3)",22,8/2Tb,
9071,"Apple MacBook Pro 14"" (M3)",22,8/3Tb,
9072,"Apple MacBook Pro 14"" (M3)",22,8/4Tb,
9073,"Apple MacBook Pro 14"" (M3)",22,8/8Tb,
9074,"Apple MacBook Pro 14"" (M3)",22,16/512Gb,
9075,"Apple MacBook Pro 14"" (M3)",22,16/1Tb,
9076,"Apple MacBook Pro 14"" (M3)",22,16/2Tb,
9077,"Apple MacBook Pro 14"" (M3)",22,16/3Tb,
9078,"Apple MacBook Pro 14"" (M3)",22,16/4Tb,
9079,"Apple MacBook Pro 14"" (M3)",22,16/8Tb,
9080,"Apple MacBook Pro 14"" (M3)",22,18/512Gb,
9081,"Apple MacBook Pro 14"" (M3)",22,18/1Tb,
9082,"Apple MacBook Pro 14"" (M3)",22,18/2Tb,
9083,"Apple MacBook Pro 14"" (M3)",22,18/3Tb,
9084,"Apple MacBook Pro 14"" (M3)",22,18/4Tb,
9085,"Apple MacBook Pro 14"" (M3)",22,18/8Tb,
9086,"Apple MacBook Pro 14"" (M3)",22,24/512Gb,
9087,"Apple MacBook Pro 14"" (M3)",22,24/1Tb,
9088,"Apple MacBook Pro 14"" (M3)",22,24/2Tb,
9089,"Apple MacBook Pro 14"" (M3)",22,24/3Tb,
9090,"Apple MacBook Pro 14"" (M3)",22,24/4Tb,
9091,"Apple MacBook Pro 14"" (M3)",22,24/8Tb,
9092,"Apple MacBook Pro 14"" (M3)",22,36/512Gb,
9093,"Apple MacBook Pro 14"" (M3)",22,36/1Tb,
9094,"Apple MacBook Pro 14"" (M3)",22,36/2Tb,
9095,"Apple MacBook Pro 14"" (M3)",22,36/3Tb,
9096,"Apple MacBook Pro 14"" (M3)",22,36/4Tb,
9097,"Apple MacBook Pro 14"" (M3)",22,36/8Tb,
9098,"Apple MacBook Pro 14"" (M3)",22,48/512Gb,
9099,"Apple MacBook Pro 14"" (M3)",22,48/1Tb,
9100,"Apple MacBook Pro 14"" (M3)",22,48/2Tb,
9101,"Apple MacBook Pro 14"" (M3)",22,48/3Tb,
9102,"Apple MacBook Pro 14"" (M3)",22,48/4Tb,
9103,"Apple MacBook Pro 14"" (M3)",22,48/8Tb,
9104,"Apple MacBook Pro 14"" (M3)",22,64/512Gb,
9105,"Apple MacBook Pro 14"" (M3)",22,64/1Tb,
9106,"Apple MacBook Pro 14"" (M3)",22,64/2Tb,
9107,"Apple MacBook Pro 14"" (M3)",22,64/3Tb,
9108,"Apple MacBook Pro 14"" (M3)",22,64/4Tb,
9109,"Apple MacBook Pro 14"" (M3)",22,64/8Tb,
9110,"Apple MacBook Pro 14"" (M3)",22,96/512Gb,
9111,"Apple MacBook Pro 14"" (M3)",22,96/1Tb,
9112,"Apple MacBook Pro 14"" (M3)",22,96/2Tb,
9113,"Apple MacBook Pro 14"" (M3)",22,96/3Tb,
9114,"Apple MacBook Pro 14"" (M3)",22,96/4Tb,
9115,"Apple MacBook Pro 14"" (M3)",22,96/8Tb,
9116,"Apple MacBook Pro 14"" (M3)",22,128/512Gb,
9117,"Apple MacBook Pro 14"" (M3)",22,128/1Tb,
9118,"Apple MacBook Pro 14"" (M3)",22,128/2Tb,
9119,"Apple MacBook Pro 14"" (M3)",22,128/3Tb,
9120,"Apple MacBook Pro 14"" (M3)",22,128/4Tb,
9121,"Apple MacBook Pro 14"" (M3)",22,128/8Tb,
9122,"Apple MacBook Pro 16"" (M2 Max)",22,16/512Gb,
9123,"Apple MacBook Pro 16"" (M2 Max)",22,16/1Tb,
9124,"Apple MacBook Pro 16"" (M2 Max)",22,16/2Tb,
9125,"Apple MacBook Pro 16"" (M2 Max)",22,16/4Tb,
9126,"Apple MacBook Pro 16"" (M2 Max)",22,16/8Tb,
9127,"Apple MacBook Pro 16"" (M2 Max)",22,32/512Gb,
9128,"Apple MacBook Pro 16"" (M2 Max)",22,32/1Tb,
9129,"Apple MacBook Pro 16"" (M2 Max)",22,32/2Tb,
9130,"Apple MacBook Pro 16"" (M2 Max)",22,32/4Tb,
9131,"Apple MacBook Pro 16"" (M2 Max)",22,32/8Tb,
9132,"Apple MacBook Pro 16"" (M2 Max)",22,64/512Gb,
9133,"Apple MacBook Pro 16"" (M2 Max)",22,64/1Tb,
9134,"Apple MacBook Pro 16"" (M2 Max)",22,64/2Tb,
9135,"Apple MacBook Pro 16"" (M2 Max)",22,64/4Tb,
9136,"Apple MacBook Pro 16"" (M2 Max)",22,64/8Tb,
9137,"Apple MacBook Pro 16"" (M2 Max)",22,96/512Gb,
9138,"Apple MacBook Pro 16"" (M2 Max)",22,96/1Tb,
9139,"Apple MacBook Pro 16"" (M2 Max)",22,96/2Tb,
9140,"Apple MacBook Pro 16"" (M2 Max)",22,96/4Tb,
9141,"Apple MacBook Pro 16"" (M2 Max)",22,96/8Tb,
9142,"Apple MacBook Pro 16"" (M3 Pro)",22,18/512Gb,
9143,"Apple MacBook Pro 16"" (M3 Pro)",22,18/1Tb,
9144,"Apple MacBook Pro 16"" (M3 Pro)",22,18/2Tb,
9145,"Apple MacBook Pro 16"" (M3 Pro)",22,18/4Tb,
9146,"Apple MacBook Pro 16"" (M3 Pro)",22,18/8Tb,
9147,"Apple MacBook Pro 16"" (M3 Pro)",22,36/512Gb,
9148,"Apple MacBook Pro 16"" (M3 Pro)",22,36/1Tb,
9149,"Apple MacBook Pro 16"" (M3 Pro)",22,36/2Tb,
9150,"Apple MacBook Pro 16"" (M3 Pro)",22,36/4Tb,
9151,"Apple MacBook Pro 16"" (M3 Pro)",22,36/8Tb,
9152,"Apple MacBook Pro 16"" (M3 Pro)",22,48/512Gb,
9153,"Apple MacBook Pro 16"" (M3 Pro)",22,48/1Tb,
9154,"Apple MacBook Pro 16"" (M3 Pro)",22,48/2Tb,
9155,"Apple MacBook Pro 16"" (M3 Pro)",22,48/4Tb,
9156,"Apple MacBook Pro 16"" (M3 Pro)",22,48/8Tb,
9157,"Apple MacBook Pro 16"" (M3 Pro)",22,64/512Gb,
9158,"Apple MacBook Pro 16"" (M3 Pro)",22,64/1Tb,
9159,"Apple MacBook Pro 16"" (M3 Pro)",22,64/2Tb,
9160,"Apple MacBook Pro 16"" (M3 Pro)",22,64/4Tb,
9161,"Apple MacBook Pro 16"" (M3 Pro)",22,64/8Tb,
9162,"Apple MacBook Pro 16"" (M3 Pro)",22,96/512Gb,
9163,"Apple MacBook Pro 16"" (M3 Pro)",22,96/1Tb,
9164,"Apple MacBook Pro 16"" (M3 Pro)",22,96/2Tb,
9165,"Apple MacBook Pro 16"" (M3 Pro)",22,96/4Tb,
9166,"Apple MacBook Pro 16"" (M3 Pro)",22,96/8Tb,
9167,"Apple MacBook Pro 16"" (M3 Pro)",22,128/512Gb,
9168,"Apple MacBook Pro 16"" (M3 Pro)",22,128/1Tb,
9169,"Apple MacBook Pro 16"" (M3 Pro)",22,128/2Tb,
9170,"Apple MacBook Pro 16"" (M3 Pro)",22,128/4Tb,
9171,"Apple MacBook Pro 16"" (M3 Pro)",22,128/8Tb,
9172,"Apple MacBook Air 13.3"" (M1)",22,8/256Gb,
9173,"Apple MacBook Air 13.3"" (M1)",22,8/512Gb,
9174,"Apple MacBook Air 13.3"" (M1)",22,8/1Tb,
9175,"Apple MacBook Air 13.3"" (M1)",22,8/2Tb,
9176,"Apple MacBook Air 13.3"" (M1)",22,16/256Gb,
9177,"Apple MacBook Air 13.3"" (M1)",22,16/512Gb,
9178,"Apple MacBook Air 13.3"" (M1)",22,16/1Tb,
9179,"Apple MacBook Air 13.3"" (M1)",22,16/2Tb,
9180,"Apple MacBook Pro 16"" (M2 Pro)",22,16/512Gb,
9181,"Apple MacBook Pro 16"" (M2 Pro)",22,16/1Tb,
9182,"Apple MacBook Pro 16"" (M2 Pro)",22,16/2Tb,
9183,"Apple MacBook Pro 16"" (M2 Pro)",22,16/4Tb,
9184,"Apple MacBook Pro 16"" (M2 Pro)",22,16/8Tb,
9185,"Apple MacBook Pro 16"" (M2 Pro)",22,32/512Gb,
9186,"Apple MacBook Pro 16"" (M2 Pro)",22,32/1Tb,
9187,"Apple MacBook Pro 16"" (M2 Pro)",22,32/2Tb,
9188,"Apple MacBook Pro 16"" (M2 Pro)",22,32/4Tb,
9189,"Apple MacBook Pro 16"" (M2 Pro)",22,32/8Tb,
9190,"Apple MacBook Pro 16"" (M2 Pro)",22,64/512Gb,
9191,"Apple MacBook Pro 16"" (M2 Pro)",22,64/1Tb,
9192,"Apple MacBook Pro 16"" (M2 Pro)",22,64/2Tb,
9193,"Apple MacBook Pro 16"" (M2 Pro)",22,64/4Tb,
9194,"Apple MacBook Pro 16"" (M2 Pro)",22,64/8Tb,
9195,"Apple MacBook Pro 16"" (M2 Pro)",22,96/512Gb,
9196,"Apple MacBook Pro 16"" (M2 Pro)",22,96/1Tb,
9197,"Apple MacBook Pro 16"" (M2 Pro)",22,96/2Tb,
9198,"Apple MacBook Pro 16"" (M2 Pro)",22,96/4Tb,
9199,"Apple MacBook Pro 16"" (M2 Pro)",22,96/8Tb,
9200,"Apple MacBook Pro 13"" (M1)",22,8/256Gb,
9201,"Apple MacBook Pro 13"" (M1)",22,8/512Gb,
9202,"Apple MacBook Pro 13"" (M1)",22,8/1Tb,
9203,"Apple MacBook Pro 13"" (M1)",22,8/2Tb,
9204,"Apple MacBook Pro 13"" (M1)",22,16/256Gb,
9205,"Apple MacBook Pro 13"" (M1)",22,16/512Gb,
9206,"Apple MacBook Pro 13"" (M1)",22,16/1Tb,
9207,"Apple MacBook Pro 13"" (M1)",22,16/2Tb,
9208,"Apple MacBook Pro 14"" (M3 Pro)",22,8/512Gb,
9209,"Apple MacBook Pro 14"" (M3 Pro)",22,8/1Tb,
9210,"Apple MacBook Pro 14"" (M3 Pro)",22,8/2Tb,
9211,"Apple MacBook Pro 14"" (M3 Pro)",22,8/3Tb,
9212,"Apple MacBook Pro 14"" (M3 Pro)",22,8/4Tb,
9213,"Apple MacBook Pro 14"" (M3 Pro)",22,8/8Tb,
9214,"Apple MacBook Pro 14"" (M3 Pro)",22,16/512Gb,
9215,"Apple MacBook Pro 14"" (M3 Pro)",22,16/1Tb,
9216,"Apple MacBook Pro 14"" (M3 Pro)",22,16/2Tb,
9217,"Apple MacBook Pro 14"" (M3 Pro)",22,16/3Tb,
9218,"Apple MacBook Pro 14"" (M3 Pro)",22,16/4Tb,
9219,"Apple MacBook Pro 14"" (M3 Pro)",22,16/8Tb,
9220,"Apple MacBook Pro 14"" (M3 Pro)",22,18/512Gb,
9221,"Apple MacBook Pro 14"" (M3 Pro)",22,18/1Tb,
9222,"Apple MacBook Pro 14"" (M3 Pro)",22,18/2Tb,
9223,"Apple MacBook Pro 14"" (M3 Pro)",22,18/3Tb,
9224,"Apple MacBook Pro 14"" (M3 Pro)",22,18/4Tb,
9225,"Apple MacBook Pro 14"" (M3 Pro)",22,18/8Tb,
9226,"Apple MacBook Pro 14"" (M3 Pro)",22,24/512Gb,
9227,"Apple MacBook Pro 14"" (M3 Pro)",22,24/1Tb,
9228,"Apple MacBook Pro 14"" (M3 Pro)",22,24/2Tb,
9229,"Apple MacBook Pro 14"" (M3 Pro)",22,24/3Tb,
9230,"Apple MacBook Pro 14"" (M3 Pro)",22,24/4Tb,
9231,"Apple MacBook Pro 14"" (M3 Pro)",22,24/8Tb,
9232,"Apple MacBook Pro 14"" (M3 Pro)",22,36/512Gb,
9233,"Apple MacBook Pro 14"" (M3 Pro)",22,36/1Tb,
9234,"Apple MacBook Pro 14"" (M3 Pro)",22,36/2Tb,
9235,"Apple MacBook Pro 14"" (M3 Pro)",22,36/3Tb,
9236,"Apple MacBook Pro 14"" (M3 Pro)",22,36/4Tb,
9237,"Apple MacBook Pro 14"" (M3 Pro)",22,36/8Tb,
9238,"Apple MacBook Pro 14"" (M3 Pro)",22,48/512Gb,
9239,"Apple MacBook Pro 14"" (M3 Pro)",22,48/1Tb,
9240,"Apple MacBook Pro 14"" (M3 Pro)",22,48/2Tb,
9241,"Apple MacBook Pro 14"" (M3 Pro)",22,48/3Tb,
9242,"Apple MacBook Pro 14"" (M3 Pro)",22,48/4Tb,
9243,"Apple MacBook Pro 14"" (M3 Pro)",22,48/8Tb,
9244,"Apple MacBook Pro 14"" (M3 Pro)",22,64/512Gb,
9245,"Apple MacBook Pro 14"" (M3 Pro)",22,64/1Tb,
9246,"Apple MacBook Pro 14"" (M3 Pro)",22,64/2Tb,
9247,"Apple MacBook Pro 14"" (M3 Pro)",22,64/3Tb,
9248,"Apple MacBook Pro 14"" (M3 Pro)",22,64/4Tb,
9249,"Apple MacBook Pro 14"" (M3 Pro)",22,64/8Tb,
9250,"Apple MacBook Pro 14"" (M3 Pro)",22,96/512Gb,
9251,"Apple MacBook Pro 14"" (M3 Pro)",22,96/1Tb,
9252,"Apple MacBook Pro 14"" (M3 Pro)",22,96/2Tb,
9253,"Apple MacBook Pro 14"" (M3 Pro)",22,96/3Tb,
9254,"Apple MacBook Pro 14"" (M3 Pro)",22,96/4Tb,
9255,"Apple MacBook Pro 14"" (M3 Pro)",22,96/8Tb,
9256,"Apple MacBook Pro 14"" (M3 Pro)",22,128/512Gb,
9257,"Apple MacBook Pro 14"" (M3 Pro)",22,128/1Tb,
9258,"Apple MacBook Pro 14"" (M3 Pro)",22,128/2Tb,
9259,"Apple MacBook Pro 14"" (M3 Pro)",22,128/3Tb,
9260,"Apple MacBook Pro 14"" (M3 Pro)",22,128/4Tb,
9261,"Apple MacBook Pro 14"" (M3 Pro)",22,128/8Tb,
9262,"Apple MacBook Pro 14"" (M2 Pro)",22,16/512Gb,
9263,"Apple MacBook Pro 14"" (M2 Pro)",22,16/1Tb,
9264,"Apple MacBook Pro 14"" (M2 Pro)",22,16/2Tb,
9265,"Apple MacBook Pro 14"" (M2 Pro)",22,16/4Tb,
9266,"Apple MacBook Pro 14"" (M2 Pro)",22,16/8Tb,
9267,"Apple MacBook Pro 14"" (M2 Pro)",22,32/512Gb,
9268,"Apple MacBook Pro 14"" (M2 Pro)",22,32/1Tb,
9269,"Apple MacBook Pro 14"" (M2 Pro)",22,32/2Tb,
9270,"Apple MacBook Pro 14"" (M2 Pro)",22,32/4Tb,
9271,"Apple MacBook Pro 14"" (M2 Pro)",22,32/8Tb,
9272,"Apple MacBook Pro 14"" (M2 Pro)",22,64/512Gb,
9273,"Apple MacBook Pro 14"" (M2 Pro)",22,64/1Tb,
9274,"Apple MacBook Pro 14"" (M2 Pro)",22,64/2Tb,
9275,"Apple MacBook Pro 14"" (M2 Pro)",22,64/4Tb,
9276,"Apple MacBook Pro 14"" (M2 Pro)",22,64/8Tb,
9277,"Apple MacBook Pro 14"" (M2 Pro)",22,96/512Gb,
9278,"Apple MacBook Pro 14"" (M2 Pro)",22,96/1Tb,
9279,"Apple MacBook Pro 14"" (M2 Pro)",22,96/2Tb,
9280,"Apple MacBook Pro 14"" (M2 Pro)",22,96/4Tb,
9281,"Apple MacBook Pro 14"" (M2 Pro)",22,96/8Tb,
9282,"Apple MacBook Pro 14"" (M3 Max)",22,8/512Gb,
9283,"Apple MacBook Pro 14"" (M3 Max)",22,8/1Tb,
9284,"Apple MacBook Pro 14"" (M3 Max)",22,8/2Tb,
9285,"Apple MacBook Pro 14"" (M3 Max)",22,8/3Tb,
9286,"Apple MacBook Pro 14"" (M3 Max)",22,8/4Tb,
9287,"Apple MacBook Pro 14"" (M3 Max)",22,8/8Tb,
9288,"Apple MacBook Pro 14"" (M3 Max)",22,16/512Gb,
9289,"Apple MacBook Pro 14"" (M3 Max)",22,16/1Tb,
9290,"Apple MacBook Pro 14"" (M3 Max)",22,16/2Tb,
9291,"Apple MacBook Pro 14"" (M3 Max)",22,16/3Tb,
9292,"Apple MacBook Pro 14"" (M3 Max)",22,16/4Tb,
9293,"Apple MacBook Pro 14"" (M3 Max)",22,16/8Tb,
9294,"Apple MacBook Pro 14"" (M3 Max)",22,18/512Gb,
9295,"Apple MacBook Pro 14"" (M3 Max)",22,18/1Tb,
9296,"Apple MacBook Pro 14"" (M3 Max)",22,18/2Tb,
9297,"Apple MacBook Pro 14"" (M3 Max)",22,18/3Tb,
9298,"Apple MacBook Pro 14"" (M3 Max)",22,18/4Tb,
9299,"Apple MacBook Pro 14"" (M3 Max)",22,18/8Tb,
9300,"Apple MacBook Pro 14"" (M3 Max)",22,24/512Gb,
9301,"Apple MacBook Pro 14"" (M3 Max)",22,24/1Tb,
9302,"Apple MacBook Pro 14"" (M3 Max)",22,24/2Tb,
9303,"Apple MacBook Pro 14"" (M3 Max)",22,24/3Tb,
9304,"Apple MacBook Pro 14"" (M3 Max)",22,24/4Tb,
9305,"Apple MacBook Pro 14"" (M3 Max)",22,24/8Tb,
9306,"Apple MacBook Pro 14"" (M3 Max)",22,36/512Gb,
9307,"Apple MacBook Pro 14"" (M3 Max)",22,36/1Tb,
9308,"Apple MacBook Pro 14"" (M3 Max)",22,36/2Tb,
9309,"Apple MacBook Pro 14"" (M3 Max)",22,36/3Tb,
9310,"Apple MacBook Pro 14"" (M3 Max)",22,36/4Tb,
9311,"Apple MacBook Pro 14"" (M3 Max)",22,36/8Tb,
9312,"Apple MacBook Pro 14"" (M3 Max)",22,48/512Gb,
9313,"Apple MacBook Pro 14"" (M3 Max)",22,48/1Tb,
9314,"Apple MacBook Pro 14"" (M3 Max)",22,48/2Tb,
9315,"Apple MacBook Pro 14"" (M3 Max)",22,48/3Tb,
9316,"Apple MacBook Pro 14"" (M3 Max)",22,48/4Tb,
9317,"Apple MacBook Pro 14"" (M3 Max)",22,48/8Tb,
9318,"Apple MacBook Pro 14"" (M3 Max)",22,64/512Gb,
9319,"Apple MacBook Pro 14"" (M3 Max)",22,64/1Tb,
9320,"Apple MacBook Pro 14"" (M3 Max)",22,64/2Tb,
9321,"Apple MacBook Pro 14"" (M3 Max)",22,64/3Tb,
9322,"Apple MacBook Pro 14"" (M3 Max)",22,64/4Tb,
9323,"Apple MacBook Pro 14"" (M3 Max)",22,64/8Tb,
9324,"Apple MacBook Pro 14"" (M3 Max)",22,96/512Gb,
9325,"Apple MacBook Pro 14"" (M3 Max)",22,96/1Tb,
9326,"Apple MacBook Pro 14"" (M3 Max)",22,96/2Tb,
9327,"Apple MacBook Pro 14"" (M3 Max)",22,96/3Tb,
9328,"Apple MacBook Pro 14"" (M3 Max)",22,96/4Tb,
9329,"Apple MacBook Pro 14"" (M3 Max)",22,96/8Tb,
9330,"Apple MacBook Pro 14"" (M3 Max)",22,128/512Gb,
9331,"Apple MacBook Pro 14"" (M3 Max)",22,128/1Tb,
9332,"Apple MacBook Pro 14"" (M3 Max)",22,128/2Tb,
9333,"Apple MacBook Pro 14"" (M3 Max)",22,128/3Tb,
9334,"Apple MacBook Pro 14"" (M3 Max)",22,128/4Tb,
9335,"Apple MacBook Pro 14"" (M3 Max)",22,128/8Tb,
9336,"Apple MacBook Pro 14"" (M1 Pro)",22,16/512Gb,
9337,"Apple MacBook Pro 14"" (M1 Pro)",22,16/1Tb,
9338,"Apple MacBook Pro 14"" (M1 Pro)",22,16/2Tb,
9339,"Apple MacBook Pro 14"" (M1 Pro)",22,16/4Tb,
9340,"Apple MacBook Pro 14"" (M1 Pro)",22,16/8Tb,
9341,"Apple MacBook Pro 14"" (M1 Pro)",22,24/512Gb,
9342,"Apple MacBook Pro 14"" (M1 Pro)",22,24/1Tb,
9343,"Apple MacBook Pro 14"" (M1 Pro)",22,24/2Tb,
9344,"Apple MacBook Pro 14"" (M1 Pro)",22,24/4Tb,
9345,"Apple MacBook Pro 14"" (M1 Pro)",22,24/8Tb,
9346,"Apple MacBook Pro 14"" (M1 Pro)",22,32/512Gb,
9347,"Apple MacBook Pro 14"" (M1 Pro)",22,32/1Tb,
9348,"Apple MacBook Pro 14"" (M1 Pro)",22,32/2Tb,
9349,"Apple MacBook Pro 14"" (M1 Pro)",22,32/4Tb,
9350,"Apple MacBook Pro 14"" (M1 Pro)",22,32/8Tb,
9351,"Apple MacBook Pro 13"" (M2)",22,8/256Gb,
9352,"Apple MacBook Pro 13"" (M2)",22,8/512Gb,
9353,"Apple MacBook Pro 13"" (M2)",22,8/1Tb,
9354,"Apple MacBook Pro 13"" (M2)",22,8/2Tb,
9355,"Apple MacBook Pro 13"" (M2)",22,16/256Gb,
9356,"Apple MacBook Pro 13"" (M2)",22,16/512Gb,
9357,"Apple MacBook Pro 13"" (M2)",22,16/1Tb,
9358,"Apple MacBook Pro 13"" (M2)",22,16/2Tb,
9359,"Apple MacBook Pro 13"" (M2)",22,24/256Gb,
9360,"Apple MacBook Pro 13"" (M2)",22,24/512Gb,
9361,"Apple MacBook Pro 13"" (M2)",22,24/1Tb,
9362,"Apple MacBook Pro 13"" (M2)",22,24/2Tb,
9363,"Apple MacBook Pro 14"" (M2 Max)",22,16/512Gb,
9364,"Apple MacBook Pro 14"" (M2 Max)",22,16/1Tb,
9365,"Apple MacBook Pro 14"" (M2 Max)",22,16/2Tb,
9366,"Apple MacBook Pro 14"" (M2 Max)",22,16/4Tb,
9367,"Apple MacBook Pro 14"" (M2 Max)",22,16/8Tb,
9368,"Apple MacBook Pro 14"" (M2 Max)",22,32/512Gb,
9369,"Apple MacBook Pro 14"" (M2 Max)",22,32/1Tb,
9370,"Apple MacBook Pro 14"" (M2 Max)",22,32/2Tb,
9371,"Apple MacBook Pro 14"" (M2 Max)",22,32/4Tb,
9372,"Apple MacBook Pro 14"" (M2 Max)",22,32/8Tb,
9373,"Apple MacBook Pro 14"" (M2 Max)",22,64/512Gb,
9374,"Apple MacBook Pro 14"" (M2 Max)",22,64/1Tb,
9375,"Apple MacBook Pro 14"" (M2 Max)",22,64/2Tb,
9376,"Apple MacBook Pro 14"" (M2 Max)",22,64/4Tb,
9377,"Apple MacBook Pro 14"" (M2 Max)",22,64/8Tb,
9378,"Apple MacBook Pro 14"" (M2 Max)",22,96/512Gb,
9379,"Apple MacBook Pro 14"" (M2 Max)",22,96/1Tb,
9380,"Apple MacBook Pro 14"" (M2 Max)",22,96/2Tb,
9381,"Apple MacBook Pro 14"" (M2 Max)",22,96/4Tb,
9382,"Apple MacBook Pro 14"" (M2 Max)",22,96/8Tb,
9383,"Apple MacBook Air 13.6"" (M3)",22,8/256Gb,
9384,"Apple MacBook Air 13.6"" (M3)",22,8/512Gb,
9385,"Apple MacBook Air 13.6"" (M3)",22,8/1Tb,
9386,"Apple MacBook Air 13.6"" (M3)",22,8/2Tb,
9387,"Apple MacBook Air 13.6"" (M3)",22,16/256Gb,
9388,"Apple MacBook Air 13.6"" (M3)",22,16/512Gb,
9389,"Apple MacBook Air 13.6"" (M3)",22,16/1Tb,
9390,"Apple MacBook Air 13.6"" (M3)",22,16/2Tb,
9391,"Apple MacBook Air 13.6"" (M3)",22,24/256Gb,
9392,"Apple MacBook Air 13.6"" (M3)",22,24/512Gb,
9393,"Apple MacBook Air 13.6"" (M3)",22,24/1Tb,
9394,"Apple MacBook Air 13.6"" (M3)",22,24/2Tb,
9395,"Apple MacBook Air 15"" (M3)",22,8/256Gb,
9396,"Apple MacBook Air 15"" (M3)",22,8/512Gb,
9397,"Apple MacBook Air 15"" (M3)",22,8/1Tb,
9398,"Apple MacBook Air 15"" (M3)",22,8/2Tb,
9399,"Apple MacBook Air 15"" (M3)",22,16/256Gb,
9400,"Apple MacBook Air 15"" (M3)",22,16/512Gb,
9401,"Apple MacBook Air 15"" (M3)",22,16/1Tb,
9402,"Apple MacBook Air 15"" (M3)",22,16/2Tb,
9403,"Apple MacBook Air 15"" (M3)",22,24/256Gb,
9404,"Apple MacBook Air 15"" (M3)",22,24/512Gb,
9405,"Apple MacBook Air 15"" (M3)",22,24/1Tb,
9406,"Apple MacBook Air 15"" (M3)",22,24/2Tb,
9407,"Apple MacBook Pro 16"" (M4 Max 16-Core)",22,24/512Gb,
9408,"Apple MacBook Pro 16"" (M4 Max 16-Core)",22,24/1Tb,
9409,"Apple MacBook Pro 16"" (M4 Max 16-Core)",22,24/2Tb,
9410,"Apple MacBook Pro 16"" (M4 Max 16-Core)",22,24/4Tb,
9411,"Apple MacBook Pro 16"" (M4 Max 16-Core)",22,24/8Tb,
9412,"Apple MacBook Pro 16"" (M4 Max 16-Core)",22,36/512Gb,
9413,"Apple MacBook Pro 16"" (M4 Max 16-Core)",22,36/1Tb,
9414,"Apple MacBook Pro 16"" (M4 Max 16-Core)",22,36/2Tb,
9415,"Apple MacBook Pro 16"" (M4 Max 16-Core)",22,36/4Tb,
9416,"Apple MacBook Pro 16"" (M4 Max 16-Core)",22,36/8Tb,
9417,"Apple MacBook Pro 16"" (M4 Max 16-Core)",22,48/512Gb,
9418,"Apple MacBook Pro 16"" (M4 Max 16-Core)",22,48/1Tb,
9419,"Apple MacBook Pro 16"" (M4 Max 16-Core)",22,48/2Tb,
9420,"Apple MacBook Pro 16"" (M4 Max 16-Core)",22,48/4Tb,
9421,"Apple MacBook Pro 16"" (M4 Max 16-Core)",22,48/8Tb,
9422,"Apple MacBook Pro 16"" (M4 Max 16-Core)",22,64/512Gb,
9423,"Apple MacBook Pro 16"" (M4 Max 16-Core)",22,64/1Tb,
9424,"Apple MacBook Pro 16"" (M4 Max 16-Core)",22,64/2Tb,
9425,"Apple MacBook Pro 16"" (M4 Max 16-Core)",22,64/4Tb,
9426,"Apple MacBook Pro 16"" (M4 Max 16-Core)",22,64/8Tb,
9427,"Apple MacBook Pro 16"" (M4 Max 16-Core)",22,128/512Gb,
9428,"Apple MacBook Pro 16"" (M4 Max 16-Core)",22,128/1Tb,
9429,"Apple MacBook Pro 16"" (M4 Max 16-Core)",22,128/2Tb,
9430,"Apple MacBook Pro 16"" (M4 Max 16-Core)",22,128/4Tb,
9431,"Apple MacBook Pro 16"" (M4 Max 16-Core)",22,128/8Tb,
9432,"Apple MacBook Pro 14"" (M4 Max 14-Core)",22,16/512Gb,
9433,"Apple MacBook Pro 14"" (M4 Max 14-Core)",22,16/1Tb,
9434,"Apple MacBook Pro 14"" (M4 Max 14-Core)",22,16/2Tb,
9435,"Apple MacBook Pro 14"" (M4 Max 14-Core)",22,16/4Tb,
9436,"Apple MacBook Pro 14"" (M4 Max 14-Core)",22,16/8Tb,
9437,"Apple MacBook Pro 14"" (M4 Max 14-Core)",22,24/512Gb,
9438,"Apple MacBook Pro 14"" (M4 Max 14-Core)",22,24/1Tb,
9439,"Apple MacBook Pro 14"" (M4 Max 14-Core)",22,24/2Tb,
9440,"Apple MacBook Pro 14"" (M4 Max 14-Core)",22,24/4Tb,
9441,"Apple MacBook Pro 14"" (M4 Max 14-Core)",22,24/8Tb,
9442,"Apple MacBook Pro 14"" (M4 Max 14-Core)",22,32/512Gb,
9443,"Apple MacBook Pro 14"" (M4 Max 14-Core)",22,32/1Tb,
9444,"Apple MacBook Pro 14"" (M4 Max 14-Core)",22,32/2Tb,
9445,"Apple MacBook Pro 14"" (M4 Max 14-Core)",22,32/4Tb,
9446,"Apple MacBook Pro 14"" (M4 Max 14-Core)",22,32/8Tb,
9447,"Apple MacBook Pro 14"" (M4 Max 14-Core)",22,36/512Gb,
9448,"Apple MacBook Pro 14"" (M4 Max 14-Core)",22,36/1Tb,
9449,"Apple MacBook Pro 14"" (M4 Max 14-Core)",22,36/2Tb,
9450,"Apple MacBook Pro 14"" (M4 Max 14-Core)",22,36/4Tb,
9451,"Apple MacBook Pro 14"" (M4 Max 14-Core)",22,36/8Tb,
9452,"Apple MacBook Pro 14"" (M4 Max 14-Core)",22,48/512Gb,
9453,"Apple MacBook Pro 14"" (M4 Max 14-Core)",22,48/1Tb,
9454,"Apple MacBook Pro 14"" (M4 Max 14-Core)",22,48/2Tb,
9455,"Apple MacBook Pro 14"" (M4 Max 14-Core)",22,48/4Tb,
9456,"Apple MacBook Pro 14"" (M4 Max 14-Core)",22,48/8Tb,
9457,"Apple MacBook Pro 14"" (M4 Max 14-Core)",22,64/512Gb,
9458,"Apple MacBook Pro 14"" (M4 Max 14-Core)",22,64/1Tb,
9459,"Apple MacBook Pro 14"" (M4 Max 14-Core)",22,64/2Tb,
9460,"Apple MacBook Pro 14"" (M4 Max 14-Core)",22,64/4Tb,
9461,"Apple MacBook Pro 14"" (M4 Max 14-Core)",22,64/8Tb,
9462,"Apple MacBook Pro 14"" (M4 Max 14-Core)",22,128/512Gb,
9463,"Apple MacBook Pro 14"" (M4 Max 14-Core)",22,128/1Tb,
9464,"Apple MacBook Pro 14"" (M4 Max 14-Core)",22,128/2Tb,
9465,"Apple MacBook Pro 14"" (M4 Max 14-Core)",22,128/4Tb,
9466,"Apple MacBook Pro 14"" (M4 Max 14-Core)",22,128/8Tb,
9467,"Apple MacBook Pro 16"" (M4 Pro 14-Core)",22,24/512Gb,
9468,"Apple MacBook Pro 16"" (M4 Pro 14-Core)",22,24/1Tb,
9469,"Apple MacBook Pro 16"" (M4 Pro 14-Core)",22,24/2Tb,
9470,"Apple MacBook Pro 16"" (M4 Pro 14-Core)",22,24/4Tb,
9471,"Apple MacBook Pro 16"" (M4 Pro 14-Core)",22,24/8Tb,
9472,"Apple MacBook Pro 16"" (M4 Pro 14-Core)",22,36/512Gb,
9473,"Apple MacBook Pro 16"" (M4 Pro 14-Core)",22,36/1Tb,
9474,"Apple MacBook Pro 16"" (M4 Pro 14-Core)",22,36/2Tb,
9475,"Apple MacBook Pro 16"" (M4 Pro 14-Core)",22,36/4Tb,
9476,"Apple MacBook Pro 16"" (M4 Pro 14-Core)",22,36/8Tb,
9477,"Apple MacBook Pro 16"" (M4 Pro 14-Core)",22,48/512Gb,
9478,"Apple MacBook Pro 16"" (M4 Pro 14-Core)",22,48/1Tb,
9479,"Apple MacBook Pro 16"" (M4 Pro 14-Core)",22,48/2Tb,
9480,"Apple MacBook Pro 16"" (M4 Pro 14-Core)",22,48/4Tb,
9481,"Apple MacBook Pro 16"" (M4 Pro 14-Core)",22,48/8Tb,
9482,"Apple MacBook Pro 16"" (M4 Pro 14-Core)",22,64/512Gb,
9483,"Apple MacBook Pro 16"" (M4 Pro 14-Core)",22,64/1Tb,
9484,"Apple MacBook Pro 16"" (M4 Pro 14-Core)",22,64/2Tb,
9485,"Apple MacBook Pro 16"" (M4 Pro 14-Core)",22,64/4Tb,
9486,"Apple MacBook Pro 16"" (M4 Pro 14-Core)",22,64/8Tb,
9487,"Apple MacBook Pro 16"" (M4 Pro 14-Core)",22,128/512Gb,
9488,"Apple MacBook Pro 16"" (M4 Pro 14-Core)",22,128/1Tb,
9489,"Apple MacBook Pro 16"" (M4 Pro 14-Core)",22,128/2Tb,
9490,"Apple MacBook Pro 16"" (M4 Pro 14-Core)",22,128/4Tb,
9491,"Apple MacBook Pro 16"" (M4 Pro 14-Core)",22,128/8Tb,
9492,"Apple MacBook Pro 14"" (M4 Pro 12-Core)",22,16/512Gb,
9493,"Apple MacBook Pro 14"" (M4 Pro 12-Core)",22,16/1Tb,
9494,"Apple MacBook Pro 14"" (M4 Pro 12-Core)",22,16/2Tb,
9495,"Apple MacBook Pro 14"" (M4 Pro 12-Core)",22,16/4Tb,
9496,"Apple MacBook Pro 14"" (M4 Pro 12-Core)",22,16/8Tb,
9497,"Apple MacBook Pro 14"" (M4 Pro 12-Core)",22,24/512Gb,
9498,"Apple MacBook Pro 14"" (M4 Pro 12-Core)",22,24/1Tb,
9499,"Apple MacBook Pro 14"" (M4 Pro 12-Core)",22,24/2Tb,
9500,"Apple MacBook Pro 14"" (M4 Pro 12-Core)",22,24/4Tb,
9501,"Apple MacBook Pro 14"" (M4 Pro 12-Core)",22,24/8Tb,
9502,"Apple MacBook Pro 14"" (M4 Pro 12-Core)",22,32/512Gb,
9503,"Apple MacBook Pro 14"" (M4 Pro 12-Core)",22,32/1Tb,
9504,"Apple MacBook Pro 14"" (M4 Pro 12-Core)",22,32/2Tb,
9505,"Apple MacBook Pro 14"" (M4 Pro 12-Core)",22,32/4Tb,
9506,"Apple MacBook Pro 14"" (M4 Pro 12-Core)",22,32/8Tb,
9507,"Apple MacBook Pro 14"" (M4 Pro 12-Core)",22,36/512Gb,
9508,"Apple MacBook Pro 14"" (M4 Pro 12-Core)",22,36/1Tb,
9509,"Apple MacBook Pro 14"" (M4 Pro 12-Core)",22,36/2Tb,
9510,"Apple MacBook Pro 14"" (M4 Pro 12-Core)",22,36/4Tb,
9511,"Apple MacBook Pro 14"" (M4 Pro 12-Core)",22,36/8Tb,
9512,"Apple MacBook Pro 14"" (M4 Pro 12-Core)",22,48/512Gb,
9513,"Apple MacBook Pro 14"" (M4 Pro 12-Core)",22,48/1Tb,
9514,"Apple MacBook Pro 14"" (M4 Pro 12-Core)",22,48/2Tb,
9515,"Apple MacBook Pro 14"" (M4 Pro 12-Core)",22,48/4Tb,
9516,"Apple MacBook Pro 14"" (M4 Pro 12-Core)",22,48/8Tb,
9517,"Apple MacBook Pro 14"" (M4 Pro 12-Core)",22,64/512Gb,
9518,"Apple MacBook Pro 14"" (M4 Pro 12-Core)",22,64/1Tb,
9519,"Apple MacBook Pro 14"" (M4 Pro 12-Core)",22,64/2Tb,
9520,"Apple MacBook Pro 14"" (M4 Pro 12-Core)",22,64/4Tb,
9521,"Apple MacBook Pro 14"" (M4 Pro 12-Core)",22,64/8Tb,
9522,"Apple MacBook Pro 14"" (M4 Pro 12-Core)",22,128/512Gb,
9523,"Apple MacBook Pro 14"" (M4 Pro 12-Core)",22,128/1Tb,
9524,"Apple MacBook Pro 14"" (M4 Pro 12-Core)",22,128/2Tb,
9525,"Apple MacBook Pro 14"" (M4 Pro 12-Core)",22,128/4Tb,
9526,"Apple MacBook Pro 14"" (M4 Pro 12-Core)",22,128/8Tb,
9527,"Apple MacBook Pro 14"" (M4 Max 16-Core)",22,16/512Gb,
9528,"Apple MacBook Pro 14"" (M4 Max 16-Core)",22,16/1Tb,
9529,"Apple MacBook Pro 14"" (M4 Max 16-Core)",22,16/2Tb,
9530,"Apple MacBook Pro 14"" (M4 Max 16-Core)",22,16/4Tb,
9531,"Apple MacBook Pro 14"" (M4 Max 16-Core)",22,16/8Tb,
9532,"Apple MacBook Pro 14"" (M4 Max 16-Core)",22,24/512Gb,
9533,"Apple MacBook Pro 14"" (M4 Max 16-Core)",22,24/1Tb,
9534,"Apple MacBook Pro 14"" (M4 Max 16-Core)",22,24/2Tb,
9535,"Apple MacBook Pro 14"" (M4 Max 16-Core)",22,24/4Tb,
9536,"Apple MacBook Pro 14"" (M4 Max 16-Core)",22,24/8Tb,
9537,"Apple MacBook Pro 14"" (M4 Max 16-Core)",22,32/512Gb,
9538,"Apple MacBook Pro 14"" (M4 Max 16-Core)",22,32/1Tb,
9539,"Apple MacBook Pro 14"" (M4 Max 16-Core)",22,32/2Tb,
9540,"Apple MacBook Pro 14"" (M4 Max 16-Core)",22,32/4Tb,
9541,"Apple MacBook Pro 14"" (M4 Max 16-Core)",22,32/8Tb,
9542,"Apple MacBook Pro 14"" (M4 Max 16-Core)",22,36/512Gb,
9543,"Apple MacBook Pro 14"" (M4 Max 16-Core)",22,36/1Tb,
9544,"Apple MacBook Pro 14"" (M4 Max 16-Core)",22,36/2Tb,
9545,"Apple MacBook Pro 14"" (M4 Max 16-Core)",22,36/4Tb,
9546,"Apple MacBook Pro 14"" (M4 Max 16-Core)",22,36/8Tb,
9547,"Apple MacBook Pro 14"" (M4 Max 16-Core)",22,48/512Gb,
9548,"Apple MacBook Pro 14"" (M4 Max 16-Core)",22,48/1Tb,
9549,"Apple MacBook Pro 14"" (M4 Max 16-Core)",22,48/2Tb,
9550,"Apple MacBook Pro 14"" (M4 Max 16-Core)",22,48/4Tb,
9551,"Apple MacBook Pro 14"" (M4 Max 16-Core)",22,48/8Tb,
9552,"Apple MacBook Pro 14"" (M4 Max 16-Core)",22,64/512Gb,
9553,"Apple MacBook Pro 14"" (M4 Max 16-Core)",22,64/1Tb,
9554,"Apple MacBook Pro 14"" (M4 Max 16-Core)",22,64/2Tb,
9555,"Apple MacBook Pro 14"" (M4 Max 16-Core)",22,64/4Tb,
9556,"Apple MacBook Pro 14"" (M4 Max 16-Core)",22,64/8Tb,
9557,"Apple MacBook Pro 14"" (M4 Max 16-Core)",22,128/512Gb,
9558,"Apple MacBook Pro 14"" (M4 Max 16-Core)",22,128/1Tb,
9559,"Apple MacBook Pro 14"" (M4 Max 16-Core)",22,128/2Tb,
9560,"Apple MacBook Pro 14"" (M4 Max 16-Core)",22,128/4Tb,
9561,"Apple MacBook Pro 14"" (M4 Max 16-Core)",22,128/8Tb,
9562,"Apple MacBook Pro 16"" (M4 Max 14-Core)",22,24/512Gb,
9563,"Apple MacBook Pro 16"" (M4 Max 14-Core)",22,24/1Tb,
9564,"Apple MacBook Pro 16"" (M4 Max 14-Core)",22,24/2Tb,
9565,"Apple MacBook Pro 16"" (M4 Max 14-Core)",22,24/4Tb,
9566,"Apple MacBook Pro 16"" (M4 Max 14-Core)",22,24/8Tb,
9567,"Apple MacBook Pro 16"" (M4 Max 14-Core)",22,36/512Gb,
9568,"Apple MacBook Pro 16"" (M4 Max 14-Core)",22,36/1Tb,
9569,"Apple MacBook Pro 16"" (M4 Max 14-Core)",22,36/2Tb,
9570,"Apple MacBook Pro 16"" (M4 Max 14-Core)",22,36/4Tb,
9571,"Apple MacBook Pro 16"" (M4 Max 14-Core)",22,36/8Tb,
9572,"Apple MacBook Pro 16"" (M4 Max 14-Core)",22,48/512Gb,
9573,"Apple MacBook Pro 16"" (M4 Max 14-Core)",22,48/1Tb,
9574,"Apple MacBook Pro 16"" (M4 Max 14-Core)",22,48/2Tb,
9575,"Apple MacBook Pro 16"" (M4 Max 14-Core)",22,48/4Tb,
9576,"Apple MacBook Pro 16"" (M4 Max 14-Core)",22,48/8Tb,
9577,"Apple MacBook Pro 16"" (M4 Max 14-Core)",22,64/512Gb,
9578,"Apple MacBook Pro 16"" (M4 Max 14-Core)",22,64/1Tb,
9579,"Apple MacBook Pro 16"" (M4 Max 14-Core)",22,64/2Tb,
9580,"Apple MacBook Pro 16"" (M4 Max 14-Core)",22,64/4Tb,
9581,"Apple MacBook Pro 16"" (M4 Max 14-Core)",22,64/8Tb,
9582,"Apple MacBook Pro 16"" (M4 Max 14-Core)",22,128/512Gb,
9583,"Apple MacBook Pro 16"" (M4 Max 14-Core)",22,128/1Tb,
9584,"Apple MacBook Pro 16"" (M4 Max 14-Core)",22,128/2Tb,
9585,"Apple MacBook Pro 16"" (M4 Max 14-Core)",22,128/4Tb,
9586,"Apple MacBook Pro 16"" (M4 Max 14-Core)",22,128/8Tb,
9587,"Apple MacBook Pro 14"" (M4 Pro 14-Core)",22,16/512Gb,
9588,"Apple MacBook Pro 14"" (M4 Pro 14-Core)",22,16/1Tb,
9589,"Apple MacBook Pro 14"" (M4 Pro 14-Core)",22,16/2Tb,
9590,"Apple MacBook Pro 14"" (M4 Pro 14-Core)",22,16/4Tb,
9591,"Apple MacBook Pro 14"" (M4 Pro 14-Core)",22,16/8Tb,
9592,"Apple MacBook Pro 14"" (M4 Pro 14-Core)",22,24/512Gb,
9593,"Apple MacBook Pro 14"" (M4 Pro 14-Core)",22,24/1Tb,
9594,"Apple MacBook Pro 14"" (M4 Pro 14-Core)",22,24/2Tb,
9595,"Apple MacBook Pro 14"" (M4 Pro 14-Core)",22,24/4Tb,
9596,"Apple MacBook Pro 14"" (M4 Pro 14-Core)",22,24/8Tb,
9597,"Apple MacBook Pro 14"" (M4 Pro 14-Core)",22,32/512Gb,
9598,"Apple MacBook Pro 14"" (M4 Pro 14-Core)",22,32/1Tb,
9599,"Apple MacBook Pro 14"" (M4 Pro 14-Core)",22,32/2Tb,
9600,"Apple MacBook Pro 14"" (M4 Pro 14-Core)",22,32/4Tb,
9601,"Apple MacBook Pro 14"" (M4 Pro 14-Core)",22,32/8Tb,
9602,"Apple MacBook Pro 14"" (M4 Pro 14-Core)",22,36/512Gb,
9603,"Apple MacBook Pro 14"" (M4 Pro 14-Core)",22,36/1Tb,
9604,"Apple MacBook Pro 14"" (M4 Pro 14-Core)",22,36/2Tb,
9605,"Apple MacBook Pro 14"" (M4 Pro 14-Core)",22,36/4Tb,
9606,"Apple MacBook Pro 14"" (M4 Pro 14-Core)",22,36/8Tb,
9607,"Apple MacBook Pro 14"" (M4 Pro 14-Core)",22,48/512Gb,
9608,"Apple MacBook Pro 14"" (M4 Pro 14-Core)",22,48/1Tb,
9609,"Apple MacBook Pro 14"" (M4 Pro 14-Core)",22,48/2Tb,
9610,"Apple MacBook Pro 14"" (M4 Pro 14-Core)",22,48/4Tb,
9611,"Apple MacBook Pro 14"" (M4 Pro 14-Core)",22,48/8Tb,
9612,"Apple MacBook Pro 14"" (M4 Pro 14-Core)",22,64/512Gb,
9613,"Apple MacBook Pro 14"" (M4 Pro 14-Core)",22,64/1Tb,
9614,"Apple MacBook Pro 14"" (M4 Pro 14-Core)",22,64/2Tb,
9615,"Apple MacBook Pro 14"" (M4 Pro 14-Core)",22,64/4Tb,
9616,"Apple MacBook Pro 14"" (M4 Pro 14-Core)",22,64/8Tb,
9617,"Apple MacBook Pro 14"" (M4 Pro 14-Core)",22,128/512Gb,
9618,"Apple MacBook Pro 14"" (M4 Pro 14-Core)",22,128/1Tb,
9619,"Apple MacBook Pro 14"" (M4 Pro 14-Core)",22,128/2Tb,
9620,"Apple MacBook Pro 14"" (M4 Pro 14-Core)",22,128/4Tb,
9621,"Apple MacBook Pro 14"" (M4 Pro 14-Core)",22,128/8Tb,
9622,"Apple MacBook Pro 14"" (M4 10-Core)",22,16/512Gb,
9623,"Apple MacBook Pro 14"" (M4 10-Core)",22,16/1Tb,
9624,"Apple MacBook Pro 14"" (M4 10-Core)",22,16/2Tb,
9625,"Apple MacBook Pro 14"" (M4 10-Core)",22,16/4Tb,
9626,"Apple MacBook Pro 14"" (M4 10-Core)",22,16/8Tb,
9627,"Apple MacBook Pro 14"" (M4 10-Core)",22,24/512Gb,
9628,"Apple MacBook Pro 14"" (M4 10-Core)",22,24/1Tb,
9629,"Apple MacBook Pro 14"" (M4 10-Core)",22,24/2Tb,
9630,"Apple MacBook Pro 14"" (M4 10-Core)",22,24/4Tb,
9631,"Apple MacBook Pro 14"" (M4 10-Core)",22,24/8Tb,
9632,"Apple MacBook Pro 14"" (M4 10-Core)",22,32/512Gb,
9633,"Apple MacBook Pro 14"" (M4 10-Core)",22,32/1Tb,
9634,"Apple MacBook Pro 14"" (M4 10-Core)",22,32/2Tb,
9635,"Apple MacBook Pro 14"" (M4 10-Core)",22,32/4Tb,
9636,"Apple MacBook Pro 14"" (M4 10-Core)",22,32/8Tb,
9637,"Apple MacBook Pro 14"" (M4 10-Core)",22,36/512Gb,
9638,"Apple MacBook Pro 14"" (M4 10-Core)",22,36/1Tb,
9639,"Apple MacBook Pro 14"" (M4 10-Core)",22,36/2Tb,
9640,"Apple MacBook Pro 14"" (M4 10-Core)",22,36/4Tb,
9641,"Apple MacBook Pro 14"" (M4 10-Core)",22,36/8Tb,
9642,"Apple MacBook Pro 14"" (M4 10-Core)",22,48/512Gb,
9643,"Apple MacBook Pro 14"" (M4 10-Core)",22,48/1Tb,
9644,"Apple MacBook Pro 14"" (M4 10-Core)",22,48/2Tb,
9645,"Apple MacBook Pro 14"" (M4 10-Core)",22,48/4Tb,
9646,"Apple MacBook Pro 14"" (M4 10-Core)",22,48/8Tb,
9647,"Apple MacBook Pro 14"" (M4 10-Core)",22,64/512Gb,
9648,"Apple MacBook Pro 14"" (M4 10-Core)",22,64/1Tb,
9649,"Apple MacBook Pro 14"" (M4 10-Core)",22,64/2Tb,
9650,"Apple MacBook Pro 14"" (M4 10-Core)",22,64/4Tb,
9651,"Apple MacBook Pro 14"" (M4 10-Core)",22,64/8Tb,
9652,"Apple MacBook Pro 14"" (M4 10-Core)",22,128/512Gb,
9653,"Apple MacBook Pro 14"" (M4 10-Core)",22,128/1Tb,
9654,"Apple MacBook Pro 14"" (M4 10-Core)",22,128/2Tb,
9655,"Apple MacBook Pro 14"" (M4 10-Core)",22,128/4Tb,
9656,"Apple MacBook Pro 14"" (M4 10-Core)",22,128/8Tb,
9657,"Apple MacBook Air 15"" (M4 10-Core)",22,8/256Gb,
9658,"Apple MacBook Air 15"" (M4 10-Core)",22,8/512Gb,
9659,"Apple MacBook Air 15"" (M4 10-Core)",22,8/1Tb,
9660,"Apple MacBook Air 15"" (M4 10-Core)",22,8/2Tb,
9661,"Apple MacBook Air 15"" (M4 10-Core)",22,16/256Gb,
9662,"Apple MacBook Air 15"" (M4 10-Core)",22,16/512Gb,
9663,"Apple MacBook Air 15"" (M4 10-Core)",22,16/1Tb,
9664,"Apple MacBook Air 15"" (M4 10-Core)",22,16/2Tb,
9665,"Apple MacBook Air 15"" (M4 10-Core)",22,24/256Gb,
9666,"Apple MacBook Air 15"" (M4 10-Core)",22,24/512Gb,
9667,"Apple MacBook Air 15"" (M4 10-Core)",22,24/1Tb,
9668,"Apple MacBook Air 15"" (M4 10-Core)",22,24/2Tb,
9669,"Apple MacBook Air 13.6"" (M4 10-Core)",22,8/256Gb,
9670,"Apple MacBook Air 13.6"" (M4 10-Core)",22,8/512Gb,
9671,"Apple MacBook Air 13.6"" (M4 10-Core)",22,8/1Tb,
9672,"Apple MacBook Air 13.6"" (M4 10-Core)",22,8/2Tb,
9673,"Apple MacBook Air 13.6"" (M4 10-Core)",22,16/256Gb,
9674,"Apple MacBook Air 13.6"" (M4 10-Core)",22,16/512Gb,
9675,"Apple MacBook Air 13.6"" (M4 10-Core)",22,16/1Tb,
9676,"Apple MacBook Air 13.6"" (M4 10-Core)",22,16/2Tb,
9677,"Apple MacBook Air 13.6"" (M4 10-Core)",22,24/256Gb,
9678,"Apple MacBook Air 13.6"" (M4 10-Core)",22,24/512Gb,
9679,"Apple MacBook Air 13.6"" (M4 10-Core)",22,24/1Tb,
9680,"Apple MacBook Air 13.6"" (M4 10-Core)",22,24/2Tb,
9681,"Apple MacBook Air 13.6"" (M4 8-Core)",22,8/256Gb,
9682,"Apple MacBook Air 13.6"" (M4 8-Core)",22,8/512Gb,
9683,"Apple MacBook Air 13.6"" (M4 8-Core)",22,8/1Tb,
9684,"Apple MacBook Air 13.6"" (M4 8-Core)",22,8/2Tb,
9685,"Apple MacBook Air 13.6"" (M4 8-Core)",22,16/256Gb,
9686,"Apple MacBook Air 13.6"" (M4 8-Core)",22,16/512Gb,
9687,"Apple MacBook Air 13.6"" (M4 8-Core)",22,16/1Tb,
9688,"Apple MacBook Air 13.6"" (M4 8-Core)",22,16/2Tb,
9689,"Apple MacBook Air 13.6"" (M4 8-Core)",22,24/256Gb,
9690,"Apple MacBook Air 13.6"" (M4 8-Core)",22,24/512Gb,
9691,"Apple MacBook Air 13.6"" (M4 8-Core)",22,24/1Tb,
9692,"Apple MacBook Air 13.6"" (M4 8-Core)",22,24/2Tb,
9693,Infinix Hot 60 Pro Plus,5,8/128Gb,Sleek Black
9694,Infinix Hot 60 Pro Plus,5,8/128Gb,Titanium Silver
9695,Infinix Hot 60 Pro Plus,5,8/128Gb,Coral Tides
9696,Infinix Hot 60 Pro Plus,5,8/128Gb,Misty Violet
9697,Infinix Hot 60 Pro Plus,5,8/128Gb,Sonic Yellow
9698,Infinix Hot 60 Pro Plus,5,8/128Gb,Moco Cyber Green
9699,Infinix Hot 60 Pro Plus,5,8/256Gb,Sleek Black
9700,Infinix Hot 60 Pro Plus,5,8/256Gb,Titanium Silver
9701,Infinix Hot 60 Pro Plus,5,8/256Gb,Coral Tides
9702,Infinix Hot 60 Pro Plus,5,8/256Gb,Misty Violet
9703,Infinix Hot 60 Pro Plus,5,8/256Gb,Sonic Yellow
9704,Infinix Hot 60 Pro Plus,5,8/256Gb,Moco Cyber Green
9705,Samsung Galaxy A07 4G,2,4/64Gb,Black
9706,Samsung Galaxy A07 4G,2,4/64Gb,Light Blue
9707,Samsung Galaxy A07 4G,2,4/64Gb,Dark Green
9708,Samsung Galaxy A07 4G,2,4/128Gb,Black
9709,Samsung Galaxy A07 4G,2,4/128Gb,Light Blue
9710,Samsung Galaxy A07 4G,2,4/128Gb,Dark Green
9711,Samsung Galaxy A07 4G,2,6/128Gb,Black
9712,Samsung Galaxy A07 4G,2,6/128Gb,Light Blue
9713,Samsung Galaxy A07 4G,2,6/128Gb,Dark Green
9714,Samsung Galaxy S25 FE 5G,2,8/128Gb,Icyblue
9715,Samsung Galaxy S25 FE 5G,2,8/128Gb,Jetblack
9716,Samsung Galaxy S25 FE 5G,2,8/128Gb,Navy
9717,Samsung Galaxy S25 FE 5G,2,8/128Gb,White
9718,Samsung Galaxy S25 FE 5G,2,8/256Gb,Icyblue
9719,Samsung Galaxy S25 FE 5G,2,8/256Gb,Jetblack
9720,Samsung Galaxy S25 FE 5G,2,8/256Gb,Navy
9721,Samsung Galaxy S25 FE 5G,2,8/256Gb,White
9722,Samsung Galaxy S25 FE 5G,2,8/512Gb,Icyblue
9723,Samsung Galaxy S25 FE 5G,2,8/512Gb,Jetblack
9724,Samsung Galaxy S25 FE 5G,2,8/512Gb,Navy
9725,Samsung Galaxy S25 FE 5G,2,8/512Gb,White
9726,Apple iPhone 17 (eSim),1,256Gb,
9727,Apple iPhone 17 (eSim),1,256Gb,Black
9728,Apple iPhone 17 (eSim),1,256Gb,White
9729,Apple iPhone 17 (eSim),1,256Gb,Mist Blue
9730,Apple iPhone 17 (eSim),1,256Gb,Sage
9731,Apple iPhone 17 (eSim),1,256Gb,Lavender
9732,Apple iPhone 17 (eSim),1,512Gb,
9733,Apple iPhone 17 (eSim),1,512Gb,Black
9734,Apple iPhone 17 (eSim),1,512Gb,White
9735,Apple iPhone 17 (eSim),1,512Gb,Mist Blue
9736,Apple iPhone 17 (eSim),1,512Gb,Sage
9737,Apple iPhone 17 (eSim),1,512Gb,Lavender
9738,Apple iPhone 17 (Sim),1,256Gb,
9739,Apple iPhone 17 (Sim),1,256Gb,Black
9740,Apple iPhone 17 (Sim),1,256Gb,White
9741,Apple iPhone 17 (Sim),1,256Gb,Mist Blue
9742,Apple iPhone 17 (Sim),1,256Gb,Sage
9743,Apple iPhone 17 (Sim),1,256Gb,Lavender
9744,Apple iPhone 17 (Sim),1,512Gb,
9745,Apple iPhone 17 (Sim),1,512Gb,Black
9746,Apple iPhone 17 (Sim),1,512Gb,White
9747,Apple iPhone 17 (Sim),1,512Gb,Mist Blue
9748,Apple iPhone 17 (Sim),1,512Gb,Sage
9749,Apple iPhone 17 (Sim),1,512Gb,Lavender
9750,Apple iPhone 17 Pro Max (Sim),1,256Gb,
9751,Apple iPhone 17 Pro Max (Sim),1,256Gb,Silver
9752,Apple iPhone 17 Pro Max (Sim),1,256Gb,Cosmic Orange
9753,Apple iPhone 17 Pro Max (Sim),1,256Gb,Deep Blue
9754,Apple iPhone 17 Pro Max (Sim),1,512Gb,
9755,Apple iPhone 17 Pro Max (Sim),1,512Gb,Silver
9756,Apple iPhone 17 Pro Max (Sim),1,512Gb,Cosmic Orange
9757,Apple iPhone 17 Pro Max (Sim),1,512Gb,Deep Blue
9758,Apple iPhone 17 Pro Max (Sim),1,1Tb,
9759,Apple iPhone 17 Pro Max (Sim),1,1Tb,Silver
9760,Apple iPhone 17 Pro Max (Sim),1,1Tb,Cosmic Orange
9761,Apple iPhone 17 Pro Max (Sim),1,1Tb,Deep Blue
9762,Apple iPhone 17 Pro Max (Sim),1,2Tb,
9763,Apple iPhone 17 Pro Max (Sim),1,2Tb,Silver
9764,Apple iPhone 17 Pro Max (Sim),1,2Tb,Cosmic Orange
9765,Apple iPhone 17 Pro Max (Sim),1,2Tb,Deep Blue
9766,Apple iPhone 17 Pro Max (eSim),1,256Gb,
9767,Apple iPhone 17 Pro Max (eSim),1,256Gb,Silver
9768,Apple iPhone 17 Pro Max (eSim),1,256Gb,Cosmic Orange
9769,Apple iPhone 17 Pro Max (eSim),1,256Gb,Deep Blue
9770,Apple iPhone 17 Pro Max (eSim),1,512Gb,
9771,Apple iPhone 17 Pro Max (eSim),1,512Gb,Silver
9772,Apple iPhone 17 Pro Max (eSim),1,512Gb,Cosmic Orange
9773,Apple iPhone 17 Pro Max (eSim),1,512Gb,Deep Blue
9774,Apple iPhone 17 Pro Max (eSim),1,1Tb,
9775,Apple iPhone 17 Pro Max (eSim),1,1Tb,Silver
9776,Apple iPhone 17 Pro Max (eSim),1,1Tb,Cosmic Orange
9777,Apple iPhone 17 Pro Max (eSim),1,1Tb,Deep Blue
9778,Apple iPhone 17 Pro Max (eSim),1,2Tb,
9779,Apple iPhone 17 Pro Max (eSim),1,2Tb,Silver
9780,Apple iPhone 17 Pro Max (eSim),1,2Tb,Cosmic Orange
9781,Apple iPhone 17 Pro Max (eSim),1,2Tb,Deep Blue
9782,Apple iPhone 17 Pro (Sim),1,256Gb,
9783,Apple iPhone 17 Pro (Sim),1,256Gb,Silver
9784,Apple iPhone 17 Pro (Sim),1,256Gb,Cosmic Orange
9785,Apple iPhone 17 Pro (Sim),1,256Gb,Deep Blue
9786,Apple iPhone 17 Pro (Sim),1,512Gb,
9787,Apple iPhone 17 Pro (Sim),1,512Gb,Silver
9788,Apple iPhone 17 Pro (Sim),1,512Gb,Cosmic Orange
9789,Apple iPhone 17 Pro (Sim),1,512Gb,Deep Blue
9790,Apple iPhone 17 Pro (Sim),1,1Tb,
9791,Apple iPhone 17 Pro (Sim),1,1Tb,Silver
9792,Apple iPhone 17 Pro (Sim),1,1Tb,Cosmic Orange
9793,Apple iPhone 17 Pro (Sim),1,1Tb,Deep Blue
9794,Apple iPhone 17 Pro (eSim),1,256Gb,
9795,Apple iPhone 17 Pro (eSim),1,256Gb,Silver
9796,Apple iPhone 17 Pro (eSim),1,256Gb,Cosmic Orange
9797,Apple iPhone 17 Pro (eSim),1,256Gb,Deep Blue
9798,Apple iPhone 17 Pro (eSim),1,512Gb,
9799,Apple iPhone 17 Pro (eSim),1,512Gb,Silver
9800,Apple iPhone 17 Pro (eSim),1,512Gb,Cosmic Orange
9801,Apple iPhone 17 Pro (eSim),1,512Gb,Deep Blue
9802,Apple iPhone 17 Pro (eSim),1,1Tb,
9803,Apple iPhone 17 Pro (eSim),1,1Tb,Silver
9804,Apple iPhone 17 Pro (eSim),1,1Tb,Cosmic Orange
9805,Apple iPhone 17 Pro (eSim),1,1Tb,Deep Blue
9806,Apple iPhone Air (eSim),1,256Gb,
9807,Apple iPhone Air (eSim),1,256Gb,Space Black
9808,Apple iPhone Air (eSim),1,256Gb,Cloud White
9809,Apple iPhone Air (eSim),1,256Gb,Light Gold
9810,Apple iPhone Air (eSim),1,256Gb,Sky Blue
9811,Apple iPhone Air (eSim),1,512Gb,
9812,Apple iPhone Air (eSim),1,512Gb,Space Black
9813,Apple iPhone Air (eSim),1,512Gb,Cloud White
9814,Apple iPhone Air (eSim),1,512Gb,Light Gold
9815,Apple iPhone Air (eSim),1,512Gb,Sky Blue
9816,Apple iPhone Air (eSim),1,1Tb,
9817,Apple iPhone Air (eSim),1,1Tb,Space Black
9818,Apple iPhone Air (eSim),1,1Tb,Cloud White
9819,Apple iPhone Air (eSim),1,1Tb,Light Gold
9820,Apple iPhone Air (eSim),1,1Tb,Sky Blue
9821,Apple AirPods Pro 3,15,,
9822,Xiaomi Poco M7 Pro 5G,6,6/128Gb,Green
9823,Xiaomi Poco M7 Pro 5G,6,6/128Gb,Silver
9824,Xiaomi Poco M7 Pro 5G,6,6/128Gb,Purple
9825,Xiaomi Poco M7 Pro 5G,6,8/256Gb,Green
9826,Xiaomi Poco M7 Pro 5G,6,8/256Gb,Silver
9827,Xiaomi Poco M7 Pro 5G,6,8/256Gb,Purple
9828,Xiaomi Poco M7 Pro 5G,6,12/256Gb,Green
9829,Xiaomi Poco M7 Pro 5G,6,12/256Gb,Silver
9830,Xiaomi Poco M7 Pro 5G,6,12/256Gb,Purple
9831,Xiaomi Poco M7,6,6/128Gb,Black
9832,Xiaomi Poco M7,6,6/128Gb,Blue
9833,Xiaomi Poco M7,6,6/128Gb,Silver
9834,Xiaomi Poco M7,6,8/128Gb,Black
9835,Xiaomi Poco M7,6,8/128Gb,Blue
9836,Xiaomi Poco M7,6,8/128Gb,Silver
9837,Xiaomi Poco M7,6,8/256Gb,Black
9838,Xiaomi Poco M7,6,8/256Gb,Blue
9839,Xiaomi Poco M7,6,8/256Gb,Silver
9840,Xiaomi Poco C85,6,6/128Gb,Black
9841,Xiaomi Poco C85,6,6/128Gb,Green
9842,Xiaomi Poco C85,6,6/128Gb,Purple
9843,Xiaomi Poco C85,6,8/256Gb,Black
9844,Xiaomi Poco C85,6,8/256Gb,Green
9845,Xiaomi Poco C85,6,8/256Gb,Purple
9846,Samsung Galaxy Tab S11 Ultra 5G (SIM),11,12/256Gb,Moonstone Gray
9847,Samsung Galaxy Tab S11 Ultra 5G (SIM),11,12/256Gb,Platinum Silver
9848,Samsung Galaxy Tab S11 Ultra 5G (SIM),11,12/512Gb,Moonstone Gray
9849,Samsung Galaxy Tab S11 Ultra 5G (SIM),11,12/512Gb,Platinum Silver
9850,Samsung Galaxy Tab S11 Ultra 5G (SIM),11,16/1Tb,Moonstone Gray
9851,Samsung Galaxy Tab S11 Ultra 5G (SIM),11,16/1Tb,Platinum Silver
9852,Samsung Galaxy Tab S10 Lite 5G (SIM),11,6/128Gb,Gray
9853,Samsung Galaxy Tab S10 Lite 5G (SIM),11,6/128Gb,Silver
9854,Samsung Galaxy Tab S10 Lite 5G (SIM),11,6/128Gb,Coral Red
9855,Samsung Galaxy Tab S10 Lite 5G (SIM),11,8/256Gb,Gray
9856,Samsung Galaxy Tab S10 Lite 5G (SIM),11,8/256Gb,Silver
9857,Samsung Galaxy Tab S10 Lite 5G (SIM),11,8/256Gb,Coral Red
9858,Samsung Galaxy Tab S11 Ultra (Wifi),11,12/256Gb,Moonstone Gray
9859,Samsung Galaxy Tab S11 Ultra (Wifi),11,12/256Gb,Platinum Silver
9860,Samsung Galaxy Tab S11 Ultra (Wifi),11,12/512Gb,Moonstone Gray
9861,Samsung Galaxy Tab S11 Ultra (Wifi),11,12/512Gb,Platinum Silver
9862,Samsung Galaxy Tab S11 Ultra (Wifi),11,16/1Tb,Moonstone Gray
9863,Samsung Galaxy Tab S11 Ultra (Wifi),11,16/1Tb,Platinum Silver
9864,Samsung Galaxy Tab S10 Lite (Wifi),11,6/128Gb,Gray
9865,Samsung Galaxy Tab S10 Lite (Wifi),11,6/128Gb,Silver
9866,Samsung Galaxy Tab S10 Lite (Wifi),11,6/128Gb,Coral Red
9867,Samsung Galaxy Tab S10 Lite (Wifi),11,8/256Gb,Gray
9868,Samsung Galaxy Tab S10 Lite (Wifi),11,8/256Gb,Silver
9869,Samsung Galaxy Tab S10 Lite (Wifi),11,8/256Gb,Coral Red
9870,Samsung Galaxy Tab S11 5G (SIM),11,12/128Gb,Moonstone Gray
9871,Samsung Galaxy Tab S11 5G (SIM),11,12/128Gb,Platinum Silver
9872,Samsung Galaxy Tab S11 5G (SIM),11,12/256Gb,Moonstone Gray
9873,Samsung Galaxy Tab S11 5G (SIM),11,12/256Gb,Platinum Silver
9874,Samsung Galaxy Tab S11 5G (SIM),11,12/512Gb,Moonstone Gray
9875,Samsung Galaxy Tab S11 5G (SIM),11,12/512Gb,Platinum Silver
9876,Samsung Galaxy Tab S11 (Wifi),11,12/128Gb,Moonstone Gray
9877,Samsung Galaxy Tab S11 (Wifi),11,12/128Gb,Platinum Silver
9878,Samsung Galaxy Tab S11 (Wifi),11,12/256Gb,Moonstone Gray
9879,Samsung Galaxy Tab S11 (Wifi),11,12/256Gb,Platinum Silver
9880,Samsung Galaxy Tab S11 (Wifi),11,12/512Gb,Moonstone Gray
9881,Samsung Galaxy Tab S11 (Wifi),11,12/512Gb,Platinum Silver
9882,Samsung Galaxy A17 5G,2,4/128Gb,Black
9883,Samsung Galaxy A17 5G,2,4/128Gb,Blue
9884,Samsung Galaxy A17 5G,2,4/128Gb,Gray
9885,Samsung Galaxy A17 5G,2,6/128Gb,Black
9886,Samsung Galaxy A17 5G,2,6/128Gb,Blue
9887,Samsung Galaxy A17 5G,2,6/128Gb,Gray
9888,Samsung Galaxy A17 5G,2,8/128Gb,Black
9889,Samsung Galaxy A17 5G,2,8/128Gb,Blue
9890,Samsung Galaxy A17 5G,2,8/128Gb,Gray
9891,Samsung Galaxy A17 5G,2,4/256Gb,Black
9892,Samsung Galaxy A17 5G,2,4/256Gb,Blue
9893,Samsung Galaxy A17 5G,2,4/256Gb,Gray
9894,Samsung Galaxy A17 5G,2,8/256Gb,Black
9895,Samsung Galaxy A17 5G,2,8/256Gb,Blue
9896,Samsung Galaxy A17 5G,2,8/256Gb,Gray
9897,"Apple MacBook Air 15"" (M2)",22,8/256Gb,
9898,"Apple MacBook Air 15"" (M2)",22,8/512Gb,
9899,"Apple MacBook Air 15"" (M2)",22,8/1Tb,
9900,"Apple MacBook Air 15"" (M2)",22,8/2Tb,
9901,"Apple MacBook Air 15"" (M2)",22,16/256Gb,
9902,"Apple MacBook Air 15"" (M2)",22,16/512Gb,
9903,"Apple MacBook Air 15"" (M2)",22,16/1Tb,
9904,"Apple MacBook Air 15"" (M2)",22,16/2Tb,
9905,"Apple MacBook Air 15"" (M2)",22,24/256Gb,
9906,"Apple MacBook Air 15"" (M2)",22,24/512Gb,
9907,"Apple MacBook Air 15"" (M2)",22,24/1Tb,
9908,"Apple MacBook Air 15"" (M2)",22,24/2Tb,
9909,"Apple MacBook Air 13.6"" (M2)",22,8/256Gb,
9910,"Apple MacBook Air 13.6"" (M2)",22,8/512Gb,
9911,"Apple MacBook Air 13.6"" (M2)",22,8/1Tb,
9912,"Apple MacBook Air 13.6"" (M2)",22,8/2Tb,
9913,"Apple MacBook Air 13.6"" (M2)",22,16/256Gb,
9914,"Apple MacBook Air 13.6"" (M2)",22,16/512Gb,
9915,"Apple MacBook Air 13.6"" (M2)",22,16/1Tb,
9916,"Apple MacBook Air 13.6"" (M2)",22,16/2Tb,
9917,"Apple MacBook Air 13.6"" (M2)",22,24/256Gb,
9918,"Apple MacBook Air 13.6"" (M2)",22,24/512Gb,
9919,"Apple MacBook Air 13.6"" (M2)",22,24/1Tb,
9920,"Apple MacBook Air 13.6"" (M2)",22,24/2Tb,
9921,"Apple MacBook Pro 16"" (M3 Max)",22,18/512Gb,
9922,"Apple MacBook Pro 16"" (M3 Max)",22,18/1Tb,
9923,"Apple MacBook Pro 16"" (M3 Max)",22,18/2Tb,
9924,"Apple MacBook Pro 16"" (M3 Max)",22,18/4Tb,
9925,"Apple MacBook Pro 16"" (M3 Max)",22,18/8Tb,
9926,"Apple MacBook Pro 16"" (M3 Max)",22,36/512Gb,
9927,"Apple MacBook Pro 16"" (M3 Max)",22,36/1Tb,
9928,"Apple MacBook Pro 16"" (M3 Max)",22,36/2Tb,
9929,"Apple MacBook Pro 16"" (M3 Max)",22,36/4Tb,
9930,"Apple MacBook Pro 16"" (M3 Max)",22,36/8Tb,
9931,"Apple MacBook Pro 16"" (M3 Max)",22,48/512Gb,
9932,"Apple MacBook Pro 16"" (M3 Max)",22,48/1Tb,
9933,"Apple MacBook Pro 16"" (M3 Max)",22,48/2Tb,
9934,"Apple MacBook Pro 16"" (M3 Max)",22,48/4Tb,
9935,"Apple MacBook Pro 16"" (M3 Max)",22,48/8Tb,
9936,"Apple MacBook Pro 16"" (M3 Max)",22,64/512Gb,
9937,"Apple MacBook Pro 16"" (M3 Max)",22,64/1Tb,
9938,"Apple MacBook Pro 16"" (M3 Max)",22,64/2Tb,
9939,"Apple MacBook Pro 16"" (M3 Max)",22,64/4Tb,
9940,"Apple MacBook Pro 16"" (M3 Max)",22,64/8Tb,
9941,"Apple MacBook Pro 16"" (M3 Max)",22,96/512Gb,
9942,"Apple MacBook Pro 16"" (M3 Max)",22,96/1Tb,
9943,"Apple MacBook Pro 16"" (M3 Max)",22,96/2Tb,
9944,"Apple MacBook Pro 16"" (M3 Max)",22,96/4Tb,
9945,"Apple MacBook Pro 16"" (M3 Max)",22,96/8Tb,
9946,"Apple MacBook Pro 16"" (M3 Max)",22,128/512Gb,
9947,"Apple MacBook Pro 16"" (M3 Max)",22,128/1Tb,
9948,"Apple MacBook Pro 16"" (M3 Max)",22,128/2Tb,
9949,"Apple MacBook Pro 16"" (M3 Max)",22,128/4Tb,
9950,"Apple MacBook Pro 16"" (M3 Max)",22,128/8Tb,
9951,"Apple MacBook Pro 14"" (M3)",22,8/512Gb,
9952,"Apple MacBook Pro 14"" (M3)",22,8/1Tb,
9953,"Apple MacBook Pro 14"" (M3)",22,8/2Tb,
9954,"Apple MacBook Pro 14"" (M3)",22,8/3Tb,
9955,"Apple MacBook Pro 14"" (M3)",22,8/4Tb,
9956,"Apple MacBook Pro 14"" (M3)",22,8/8Tb,
9957,"Apple MacBook Pro 14"" (M3)",22,16/512Gb,
9958,"Apple MacBook Pro 14"" (M3)",22,16/1Tb,
9959,"Apple MacBook Pro 14"" (M3)",22,16/2Tb,
9960,"Apple MacBook Pro 14"" (M3)",22,16/3Tb,
9961,"Apple MacBook Pro 14"" (M3)",22,16/4Tb,
9962,"Apple MacBook Pro 14"" (M3)",22,16/8Tb,
9963,"Apple MacBook Pro 14"" (M3)",22,18/512Gb,
9964,"Apple MacBook Pro 14"" (M3)",22,18/1Tb,
9965,"Apple MacBook Pro 14"" (M3)",22,18/2Tb,
9966,"Apple MacBook Pro 14"" (M3)",22,18/3Tb,
9967,"Apple MacBook Pro 14"" (M3)",22,18/4Tb,
9968,"Apple MacBook Pro 14"" (M3)",22,18/8Tb,
9969,"Apple MacBook Pro 14"" (M3)",22,24/512Gb,
9970,"Apple MacBook Pro 14"" (M3)",22,24/1Tb,
9971,"Apple MacBook Pro 14"" (M3)",22,24/2Tb,
9972,"Apple MacBook Pro 14"" (M3)",22,24/3Tb,
9973,"Apple MacBook Pro 14"" (M3)",22,24/4Tb,
9974,"Apple MacBook Pro 14"" (M3)",22,24/8Tb,
9975,"Apple MacBook Pro 14"" (M3)",22,36/512Gb,
9976,"Apple MacBook Pro 14"" (M3)",22,36/1Tb,
9977,"Apple MacBook Pro 14"" (M3)",22,36/2Tb,
9978,"Apple MacBook Pro 14"" (M3)",22,36/3Tb,
9979,"Apple MacBook Pro 14"" (M3)",22,36/4Tb,
9980,"Apple MacBook Pro 14"" (M3)",22,36/8Tb,
9981,"Apple MacBook Pro 14"" (M3)",22,48/512Gb,
9982,"Apple MacBook Pro 14"" (M3)",22,48/1Tb,
9983,"Apple MacBook Pro 14"" (M3)",22,48/2Tb,
9984,"Apple MacBook Pro 14"" (M3)",22,48/3Tb,
9985,"Apple MacBook Pro 14"" (M3)",22,48/4Tb,
9986,"Apple MacBook Pro 14"" (M3)",22,48/8Tb,
9987,"Apple MacBook Pro 14"" (M3)",22,64/512Gb,
9988,"Apple MacBook Pro 14"" (M3)",22,64/1Tb,
9989,"Apple MacBook Pro 14"" (M3)",22,64/2Tb,
9990,"Apple MacBook Pro 14"" (M3)",22,64/3Tb,
9991,"Apple MacBook Pro 14"" (M3)",22,64/4Tb,
9992,"Apple MacBook Pro 14"" (M3)",22,64/8Tb,
9993,"Apple MacBook Pro 14"" (M3)",22,96/512Gb,
9994,"Apple MacBook Pro 14"" (M3)",22,96/1Tb,
9995,"Apple MacBook Pro 14"" (M3)",22,96/2Tb,
9996,"Apple MacBook Pro 14"" (M3)",22,96/3Tb,
9997,"Apple MacBook Pro 14"" (M3)",22,96/4Tb,
9998,"Apple MacBook Pro 14"" (M3)",22,96/8Tb,
9999,"Apple MacBook Pro 14"" (M3)",22,128/512Gb,
10000,"Apple MacBook Pro 14"" (M3)",22,128/1Tb,
10001,"Apple MacBook Pro 14"" (M3)",22,128/2Tb,
10002,"Apple MacBook Pro 14"" (M3)",22,128/3Tb,
10003,"Apple MacBook Pro 14"" (M3)",22,128/4Tb,
10004,"Apple MacBook Pro 14"" (M3)",22,128/8Tb,
10005,"Apple MacBook Pro 16"" (M2 Max)",22,16/512Gb,
10006,"Apple MacBook Pro 16"" (M2 Max)",22,16/1Tb,
10007,"Apple MacBook Pro 16"" (M2 Max)",22,16/2Tb,
10008,"Apple MacBook Pro 16"" (M2 Max)",22,16/4Tb,
10009,"Apple MacBook Pro 16"" (M2 Max)",22,16/8Tb,
10010,"Apple MacBook Pro 16"" (M2 Max)",22,32/512Gb,
10011,"Apple MacBook Pro 16"" (M2 Max)",22,32/1Tb,
10012,"Apple MacBook Pro 16"" (M2 Max)",22,32/2Tb,
10013,"Apple MacBook Pro 16"" (M2 Max)",22,32/4Tb,
10014,"Apple MacBook Pro 16"" (M2 Max)",22,32/8Tb,
10015,"Apple MacBook Pro 16"" (M2 Max)",22,64/512Gb,
10016,"Apple MacBook Pro 16"" (M2 Max)",22,64/1Tb,
10017,"Apple MacBook Pro 16"" (M2 Max)",22,64/2Tb,
10018,"Apple MacBook Pro 16"" (M2 Max)",22,64/4Tb,
10019,"Apple MacBook Pro 16"" (M2 Max)",22,64/8Tb,
10020,"Apple MacBook Pro 16"" (M2 Max)",22,96/512Gb,
10021,"Apple MacBook Pro 16"" (M2 Max)",22,96/1Tb,
10022,"Apple MacBook Pro 16"" (M2 Max)",22,96/2Tb,
10023,"Apple MacBook Pro 16"" (M2 Max)",22,96/4Tb,
10024,"Apple MacBook Pro 16"" (M2 Max)",22,96/8Tb,
10025,"Apple MacBook Pro 16"" (M3 Pro)",22,18/512Gb,
10026,"Apple MacBook Pro 16"" (M3 Pro)",22,18/1Tb,
10027,"Apple MacBook Pro 16"" (M3 Pro)",22,18/2Tb,
10028,"Apple MacBook Pro 16"" (M3 Pro)",22,18/4Tb,
10029,"Apple MacBook Pro 16"" (M3 Pro)",22,18/8Tb,
10030,"Apple MacBook Pro 16"" (M3 Pro)",22,36/512Gb,
10031,"Apple MacBook Pro 16"" (M3 Pro)",22,36/1Tb,
10032,"Apple MacBook Pro 16"" (M3 Pro)",22,36/2Tb,
10033,"Apple MacBook Pro 16"" (M3 Pro)",22,36/4Tb,
10034,"Apple MacBook Pro 16"" (M3 Pro)",22,36/8Tb,
10035,"Apple MacBook Pro 16"" (M3 Pro)",22,48/512Gb,
10036,"Apple MacBook Pro 16"" (M3 Pro)",22,48/1Tb,
10037,"Apple MacBook Pro 16"" (M3 Pro)",22,48/2Tb,
10038,"Apple MacBook Pro 16"" (M3 Pro)",22,48/4Tb,
10039,"Apple MacBook Pro 16"" (M3 Pro)",22,48/8Tb,
10040,"Apple MacBook Pro 16"" (M3 Pro)",22,64/512Gb,
10041,"Apple MacBook Pro 16"" (M3 Pro)",22,64/1Tb,
10042,"Apple MacBook Pro 16"" (M3 Pro)",22,64/2Tb,
10043,"Apple MacBook Pro 16"" (M3 Pro)",22,64/4Tb,
10044,"Apple MacBook Pro 16"" (M3 Pro)",22,64/8Tb,
10045,"Apple MacBook Pro 16"" (M3 Pro)",22,96/512Gb,
10046,"Apple MacBook Pro 16"" (M3 Pro)",22,96/1Tb,
10047,"Apple MacBook Pro 16"" (M3 Pro)",22,96/2Tb,
10048,"Apple MacBook Pro 16"" (M3 Pro)",22,96/4Tb,
10049,"Apple MacBook Pro 16"" (M3 Pro)",22,96/8Tb,
10050,"Apple MacBook Pro 16"" (M3 Pro)",22,128/512Gb,
10051,"Apple MacBook Pro 16"" (M3 Pro)",22,128/1Tb,
10052,"Apple MacBook Pro 16"" (M3 Pro)",22,128/2Tb,
10053,"Apple MacBook Pro 16"" (M3 Pro)",22,128/4Tb,
10054,"Apple MacBook Pro 16"" (M3 Pro)",22,128/8Tb,
10055,"Apple MacBook Air 13.3"" (M1)",22,8/256Gb,
10056,"Apple MacBook Air 13.3"" (M1)",22,8/512Gb,
10057,"Apple MacBook Air 13.3"" (M1)",22,8/1Tb,
10058,"Apple MacBook Air 13.3"" (M1)",22,8/2Tb,
10059,"Apple MacBook Air 13.3"" (M1)",22,16/256Gb,
10060,"Apple MacBook Air 13.3"" (M1)",22,16/512Gb,
10061,"Apple MacBook Air 13.3"" (M1)",22,16/1Tb,
10062,"Apple MacBook Air 13.3"" (M1)",22,16/2Tb,
10063,"Apple MacBook Pro 16"" (M2 Pro)",22,16/512Gb,
10064,"Apple MacBook Pro 16"" (M2 Pro)",22,16/1Tb,
10065,"Apple MacBook Pro 16"" (M2 Pro)",22,16/2Tb,
10066,"Apple MacBook Pro 16"" (M2 Pro)",22,16/4Tb,
10067,"Apple MacBook Pro 16"" (M2 Pro)",22,16/8Tb,
10068,"Apple MacBook Pro 16"" (M2 Pro)",22,32/512Gb,
10069,"Apple MacBook Pro 16"" (M2 Pro)",22,32/1Tb,
10070,"Apple MacBook Pro 16"" (M2 Pro)",22,32/2Tb,
10071,"Apple MacBook Pro 16"" (M2 Pro)",22,32/4Tb,
10072,"Apple MacBook Pro 16"" (M2 Pro)",22,32/8Tb,
10073,"Apple MacBook Pro 16"" (M2 Pro)",22,64/512Gb,
10074,"Apple MacBook Pro 16"" (M2 Pro)",22,64/1Tb,
10075,"Apple MacBook Pro 16"" (M2 Pro)",22,64/2Tb,
10076,"Apple MacBook Pro 16"" (M2 Pro)",22,64/4Tb,
10077,"Apple MacBook Pro 16"" (M2 Pro)",22,64/8Tb,
10078,"Apple MacBook Pro 16"" (M2 Pro)",22,96/512Gb,
10079,"Apple MacBook Pro 16"" (M2 Pro)",22,96/1Tb,
10080,"Apple MacBook Pro 16"" (M2 Pro)",22,96/2Tb,
10081,"Apple MacBook Pro 16"" (M2 Pro)",22,96/4Tb,
10082,"Apple MacBook Pro 16"" (M2 Pro)",22,96/8Tb,
10083,"Apple MacBook Pro 13"" (M1)",22,8/256Gb,
10084,"Apple MacBook Pro 13"" (M1)",22,8/512Gb,
10085,"Apple MacBook Pro 13"" (M1)",22,8/1Tb,
10086,"Apple MacBook Pro 13"" (M1)",22,8/2Tb,
10087,"Apple MacBook Pro 13"" (M1)",22,16/256Gb,
10088,"Apple MacBook Pro 13"" (M1)",22,16/512Gb,
10089,"Apple MacBook Pro 13"" (M1)",22,16/1Tb,
10090,"Apple MacBook Pro 13"" (M1)",22,16/2Tb,
10091,"Apple MacBook Pro 14"" (M3 Pro)",22,8/512Gb,
10092,"Apple MacBook Pro 14"" (M3 Pro)",22,8/1Tb,
10093,"Apple MacBook Pro 14"" (M3 Pro)",22,8/2Tb,
10094,"Apple MacBook Pro 14"" (M3 Pro)",22,8/3Tb,
10095,"Apple MacBook Pro 14"" (M3 Pro)",22,8/4Tb,
10096,"Apple MacBook Pro 14"" (M3 Pro)",22,8/8Tb,
10097,"Apple MacBook Pro 14"" (M3 Pro)",22,16/512Gb,
10098,"Apple MacBook Pro 14"" (M3 Pro)",22,16/1Tb,
10099,"Apple MacBook Pro 14"" (M3 Pro)",22,16/2Tb,
10100,"Apple MacBook Pro 14"" (M3 Pro)",22,16/3Tb,
10101,"Apple MacBook Pro 14"" (M3 Pro)",22,16/4Tb,
10102,"Apple MacBook Pro 14"" (M3 Pro)",22,16/8Tb,
10103,"Apple MacBook Pro 14"" (M3 Pro)",22,18/512Gb,
10104,"Apple MacBook Pro 14"" (M3 Pro)",22,18/1Tb,
10105,"Apple MacBook Pro 14"" (M3 Pro)",22,18/2Tb,
10106,"Apple MacBook Pro 14"" (M3 Pro)",22,18/3Tb,
10107,"Apple MacBook Pro 14"" (M3 Pro)",22,18/4Tb,
10108,"Apple MacBook Pro 14"" (M3 Pro)",22,18/8Tb,
10109,"Apple MacBook Pro 14"" (M3 Pro)",22,24/512Gb,
10110,"Apple MacBook Pro 14"" (M3 Pro)",22,24/1Tb,
10111,"Apple MacBook Pro 14"" (M3 Pro)",22,24/2Tb,
10112,"Apple MacBook Pro 14"" (M3 Pro)",22,24/3Tb,
10113,"Apple MacBook Pro 14"" (M3 Pro)",22,24/4Tb,
10114,"Apple MacBook Pro 14"" (M3 Pro)",22,24/8Tb,
10115,"Apple MacBook Pro 14"" (M3 Pro)",22,36/512Gb,
10116,"Apple MacBook Pro 14"" (M3 Pro)",22,36/1Tb,
10117,"Apple MacBook Pro 14"" (M3 Pro)",22,36/2Tb,
10118,"Apple MacBook Pro 14"" (M3 Pro)",22,36/3Tb,
10119,"Apple MacBook Pro 14"" (M3 Pro)",22,36/4Tb,
10120,"Apple MacBook Pro 14"" (M3 Pro)",22,36/8Tb,
10121,"Apple MacBook Pro 14"" (M3 Pro)",22,48/512Gb,
10122,"Apple MacBook Pro 14"" (M3 Pro)",22,48/1Tb,
10123,"Apple MacBook Pro 14"" (M3 Pro)",22,48/2Tb,
10124,"Apple MacBook Pro 14"" (M3 Pro)",22,48/3Tb,
10125,"Apple MacBook Pro 14"" (M3 Pro)",22,48/4Tb,
10126,"Apple MacBook Pro 14"" (M3 Pro)",22,48/8Tb,
10127,"Apple MacBook Pro 14"" (M3 Pro)",22,64/512Gb,
10128,"Apple MacBook Pro 14"" (M3 Pro)",22,64/1Tb,
10129,"Apple MacBook Pro 14"" (M3 Pro)",22,64/2Tb,
10130,"Apple MacBook Pro 14"" (M3 Pro)",22,64/3Tb,
10131,"Apple MacBook Pro 14"" (M3 Pro)",22,64/4Tb,
10132,"Apple MacBook Pro 14"" (M3 Pro)",22,64/8Tb,
10133,"Apple MacBook Pro 14"" (M3 Pro)",22,96/512Gb,
10134,"Apple MacBook Pro 14"" (M3 Pro)",22,96/1Tb,
10135,"Apple MacBook Pro 14"" (M3 Pro)",22,96/2Tb,
10136,"Apple MacBook Pro 14"" (M3 Pro)",22,96/3Tb,
10137,"Apple MacBook Pro 14"" (M3 Pro)",22,96/4Tb,
10138,"Apple MacBook Pro 14"" (M3 Pro)",22,96/8Tb,
10139,"Apple MacBook Pro 14"" (M3 Pro)",22,128/512Gb,
10140,"Apple MacBook Pro 14"" (M3 Pro)",22,128/1Tb,
10141,"Apple MacBook Pro 14"" (M3 Pro)",22,128/2Tb,
10142,"Apple MacBook Pro 14"" (M3 Pro)",22,128/3Tb,
10143,"Apple MacBook Pro 14"" (M3 Pro)",22,128/4Tb,
10144,"Apple MacBook Pro 14"" (M3 Pro)",22,128/8Tb,
10145,"Apple MacBook Pro 14"" (M2 Pro)",22,16/512Gb,
10146,"Apple MacBook Pro 14"" (M2 Pro)",22,16/1Tb,
10147,"Apple MacBook Pro 14"" (M2 Pro)",22,16/2Tb,
10148,"Apple MacBook Pro 14"" (M2 Pro)",22,16/4Tb,
10149,"Apple MacBook Pro 14"" (M2 Pro)",22,16/8Tb,
10150,"Apple MacBook Pro 14"" (M2 Pro)",22,32/512Gb,
10151,"Apple MacBook Pro 14"" (M2 Pro)",22,32/1Tb,
10152,"Apple MacBook Pro 14"" (M2 Pro)",22,32/2Tb,
10153,"Apple MacBook Pro 14"" (M2 Pro)",22,32/4Tb,
10154,"Apple MacBook Pro 14"" (M2 Pro)",22,32/8Tb,
10155,"Apple MacBook Pro 14"" (M2 Pro)",22,64/512Gb,
10156,"Apple MacBook Pro 14"" (M2 Pro)",22,64/1Tb,
10157,"Apple MacBook Pro 14"" (M2 Pro)",22,64/2Tb,
10158,"Apple MacBook Pro 14"" (M2 Pro)",22,64/4Tb,
10159,"Apple MacBook Pro 14"" (M2 Pro)",22,64/8Tb,
10160,"Apple MacBook Pro 14"" (M2 Pro)",22,96/512Gb,
10161,"Apple MacBook Pro 14"" (M2 Pro)",22,96/1Tb,
10162,"Apple MacBook Pro 14"" (M2 Pro)",22,96/2Tb,
10163,"Apple MacBook Pro 14"" (M2 Pro)",22,96/4Tb,
10164,"Apple MacBook Pro 14"" (M2 Pro)",22,96/8Tb,
10165,"Apple MacBook Pro 14"" (M3 Max)",22,8/512Gb,
10166,"Apple MacBook Pro 14"" (M3 Max)",22,8/1Tb,
10167,"Apple MacBook Pro 14"" (M3 Max)",22,8/2Tb,
10168,"Apple MacBook Pro 14"" (M3 Max)",22,8/3Tb,
10169,"Apple MacBook Pro 14"" (M3 Max)",22,8/4Tb,
10170,"Apple MacBook Pro 14"" (M3 Max)",22,8/8Tb,
10171,"Apple MacBook Pro 14"" (M3 Max)",22,16/512Gb,
10172,"Apple MacBook Pro 14"" (M3 Max)",22,16/1Tb,
10173,"Apple MacBook Pro 14"" (M3 Max)",22,16/2Tb,
10174,"Apple MacBook Pro 14"" (M3 Max)",22,16/3Tb,
10175,"Apple MacBook Pro 14"" (M3 Max)",22,16/4Tb,
10176,"Apple MacBook Pro 14"" (M3 Max)",22,16/8Tb,
10177,"Apple MacBook Pro 14"" (M3 Max)",22,18/512Gb,
10178,"Apple MacBook Pro 14"" (M3 Max)",22,18/1Tb,
10179,"Apple MacBook Pro 14"" (M3 Max)",22,18/2Tb,
10180,"Apple MacBook Pro 14"" (M3 Max)",22,18/3Tb,
10181,"Apple MacBook Pro 14"" (M3 Max)",22,18/4Tb,
10182,"Apple MacBook Pro 14"" (M3 Max)",22,18/8Tb,
10183,"Apple MacBook Pro 14"" (M3 Max)",22,24/512Gb,
10184,"Apple MacBook Pro 14"" (M3 Max)",22,24/1Tb,
10185,"Apple MacBook Pro 14"" (M3 Max)",22,24/2Tb,
10186,"Apple MacBook Pro 14"" (M3 Max)",22,24/3Tb,
10187,"Apple MacBook Pro 14"" (M3 Max)",22,24/4Tb,
10188,"Apple MacBook Pro 14"" (M3 Max)",22,24/8Tb,
10189,"Apple MacBook Pro 14"" (M3 Max)",22,36/512Gb,
10190,"Apple MacBook Pro 14"" (M3 Max)",22,36/1Tb,
10191,"Apple MacBook Pro 14"" (M3 Max)",22,36/2Tb,
10192,"Apple MacBook Pro 14"" (M3 Max)",22,36/3Tb,
10193,"Apple MacBook Pro 14"" (M3 Max)",22,36/4Tb,
10194,"Apple MacBook Pro 14"" (M3 Max)",22,36/8Tb,
10195,"Apple MacBook Pro 14"" (M3 Max)",22,48/512Gb,
10196,"Apple MacBook Pro 14"" (M3 Max)",22,48/1Tb,
10197,"Apple MacBook Pro 14"" (M3 Max)",22,48/2Tb,
10198,"Apple MacBook Pro 14"" (M3 Max)",22,48/3Tb,
10199,"Apple MacBook Pro 14"" (M3 Max)",22,48/4Tb,
10200,"Apple MacBook Pro 14"" (M3 Max)",22,48/8Tb,
10201,"Apple MacBook Pro 14"" (M3 Max)",22,64/512Gb,
10202,"Apple MacBook Pro 14"" (M3 Max)",22,64/1Tb,
10203,"Apple MacBook Pro 14"" (M3 Max)",22,64/2Tb,
10204,"Apple MacBook Pro 14"" (M3 Max)",22,64/3Tb,
10205,"Apple MacBook Pro 14"" (M3 Max)",22,64/4Tb,
10206,"Apple MacBook Pro 14"" (M3 Max)",22,64/8Tb,
10207,"Apple MacBook Pro 14"" (M3 Max)",22,96/512Gb,
10208,"Apple MacBook Pro 14"" (M3 Max)",22,96/1Tb,
10209,"Apple MacBook Pro 14"" (M3 Max)",22,96/2Tb,
10210,"Apple MacBook Pro 14"" (M3 Max)",22,96/3Tb,
10211,"Apple MacBook Pro 14"" (M3 Max)",22,96/4Tb,
10212,"Apple MacBook Pro 14"" (M3 Max)",22,96/8Tb,
10213,"Apple MacBook Pro 14"" (M3 Max)",22,128/512Gb,
10214,"Apple MacBook Pro 14"" (M3 Max)",22,128/1Tb,
10215,"Apple MacBook Pro 14"" (M3 Max)",22,128/2Tb,
10216,"Apple MacBook Pro 14"" (M3 Max)",22,128/3Tb,
10217,"Apple MacBook Pro 14"" (M3 Max)",22,128/4Tb,
10218,"Apple MacBook Pro 14"" (M3 Max)",22,128/8Tb,
10219,"Apple MacBook Pro 14"" (M1 Pro)",22,16/512Gb,
10220,"Apple MacBook Pro 14"" (M1 Pro)",22,16/1Tb,
10221,"Apple MacBook Pro 14"" (M1 Pro)",22,16/2Tb,
10222,"Apple MacBook Pro 14"" (M1 Pro)",22,16/4Tb,
10223,"Apple MacBook Pro 14"" (M1 Pro)",22,16/8Tb,
10224,"Apple MacBook Pro 14"" (M1 Pro)",22,24/512Gb,
10225,"Apple MacBook Pro 14"" (M1 Pro)",22,24/1Tb,
10226,"Apple MacBook Pro 14"" (M1 Pro)",22,24/2Tb,
10227,"Apple MacBook Pro 14"" (M1 Pro)",22,24/4Tb,
10228,"Apple MacBook Pro 14"" (M1 Pro)",22,24/8Tb,
10229,"Apple MacBook Pro 14"" (M1 Pro)",22,32/512Gb,
10230,"Apple MacBook Pro 14"" (M1 Pro)",22,32/1Tb,
10231,"Apple MacBook Pro 14"" (M1 Pro)",22,32/2Tb,
10232,"Apple MacBook Pro 14"" (M1 Pro)",22,32/4Tb,
10233,"Apple MacBook Pro 14"" (M1 Pro)",22,32/8Tb,
10234,"Apple MacBook Pro 13"" (M2)",22,8/256Gb,
10235,"Apple MacBook Pro 13"" (M2)",22,8/512Gb,
10236,"Apple MacBook Pro 13"" (M2)",22,8/1Tb,
10237,"Apple MacBook Pro 13"" (M2)",22,8/2Tb,
10238,"Apple MacBook Pro 13"" (M2)",22,16/256Gb,
10239,"Apple MacBook Pro 13"" (M2)",22,16/512Gb,
10240,"Apple MacBook Pro 13"" (M2)",22,16/1Tb,
10241,"Apple MacBook Pro 13"" (M2)",22,16/2Tb,
10242,"Apple MacBook Pro 13"" (M2)",22,24/256Gb,
10243,"Apple MacBook Pro 13"" (M2)",22,24/512Gb,
10244,"Apple MacBook Pro 13"" (M2)",22,24/1Tb,
10245,"Apple MacBook Pro 13"" (M2)",22,24/2Tb,
10246,"Apple MacBook Pro 14"" (M2 Max)",22,16/512Gb,
10247,"Apple MacBook Pro 14"" (M2 Max)",22,16/1Tb,
10248,"Apple MacBook Pro 14"" (M2 Max)",22,16/2Tb,
10249,"Apple MacBook Pro 14"" (M2 Max)",22,16/4Tb,
10250,"Apple MacBook Pro 14"" (M2 Max)",22,16/8Tb,
10251,"Apple MacBook Pro 14"" (M2 Max)",22,32/512Gb,
10252,"Apple MacBook Pro 14"" (M2 Max)",22,32/1Tb,
10253,"Apple MacBook Pro 14"" (M2 Max)",22,32/2Tb,
10254,"Apple MacBook Pro 14"" (M2 Max)",22,32/4Tb,
10255,"Apple MacBook Pro 14"" (M2 Max)",22,32/8Tb,
10256,"Apple MacBook Pro 14"" (M2 Max)",22,64/512Gb,
10257,"Apple MacBook Pro 14"" (M2 Max)",22,64/1Tb,
10258,"Apple MacBook Pro 14"" (M2 Max)",22,64/2Tb,
10259,"Apple MacBook Pro 14"" (M2 Max)",22,64/4Tb,
10260,"Apple MacBook Pro 14"" (M2 Max)",22,64/8Tb,
10261,"Apple MacBook Pro 14"" (M2 Max)",22,96/512Gb,
10262,"Apple MacBook Pro 14"" (M2 Max)",22,96/1Tb,
10263,"Apple MacBook Pro 14"" (M2 Max)",22,96/2Tb,
10264,"Apple MacBook Pro 14"" (M2 Max)",22,96/4Tb,
10265,"Apple MacBook Pro 14"" (M2 Max)",22,96/8Tb,
10266,"Apple MacBook Air 13.6"" (M3)",22,8/256Gb,
10267,"Apple MacBook Air 13.6"" (M3)",22,8/512Gb,
10268,"Apple MacBook Air 13.6"" (M3)",22,8/1Tb,
10269,"Apple MacBook Air 13.6"" (M3)",22,8/2Tb,
10270,"Apple MacBook Air 13.6"" (M3)",22,16/256Gb,
10271,"Apple MacBook Air 13.6"" (M3)",22,16/512Gb,
10272,"Apple MacBook Air 13.6"" (M3)",22,16/1Tb,
10273,"Apple MacBook Air 13.6"" (M3)",22,16/2Tb,
10274,"Apple MacBook Air 13.6"" (M3)",22,24/256Gb,
10275,"Apple MacBook Air 13.6"" (M3)",22,24/512Gb,
10276,"Apple MacBook Air 13.6"" (M3)",22,24/1Tb,
10277,"Apple MacBook Air 13.6"" (M3)",22,24/2Tb,
10278,"Apple MacBook Air 15"" (M3)",22,8/256Gb,
10279,"Apple MacBook Air 15"" (M3)",22,8/512Gb,
10280,"Apple MacBook Air 15"" (M3)",22,8/1Tb,
10281,"Apple MacBook Air 15"" (M3)",22,8/2Tb,
10282,"Apple MacBook Air 15"" (M3)",22,16/256Gb,
10283,"Apple MacBook Air 15"" (M3)",22,16/512Gb,
10284,"Apple MacBook Air 15"" (M3)",22,16/1Tb,
10285,"Apple MacBook Air 15"" (M3)",22,16/2Tb,
10286,"Apple MacBook Air 15"" (M3)",22,24/256Gb,
10287,"Apple MacBook Air 15"" (M3)",22,24/512Gb,
10288,"Apple MacBook Air 15"" (M3)",22,24/1Tb,
10289,"Apple MacBook Air 15"" (M3)",22,24/2Tb,
10290,"Apple MacBook Pro 16"" (M4 Max 16-Core)",22,24/512Gb,
10291,"Apple MacBook Pro 16"" (M4 Max 16-Core)",22,24/1Tb,
10292,"Apple MacBook Pro 16"" (M4 Max 16-Core)",22,24/2Tb,
10293,"Apple MacBook Pro 16"" (M4 Max 16-Core)",22,24/4Tb,
10294,"Apple MacBook Pro 16"" (M4 Max 16-Core)",22,24/8Tb,
10295,"Apple MacBook Pro 16"" (M4 Max 16-Core)",22,36/512Gb,
10296,"Apple MacBook Pro 16"" (M4 Max 16-Core)",22,36/1Tb,
10297,"Apple MacBook Pro 16"" (M4 Max 16-Core)",22,36/2Tb,
10298,"Apple MacBook Pro 16"" (M4 Max 16-Core)",22,36/4Tb,
10299,"Apple MacBook Pro 16"" (M4 Max 16-Core)",22,36/8Tb,
10300,"Apple MacBook Pro 16"" (M4 Max 16-Core)",22,48/512Gb,
10301,"Apple MacBook Pro 16"" (M4 Max 16-Core)",22,48/1Tb,
10302,"Apple MacBook Pro 16"" (M4 Max 16-Core)",22,48/2Tb,
10303,"Apple MacBook Pro 16"" (M4 Max 16-Core)",22,48/4Tb,
10304,"Apple MacBook Pro 16"" (M4 Max 16-Core)",22,48/8Tb,
10305,"Apple MacBook Pro 16"" (M4 Max 16-Core)",22,64/512Gb,
10306,"Apple MacBook Pro 16"" (M4 Max 16-Core)",22,64/1Tb,
10307,"Apple MacBook Pro 16"" (M4 Max 16-Core)",22,64/2Tb,
10308,"Apple MacBook Pro 16"" (M4 Max 16-Core)",22,64/4Tb,
10309,"Apple MacBook Pro 16"" (M4 Max 16-Core)",22,64/8Tb,
10310,"Apple MacBook Pro 16"" (M4 Max 16-Core)",22,128/512Gb,
10311,"Apple MacBook Pro 16"" (M4 Max 16-Core)",22,128/1Tb,
10312,"Apple MacBook Pro 16"" (M4 Max 16-Core)",22,128/2Tb,
10313,"Apple MacBook Pro 16"" (M4 Max 16-Core)",22,128/4Tb,
10314,"Apple MacBook Pro 16"" (M4 Max 16-Core)",22,128/8Tb,
10315,"Apple MacBook Pro 14"" (M4 Max 14-Core)",22,16/512Gb,
10316,"Apple MacBook Pro 14"" (M4 Max 14-Core)",22,16/1Tb,
10317,"Apple MacBook Pro 14"" (M4 Max 14-Core)",22,16/2Tb,
10318,"Apple MacBook Pro 14"" (M4 Max 14-Core)",22,16/4Tb,
10319,"Apple MacBook Pro 14"" (M4 Max 14-Core)",22,16/8Tb,
10320,"Apple MacBook Pro 14"" (M4 Max 14-Core)",22,24/512Gb,
10321,"Apple MacBook Pro 14"" (M4 Max 14-Core)",22,24/1Tb,
10322,"Apple MacBook Pro 14"" (M4 Max 14-Core)",22,24/2Tb,
10323,"Apple MacBook Pro 14"" (M4 Max 14-Core)",22,24/4Tb,
10324,"Apple MacBook Pro 14"" (M4 Max 14-Core)",22,24/8Tb,
10325,"Apple MacBook Pro 14"" (M4 Max 14-Core)",22,32/512Gb,
10326,"Apple MacBook Pro 14"" (M4 Max 14-Core)",22,32/1Tb,
10327,"Apple MacBook Pro 14"" (M4 Max 14-Core)",22,32/2Tb,
10328,"Apple MacBook Pro 14"" (M4 Max 14-Core)",22,32/4Tb,
10329,"Apple MacBook Pro 14"" (M4 Max 14-Core)",22,32/8Tb,
10330,"Apple MacBook Pro 14"" (M4 Max 14-Core)",22,36/512Gb,
10331,"Apple MacBook Pro 14"" (M4 Max 14-Core)",22,36/1Tb,
10332,"Apple MacBook Pro 14"" (M4 Max 14-Core)",22,36/2Tb,
10333,"Apple MacBook Pro 14"" (M4 Max 14-Core)",22,36/4Tb,
10334,"Apple MacBook Pro 14"" (M4 Max 14-Core)",22,36/8Tb,
10335,"Apple MacBook Pro 14"" (M4 Max 14-Core)",22,48/512Gb,
10336,"Apple MacBook Pro 14"" (M4 Max 14-Core)",22,48/1Tb,
10337,"Apple MacBook Pro 14"" (M4 Max 14-Core)",22,48/2Tb,
10338,"Apple MacBook Pro 14"" (M4 Max 14-Core)",22,48/4Tb,
10339,"Apple MacBook Pro 14"" (M4 Max 14-Core)",22,48/8Tb,
10340,"Apple MacBook Pro 14"" (M4 Max 14-Core)",22,64/512Gb,
10341,"Apple MacBook Pro 14"" (M4 Max 14-Core)",22,64/1Tb,
10342,"Apple MacBook Pro 14"" (M4 Max 14-Core)",22,64/2Tb,
10343,"Apple MacBook Pro 14"" (M4 Max 14-Core)",22,64/4Tb,
10344,"Apple MacBook Pro 14"" (M4 Max 14-Core)",22,64/8Tb,
10345,"Apple MacBook Pro 14"" (M4 Max 14-Core)",22,128/512Gb,
10346,"Apple MacBook Pro 14"" (M4 Max 14-Core)",22,128/1Tb,
10347,"Apple MacBook Pro 14"" (M4 Max 14-Core)",22,128/2Tb,
10348,"Apple MacBook Pro 14"" (M4 Max 14-Core)",22,128/4Tb,
10349,"Apple MacBook Pro 14"" (M4 Max 14-Core)",22,128/8Tb,
10350,"Apple MacBook Pro 16"" (M4 Pro 14-Core)",22,24/512Gb,
10351,"Apple MacBook Pro 16"" (M4 Pro 14-Core)",22,24/1Tb,
10352,"Apple MacBook Pro 16"" (M4 Pro 14-Core)",22,24/2Tb,
10353,"Apple MacBook Pro 16"" (M4 Pro 14-Core)",22,24/4Tb,
10354,"Apple MacBook Pro 16"" (M4 Pro 14-Core)",22,24/8Tb,
10355,"Apple MacBook Pro 16"" (M4 Pro 14-Core)",22,36/512Gb,
10356,"Apple MacBook Pro 16"" (M4 Pro 14-Core)",22,36/1Tb,
10357,"Apple MacBook Pro 16"" (M4 Pro 14-Core)",22,36/2Tb,
10358,"Apple MacBook Pro 16"" (M4 Pro 14-Core)",22,36/4Tb,
10359,"Apple MacBook Pro 16"" (M4 Pro 14-Core)",22,36/8Tb,
10360,"Apple MacBook Pro 16"" (M4 Pro 14-Core)",22,48/512Gb,
10361,"Apple MacBook Pro 16"" (M4 Pro 14-Core)",22,48/1Tb,
10362,"Apple MacBook Pro 16"" (M4 Pro 14-Core)",22,48/2Tb,
10363,"Apple MacBook Pro 16"" (M4 Pro 14-Core)",22,48/4Tb,
10364,"Apple MacBook Pro 16"" (M4 Pro 14-Core)",22,48/8Tb,
10365,"Apple MacBook Pro 16"" (M4 Pro 14-Core)",22,64/512Gb,
10366,"Apple MacBook Pro 16"" (M4 Pro 14-Core)",22,64/1Tb,
10367,"Apple MacBook Pro 16"" (M4 Pro 14-Core)",22,64/2Tb,
10368,"Apple MacBook Pro 16"" (M4 Pro 14-Core)",22,64/4Tb,
10369,"Apple MacBook Pro 16"" (M4 Pro 14-Core)",22,64/8Tb,
10370,"Apple MacBook Pro 16"" (M4 Pro 14-Core)",22,128/512Gb,
10371,"Apple MacBook Pro 16"" (M4 Pro 14-Core)",22,128/1Tb,
10372,"Apple MacBook Pro 16"" (M4 Pro 14-Core)",22,128/2Tb,
10373,"Apple MacBook Pro 16"" (M4 Pro 14-Core)",22,128/4Tb,
10374,"Apple MacBook Pro 16"" (M4 Pro 14-Core)",22,128/8Tb,
10375,"Apple MacBook Pro 14"" (M4 Pro 12-Core)",22,16/512Gb,
10376,"Apple MacBook Pro 14"" (M4 Pro 12-Core)",22,16/1Tb,
10377,"Apple MacBook Pro 14"" (M4 Pro 12-Core)",22,16/2Tb,
10378,"Apple MacBook Pro 14"" (M4 Pro 12-Core)",22,16/4Tb,
10379,"Apple MacBook Pro 14"" (M4 Pro 12-Core)",22,16/8Tb,
10380,"Apple MacBook Pro 14"" (M4 Pro 12-Core)",22,24/512Gb,
10381,"Apple MacBook Pro 14"" (M4 Pro 12-Core)",22,24/1Tb,
10382,"Apple MacBook Pro 14"" (M4 Pro 12-Core)",22,24/2Tb,
10383,"Apple MacBook Pro 14"" (M4 Pro 12-Core)",22,24/4Tb,
10384,"Apple MacBook Pro 14"" (M4 Pro 12-Core)",22,24/8Tb,
10385,"Apple MacBook Pro 14"" (M4 Pro 12-Core)",22,32/512Gb,
10386,"Apple MacBook Pro 14"" (M4 Pro 12-Core)",22,32/1Tb,
10387,"Apple MacBook Pro 14"" (M4 Pro 12-Core)",22,32/2Tb,
10388,"Apple MacBook Pro 14"" (M4 Pro 12-Core)",22,32/4Tb,
10389,"Apple MacBook Pro 14"" (M4 Pro 12-Core)",22,32/8Tb,
10390,"Apple MacBook Pro 14"" (M4 Pro 12-Core)",22,36/512Gb,
10391,"Apple MacBook Pro 14"" (M4 Pro 12-Core)",22,36/1Tb,
10392,"Apple MacBook Pro 14"" (M4 Pro 12-Core)",22,36/2Tb,
10393,"Apple MacBook Pro 14"" (M4 Pro 12-Core)",22,36/4Tb,
10394,"Apple MacBook Pro 14"" (M4 Pro 12-Core)",22,36/8Tb,
10395,"Apple MacBook Pro 14"" (M4 Pro 12-Core)",22,48/512Gb,
10396,"Apple MacBook Pro 14"" (M4 Pro 12-Core)",22,48/1Tb,
10397,"Apple MacBook Pro 14"" (M4 Pro 12-Core)",22,48/2Tb,
10398,"Apple MacBook Pro 14"" (M4 Pro 12-Core)",22,48/4Tb,
10399,"Apple MacBook Pro 14"" (M4 Pro 12-Core)",22,48/8Tb,
10400,"Apple MacBook Pro 14"" (M4 Pro 12-Core)",22,64/512Gb,
10401,"Apple MacBook Pro 14"" (M4 Pro 12-Core)",22,64/1Tb,
10402,"Apple MacBook Pro 14"" (M4 Pro 12-Core)",22,64/2Tb,
10403,"Apple MacBook Pro 14"" (M4 Pro 12-Core)",22,64/4Tb,
10404,"Apple MacBook Pro 14"" (M4 Pro 12-Core)",22,64/8Tb,
10405,"Apple MacBook Pro 14"" (M4 Pro 12-Core)",22,128/512Gb,
10406,"Apple MacBook Pro 14"" (M4 Pro 12-Core)",22,128/1Tb,
10407,"Apple MacBook Pro 14"" (M4 Pro 12-Core)",22,128/2Tb,
10408,"Apple MacBook Pro 14"" (M4 Pro 12-Core)",22,128/4Tb,
10409,"Apple MacBook Pro 14"" (M4 Pro 12-Core)",22,128/8Tb,
10410,"Apple MacBook Pro 14"" (M4 Max 16-Core)",22,16/512Gb,
10411,"Apple MacBook Pro 14"" (M4 Max 16-Core)",22,16/1Tb,
10412,"Apple MacBook Pro 14"" (M4 Max 16-Core)",22,16/2Tb,
10413,"Apple MacBook Pro 14"" (M4 Max 16-Core)",22,16/4Tb,
10414,"Apple MacBook Pro 14"" (M4 Max 16-Core)",22,16/8Tb,
10415,"Apple MacBook Pro 14"" (M4 Max 16-Core)",22,24/512Gb,
10416,"Apple MacBook Pro 14"" (M4 Max 16-Core)",22,24/1Tb,
10417,"Apple MacBook Pro 14"" (M4 Max 16-Core)",22,24/2Tb,
10418,"Apple MacBook Pro 14"" (M4 Max 16-Core)",22,24/4Tb,
10419,"Apple MacBook Pro 14"" (M4 Max 16-Core)",22,24/8Tb,
10420,"Apple MacBook Pro 14"" (M4 Max 16-Core)",22,32/512Gb,
10421,"Apple MacBook Pro 14"" (M4 Max 16-Core)",22,32/1Tb,
10422,"Apple MacBook Pro 14"" (M4 Max 16-Core)",22,32/2Tb,
10423,"Apple MacBook Pro 14"" (M4 Max 16-Core)",22,32/4Tb,
10424,"Apple MacBook Pro 14"" (M4 Max 16-Core)",22,32/8Tb,
10425,"Apple MacBook Pro 14"" (M4 Max 16-Core)",22,36/512Gb,
10426,"Apple MacBook Pro 14"" (M4 Max 16-Core)",22,36/1Tb,
10427,"Apple MacBook Pro 14"" (M4 Max 16-Core)",22,36/2Tb,
10428,"Apple MacBook Pro 14"" (M4 Max 16-Core)",22,36/4Tb,
10429,"Apple MacBook Pro 14"" (M4 Max 16-Core)",22,36/8Tb,
10430,"Apple MacBook Pro 14"" (M4 Max 16-Core)",22,48/512Gb,
10431,"Apple MacBook Pro 14"" (M4 Max 16-Core)",22,48/1Tb,
10432,"Apple MacBook Pro 14"" (M4 Max 16-Core)",22,48/2Tb,
10433,"Apple MacBook Pro 14"" (M4 Max 16-Core)",22,48/4Tb,
10434,"Apple MacBook Pro 14"" (M4 Max 16-Core)",22,48/8Tb,
10435,"Apple MacBook Pro 14"" (M4 Max 16-Core)",22,64/512Gb,
10436,"Apple MacBook Pro 14"" (M4 Max 16-Core)",22,64/1Tb,
10437,"Apple MacBook Pro 14"" (M4 Max 16-Core)",22,64/2Tb,
10438,"Apple MacBook Pro 14"" (M4 Max 16-Core)",22,64/4Tb,
10439,"Apple MacBook Pro 14"" (M4 Max 16-Core)",22,64/8Tb,
10440,"Apple MacBook Pro 14"" (M4 Max 16-Core)",22,128/512Gb,
10441,"Apple MacBook Pro 14"" (M4 Max 16-Core)",22,128/1Tb,
10442,"Apple MacBook Pro 14"" (M4 Max 16-Core)",22,128/2Tb,
10443,"Apple MacBook Pro 14"" (M4 Max 16-Core)",22,128/4Tb,
10444,"Apple MacBook Pro 14"" (M4 Max 16-Core)",22,128/8Tb,
10445,"Apple MacBook Pro 16"" (M4 Max 14-Core)",22,24/512Gb,
10446,"Apple MacBook Pro 16"" (M4 Max 14-Core)",22,24/1Tb,
10447,"Apple MacBook Pro 16"" (M4 Max 14-Core)",22,24/2Tb,
10448,"Apple MacBook Pro 16"" (M4 Max 14-Core)",22,24/4Tb,
10449,"Apple MacBook Pro 16"" (M4 Max 14-Core)",22,24/8Tb,
10450,"Apple MacBook Pro 16"" (M4 Max 14-Core)",22,36/512Gb,
10451,"Apple MacBook Pro 16"" (M4 Max 14-Core)",22,36/1Tb,
10452,"Apple MacBook Pro 16"" (M4 Max 14-Core)",22,36/2Tb,
10453,"Apple MacBook Pro 16"" (M4 Max 14-Core)",22,36/4Tb,
10454,"Apple MacBook Pro 16"" (M4 Max 14-Core)",22,36/8Tb,
10455,"Apple MacBook Pro 16"" (M4 Max 14-Core)",22,48/512Gb,
10456,"Apple MacBook Pro 16"" (M4 Max 14-Core)",22,48/1Tb,
10457,"Apple MacBook Pro 16"" (M4 Max 14-Core)",22,48/2Tb,
10458,"Apple MacBook Pro 16"" (M4 Max 14-Core)",22,48/4Tb,
10459,"Apple MacBook Pro 16"" (M4 Max 14-Core)",22,48/8Tb,
10460,"Apple MacBook Pro 16"" (M4 Max 14-Core)",22,64/512Gb,
10461,"Apple MacBook Pro 16"" (M4 Max 14-Core)",22,64/1Tb,
10462,"Apple MacBook Pro 16"" (M4 Max 14-Core)",22,64/2Tb,
10463,"Apple MacBook Pro 16"" (M4 Max 14-Core)",22,64/4Tb,
10464,"Apple MacBook Pro 16"" (M4 Max 14-Core)",22,64/8Tb,
10465,"Apple MacBook Pro 16"" (M4 Max 14-Core)",22,128/512Gb,
10466,"Apple MacBook Pro 16"" (M4 Max 14-Core)",22,128/1Tb,
10467,"Apple MacBook Pro 16"" (M4 Max 14-Core)",22,128/2Tb,
10468,"Apple MacBook Pro 16"" (M4 Max 14-Core)",22,128/4Tb,
10469,"Apple MacBook Pro 16"" (M4 Max 14-Core)",22,128/8Tb,
10470,"Apple MacBook Pro 14"" (M4 Pro 14-Core)",22,16/512Gb,
10471,"Apple MacBook Pro 14"" (M4 Pro 14-Core)",22,16/1Tb,
10472,"Apple MacBook Pro 14"" (M4 Pro 14-Core)",22,16/2Tb,
10473,"Apple MacBook Pro 14"" (M4 Pro 14-Core)",22,16/4Tb,
10474,"Apple MacBook Pro 14"" (M4 Pro 14-Core)",22,16/8Tb,
10475,"Apple MacBook Pro 14"" (M4 Pro 14-Core)",22,24/512Gb,
10476,"Apple MacBook Pro 14"" (M4 Pro 14-Core)",22,24/1Tb,
10477,"Apple MacBook Pro 14"" (M4 Pro 14-Core)",22,24/2Tb,
10478,"Apple MacBook Pro 14"" (M4 Pro 14-Core)",22,24/4Tb,
10479,"Apple MacBook Pro 14"" (M4 Pro 14-Core)",22,24/8Tb,
10480,"Apple MacBook Pro 14"" (M4 Pro 14-Core)",22,32/512Gb,
10481,"Apple MacBook Pro 14"" (M4 Pro 14-Core)",22,32/1Tb,
10482,"Apple MacBook Pro 14"" (M4 Pro 14-Core)",22,32/2Tb,
10483,"Apple MacBook Pro 14"" (M4 Pro 14-Core)",22,32/4Tb,
10484,"Apple MacBook Pro 14"" (M4 Pro 14-Core)",22,32/8Tb,
10485,"Apple MacBook Pro 14"" (M4 Pro 14-Core)",22,36/512Gb,
10486,"Apple MacBook Pro 14"" (M4 Pro 14-Core)",22,36/1Tb,
10487,"Apple MacBook Pro 14"" (M4 Pro 14-Core)",22,36/2Tb,
10488,"Apple MacBook Pro 14"" (M4 Pro 14-Core)",22,36/4Tb,
10489,"Apple MacBook Pro 14"" (M4 Pro 14-Core)",22,36/8Tb,
10490,"Apple MacBook Pro 14"" (M4 Pro 14-Core)",22,48/512Gb,
10491,"Apple MacBook Pro 14"" (M4 Pro 14-Core)",22,48/1Tb,
10492,"Apple MacBook Pro 14"" (M4 Pro 14-Core)",22,48/2Tb,
10493,"Apple MacBook Pro 14"" (M4 Pro 14-Core)",22,48/4Tb,
10494,"Apple MacBook Pro 14"" (M4 Pro 14-Core)",22,48/8Tb,
10495,"Apple MacBook Pro 14"" (M4 Pro 14-Core)",22,64/512Gb,
10496,"Apple MacBook Pro 14"" (M4 Pro 14-Core)",22,64/1Tb,
10497,"Apple MacBook Pro 14"" (M4 Pro 14-Core)",22,64/2Tb,
10498,"Apple MacBook Pro 14"" (M4 Pro 14-Core)",22,64/4Tb,
10499,"Apple MacBook Pro 14"" (M4 Pro 14-Core)",22,64/8Tb,
10500,"Apple MacBook Pro 14"" (M4 Pro 14-Core)",22,128/512Gb,
10501,"Apple MacBook Pro 14"" (M4 Pro 14-Core)",22,128/1Tb,
10502,"Apple MacBook Pro 14"" (M4 Pro 14-Core)",22,128/2Tb,
10503,"Apple MacBook Pro 14"" (M4 Pro 14-Core)",22,128/4Tb,
10504,"Apple MacBook Pro 14"" (M4 Pro 14-Core)",22,128/8Tb,
10505,"Apple MacBook Pro 14"" (M4 10-Core)",22,16/512Gb,
10506,"Apple MacBook Pro 14"" (M4 10-Core)",22,16/1Tb,
10507,"Apple MacBook Pro 14"" (M4 10-Core)",22,16/2Tb,
10508,"Apple MacBook Pro 14"" (M4 10-Core)",22,16/4Tb,
10509,"Apple MacBook Pro 14"" (M4 10-Core)",22,16/8Tb,
10510,"Apple MacBook Pro 14"" (M4 10-Core)",22,24/512Gb,
10511,"Apple MacBook Pro 14"" (M4 10-Core)",22,24/1Tb,
10512,"Apple MacBook Pro 14"" (M4 10-Core)",22,24/2Tb,
10513,"Apple MacBook Pro 14"" (M4 10-Core)",22,24/4Tb,
10514,"Apple MacBook Pro 14"" (M4 10-Core)",22,24/8Tb,
10515,"Apple MacBook Pro 14"" (M4 10-Core)",22,32/512Gb,
10516,"Apple MacBook Pro 14"" (M4 10-Core)",22,32/1Tb,
10517,"Apple MacBook Pro 14"" (M4 10-Core)",22,32/2Tb,
10518,"Apple MacBook Pro 14"" (M4 10-Core)",22,32/4Tb,
10519,"Apple MacBook Pro 14"" (M4 10-Core)",22,32/8Tb,
10520,"Apple MacBook Pro 14"" (M4 10-Core)",22,36/512Gb,
10521,"Apple MacBook Pro 14"" (M4 10-Core)",22,36/1Tb,
10522,"Apple MacBook Pro 14"" (M4 10-Core)",22,36/2Tb,
10523,"Apple MacBook Pro 14"" (M4 10-Core)",22,36/4Tb,
10524,"Apple MacBook Pro 14"" (M4 10-Core)",22,36/8Tb,
10525,"Apple MacBook Pro 14"" (M4 10-Core)",22,48/512Gb,
10526,"Apple MacBook Pro 14"" (M4 10-Core)",22,48/1Tb,
10527,"Apple MacBook Pro 14"" (M4 10-Core)",22,48/2Tb,
10528,"Apple MacBook Pro 14"" (M4 10-Core)",22,48/4Tb,
10529,"Apple MacBook Pro 14"" (M4 10-Core)",22,48/8Tb,
10530,"Apple MacBook Pro 14"" (M4 10-Core)",22,64/512Gb,
10531,"Apple MacBook Pro 14"" (M4 10-Core)",22,64/1Tb,
10532,"Apple MacBook Pro 14"" (M4 10-Core)",22,64/2Tb,
10533,"Apple MacBook Pro 14"" (M4 10-Core)",22,64/4Tb,
10534,"Apple MacBook Pro 14"" (M4 10-Core)",22,64/8Tb,
10535,"Apple MacBook Pro 14"" (M4 10-Core)",22,128/512Gb,
10536,"Apple MacBook Pro 14"" (M4 10-Core)",22,128/1Tb,
10537,"Apple MacBook Pro 14"" (M4 10-Core)",22,128/2Tb,
10538,"Apple MacBook Pro 14"" (M4 10-Core)",22,128/4Tb,
10539,"Apple MacBook Pro 14"" (M4 10-Core)",22,128/8Tb,
10540,"Apple MacBook Air 15"" (M4 10-Core)",22,8/256Gb,
10541,"Apple MacBook Air 15"" (M4 10-Core)",22,8/512Gb,
10542,"Apple MacBook Air 15"" (M4 10-Core)",22,8/1Tb,
10543,"Apple MacBook Air 15"" (M4 10-Core)",22,8/2Tb,
10544,"Apple MacBook Air 15"" (M4 10-Core)",22,16/256Gb,
10545,"Apple MacBook Air 15"" (M4 10-Core)",22,16/512Gb,
10546,"Apple MacBook Air 15"" (M4 10-Core)",22,16/1Tb,
10547,"Apple MacBook Air 15"" (M4 10-Core)",22,16/2Tb,
10548,"Apple MacBook Air 15"" (M4 10-Core)",22,24/256Gb,
10549,"Apple MacBook Air 15"" (M4 10-Core)",22,24/512Gb,
10550,"Apple MacBook Air 15"" (M4 10-Core)",22,24/1Tb,
10551,"Apple MacBook Air 15"" (M4 10-Core)",22,24/2Tb,
10552,"Apple MacBook Air 13.6"" (M4 10-Core)",22,8/256Gb,
10553,"Apple MacBook Air 13.6"" (M4 10-Core)",22,8/512Gb,
10554,"Apple MacBook Air 13.6"" (M4 10-Core)",22,8/1Tb,
10555,"Apple MacBook Air 13.6"" (M4 10-Core)",22,8/2Tb,
10556,"Apple MacBook Air 13.6"" (M4 10-Core)",22,16/256Gb,
10557,"Apple MacBook Air 13.6"" (M4 10-Core)",22,16/512Gb,
10558,"Apple MacBook Air 13.6"" (M4 10-Core)",22,16/1Tb,
10559,"Apple MacBook Air 13.6"" (M4 10-Core)",22,16/2Tb,
10560,"Apple MacBook Air 13.6"" (M4 10-Core)",22,24/256Gb,
10561,"Apple MacBook Air 13.6"" (M4 10-Core)",22,24/512Gb,
10562,"Apple MacBook Air 13.6"" (M4 10-Core)",22,24/1Tb,
10563,"Apple MacBook Air 13.6"" (M4 10-Core)",22,24/2Tb,
10564,"Apple MacBook Air 13.6"" (M4 8-Core)",22,8/256Gb,
10565,"Apple MacBook Air 13.6"" (M4 8-Core)",22,8/512Gb,
10566,"Apple MacBook Air 13.6"" (M4 8-Core)",22,8/1Tb,
10567,"Apple MacBook Air 13.6"" (M4 8-Core)",22,8/2Tb,
10568,"Apple MacBook Air 13.6"" (M4 8-Core)",22,16/256Gb,
10569,"Apple MacBook Air 13.6"" (M4 8-Core)",22,16/512Gb,
10570,"Apple MacBook Air 13.6"" (M4 8-Core)",22,16/1Tb,
10571,"Apple MacBook Air 13.6"" (M4 8-Core)",22,16/2Tb,
10572,"Apple MacBook Air 13.6"" (M4 8-Core)",22,24/256Gb,
10573,"Apple MacBook Air 13.6"" (M4 8-Core)",22,24/512Gb,
10574,"Apple MacBook Air 13.6"" (M4 8-Core)",22,24/1Tb,
10575,"Apple MacBook Air 13.6"" (M4 8-Core)",22,24/2Tb,
10576,Amazfit Bip 6,23,,Black
10577,Amazfit Bip 6,23,,Blush
10578,Amazfit Bip 6,23,,Charcoal
10579,Amazfit Bip 6,23,,Red
10580,Amazfit Bip 6,23,,Stone
10581,Samsung Galaxy A17 4G,2,4/128Gb,Black
10582,Samsung Galaxy A17 4G,2,4/128Gb,Gray
10583,Samsung Galaxy A17 4G,2,4/128Gb,Light blue
10584,Samsung Galaxy A17 4G,2,8/256Gb,Black
10585,Samsung Galaxy A17 4G,2,8/256Gb,Gray
10586,Samsung Galaxy A17 4G,2,8/256Gb,Light blue
10587,Honor X5c Plus,4,4/64Gb,Ocean Cyan
10588,Honor X5c Plus,4,4/64Gb,Tidal Blue
10589,Honor X5c Plus,4,4/64Gb,Meteor Silver
10590,Honor X5c Plus,4,4/64Gb,Midnight Black
10591,Honor X5c Plus,4,4/128Gb,Ocean Cyan
10592,Honor X5c Plus,4,4/128Gb,Tidal Blue
10593,Honor X5c Plus,4,4/128Gb,Meteor Silver
10594,Honor X5c Plus,4,4/128Gb,Midnight Black
10595,Honor X5c,4,4/64Gb,Ocean Cyan
10596,Honor X5c,4,4/64Gb,Tidal Blue
10597,Honor X5c,4,4/64Gb,Meteor Silver
10598,Honor X5c,4,4/64Gb,Midnight Black
10599,Honor X5c,4,4/128Gb,Ocean Cyan
10600,Honor X5c,4,4/128Gb,Tidal Blue
10601,Honor X5c,4,4/128Gb,Meteor Silver
10602,Honor X5c,4,4/128Gb,Midnight Black
10603,Honor X7d 4G,4,6/128Gb,Desert Gold
10604,Honor X7d 4G,4,6/128Gb,Meteor Silver
10605,Honor X7d 4G,4,6/128Gb,Velvet Black
10606,Honor X7d 4G,4,8/128Gb,Desert Gold
10607,Honor X7d 4G,4,8/128Gb,Meteor Silver
10608,Honor X7d 4G,4,8/128Gb,Velvet Black
10609,Honor X7d 4G,4,8/256Gb,Desert Gold
10610,Honor X7d 4G,4,8/256Gb,Meteor Silver
10611,Honor X7d 4G,4,8/256Gb,Velvet Black
10612,Xiaomi 15T Pro 5G,3,12/256Gb,Black
10613,Xiaomi 15T Pro 5G,3,12/256Gb,Gray
10614,Xiaomi 15T Pro 5G,3,12/256Gb,Mocha Gold
10615,Xiaomi 15T Pro 5G,3,12/512Gb,Black
10616,Xiaomi 15T Pro 5G,3,12/512Gb,Gray
10617,Xiaomi 15T Pro 5G,3,12/512Gb,Mocha Gold
10618,Xiaomi 15T Pro 5G,3,12/1Tb,Black
10619,Xiaomi 15T Pro 5G,3,12/1Tb,Gray
10620,Xiaomi 15T Pro 5G,3,12/1Tb,Mocha Gold
10621,Xiaomi 15T 5G,3,12/256Gb,Black
10622,Xiaomi 15T 5G,3,12/256Gb,Gray
10623,Xiaomi 15T 5G,3,12/256Gb,Rose Gold
10624,Xiaomi 15T 5G,3,12/512Gb,Black
10625,Xiaomi 15T 5G,3,12/512Gb,Gray
10626,Xiaomi 15T 5G,3,12/512Gb,Rose Gold
10627,Powerbeats Pro 2,111,,Hyper Purple
10628,Powerbeats Pro 2,111,,Jet Black
10629,Powerbeats Pro 2,111,,Quick Sand
10630,Powerbeats Pro 2,111,,Orange
10631,Amazfit Bip 6,23,,Black
10632,Amazfit Bip 6,23,,Blush
10633,Amazfit Bip 6,23,,Charcoal
10634,Amazfit Bip 6,23,,Red
10635,Amazfit Bip 6,23,,Stone
10636,Samsung Galaxy A17 4G,2,6/128Gb,Black
10637,Samsung Galaxy A17 4G,2,6/128Gb,Gray
10638,Samsung Galaxy A17 4G,2,6/128Gb,Light blue
10639,Honor X5c Plus,4,3/64Gb,Ocean Cyan
10640,Honor X5c Plus,4,3/64Gb,Tidal Blue
10641,Honor X5c Plus,4,3/64Gb,Meteor Silver
10642,Honor X5c Plus,4,3/64Gb,Midnight Black
10647,Honor X5c,4,3/64Gb,Ocean Cyan
10648,Honor X5c,4,3/64Gb,Tidal Blue
10649,Honor X5c,4,3/64Gb,Meteor Silver
10650,Honor X5c,4,3/64Gb,Midnight Black
10679,Powerbeats Pro 2,111,,Hyper Purple
10680,Powerbeats Pro 2,111,,Jet Black
10681,Powerbeats Pro 2,111,,Quick Sand
10682,Powerbeats Pro 2,111,,Orange
10686,Apple Watch Series 11 (Milanese Loop),26,42mm,Natural
10687,Apple Watch Series 11 (Milanese Loop),26,42mm,Gold
10688,Apple Watch Series 11 (Milanese Loop),26,42mm,Slate
10689,Apple Watch Series 11 (Milanese Loop),26,46mm,Natural
10690,Apple Watch Series 11 (Milanese Loop),26,46mm,Gold
10691,Apple Watch Series 11 (Milanese Loop),26,46mm,Slate
10692,Apple Watch Ultra 3 (Ocean Band),26,,Natural - Neon Green
10693,Apple Watch Ultra 3 (Ocean Band),26,,Natural - Black
10694,Apple Watch Ultra 3 (Ocean Band),26,,Natural - Anchor Blue
10695,Apple Watch Ultra 3 (Ocean Band),26,,Black - Neon Green
10696,Apple Watch Ultra 3 (Ocean Band),26,,Black - Black
10697,Apple Watch Ultra 3 (Ocean Band),26,,Black - Anchor Blue
10698,Apple Watch SE 3,26,40mm,Midnight
10699,Apple Watch SE 3,26,40mm,Starlight
10700,Apple Watch SE 3,26,44mm,Midnight
10701,Apple Watch SE 3,26,44mm,Starlight
10702,Apple Watch Ultra 3 (Trail Loop),26,,Natural - Green/Neon
10703,Apple Watch Ultra 3 (Trail Loop),26,,Natural - Blue/Bright Blue
10704,Apple Watch Ultra 3 (Trail Loop),26,,Natural - Black/Charcoal
10705,Apple Watch Ultra 3 (Trail Loop),26,,Black - Green/Neon
10706,Apple Watch Ultra 3 (Trail Loop),26,,Black - Blue/Bright Blue
10707,Apple Watch Ultra 3 (Trail Loop),26,,Black - Black/Charcoal
10708,Apple Watch Series 11 (Link Bracelet),26,42mm,Natural
10709,Apple Watch Series 11 (Link Bracelet),26,42mm,Gold
10710,Apple Watch Series 11 (Link Bracelet),26,42mm,Slate
10711,Apple Watch Series 11 (Link Bracelet),26,46mm,Natural
10712,Apple Watch Series 11 (Link Bracelet),26,46mm,Gold
10713,Apple Watch Series 11 (Link Bracelet),26,46mm,Slate
10714,Apple Watch Ultra 3 (Milanese Loop),26,,Natural
10715,Apple Watch Ultra 3 (Milanese Loop),26,,Black
10716,Apple Watch Series 11,26,42mm,Space Gray
10717,Apple Watch Series 11,26,42mm,Silver
10718,Apple Watch Series 11,26,42mm,Rose Gold
10719,Apple Watch Series 11,26,42mm,Jet Black
10720,Apple Watch Series 11,26,46mm,Space Gray
10721,Apple Watch Series 11,26,46mm,Silver
10722,Apple Watch Series 11,26,46mm,Rose Gold
10723,Apple Watch Series 11,26,46mm,Jet Black
10724,Apple Watch Ultra 3 (Alpine Loop),26,,Natural - Terra Cotta
10725,Apple Watch Ultra 3 (Alpine Loop),26,,Natural - Light Blue
10726,Apple Watch Ultra 3 (Alpine Loop),26,,Natural - Black
10727,Apple Watch Ultra 3 (Alpine Loop),26,,Black - Terra Cotta
10728,Apple Watch Ultra 3 (Alpine Loop),26,,Black - Light Blue
10729,Apple Watch Ultra 3 (Alpine Loop),26,,Black - Black
10730,Apple Watch Series 11 (Milanese Loop),26,42mm,
10731,Apple Watch Series 11 (Milanese Loop),26,46mm,
10732,Apple Watch Ultra 3 (Ocean Band),26,,
10733,Apple Watch SE 3,26,40mm,
10734,Apple Watch SE 3,26,44mm,
10735,Apple Watch Ultra 3 (Trail Loop),26,,
10736,Apple Watch Series 11 (Link Bracelet),26,42mm,
10737,Apple Watch Series 11 (Link Bracelet),26,46mm,
10738,Apple Watch Ultra 3 (Milanese Loop),26,,
10739,Apple Watch Series 11,26,42mm,
10740,Apple Watch Series 11,26,46mm,
10741,Apple Watch Ultra 3 (Alpine Loop),26,,
10742,"Apple MacBook Air 15"" (M2)",22,8/256Gb,
10743,"Apple MacBook Air 15"" (M2)",22,8/512Gb,
10744,"Apple MacBook Air 15"" (M2)",22,8/1Tb,
10745,"Apple MacBook Air 15"" (M2)",22,8/2Tb,
10746,"Apple MacBook Air 15"" (M2)",22,16/256Gb,
10747,"Apple MacBook Air 15"" (M2)",22,16/512Gb,
10748,"Apple MacBook Air 15"" (M2)",22,16/1Tb,
10749,"Apple MacBook Air 15"" (M2)",22,16/2Tb,
10750,"Apple MacBook Air 15"" (M2)",22,24/256Gb,
10751,"Apple MacBook Air 15"" (M2)",22,24/512Gb,
10752,"Apple MacBook Air 15"" (M2)",22,24/1Tb,
10753,"Apple MacBook Air 15"" (M2)",22,24/2Tb,
10754,"Apple MacBook Air 13.6"" (M2)",22,8/256Gb,
10755,"Apple MacBook Air 13.6"" (M2)",22,8/512Gb,
10756,"Apple MacBook Air 13.6"" (M2)",22,8/1Tb,
10757,"Apple MacBook Air 13.6"" (M2)",22,8/2Tb,
10758,"Apple MacBook Air 13.6"" (M2)",22,16/256Gb,
10759,"Apple MacBook Air 13.6"" (M2)",22,16/512Gb,
10760,"Apple MacBook Air 13.6"" (M2)",22,16/1Tb,
10761,"Apple MacBook Air 13.6"" (M2)",22,16/2Tb,
10762,"Apple MacBook Air 13.6"" (M2)",22,24/256Gb,
10763,"Apple MacBook Air 13.6"" (M2)",22,24/512Gb,
10764,"Apple MacBook Air 13.6"" (M2)",22,24/1Tb,
10765,"Apple MacBook Air 13.6"" (M2)",22,24/2Tb,
10766,"Apple MacBook Pro 16"" (M3 Max)",22,18/512Gb,
10767,"Apple MacBook Pro 16"" (M3 Max)",22,18/1Tb,
10768,"Apple MacBook Pro 16"" (M3 Max)",22,18/2Tb,
10769,"Apple MacBook Pro 16"" (M3 Max)",22,18/4Tb,
10770,"Apple MacBook Pro 16"" (M3 Max)",22,18/8Tb,
10771,"Apple MacBook Pro 16"" (M3 Max)",22,36/512Gb,
10772,"Apple MacBook Pro 16"" (M3 Max)",22,36/1Tb,
10773,"Apple MacBook Pro 16"" (M3 Max)",22,36/2Tb,
10774,"Apple MacBook Pro 16"" (M3 Max)",22,36/4Tb,
10775,"Apple MacBook Pro 16"" (M3 Max)",22,36/8Tb,
10776,"Apple MacBook Pro 16"" (M3 Max)",22,48/512Gb,
10777,"Apple MacBook Pro 16"" (M3 Max)",22,48/1Tb,
10778,"Apple MacBook Pro 16"" (M3 Max)",22,48/2Tb,
10779,"Apple MacBook Pro 16"" (M3 Max)",22,48/4Tb,
10780,"Apple MacBook Pro 16"" (M3 Max)",22,48/8Tb,
10781,"Apple MacBook Pro 16"" (M3 Max)",22,64/512Gb,
10782,"Apple MacBook Pro 16"" (M3 Max)",22,64/1Tb,
10783,"Apple MacBook Pro 16"" (M3 Max)",22,64/2Tb,
10784,"Apple MacBook Pro 16"" (M3 Max)",22,64/4Tb,
10785,"Apple MacBook Pro 16"" (M3 Max)",22,64/8Tb,
10786,"Apple MacBook Pro 16"" (M3 Max)",22,96/512Gb,
10787,"Apple MacBook Pro 16"" (M3 Max)",22,96/1Tb,
10788,"Apple MacBook Pro 16"" (M3 Max)",22,96/2Tb,
10789,"Apple MacBook Pro 16"" (M3 Max)",22,96/4Tb,
10790,"Apple MacBook Pro 16"" (M3 Max)",22,96/8Tb,
10791,"Apple MacBook Pro 16"" (M3 Max)",22,128/512Gb,
10792,"Apple MacBook Pro 16"" (M3 Max)",22,128/1Tb,
10793,"Apple MacBook Pro 16"" (M3 Max)",22,128/2Tb,
10794,"Apple MacBook Pro 16"" (M3 Max)",22,128/4Tb,
10795,"Apple MacBook Pro 16"" (M3 Max)",22,128/8Tb,
10796,"Apple MacBook Pro 14"" (M3)",22,8/512Gb,
10797,"Apple MacBook Pro 14"" (M3)",22,8/1Tb,
10798,"Apple MacBook Pro 14"" (M3)",22,8/2Tb,
10799,"Apple MacBook Pro 14"" (M3)",22,8/3Tb,
10800,"Apple MacBook Pro 14"" (M3)",22,8/4Tb,
10801,"Apple MacBook Pro 14"" (M3)",22,8/8Tb,
10802,"Apple MacBook Pro 14"" (M3)",22,16/512Gb,
10803,"Apple MacBook Pro 14"" (M3)",22,16/1Tb,
10804,"Apple MacBook Pro 14"" (M3)",22,16/2Tb,
10805,"Apple MacBook Pro 14"" (M3)",22,16/3Tb,
10806,"Apple MacBook Pro 14"" (M3)",22,16/4Tb,
10807,"Apple MacBook Pro 14"" (M3)",22,16/8Tb,
10808,"Apple MacBook Pro 14"" (M3)",22,18/512Gb,
10809,"Apple MacBook Pro 14"" (M3)",22,18/1Tb,
10810,"Apple MacBook Pro 14"" (M3)",22,18/2Tb,
10811,"Apple MacBook Pro 14"" (M3)",22,18/3Tb,
10812,"Apple MacBook Pro 14"" (M3)",22,18/4Tb,
10813,"Apple MacBook Pro 14"" (M3)",22,18/8Tb,
10814,"Apple MacBook Pro 14"" (M3)",22,24/512Gb,
10815,"Apple MacBook Pro 14"" (M3)",22,24/1Tb,
10816,"Apple MacBook Pro 14"" (M3)",22,24/2Tb,
10817,"Apple MacBook Pro 14"" (M3)",22,24/3Tb,
10818,"Apple MacBook Pro 14"" (M3)",22,24/4Tb,
10819,"Apple MacBook Pro 14"" (M3)",22,24/8Tb,
10820,"Apple MacBook Pro 14"" (M3)",22,36/512Gb,
10821,"Apple MacBook Pro 14"" (M3)",22,36/1Tb,
10822,"Apple MacBook Pro 14"" (M3)",22,36/2Tb,
10823,"Apple MacBook Pro 14"" (M3)",22,36/3Tb,
10824,"Apple MacBook Pro 14"" (M3)",22,36/4Tb,
10825,"Apple MacBook Pro 14"" (M3)",22,36/8Tb,
10826,"Apple MacBook Pro 14"" (M3)",22,48/512Gb,
10827,"Apple MacBook Pro 14"" (M3)",22,48/1Tb,
10828,"Apple MacBook Pro 14"" (M3)",22,48/2Tb,
10829,"Apple MacBook Pro 14"" (M3)",22,48/3Tb,
10830,"Apple MacBook Pro 14"" (M3)",22,48/4Tb,
10831,"Apple MacBook Pro 14"" (M3)",22,48/8Tb,
10832,"Apple MacBook Pro 14"" (M3)",22,64/512Gb,
10833,"Apple MacBook Pro 14"" (M3)",22,64/1Tb,
10834,"Apple MacBook Pro 14"" (M3)",22,64/2Tb,
10835,"Apple MacBook Pro 14"" (M3)",22,64/3Tb,
10836,"Apple MacBook Pro 14"" (M3)",22,64/4Tb,
10837,"Apple MacBook Pro 14"" (M3)",22,64/8Tb,
10838,"Apple MacBook Pro 14"" (M3)",22,96/512Gb,
10839,"Apple MacBook Pro 14"" (M3)",22,96/1Tb,
10840,"Apple MacBook Pro 14"" (M3)",22,96/2Tb,
10841,"Apple MacBook Pro 14"" (M3)",22,96/3Tb,
10842,"Apple MacBook Pro 14"" (M3)",22,96/4Tb,
10843,"Apple MacBook Pro 14"" (M3)",22,96/8Tb,
10844,"Apple MacBook Pro 14"" (M3)",22,128/512Gb,
10845,"Apple MacBook Pro 14"" (M3)",22,128/1Tb,
10846,"Apple MacBook Pro 14"" (M3)",22,128/2Tb,
10847,"Apple MacBook Pro 14"" (M3)",22,128/3Tb,
10848,"Apple MacBook Pro 14"" (M3)",22,128/4Tb,
10849,"Apple MacBook Pro 14"" (M3)",22,128/8Tb,
10850,"Apple MacBook Pro 16"" (M2 Max)",22,16/512Gb,
10851,"Apple MacBook Pro 16"" (M2 Max)",22,16/1Tb,
10852,"Apple MacBook Pro 16"" (M2 Max)",22,16/2Tb,
10853,"Apple MacBook Pro 16"" (M2 Max)",22,16/4Tb,
10854,"Apple MacBook Pro 16"" (M2 Max)",22,16/8Tb,
10855,"Apple MacBook Pro 16"" (M2 Max)",22,32/512Gb,
10856,"Apple MacBook Pro 16"" (M2 Max)",22,32/1Tb,
10857,"Apple MacBook Pro 16"" (M2 Max)",22,32/2Tb,
10858,"Apple MacBook Pro 16"" (M2 Max)",22,32/4Tb,
10859,"Apple MacBook Pro 16"" (M2 Max)",22,32/8Tb,
10860,"Apple MacBook Pro 16"" (M2 Max)",22,64/512Gb,
10861,"Apple MacBook Pro 16"" (M2 Max)",22,64/1Tb,
10862,"Apple MacBook Pro 16"" (M2 Max)",22,64/2Tb,
10863,"Apple MacBook Pro 16"" (M2 Max)",22,64/4Tb,
10864,"Apple MacBook Pro 16"" (M2 Max)",22,64/8Tb,
10865,"Apple MacBook Pro 16"" (M2 Max)",22,96/512Gb,
10866,"Apple MacBook Pro 16"" (M2 Max)",22,96/1Tb,
10867,"Apple MacBook Pro 16"" (M2 Max)",22,96/2Tb,
10868,"Apple MacBook Pro 16"" (M2 Max)",22,96/4Tb,
10869,"Apple MacBook Pro 16"" (M2 Max)",22,96/8Tb,
10870,"Apple MacBook Pro 16"" (M3 Pro)",22,18/512Gb,
10871,"Apple MacBook Pro 16"" (M3 Pro)",22,18/1Tb,
10872,"Apple MacBook Pro 16"" (M3 Pro)",22,18/2Tb,
10873,"Apple MacBook Pro 16"" (M3 Pro)",22,18/4Tb,
10874,"Apple MacBook Pro 16"" (M3 Pro)",22,18/8Tb,
10875,"Apple MacBook Pro 16"" (M3 Pro)",22,36/512Gb,
10876,"Apple MacBook Pro 16"" (M3 Pro)",22,36/1Tb,
10877,"Apple MacBook Pro 16"" (M3 Pro)",22,36/2Tb,
10878,"Apple MacBook Pro 16"" (M3 Pro)",22,36/4Tb,
10879,"Apple MacBook Pro 16"" (M3 Pro)",22,36/8Tb,
10880,"Apple MacBook Pro 16"" (M3 Pro)",22,48/512Gb,
10881,"Apple MacBook Pro 16"" (M3 Pro)",22,48/1Tb,
10882,"Apple MacBook Pro 16"" (M3 Pro)",22,48/2Tb,
10883,"Apple MacBook Pro 16"" (M3 Pro)",22,48/4Tb,
10884,"Apple MacBook Pro 16"" (M3 Pro)",22,48/8Tb,
10885,"Apple MacBook Pro 16"" (M3 Pro)",22,64/512Gb,
10886,"Apple MacBook Pro 16"" (M3 Pro)",22,64/1Tb,
10887,"Apple MacBook Pro 16"" (M3 Pro)",22,64/2Tb,
10888,"Apple MacBook Pro 16"" (M3 Pro)",22,64/4Tb,
10889,"Apple MacBook Pro 16"" (M3 Pro)",22,64/8Tb,
10890,"Apple MacBook Pro 16"" (M3 Pro)",22,96/512Gb,
10891,"Apple MacBook Pro 16"" (M3 Pro)",22,96/1Tb,
10892,"Apple MacBook Pro 16"" (M3 Pro)",22,96/2Tb,
10893,"Apple MacBook Pro 16"" (M3 Pro)",22,96/4Tb,
10894,"Apple MacBook Pro 16"" (M3 Pro)",22,96/8Tb,
10895,"Apple MacBook Pro 16"" (M3 Pro)",22,128/512Gb,
10896,"Apple MacBook Pro 16"" (M3 Pro)",22,128/1Tb,
10897,"Apple MacBook Pro 16"" (M3 Pro)",22,128/2Tb,
10898,"Apple MacBook Pro 16"" (M3 Pro)",22,128/4Tb,
10899,"Apple MacBook Pro 16"" (M3 Pro)",22,128/8Tb,
10900,"Apple MacBook Air 13.3"" (M1)",22,8/256Gb,
10901,"Apple MacBook Air 13.3"" (M1)",22,8/512Gb,
10902,"Apple MacBook Air 13.3"" (M1)",22,8/1Tb,
10903,"Apple MacBook Air 13.3"" (M1)",22,8/2Tb,
10904,"Apple MacBook Air 13.3"" (M1)",22,16/256Gb,
10905,"Apple MacBook Air 13.3"" (M1)",22,16/512Gb,
10906,"Apple MacBook Air 13.3"" (M1)",22,16/1Tb,
10907,"Apple MacBook Air 13.3"" (M1)",22,16/2Tb,
10908,"Apple MacBook Pro 16"" (M2 Pro)",22,16/512Gb,
10909,"Apple MacBook Pro 16"" (M2 Pro)",22,16/1Tb,
10910,"Apple MacBook Pro 16"" (M2 Pro)",22,16/2Tb,
10911,"Apple MacBook Pro 16"" (M2 Pro)",22,16/4Tb,
10912,"Apple MacBook Pro 16"" (M2 Pro)",22,16/8Tb,
10913,"Apple MacBook Pro 16"" (M2 Pro)",22,32/512Gb,
10914,"Apple MacBook Pro 16"" (M2 Pro)",22,32/1Tb,
10915,"Apple MacBook Pro 16"" (M2 Pro)",22,32/2Tb,
10916,"Apple MacBook Pro 16"" (M2 Pro)",22,32/4Tb,
10917,"Apple MacBook Pro 16"" (M2 Pro)",22,32/8Tb,
10918,"Apple MacBook Pro 16"" (M2 Pro)",22,64/512Gb,
10919,"Apple MacBook Pro 16"" (M2 Pro)",22,64/1Tb,
10920,"Apple MacBook Pro 16"" (M2 Pro)",22,64/2Tb,
10921,"Apple MacBook Pro 16"" (M2 Pro)",22,64/4Tb,
10922,"Apple MacBook Pro 16"" (M2 Pro)",22,64/8Tb,
10923,"Apple MacBook Pro 16"" (M2 Pro)",22,96/512Gb,
10924,"Apple MacBook Pro 16"" (M2 Pro)",22,96/1Tb,
10925,"Apple MacBook Pro 16"" (M2 Pro)",22,96/2Tb,
10926,"Apple MacBook Pro 16"" (M2 Pro)",22,96/4Tb,
10927,"Apple MacBook Pro 16"" (M2 Pro)",22,96/8Tb,
10928,"Apple MacBook Pro 13"" (M1)",22,8/256Gb,
10929,"Apple MacBook Pro 13"" (M1)",22,8/512Gb,
10930,"Apple MacBook Pro 13"" (M1)",22,8/1Tb,
10931,"Apple MacBook Pro 13"" (M1)",22,8/2Tb,
10932,"Apple MacBook Pro 13"" (M1)",22,16/256Gb,
10933,"Apple MacBook Pro 13"" (M1)",22,16/512Gb,
10934,"Apple MacBook Pro 13"" (M1)",22,16/1Tb,
10935,"Apple MacBook Pro 13"" (M1)",22,16/2Tb,
10936,"Apple MacBook Pro 14"" (M3 Pro)",22,8/512Gb,
10937,"Apple MacBook Pro 14"" (M3 Pro)",22,8/1Tb,
10938,"Apple MacBook Pro 14"" (M3 Pro)",22,8/2Tb,
10939,"Apple MacBook Pro 14"" (M3 Pro)",22,8/3Tb,
10940,"Apple MacBook Pro 14"" (M3 Pro)",22,8/4Tb,
10941,"Apple MacBook Pro 14"" (M3 Pro)",22,8/8Tb,
10942,"Apple MacBook Pro 14"" (M3 Pro)",22,16/512Gb,
10943,"Apple MacBook Pro 14"" (M3 Pro)",22,16/1Tb,
10944,"Apple MacBook Pro 14"" (M3 Pro)",22,16/2Tb,
10945,"Apple MacBook Pro 14"" (M3 Pro)",22,16/3Tb,
10946,"Apple MacBook Pro 14"" (M3 Pro)",22,16/4Tb,
10947,"Apple MacBook Pro 14"" (M3 Pro)",22,16/8Tb,
10948,"Apple MacBook Pro 14"" (M3 Pro)",22,18/512Gb,
10949,"Apple MacBook Pro 14"" (M3 Pro)",22,18/1Tb,
10950,"Apple MacBook Pro 14"" (M3 Pro)",22,18/2Tb,
10951,"Apple MacBook Pro 14"" (M3 Pro)",22,18/3Tb,
10952,"Apple MacBook Pro 14"" (M3 Pro)",22,18/4Tb,
10953,"Apple MacBook Pro 14"" (M3 Pro)",22,18/8Tb,
10954,"Apple MacBook Pro 14"" (M3 Pro)",22,24/512Gb,
10955,"Apple MacBook Pro 14"" (M3 Pro)",22,24/1Tb,
10956,"Apple MacBook Pro 14"" (M3 Pro)",22,24/2Tb,
10957,"Apple MacBook Pro 14"" (M3 Pro)",22,24/3Tb,
10958,"Apple MacBook Pro 14"" (M3 Pro)",22,24/4Tb,
10959,"Apple MacBook Pro 14"" (M3 Pro)",22,24/8Tb,
10960,"Apple MacBook Pro 14"" (M3 Pro)",22,36/512Gb,
10961,"Apple MacBook Pro 14"" (M3 Pro)",22,36/1Tb,
10962,"Apple MacBook Pro 14"" (M3 Pro)",22,36/2Tb,
10963,"Apple MacBook Pro 14"" (M3 Pro)",22,36/3Tb,
10964,"Apple MacBook Pro 14"" (M3 Pro)",22,36/4Tb,
10965,"Apple MacBook Pro 14"" (M3 Pro)",22,36/8Tb,
10966,"Apple MacBook Pro 14"" (M3 Pro)",22,48/512Gb,
10967,"Apple MacBook Pro 14"" (M3 Pro)",22,48/1Tb,
10968,"Apple MacBook Pro 14"" (M3 Pro)",22,48/2Tb,
10969,"Apple MacBook Pro 14"" (M3 Pro)",22,48/3Tb,
10970,"Apple MacBook Pro 14"" (M3 Pro)",22,48/4Tb,
10971,"Apple MacBook Pro 14"" (M3 Pro)",22,48/8Tb,
10972,"Apple MacBook Pro 14"" (M3 Pro)",22,64/512Gb,
10973,"Apple MacBook Pro 14"" (M3 Pro)",22,64/1Tb,
10974,"Apple MacBook Pro 14"" (M3 Pro)",22,64/2Tb,
10975,"Apple MacBook Pro 14"" (M3 Pro)",22,64/3Tb,
10976,"Apple MacBook Pro 14"" (M3 Pro)",22,64/4Tb,
10977,"Apple MacBook Pro 14"" (M3 Pro)",22,64/8Tb,
10978,"Apple MacBook Pro 14"" (M3 Pro)",22,96/512Gb,
10979,"Apple MacBook Pro 14"" (M3 Pro)",22,96/1Tb,
10980,"Apple MacBook Pro 14"" (M3 Pro)",22,96/2Tb,
10981,"Apple MacBook Pro 14"" (M3 Pro)",22,96/3Tb,
10982,"Apple MacBook Pro 14"" (M3 Pro)",22,96/4Tb,
10983,"Apple MacBook Pro 14"" (M3 Pro)",22,96/8Tb,
10984,"Apple MacBook Pro 14"" (M3 Pro)",22,128/512Gb,
10985,"Apple MacBook Pro 14"" (M3 Pro)",22,128/1Tb,
10986,"Apple MacBook Pro 14"" (M3 Pro)",22,128/2Tb,
10987,"Apple MacBook Pro 14"" (M3 Pro)",22,128/3Tb,
10988,"Apple MacBook Pro 14"" (M3 Pro)",22,128/4Tb,
10989,"Apple MacBook Pro 14"" (M3 Pro)",22,128/8Tb,
10990,"Apple MacBook Pro 14"" (M2 Pro)",22,16/512Gb,
10991,"Apple MacBook Pro 14"" (M2 Pro)",22,16/1Tb,
10992,"Apple MacBook Pro 14"" (M2 Pro)",22,16/2Tb,
10993,"Apple MacBook Pro 14"" (M2 Pro)",22,16/4Tb,
10994,"Apple MacBook Pro 14"" (M2 Pro)",22,16/8Tb,
10995,"Apple MacBook Pro 14"" (M2 Pro)",22,32/512Gb,
10996,"Apple MacBook Pro 14"" (M2 Pro)",22,32/1Tb,
10997,"Apple MacBook Pro 14"" (M2 Pro)",22,32/2Tb,
10998,"Apple MacBook Pro 14"" (M2 Pro)",22,32/4Tb,
10999,"Apple MacBook Pro 14"" (M2 Pro)",22,32/8Tb,
11000,"Apple MacBook Pro 14"" (M2 Pro)",22,64/512Gb,
11001,"Apple MacBook Pro 14"" (M2 Pro)",22,64/1Tb,
11002,"Apple MacBook Pro 14"" (M2 Pro)",22,64/2Tb,
11003,"Apple MacBook Pro 14"" (M2 Pro)",22,64/4Tb,
11004,"Apple MacBook Pro 14"" (M2 Pro)",22,64/8Tb,
11005,"Apple MacBook Pro 14"" (M2 Pro)",22,96/512Gb,
11006,"Apple MacBook Pro 14"" (M2 Pro)",22,96/1Tb,
11007,"Apple MacBook Pro 14"" (M2 Pro)",22,96/2Tb,
11008,"Apple MacBook Pro 14"" (M2 Pro)",22,96/4Tb,
11009,"Apple MacBook Pro 14"" (M2 Pro)",22,96/8Tb,
11010,"Apple MacBook Pro 14"" (M3 Max)",22,8/512Gb,
11011,"Apple MacBook Pro 14"" (M3 Max)",22,8/1Tb,
11012,"Apple MacBook Pro 14"" (M3 Max)",22,8/2Tb,
11013,"Apple MacBook Pro 14"" (M3 Max)",22,8/3Tb,
11014,"Apple MacBook Pro 14"" (M3 Max)",22,8/4Tb,
11015,"Apple MacBook Pro 14"" (M3 Max)",22,8/8Tb,
11016,"Apple MacBook Pro 14"" (M3 Max)",22,16/512Gb,
11017,"Apple MacBook Pro 14"" (M3 Max)",22,16/1Tb,
11018,"Apple MacBook Pro 14"" (M3 Max)",22,16/2Tb,
11019,"Apple MacBook Pro 14"" (M3 Max)",22,16/3Tb,
11020,"Apple MacBook Pro 14"" (M3 Max)",22,16/4Tb,
11021,"Apple MacBook Pro 14"" (M3 Max)",22,16/8Tb,
11022,"Apple MacBook Pro 14"" (M3 Max)",22,18/512Gb,
11023,"Apple MacBook Pro 14"" (M3 Max)",22,18/1Tb,
11024,"Apple MacBook Pro 14"" (M3 Max)",22,18/2Tb,
11025,"Apple MacBook Pro 14"" (M3 Max)",22,18/3Tb,
11026,"Apple MacBook Pro 14"" (M3 Max)",22,18/4Tb,
11027,"Apple MacBook Pro 14"" (M3 Max)",22,18/8Tb,
11028,"Apple MacBook Pro 14"" (M3 Max)",22,24/512Gb,
11029,"Apple MacBook Pro 14"" (M3 Max)",22,24/1Tb,
11030,"Apple MacBook Pro 14"" (M3 Max)",22,24/2Tb,
11031,"Apple MacBook Pro 14"" (M3 Max)",22,24/3Tb,
11032,"Apple MacBook Pro 14"" (M3 Max)",22,24/4Tb,
11033,"Apple MacBook Pro 14"" (M3 Max)",22,24/8Tb,
11034,"Apple MacBook Pro 14"" (M3 Max)",22,36/512Gb,
11035,"Apple MacBook Pro 14"" (M3 Max)",22,36/1Tb,
11036,"Apple MacBook Pro 14"" (M3 Max)",22,36/2Tb,
11037,"Apple MacBook Pro 14"" (M3 Max)",22,36/3Tb,
11038,"Apple MacBook Pro 14"" (M3 Max)",22,36/4Tb,
11039,"Apple MacBook Pro 14"" (M3 Max)",22,36/8Tb,
11040,"Apple MacBook Pro 14"" (M3 Max)",22,48/512Gb,
11041,"Apple MacBook Pro 14"" (M3 Max)",22,48/1Tb,
11042,"Apple MacBook Pro 14"" (M3 Max)",22,48/2Tb,
11043,"Apple MacBook Pro 14"" (M3 Max)",22,48/3Tb,
11044,"Apple MacBook Pro 14"" (M3 Max)",22,48/4Tb,
11045,"Apple MacBook Pro 14"" (M3 Max)",22,48/8Tb,
11046,"Apple MacBook Pro 14"" (M3 Max)",22,64/512Gb,
11047,"Apple MacBook Pro 14"" (M3 Max)",22,64/1Tb,
11048,"Apple MacBook Pro 14"" (M3 Max)",22,64/2Tb,
11049,"Apple MacBook Pro 14"" (M3 Max)",22,64/3Tb,
11050,"Apple MacBook Pro 14"" (M3 Max)",22,64/4Tb,
11051,"Apple MacBook Pro 14"" (M3 Max)",22,64/8Tb,
11052,"Apple MacBook Pro 14"" (M3 Max)",22,96/512Gb,
11053,"Apple MacBook Pro 14"" (M3 Max)",22,96/1Tb,
11054,"Apple MacBook Pro 14"" (M3 Max)",22,96/2Tb,
11055,"Apple MacBook Pro 14"" (M3 Max)",22,96/3Tb,
11056,"Apple MacBook Pro 14"" (M3 Max)",22,96/4Tb,
11057,"Apple MacBook Pro 14"" (M3 Max)",22,96/8Tb,
11058,"Apple MacBook Pro 14"" (M3 Max)",22,128/512Gb,
11059,"Apple MacBook Pro 14"" (M3 Max)",22,128/1Tb,
11060,"Apple MacBook Pro 14"" (M3 Max)",22,128/2Tb,
11061,"Apple MacBook Pro 14"" (M3 Max)",22,128/3Tb,
11062,"Apple MacBook Pro 14"" (M3 Max)",22,128/4Tb,
11063,"Apple MacBook Pro 14"" (M3 Max)",22,128/8Tb,
11064,"Apple MacBook Pro 14"" (M1 Pro)",22,16/512Gb,
11065,"Apple MacBook Pro 14"" (M1 Pro)",22,16/1Tb,
11066,"Apple MacBook Pro 14"" (M1 Pro)",22,16/2Tb,
11067,"Apple MacBook Pro 14"" (M1 Pro)",22,16/4Tb,
11068,"Apple MacBook Pro 14"" (M1 Pro)",22,16/8Tb,
11069,"Apple MacBook Pro 14"" (M1 Pro)",22,24/512Gb,
11070,"Apple MacBook Pro 14"" (M1 Pro)",22,24/1Tb,
11071,"Apple MacBook Pro 14"" (M1 Pro)",22,24/2Tb,
11072,"Apple MacBook Pro 14"" (M1 Pro)",22,24/4Tb,
11073,"Apple MacBook Pro 14"" (M1 Pro)",22,24/8Tb,
11074,"Apple MacBook Pro 14"" (M1 Pro)",22,32/512Gb,
11075,"Apple MacBook Pro 14"" (M1 Pro)",22,32/1Tb,
11076,"Apple MacBook Pro 14"" (M1 Pro)",22,32/2Tb,
11077,"Apple MacBook Pro 14"" (M1 Pro)",22,32/4Tb,
11078,"Apple MacBook Pro 14"" (M1 Pro)",22,32/8Tb,
11079,"Apple MacBook Pro 13"" (M2)",22,8/256Gb,
11080,"Apple MacBook Pro 13"" (M2)",22,8/512Gb,
11081,"Apple MacBook Pro 13"" (M2)",22,8/1Tb,
11082,"Apple MacBook Pro 13"" (M2)",22,8/2Tb,
11083,"Apple MacBook Pro 13"" (M2)",22,16/256Gb,
11084,"Apple MacBook Pro 13"" (M2)",22,16/512Gb,
11085,"Apple MacBook Pro 13"" (M2)",22,16/1Tb,
11086,"Apple MacBook Pro 13"" (M2)",22,16/2Tb,
11087,"Apple MacBook Pro 13"" (M2)",22,24/256Gb,
11088,"Apple MacBook Pro 13"" (M2)",22,24/512Gb,
11089,"Apple MacBook Pro 13"" (M2)",22,24/1Tb,
11090,"Apple MacBook Pro 13"" (M2)",22,24/2Tb,
11091,"Apple MacBook Pro 14"" (M2 Max)",22,16/512Gb,
11092,"Apple MacBook Pro 14"" (M2 Max)",22,16/1Tb,
11093,"Apple MacBook Pro 14"" (M2 Max)",22,16/2Tb,
11094,"Apple MacBook Pro 14"" (M2 Max)",22,16/4Tb,
11095,"Apple MacBook Pro 14"" (M2 Max)",22,16/8Tb,
11096,"Apple MacBook Pro 14"" (M2 Max)",22,32/512Gb,
11097,"Apple MacBook Pro 14"" (M2 Max)",22,32/1Tb,
11098,"Apple MacBook Pro 14"" (M2 Max)",22,32/2Tb,
11099,"Apple MacBook Pro 14"" (M2 Max)",22,32/4Tb,
11100,"Apple MacBook Pro 14"" (M2 Max)",22,32/8Tb,
11101,"Apple MacBook Pro 14"" (M2 Max)",22,64/512Gb,
11102,"Apple MacBook Pro 14"" (M2 Max)",22,64/1Tb,
11103,"Apple MacBook Pro 14"" (M2 Max)",22,64/2Tb,
11104,"Apple MacBook Pro 14"" (M2 Max)",22,64/4Tb,
11105,"Apple MacBook Pro 14"" (M2 Max)",22,64/8Tb,
11106,"Apple MacBook Pro 14"" (M2 Max)",22,96/512Gb,
11107,"Apple MacBook Pro 14"" (M2 Max)",22,96/1Tb,
11108,"Apple MacBook Pro 14"" (M2 Max)",22,96/2Tb,
11109,"Apple MacBook Pro 14"" (M2 Max)",22,96/4Tb,
11110,"Apple MacBook Pro 14"" (M2 Max)",22,96/8Tb,
11111,"Apple MacBook Air 13.6"" (M3)",22,8/256Gb,
11112,"Apple MacBook Air 13.6"" (M3)",22,8/512Gb,
11113,"Apple MacBook Air 13.6"" (M3)",22,8/1Tb,
11114,"Apple MacBook Air 13.6"" (M3)",22,8/2Tb,
11115,"Apple MacBook Air 13.6"" (M3)",22,16/256Gb,
11116,"Apple MacBook Air 13.6"" (M3)",22,16/512Gb,
11117,"Apple MacBook Air 13.6"" (M3)",22,16/1Tb,
11118,"Apple MacBook Air 13.6"" (M3)",22,16/2Tb,
11119,"Apple MacBook Air 13.6"" (M3)",22,24/256Gb,
11120,"Apple MacBook Air 13.6"" (M3)",22,24/512Gb,
11121,"Apple MacBook Air 13.6"" (M3)",22,24/1Tb,
11122,"Apple MacBook Air 13.6"" (M3)",22,24/2Tb,
11123,"Apple MacBook Air 15"" (M3)",22,8/256Gb,
11124,"Apple MacBook Air 15"" (M3)",22,8/512Gb,
11125,"Apple MacBook Air 15"" (M3)",22,8/1Tb,
11126,"Apple MacBook Air 15"" (M3)",22,8/2Tb,
11127,"Apple MacBook Air 15"" (M3)",22,16/256Gb,
11128,"Apple MacBook Air 15"" (M3)",22,16/512Gb,
11129,"Apple MacBook Air 15"" (M3)",22,16/1Tb,
11130,"Apple MacBook Air 15"" (M3)",22,16/2Tb,
11131,"Apple MacBook Air 15"" (M3)",22,24/256Gb,
11132,"Apple MacBook Air 15"" (M3)",22,24/512Gb,
11133,"Apple MacBook Air 15"" (M3)",22,24/1Tb,
11134,"Apple MacBook Air 15"" (M3)",22,24/2Tb,
11135,"Apple MacBook Pro 16"" (M4 Max 16-Core)",22,24/512Gb,
11136,"Apple MacBook Pro 16"" (M4 Max 16-Core)",22,24/1Tb,
11137,"Apple MacBook Pro 16"" (M4 Max 16-Core)",22,24/2Tb,
11138,"Apple MacBook Pro 16"" (M4 Max 16-Core)",22,24/4Tb,
11139,"Apple MacBook Pro 16"" (M4 Max 16-Core)",22,24/8Tb,
11140,"Apple MacBook Pro 16"" (M4 Max 16-Core)",22,36/512Gb,
11141,"Apple MacBook Pro 16"" (M4 Max 16-Core)",22,36/1Tb,
11142,"Apple MacBook Pro 16"" (M4 Max 16-Core)",22,36/2Tb,
11143,"Apple MacBook Pro 16"" (M4 Max 16-Core)",22,36/4Tb,
11144,"Apple MacBook Pro 16"" (M4 Max 16-Core)",22,36/8Tb,
11145,"Apple MacBook Pro 16"" (M4 Max 16-Core)",22,48/512Gb,
11146,"Apple MacBook Pro 16"" (M4 Max 16-Core)",22,48/1Tb,
11147,"Apple MacBook Pro 16"" (M4 Max 16-Core)",22,48/2Tb,
11148,"Apple MacBook Pro 16"" (M4 Max 16-Core)",22,48/4Tb,
11149,"Apple MacBook Pro 16"" (M4 Max 16-Core)",22,48/8Tb,
11150,"Apple MacBook Pro 16"" (M4 Max 16-Core)",22,64/512Gb,
11151,"Apple MacBook Pro 16"" (M4 Max 16-Core)",22,64/1Tb,
11152,"Apple MacBook Pro 16"" (M4 Max 16-Core)",22,64/2Tb,
11153,"Apple MacBook Pro 16"" (M4 Max 16-Core)",22,64/4Tb,
11154,"Apple MacBook Pro 16"" (M4 Max 16-Core)",22,64/8Tb,
11155,"Apple MacBook Pro 16"" (M4 Max 16-Core)",22,128/512Gb,
11156,"Apple MacBook Pro 16"" (M4 Max 16-Core)",22,128/1Tb,
11157,"Apple MacBook Pro 16"" (M4 Max 16-Core)",22,128/2Tb,
11158,"Apple MacBook Pro 16"" (M4 Max 16-Core)",22,128/4Tb,
11159,"Apple MacBook Pro 16"" (M4 Max 16-Core)",22,128/8Tb,
11160,"Apple MacBook Pro 14"" (M4 Max 14-Core)",22,16/512Gb,
11161,"Apple MacBook Pro 14"" (M4 Max 14-Core)",22,16/1Tb,
11162,"Apple MacBook Pro 14"" (M4 Max 14-Core)",22,16/2Tb,
11163,"Apple MacBook Pro 14"" (M4 Max 14-Core)",22,16/4Tb,
11164,"Apple MacBook Pro 14"" (M4 Max 14-Core)",22,16/8Tb,
11165,"Apple MacBook Pro 14"" (M4 Max 14-Core)",22,24/512Gb,
11166,"Apple MacBook Pro 14"" (M4 Max 14-Core)",22,24/1Tb,
11167,"Apple MacBook Pro 14"" (M4 Max 14-Core)",22,24/2Tb,
11168,"Apple MacBook Pro 14"" (M4 Max 14-Core)",22,24/4Tb,
11169,"Apple MacBook Pro 14"" (M4 Max 14-Core)",22,24/8Tb,
11170,"Apple MacBook Pro 14"" (M4 Max 14-Core)",22,32/512Gb,
11171,"Apple MacBook Pro 14"" (M4 Max 14-Core)",22,32/1Tb,
11172,"Apple MacBook Pro 14"" (M4 Max 14-Core)",22,32/2Tb,
11173,"Apple MacBook Pro 14"" (M4 Max 14-Core)",22,32/4Tb,
11174,"Apple MacBook Pro 14"" (M4 Max 14-Core)",22,32/8Tb,
11175,"Apple MacBook Pro 14"" (M4 Max 14-Core)",22,36/512Gb,
11176,"Apple MacBook Pro 14"" (M4 Max 14-Core)",22,36/1Tb,
11177,"Apple MacBook Pro 14"" (M4 Max 14-Core)",22,36/2Tb,
11178,"Apple MacBook Pro 14"" (M4 Max 14-Core)",22,36/4Tb,
11179,"Apple MacBook Pro 14"" (M4 Max 14-Core)",22,36/8Tb,
11180,"Apple MacBook Pro 14"" (M4 Max 14-Core)",22,48/512Gb,
11181,"Apple MacBook Pro 14"" (M4 Max 14-Core)",22,48/1Tb,
11182,"Apple MacBook Pro 14"" (M4 Max 14-Core)",22,48/2Tb,
11183,"Apple MacBook Pro 14"" (M4 Max 14-Core)",22,48/4Tb,
11184,"Apple MacBook Pro 14"" (M4 Max 14-Core)",22,48/8Tb,
11185,"Apple MacBook Pro 14"" (M4 Max 14-Core)",22,64/512Gb,
11186,"Apple MacBook Pro 14"" (M4 Max 14-Core)",22,64/1Tb,
11187,"Apple MacBook Pro 14"" (M4 Max 14-Core)",22,64/2Tb,
11188,"Apple MacBook Pro 14"" (M4 Max 14-Core)",22,64/4Tb,
11189,"Apple MacBook Pro 14"" (M4 Max 14-Core)",22,64/8Tb,
11190,"Apple MacBook Pro 14"" (M4 Max 14-Core)",22,128/512Gb,
11191,"Apple MacBook Pro 14"" (M4 Max 14-Core)",22,128/1Tb,
11192,"Apple MacBook Pro 14"" (M4 Max 14-Core)",22,128/2Tb,
11193,"Apple MacBook Pro 14"" (M4 Max 14-Core)",22,128/4Tb,
11194,"Apple MacBook Pro 14"" (M4 Max 14-Core)",22,128/8Tb,
11195,"Apple MacBook Pro 16"" (M4 Pro 14-Core)",22,24/512Gb,
11196,"Apple MacBook Pro 16"" (M4 Pro 14-Core)",22,24/1Tb,
11197,"Apple MacBook Pro 16"" (M4 Pro 14-Core)",22,24/2Tb,
11198,"Apple MacBook Pro 16"" (M4 Pro 14-Core)",22,24/4Tb,
11199,"Apple MacBook Pro 16"" (M4 Pro 14-Core)",22,24/8Tb,
11200,"Apple MacBook Pro 16"" (M4 Pro 14-Core)",22,36/512Gb,
11201,"Apple MacBook Pro 16"" (M4 Pro 14-Core)",22,36/1Tb,
11202,"Apple MacBook Pro 16"" (M4 Pro 14-Core)",22,36/2Tb,
11203,"Apple MacBook Pro 16"" (M4 Pro 14-Core)",22,36/4Tb,
11204,"Apple MacBook Pro 16"" (M4 Pro 14-Core)",22,36/8Tb,
11205,"Apple MacBook Pro 16"" (M4 Pro 14-Core)",22,48/512Gb,
11206,"Apple MacBook Pro 16"" (M4 Pro 14-Core)",22,48/1Tb,
11207,"Apple MacBook Pro 16"" (M4 Pro 14-Core)",22,48/2Tb,
11208,"Apple MacBook Pro 16"" (M4 Pro 14-Core)",22,48/4Tb,
11209,"Apple MacBook Pro 16"" (M4 Pro 14-Core)",22,48/8Tb,
11210,"Apple MacBook Pro 16"" (M4 Pro 14-Core)",22,64/512Gb,
11211,"Apple MacBook Pro 16"" (M4 Pro 14-Core)",22,64/1Tb,
11212,"Apple MacBook Pro 16"" (M4 Pro 14-Core)",22,64/2Tb,
11213,"Apple MacBook Pro 16"" (M4 Pro 14-Core)",22,64/4Tb,
11214,"Apple MacBook Pro 16"" (M4 Pro 14-Core)",22,64/8Tb,
11215,"Apple MacBook Pro 16"" (M4 Pro 14-Core)",22,128/512Gb,
11216,"Apple MacBook Pro 16"" (M4 Pro 14-Core)",22,128/1Tb,
11217,"Apple MacBook Pro 16"" (M4 Pro 14-Core)",22,128/2Tb,
11218,"Apple MacBook Pro 16"" (M4 Pro 14-Core)",22,128/4Tb,
11219,"Apple MacBook Pro 16"" (M4 Pro 14-Core)",22,128/8Tb,
11220,"Apple MacBook Pro 14"" (M4 Pro 12-Core)",22,16/512Gb,
11221,"Apple MacBook Pro 14"" (M4 Pro 12-Core)",22,16/1Tb,
11222,"Apple MacBook Pro 14"" (M4 Pro 12-Core)",22,16/2Tb,
11223,"Apple MacBook Pro 14"" (M4 Pro 12-Core)",22,16/4Tb,
11224,"Apple MacBook Pro 14"" (M4 Pro 12-Core)",22,16/8Tb,
11225,"Apple MacBook Pro 14"" (M4 Pro 12-Core)",22,24/512Gb,
11226,"Apple MacBook Pro 14"" (M4 Pro 12-Core)",22,24/1Tb,
11227,"Apple MacBook Pro 14"" (M4 Pro 12-Core)",22,24/2Tb,
11228,"Apple MacBook Pro 14"" (M4 Pro 12-Core)",22,24/4Tb,
11229,"Apple MacBook Pro 14"" (M4 Pro 12-Core)",22,24/8Tb,
11230,"Apple MacBook Pro 14"" (M4 Pro 12-Core)",22,32/512Gb,
11231,"Apple MacBook Pro 14"" (M4 Pro 12-Core)",22,32/1Tb,
11232,"Apple MacBook Pro 14"" (M4 Pro 12-Core)",22,32/2Tb,
11233,"Apple MacBook Pro 14"" (M4 Pro 12-Core)",22,32/4Tb,
11234,"Apple MacBook Pro 14"" (M4 Pro 12-Core)",22,32/8Tb,
11235,"Apple MacBook Pro 14"" (M4 Pro 12-Core)",22,36/512Gb,
11236,"Apple MacBook Pro 14"" (M4 Pro 12-Core)",22,36/1Tb,
11237,"Apple MacBook Pro 14"" (M4 Pro 12-Core)",22,36/2Tb,
11238,"Apple MacBook Pro 14"" (M4 Pro 12-Core)",22,36/4Tb,
11239,"Apple MacBook Pro 14"" (M4 Pro 12-Core)",22,36/8Tb,
11240,"Apple MacBook Pro 14"" (M4 Pro 12-Core)",22,48/512Gb,
11241,"Apple MacBook Pro 14"" (M4 Pro 12-Core)",22,48/1Tb,
11242,"Apple MacBook Pro 14"" (M4 Pro 12-Core)",22,48/2Tb,
11243,"Apple MacBook Pro 14"" (M4 Pro 12-Core)",22,48/4Tb,
11244,"Apple MacBook Pro 14"" (M4 Pro 12-Core)",22,48/8Tb,
11245,"Apple MacBook Pro 14"" (M4 Pro 12-Core)",22,64/512Gb,
11246,"Apple MacBook Pro 14"" (M4 Pro 12-Core)",22,64/1Tb,
11247,"Apple MacBook Pro 14"" (M4 Pro 12-Core)",22,64/2Tb,
11248,"Apple MacBook Pro 14"" (M4 Pro 12-Core)",22,64/4Tb,
11249,"Apple MacBook Pro 14"" (M4 Pro 12-Core)",22,64/8Tb,
11250,"Apple MacBook Pro 14"" (M4 Pro 12-Core)",22,128/512Gb,
11251,"Apple MacBook Pro 14"" (M4 Pro 12-Core)",22,128/1Tb,
11252,"Apple MacBook Pro 14"" (M4 Pro 12-Core)",22,128/2Tb,
11253,"Apple MacBook Pro 14"" (M4 Pro 12-Core)",22,128/4Tb,
11254,"Apple MacBook Pro 14"" (M4 Pro 12-Core)",22,128/8Tb,
11255,"Apple MacBook Pro 14"" (M4 Max 16-Core)",22,16/512Gb,
11256,"Apple MacBook Pro 14"" (M4 Max 16-Core)",22,16/1Tb,
11257,"Apple MacBook Pro 14"" (M4 Max 16-Core)",22,16/2Tb,
11258,"Apple MacBook Pro 14"" (M4 Max 16-Core)",22,16/4Tb,
11259,"Apple MacBook Pro 14"" (M4 Max 16-Core)",22,16/8Tb,
11260,"Apple MacBook Pro 14"" (M4 Max 16-Core)",22,24/512Gb,
11261,"Apple MacBook Pro 14"" (M4 Max 16-Core)",22,24/1Tb,
11262,"Apple MacBook Pro 14"" (M4 Max 16-Core)",22,24/2Tb,
11263,"Apple MacBook Pro 14"" (M4 Max 16-Core)",22,24/4Tb,
11264,"Apple MacBook Pro 14"" (M4 Max 16-Core)",22,24/8Tb,
11265,"Apple MacBook Pro 14"" (M4 Max 16-Core)",22,32/512Gb,
11266,"Apple MacBook Pro 14"" (M4 Max 16-Core)",22,32/1Tb,
11267,"Apple MacBook Pro 14"" (M4 Max 16-Core)",22,32/2Tb,
11268,"Apple MacBook Pro 14"" (M4 Max 16-Core)",22,32/4Tb,
11269,"Apple MacBook Pro 14"" (M4 Max 16-Core)",22,32/8Tb,
11270,"Apple MacBook Pro 14"" (M4 Max 16-Core)",22,36/512Gb,
11271,"Apple MacBook Pro 14"" (M4 Max 16-Core)",22,36/1Tb,
11272,"Apple MacBook Pro 14"" (M4 Max 16-Core)",22,36/2Tb,
11273,"Apple MacBook Pro 14"" (M4 Max 16-Core)",22,36/4Tb,
11274,"Apple MacBook Pro 14"" (M4 Max 16-Core)",22,36/8Tb,
11275,"Apple MacBook Pro 14"" (M4 Max 16-Core)",22,48/512Gb,
11276,"Apple MacBook Pro 14"" (M4 Max 16-Core)",22,48/1Tb,
11277,"Apple MacBook Pro 14"" (M4 Max 16-Core)",22,48/2Tb,
11278,"Apple MacBook Pro 14"" (M4 Max 16-Core)",22,48/4Tb,
11279,"Apple MacBook Pro 14"" (M4 Max 16-Core)",22,48/8Tb,
11280,"Apple MacBook Pro 14"" (M4 Max 16-Core)",22,64/512Gb,
11281,"Apple MacBook Pro 14"" (M4 Max 16-Core)",22,64/1Tb,
11282,"Apple MacBook Pro 14"" (M4 Max 16-Core)",22,64/2Tb,
11283,"Apple MacBook Pro 14"" (M4 Max 16-Core)",22,64/4Tb,
11284,"Apple MacBook Pro 14"" (M4 Max 16-Core)",22,64/8Tb,
11285,"Apple MacBook Pro 14"" (M4 Max 16-Core)",22,128/512Gb,
11286,"Apple MacBook Pro 14"" (M4 Max 16-Core)",22,128/1Tb,
11287,"Apple MacBook Pro 14"" (M4 Max 16-Core)",22,128/2Tb,
11288,"Apple MacBook Pro 14"" (M4 Max 16-Core)",22,128/4Tb,
11289,"Apple MacBook Pro 14"" (M4 Max 16-Core)",22,128/8Tb,
11290,"Apple MacBook Pro 16"" (M4 Max 14-Core)",22,24/512Gb,
11291,"Apple MacBook Pro 16"" (M4 Max 14-Core)",22,24/1Tb,
11292,"Apple MacBook Pro 16"" (M4 Max 14-Core)",22,24/2Tb,
11293,"Apple MacBook Pro 16"" (M4 Max 14-Core)",22,24/4Tb,
11294,"Apple MacBook Pro 16"" (M4 Max 14-Core)",22,24/8Tb,
11295,"Apple MacBook Pro 16"" (M4 Max 14-Core)",22,36/512Gb,
11296,"Apple MacBook Pro 16"" (M4 Max 14-Core)",22,36/1Tb,
11297,"Apple MacBook Pro 16"" (M4 Max 14-Core)",22,36/2Tb,
11298,"Apple MacBook Pro 16"" (M4 Max 14-Core)",22,36/4Tb,
11299,"Apple MacBook Pro 16"" (M4 Max 14-Core)",22,36/8Tb,
11300,"Apple MacBook Pro 16"" (M4 Max 14-Core)",22,48/512Gb,
11301,"Apple MacBook Pro 16"" (M4 Max 14-Core)",22,48/1Tb,
11302,"Apple MacBook Pro 16"" (M4 Max 14-Core)",22,48/2Tb,
11303,"Apple MacBook Pro 16"" (M4 Max 14-Core)",22,48/4Tb,
11304,"Apple MacBook Pro 16"" (M4 Max 14-Core)",22,48/8Tb,
11305,"Apple MacBook Pro 16"" (M4 Max 14-Core)",22,64/512Gb,
11306,"Apple MacBook Pro 16"" (M4 Max 14-Core)",22,64/1Tb,
11307,"Apple MacBook Pro 16"" (M4 Max 14-Core)",22,64/2Tb,
11308,"Apple MacBook Pro 16"" (M4 Max 14-Core)",22,64/4Tb,
11309,"Apple MacBook Pro 16"" (M4 Max 14-Core)",22,64/8Tb,
11310,"Apple MacBook Pro 16"" (M4 Max 14-Core)",22,128/512Gb,
11311,"Apple MacBook Pro 16"" (M4 Max 14-Core)",22,128/1Tb,
11312,"Apple MacBook Pro 16"" (M4 Max 14-Core)",22,128/2Tb,
11313,"Apple MacBook Pro 16"" (M4 Max 14-Core)",22,128/4Tb,
11314,"Apple MacBook Pro 16"" (M4 Max 14-Core)",22,128/8Tb,
11315,"Apple MacBook Pro 14"" (M4 Pro 14-Core)",22,16/512Gb,
11316,"Apple MacBook Pro 14"" (M4 Pro 14-Core)",22,16/1Tb,
11317,"Apple MacBook Pro 14"" (M4 Pro 14-Core)",22,16/2Tb,
11318,"Apple MacBook Pro 14"" (M4 Pro 14-Core)",22,16/4Tb,
11319,"Apple MacBook Pro 14"" (M4 Pro 14-Core)",22,16/8Tb,
11320,"Apple MacBook Pro 14"" (M4 Pro 14-Core)",22,24/512Gb,
11321,"Apple MacBook Pro 14"" (M4 Pro 14-Core)",22,24/1Tb,
11322,"Apple MacBook Pro 14"" (M4 Pro 14-Core)",22,24/2Tb,
11323,"Apple MacBook Pro 14"" (M4 Pro 14-Core)",22,24/4Tb,
11324,"Apple MacBook Pro 14"" (M4 Pro 14-Core)",22,24/8Tb,
11325,"Apple MacBook Pro 14"" (M4 Pro 14-Core)",22,32/512Gb,
11326,"Apple MacBook Pro 14"" (M4 Pro 14-Core)",22,32/1Tb,
11327,"Apple MacBook Pro 14"" (M4 Pro 14-Core)",22,32/2Tb,
11328,"Apple MacBook Pro 14"" (M4 Pro 14-Core)",22,32/4Tb,
11329,"Apple MacBook Pro 14"" (M4 Pro 14-Core)",22,32/8Tb,
11330,"Apple MacBook Pro 14"" (M4 Pro 14-Core)",22,36/512Gb,
11331,"Apple MacBook Pro 14"" (M4 Pro 14-Core)",22,36/1Tb,
11332,"Apple MacBook Pro 14"" (M4 Pro 14-Core)",22,36/2Tb,
11333,"Apple MacBook Pro 14"" (M4 Pro 14-Core)",22,36/4Tb,
11334,"Apple MacBook Pro 14"" (M4 Pro 14-Core)",22,36/8Tb,
11335,"Apple MacBook Pro 14"" (M4 Pro 14-Core)",22,48/512Gb,
11336,"Apple MacBook Pro 14"" (M4 Pro 14-Core)",22,48/1Tb,
11337,"Apple MacBook Pro 14"" (M4 Pro 14-Core)",22,48/2Tb,
11338,"Apple MacBook Pro 14"" (M4 Pro 14-Core)",22,48/4Tb,
11339,"Apple MacBook Pro 14"" (M4 Pro 14-Core)",22,48/8Tb,
11340,"Apple MacBook Pro 14"" (M4 Pro 14-Core)",22,64/512Gb,
11341,"Apple MacBook Pro 14"" (M4 Pro 14-Core)",22,64/1Tb,
11342,"Apple MacBook Pro 14"" (M4 Pro 14-Core)",22,64/2Tb,
11343,"Apple MacBook Pro 14"" (M4 Pro 14-Core)",22,64/4Tb,
11344,"Apple MacBook Pro 14"" (M4 Pro 14-Core)",22,64/8Tb,
11345,"Apple MacBook Pro 14"" (M4 Pro 14-Core)",22,128/512Gb,
11346,"Apple MacBook Pro 14"" (M4 Pro 14-Core)",22,128/1Tb,
11347,"Apple MacBook Pro 14"" (M4 Pro 14-Core)",22,128/2Tb,
11348,"Apple MacBook Pro 14"" (M4 Pro 14-Core)",22,128/4Tb,
11349,"Apple MacBook Pro 14"" (M4 Pro 14-Core)",22,128/8Tb,
11350,"Apple MacBook Pro 14"" (M4 10-Core)",22,16/512Gb,
11351,"Apple MacBook Pro 14"" (M4 10-Core)",22,16/1Tb,
11352,"Apple MacBook Pro 14"" (M4 10-Core)",22,16/2Tb,
11353,"Apple MacBook Pro 14"" (M4 10-Core)",22,16/4Tb,
11354,"Apple MacBook Pro 14"" (M4 10-Core)",22,16/8Tb,
11355,"Apple MacBook Pro 14"" (M4 10-Core)",22,24/512Gb,
11356,"Apple MacBook Pro 14"" (M4 10-Core)",22,24/1Tb,
11357,"Apple MacBook Pro 14"" (M4 10-Core)",22,24/2Tb,
11358,"Apple MacBook Pro 14"" (M4 10-Core)",22,24/4Tb,
11359,"Apple MacBook Pro 14"" (M4 10-Core)",22,24/8Tb,
11360,"Apple MacBook Pro 14"" (M4 10-Core)",22,32/512Gb,
11361,"Apple MacBook Pro 14"" (M4 10-Core)",22,32/1Tb,
11362,"Apple MacBook Pro 14"" (M4 10-Core)",22,32/2Tb,
11363,"Apple MacBook Pro 14"" (M4 10-Core)",22,32/4Tb,
11364,"Apple MacBook Pro 14"" (M4 10-Core)",22,32/8Tb,
11365,"Apple MacBook Pro 14"" (M4 10-Core)",22,36/512Gb,
11366,"Apple MacBook Pro 14"" (M4 10-Core)",22,36/1Tb,
11367,"Apple MacBook Pro 14"" (M4 10-Core)",22,36/2Tb,
11368,"Apple MacBook Pro 14"" (M4 10-Core)",22,36/4Tb,
11369,"Apple MacBook Pro 14"" (M4 10-Core)",22,36/8Tb,
11370,"Apple MacBook Pro 14"" (M4 10-Core)",22,48/512Gb,
11371,"Apple MacBook Pro 14"" (M4 10-Core)",22,48/1Tb,
11372,"Apple MacBook Pro 14"" (M4 10-Core)",22,48/2Tb,
11373,"Apple MacBook Pro 14"" (M4 10-Core)",22,48/4Tb,
11374,"Apple MacBook Pro 14"" (M4 10-Core)",22,48/8Tb,
11375,"Apple MacBook Pro 14"" (M4 10-Core)",22,64/512Gb,
11376,"Apple MacBook Pro 14"" (M4 10-Core)",22,64/1Tb,
11377,"Apple MacBook Pro 14"" (M4 10-Core)",22,64/2Tb,
11378,"Apple MacBook Pro 14"" (M4 10-Core)",22,64/4Tb,
11379,"Apple MacBook Pro 14"" (M4 10-Core)",22,64/8Tb,
11380,"Apple MacBook Pro 14"" (M4 10-Core)",22,128/512Gb,
11381,"Apple MacBook Pro 14"" (M4 10-Core)",22,128/1Tb,
11382,"Apple MacBook Pro 14"" (M4 10-Core)",22,128/2Tb,
11383,"Apple MacBook Pro 14"" (M4 10-Core)",22,128/4Tb,
11384,"Apple MacBook Pro 14"" (M4 10-Core)",22,128/8Tb,
11385,"Apple MacBook Air 15"" (M4 10-Core)",22,8/256Gb,
11386,"Apple MacBook Air 15"" (M4 10-Core)",22,8/512Gb,
11387,"Apple MacBook Air 15"" (M4 10-Core)",22,8/1Tb,
11388,"Apple MacBook Air 15"" (M4 10-Core)",22,8/2Tb,
11389,"Apple MacBook Air 15"" (M4 10-Core)",22,16/256Gb,
11390,"Apple MacBook Air 15"" (M4 10-Core)",22,16/512Gb,
11391,"Apple MacBook Air 15"" (M4 10-Core)",22,16/1Tb,
11392,"Apple MacBook Air 15"" (M4 10-Core)",22,16/2Tb,
11393,"Apple MacBook Air 15"" (M4 10-Core)",22,24/256Gb,
11394,"Apple MacBook Air 15"" (M4 10-Core)",22,24/512Gb,
11395,"Apple MacBook Air 15"" (M4 10-Core)",22,24/1Tb,
11396,"Apple MacBook Air 15"" (M4 10-Core)",22,24/2Tb,
11397,"Apple MacBook Air 13.6"" (M4 10-Core)",22,8/256Gb,
11398,"Apple MacBook Air 13.6"" (M4 10-Core)",22,8/512Gb,
11399,"Apple MacBook Air 13.6"" (M4 10-Core)",22,8/1Tb,
11400,"Apple MacBook Air 13.6"" (M4 10-Core)",22,8/2Tb,
11401,"Apple MacBook Air 13.6"" (M4 10-Core)",22,16/256Gb,
11402,"Apple MacBook Air 13.6"" (M4 10-Core)",22,16/512Gb,
11403,"Apple MacBook Air 13.6"" (M4 10-Core)",22,16/1Tb,
11404,"Apple MacBook Air 13.6"" (M4 10-Core)",22,16/2Tb,
11405,"Apple MacBook Air 13.6"" (M4 10-Core)",22,24/256Gb,
11406,"Apple MacBook Air 13.6"" (M4 10-Core)",22,24/512Gb,
11407,"Apple MacBook Air 13.6"" (M4 10-Core)",22,24/1Tb,
11408,"Apple MacBook Air 13.6"" (M4 10-Core)",22,24/2Tb,
11409,"Apple MacBook Air 13.6"" (M4 8-Core)",22,8/256Gb,
11410,"Apple MacBook Air 13.6"" (M4 8-Core)",22,8/512Gb,
11411,"Apple MacBook Air 13.6"" (M4 8-Core)",22,8/1Tb,
11412,"Apple MacBook Air 13.6"" (M4 8-Core)",22,8/2Tb,
11413,"Apple MacBook Air 13.6"" (M4 8-Core)",22,16/256Gb,
11414,"Apple MacBook Air 13.6"" (M4 8-Core)",22,16/512Gb,
11415,"Apple MacBook Air 13.6"" (M4 8-Core)",22,16/1Tb,
11416,"Apple MacBook Air 13.6"" (M4 8-Core)",22,16/2Tb,
11417,"Apple MacBook Air 13.6"" (M4 8-Core)",22,24/256Gb,
11418,"Apple MacBook Air 13.6"" (M4 8-Core)",22,24/512Gb,
11419,"Apple MacBook Air 13.6"" (M4 8-Core)",22,24/1Tb,
11420,"Apple MacBook Air 13.6"" (M4 8-Core)",22,24/2Tb,
11421,Huawei GT 6 46mm,27,,Black Fluoroelastomer
11422,Huawei GT 6 46mm,27,,Green Woven
11423,Huawei GT 6 46mm,27,,Grey Leather
11424,Huawei GT 6 Pro 46mm,27,,Titanium Black
11425,Huawei GT 6 Pro 46mm,27,,Titanium Silver
11426,Huawei GT 6 Pro 46mm,27,,Titanium Brown
11427,Huawei GT 6 41mm,27,,Lilac Fluoroelastomer
11428,Huawei GT 6 41mm,27,,Gold Milanese
11429,Huawei GT 6 41mm,27,,Black Fluoroelastomer
11430,Huawei GT 6 41mm,27,,White Leather
11431,Huawei GT 6 41mm,27,,Brown Woven
11432,"Apple MacBook Air 15"" (M2)",22,8/256Gb,
11433,"Apple MacBook Air 15"" (M2)",22,8/512Gb,
11434,"Apple MacBook Air 15"" (M2)",22,8/1Tb,
11435,"Apple MacBook Air 15"" (M2)",22,8/2Tb,
11436,"Apple MacBook Air 15"" (M2)",22,16/256Gb,
11437,"Apple MacBook Air 15"" (M2)",22,16/512Gb,
11438,"Apple MacBook Air 15"" (M2)",22,16/1Tb,
11439,"Apple MacBook Air 15"" (M2)",22,16/2Tb,
11440,"Apple MacBook Air 15"" (M2)",22,24/256Gb,
11441,"Apple MacBook Air 15"" (M2)",22,24/512Gb,
11442,"Apple MacBook Air 15"" (M2)",22,24/1Tb,
11443,"Apple MacBook Air 15"" (M2)",22,24/2Tb,
11444,"Apple MacBook Air 13.6"" (M2)",22,8/256Gb,
11445,"Apple MacBook Air 13.6"" (M2)",22,8/512Gb,
11446,"Apple MacBook Air 13.6"" (M2)",22,8/1Tb,
11447,"Apple MacBook Air 13.6"" (M2)",22,8/2Tb,
11448,"Apple MacBook Air 13.6"" (M2)",22,16/256Gb,
11449,"Apple MacBook Air 13.6"" (M2)",22,16/512Gb,
11450,"Apple MacBook Air 13.6"" (M2)",22,16/1Tb,
11451,"Apple MacBook Air 13.6"" (M2)",22,16/2Tb,
11452,"Apple MacBook Air 13.6"" (M2)",22,24/256Gb,
11453,"Apple MacBook Air 13.6"" (M2)",22,24/512Gb,
11454,"Apple MacBook Air 13.6"" (M2)",22,24/1Tb,
11455,"Apple MacBook Air 13.6"" (M2)",22,24/2Tb,
11456,"Apple MacBook Pro 16"" (M3 Max)",22,18/512Gb,
11457,"Apple MacBook Pro 16"" (M3 Max)",22,18/1Tb,
11458,"Apple MacBook Pro 16"" (M3 Max)",22,18/2Tb,
11459,"Apple MacBook Pro 16"" (M3 Max)",22,18/4Tb,
11460,"Apple MacBook Pro 16"" (M3 Max)",22,18/8Tb,
11461,"Apple MacBook Pro 16"" (M3 Max)",22,36/512Gb,
11462,"Apple MacBook Pro 16"" (M3 Max)",22,36/1Tb,
11463,"Apple MacBook Pro 16"" (M3 Max)",22,36/2Tb,
11464,"Apple MacBook Pro 16"" (M3 Max)",22,36/4Tb,
11465,"Apple MacBook Pro 16"" (M3 Max)",22,36/8Tb,
11466,"Apple MacBook Pro 16"" (M3 Max)",22,48/512Gb,
11467,"Apple MacBook Pro 16"" (M3 Max)",22,48/1Tb,
11468,"Apple MacBook Pro 16"" (M3 Max)",22,48/2Tb,
11469,"Apple MacBook Pro 16"" (M3 Max)",22,48/4Tb,
11470,"Apple MacBook Pro 16"" (M3 Max)",22,48/8Tb,
11471,"Apple MacBook Pro 16"" (M3 Max)",22,64/512Gb,
11472,"Apple MacBook Pro 16"" (M3 Max)",22,64/1Tb,
11473,"Apple MacBook Pro 16"" (M3 Max)",22,64/2Tb,
11474,"Apple MacBook Pro 16"" (M3 Max)",22,64/4Tb,
11475,"Apple MacBook Pro 16"" (M3 Max)",22,64/8Tb,
11476,"Apple MacBook Pro 16"" (M3 Max)",22,96/512Gb,
11477,"Apple MacBook Pro 16"" (M3 Max)",22,96/1Tb,
11478,"Apple MacBook Pro 16"" (M3 Max)",22,96/2Tb,
11479,"Apple MacBook Pro 16"" (M3 Max)",22,96/4Tb,
11480,"Apple MacBook Pro 16"" (M3 Max)",22,96/8Tb,
11481,"Apple MacBook Pro 16"" (M3 Max)",22,128/512Gb,
11482,"Apple MacBook Pro 16"" (M3 Max)",22,128/1Tb,
11483,"Apple MacBook Pro 16"" (M3 Max)",22,128/2Tb,
11484,"Apple MacBook Pro 16"" (M3 Max)",22,128/4Tb,
11485,"Apple MacBook Pro 16"" (M3 Max)",22,128/8Tb,
11486,"Apple MacBook Pro 14"" (M3)",22,8/512Gb,
11487,"Apple MacBook Pro 14"" (M3)",22,8/1Tb,
11488,"Apple MacBook Pro 14"" (M3)",22,8/2Tb,
11489,"Apple MacBook Pro 14"" (M3)",22,8/3Tb,
11490,"Apple MacBook Pro 14"" (M3)",22,8/4Tb,
11491,"Apple MacBook Pro 14"" (M3)",22,8/8Tb,
11492,"Apple MacBook Pro 14"" (M3)",22,16/512Gb,
11493,"Apple MacBook Pro 14"" (M3)",22,16/1Tb,
11494,"Apple MacBook Pro 14"" (M3)",22,16/2Tb,
11495,"Apple MacBook Pro 14"" (M3)",22,16/3Tb,
11496,"Apple MacBook Pro 14"" (M3)",22,16/4Tb,
11497,"Apple MacBook Pro 14"" (M3)",22,16/8Tb,
11498,"Apple MacBook Pro 14"" (M3)",22,18/512Gb,
11499,"Apple MacBook Pro 14"" (M3)",22,18/1Tb,
11500,"Apple MacBook Pro 14"" (M3)",22,18/2Tb,
11501,"Apple MacBook Pro 14"" (M3)",22,18/3Tb,
11502,"Apple MacBook Pro 14"" (M3)",22,18/4Tb,
11503,"Apple MacBook Pro 14"" (M3)",22,18/8Tb,
11504,"Apple MacBook Pro 14"" (M3)",22,24/512Gb,
11505,"Apple MacBook Pro 14"" (M3)",22,24/1Tb,
11506,"Apple MacBook Pro 14"" (M3)",22,24/2Tb,
11507,"Apple MacBook Pro 14"" (M3)",22,24/3Tb,
11508,"Apple MacBook Pro 14"" (M3)",22,24/4Tb,
11509,"Apple MacBook Pro 14"" (M3)",22,24/8Tb,
11510,"Apple MacBook Pro 14"" (M3)",22,36/512Gb,
11511,"Apple MacBook Pro 14"" (M3)",22,36/1Tb,
11512,"Apple MacBook Pro 14"" (M3)",22,36/2Tb,
11513,"Apple MacBook Pro 14"" (M3)",22,36/3Tb,
11514,"Apple MacBook Pro 14"" (M3)",22,36/4Tb,
11515,"Apple MacBook Pro 14"" (M3)",22,36/8Tb,
11516,"Apple MacBook Pro 14"" (M3)",22,48/512Gb,
11517,"Apple MacBook Pro 14"" (M3)",22,48/1Tb,
11518,"Apple MacBook Pro 14"" (M3)",22,48/2Tb,
11519,"Apple MacBook Pro 14"" (M3)",22,48/3Tb,
11520,"Apple MacBook Pro 14"" (M3)",22,48/4Tb,
11521,"Apple MacBook Pro 14"" (M3)",22,48/8Tb,
11522,"Apple MacBook Pro 14"" (M3)",22,64/512Gb,
11523,"Apple MacBook Pro 14"" (M3)",22,64/1Tb,
11524,"Apple MacBook Pro 14"" (M3)",22,64/2Tb,
11525,"Apple MacBook Pro 14"" (M3)",22,64/3Tb,
11526,"Apple MacBook Pro 14"" (M3)",22,64/4Tb,
11527,"Apple MacBook Pro 14"" (M3)",22,64/8Tb,
11528,"Apple MacBook Pro 14"" (M3)",22,96/512Gb,
11529,"Apple MacBook Pro 14"" (M3)",22,96/1Tb,
11530,"Apple MacBook Pro 14"" (M3)",22,96/2Tb,
11531,"Apple MacBook Pro 14"" (M3)",22,96/3Tb,
11532,"Apple MacBook Pro 14"" (M3)",22,96/4Tb,
11533,"Apple MacBook Pro 14"" (M3)",22,96/8Tb,
11534,"Apple MacBook Pro 14"" (M3)",22,128/512Gb,
11535,"Apple MacBook Pro 14"" (M3)",22,128/1Tb,
11536,"Apple MacBook Pro 14"" (M3)",22,128/2Tb,
11537,"Apple MacBook Pro 14"" (M3)",22,128/3Tb,
11538,"Apple MacBook Pro 14"" (M3)",22,128/4Tb,
11539,"Apple MacBook Pro 14"" (M3)",22,128/8Tb,
11540,"Apple MacBook Pro 16"" (M2 Max)",22,16/512Gb,
11541,"Apple MacBook Pro 16"" (M2 Max)",22,16/1Tb,
11542,"Apple MacBook Pro 16"" (M2 Max)",22,16/2Tb,
11543,"Apple MacBook Pro 16"" (M2 Max)",22,16/4Tb,
11544,"Apple MacBook Pro 16"" (M2 Max)",22,16/8Tb,
11545,"Apple MacBook Pro 16"" (M2 Max)",22,32/512Gb,
11546,"Apple MacBook Pro 16"" (M2 Max)",22,32/1Tb,
11547,"Apple MacBook Pro 16"" (M2 Max)",22,32/2Tb,
11548,"Apple MacBook Pro 16"" (M2 Max)",22,32/4Tb,
11549,"Apple MacBook Pro 16"" (M2 Max)",22,32/8Tb,
11550,"Apple MacBook Pro 16"" (M2 Max)",22,64/512Gb,
11551,"Apple MacBook Pro 16"" (M2 Max)",22,64/1Tb,
11552,"Apple MacBook Pro 16"" (M2 Max)",22,64/2Tb,
11553,"Apple MacBook Pro 16"" (M2 Max)",22,64/4Tb,
11554,"Apple MacBook Pro 16"" (M2 Max)",22,64/8Tb,
11555,"Apple MacBook Pro 16"" (M2 Max)",22,96/512Gb,
11556,"Apple MacBook Pro 16"" (M2 Max)",22,96/1Tb,
11557,"Apple MacBook Pro 16"" (M2 Max)",22,96/2Tb,
11558,"Apple MacBook Pro 16"" (M2 Max)",22,96/4Tb,
11559,"Apple MacBook Pro 16"" (M2 Max)",22,96/8Tb,
11560,"Apple MacBook Pro 16"" (M3 Pro)",22,18/512Gb,
11561,"Apple MacBook Pro 16"" (M3 Pro)",22,18/1Tb,
11562,"Apple MacBook Pro 16"" (M3 Pro)",22,18/2Tb,
11563,"Apple MacBook Pro 16"" (M3 Pro)",22,18/4Tb,
11564,"Apple MacBook Pro 16"" (M3 Pro)",22,18/8Tb,
11565,"Apple MacBook Pro 16"" (M3 Pro)",22,36/512Gb,
11566,"Apple MacBook Pro 16"" (M3 Pro)",22,36/1Tb,
11567,"Apple MacBook Pro 16"" (M3 Pro)",22,36/2Tb,
11568,"Apple MacBook Pro 16"" (M3 Pro)",22,36/4Tb,
11569,"Apple MacBook Pro 16"" (M3 Pro)",22,36/8Tb,
11570,"Apple MacBook Pro 16"" (M3 Pro)",22,48/512Gb,
11571,"Apple MacBook Pro 16"" (M3 Pro)",22,48/1Tb,
11572,"Apple MacBook Pro 16"" (M3 Pro)",22,48/2Tb,
11573,"Apple MacBook Pro 16"" (M3 Pro)",22,48/4Tb,
11574,"Apple MacBook Pro 16"" (M3 Pro)",22,48/8Tb,
11575,"Apple MacBook Pro 16"" (M3 Pro)",22,64/512Gb,
11576,"Apple MacBook Pro 16"" (M3 Pro)",22,64/1Tb,
11577,"Apple MacBook Pro 16"" (M3 Pro)",22,64/2Tb,
11578,"Apple MacBook Pro 16"" (M3 Pro)",22,64/4Tb,
11579,"Apple MacBook Pro 16"" (M3 Pro)",22,64/8Tb,
11580,"Apple MacBook Pro 16"" (M3 Pro)",22,96/512Gb,
11581,"Apple MacBook Pro 16"" (M3 Pro)",22,96/1Tb,
11582,"Apple MacBook Pro 16"" (M3 Pro)",22,96/2Tb,
11583,"Apple MacBook Pro 16"" (M3 Pro)",22,96/4Tb,
11584,"Apple MacBook Pro 16"" (M3 Pro)",22,96/8Tb,
11585,"Apple MacBook Pro 16"" (M3 Pro)",22,128/512Gb,
11586,"Apple MacBook Pro 16"" (M3 Pro)",22,128/1Tb,
11587,"Apple MacBook Pro 16"" (M3 Pro)",22,128/2Tb,
11588,"Apple MacBook Pro 16"" (M3 Pro)",22,128/4Tb,
11589,"Apple MacBook Pro 16"" (M3 Pro)",22,128/8Tb,
11590,"Apple MacBook Air 13.3"" (M1)",22,8/256Gb,
11591,"Apple MacBook Air 13.3"" (M1)",22,8/512Gb,
11592,"Apple MacBook Air 13.3"" (M1)",22,8/1Tb,
11593,"Apple MacBook Air 13.3"" (M1)",22,8/2Tb,
11594,"Apple MacBook Air 13.3"" (M1)",22,16/256Gb,
11595,"Apple MacBook Air 13.3"" (M1)",22,16/512Gb,
11596,"Apple MacBook Air 13.3"" (M1)",22,16/1Tb,
11597,"Apple MacBook Air 13.3"" (M1)",22,16/2Tb,
11598,"Apple MacBook Pro 16"" (M2 Pro)",22,16/512Gb,
11599,"Apple MacBook Pro 16"" (M2 Pro)",22,16/1Tb,
11600,"Apple MacBook Pro 16"" (M2 Pro)",22,16/2Tb,
11601,"Apple MacBook Pro 16"" (M2 Pro)",22,16/4Tb,
11602,"Apple MacBook Pro 16"" (M2 Pro)",22,16/8Tb,
11603,"Apple MacBook Pro 16"" (M2 Pro)",22,32/512Gb,
11604,"Apple MacBook Pro 16"" (M2 Pro)",22,32/1Tb,
11605,"Apple MacBook Pro 16"" (M2 Pro)",22,32/2Tb,
11606,"Apple MacBook Pro 16"" (M2 Pro)",22,32/4Tb,
11607,"Apple MacBook Pro 16"" (M2 Pro)",22,32/8Tb,
11608,"Apple MacBook Pro 16"" (M2 Pro)",22,64/512Gb,
11609,"Apple MacBook Pro 16"" (M2 Pro)",22,64/1Tb,
11610,"Apple MacBook Pro 16"" (M2 Pro)",22,64/2Tb,
11611,"Apple MacBook Pro 16"" (M2 Pro)",22,64/4Tb,
11612,"Apple MacBook Pro 16"" (M2 Pro)",22,64/8Tb,
11613,"Apple MacBook Pro 16"" (M2 Pro)",22,96/512Gb,
11614,"Apple MacBook Pro 16"" (M2 Pro)",22,96/1Tb,
11615,"Apple MacBook Pro 16"" (M2 Pro)",22,96/2Tb,
11616,"Apple MacBook Pro 16"" (M2 Pro)",22,96/4Tb,
11617,"Apple MacBook Pro 16"" (M2 Pro)",22,96/8Tb,
11618,"Apple MacBook Pro 13"" (M1)",22,8/256Gb,
11619,"Apple MacBook Pro 13"" (M1)",22,8/512Gb,
11620,"Apple MacBook Pro 13"" (M1)",22,8/1Tb,
11621,"Apple MacBook Pro 13"" (M1)",22,8/2Tb,
11622,"Apple MacBook Pro 13"" (M1)",22,16/256Gb,
11623,"Apple MacBook Pro 13"" (M1)",22,16/512Gb,
11624,"Apple MacBook Pro 13"" (M1)",22,16/1Tb,
11625,"Apple MacBook Pro 13"" (M1)",22,16/2Tb,
11626,"Apple MacBook Pro 14"" (M3 Pro)",22,8/512Gb,
11627,"Apple MacBook Pro 14"" (M3 Pro)",22,8/1Tb,
11628,"Apple MacBook Pro 14"" (M3 Pro)",22,8/2Tb,
11629,"Apple MacBook Pro 14"" (M3 Pro)",22,8/3Tb,
11630,"Apple MacBook Pro 14"" (M3 Pro)",22,8/4Tb,
11631,"Apple MacBook Pro 14"" (M3 Pro)",22,8/8Tb,
11632,"Apple MacBook Pro 14"" (M3 Pro)",22,16/512Gb,
11633,"Apple MacBook Pro 14"" (M3 Pro)",22,16/1Tb,
11634,"Apple MacBook Pro 14"" (M3 Pro)",22,16/2Tb,
11635,"Apple MacBook Pro 14"" (M3 Pro)",22,16/3Tb,
11636,"Apple MacBook Pro 14"" (M3 Pro)",22,16/4Tb,
11637,"Apple MacBook Pro 14"" (M3 Pro)",22,16/8Tb,
11638,"Apple MacBook Pro 14"" (M3 Pro)",22,18/512Gb,
11639,"Apple MacBook Pro 14"" (M3 Pro)",22,18/1Tb,
11640,"Apple MacBook Pro 14"" (M3 Pro)",22,18/2Tb,
11641,"Apple MacBook Pro 14"" (M3 Pro)",22,18/3Tb,
11642,"Apple MacBook Pro 14"" (M3 Pro)",22,18/4Tb,
11643,"Apple MacBook Pro 14"" (M3 Pro)",22,18/8Tb,
11644,"Apple MacBook Pro 14"" (M3 Pro)",22,24/512Gb,
11645,"Apple MacBook Pro 14"" (M3 Pro)",22,24/1Tb,
11646,"Apple MacBook Pro 14"" (M3 Pro)",22,24/2Tb,
11647,"Apple MacBook Pro 14"" (M3 Pro)",22,24/3Tb,
11648,"Apple MacBook Pro 14"" (M3 Pro)",22,24/4Tb,
11649,"Apple MacBook Pro 14"" (M3 Pro)",22,24/8Tb,
11650,"Apple MacBook Pro 14"" (M3 Pro)",22,36/512Gb,
11651,"Apple MacBook Pro 14"" (M3 Pro)",22,36/1Tb,
11652,"Apple MacBook Pro 14"" (M3 Pro)",22,36/2Tb,
11653,"Apple MacBook Pro 14"" (M3 Pro)",22,36/3Tb,
11654,"Apple MacBook Pro 14"" (M3 Pro)",22,36/4Tb,
11655,"Apple MacBook Pro 14"" (M3 Pro)",22,36/8Tb,
11656,"Apple MacBook Pro 14"" (M3 Pro)",22,48/512Gb,
11657,"Apple MacBook Pro 14"" (M3 Pro)",22,48/1Tb,
11658,"Apple MacBook Pro 14"" (M3 Pro)",22,48/2Tb,
11659,"Apple MacBook Pro 14"" (M3 Pro)",22,48/3Tb,
11660,"Apple MacBook Pro 14"" (M3 Pro)",22,48/4Tb,
11661,"Apple MacBook Pro 14"" (M3 Pro)",22,48/8Tb,
11662,"Apple MacBook Pro 14"" (M3 Pro)",22,64/512Gb,
11663,"Apple MacBook Pro 14"" (M3 Pro)",22,64/1Tb,
11664,"Apple MacBook Pro 14"" (M3 Pro)",22,64/2Tb,
11665,"Apple MacBook Pro 14"" (M3 Pro)",22,64/3Tb,
11666,"Apple MacBook Pro 14"" (M3 Pro)",22,64/4Tb,
11667,"Apple MacBook Pro 14"" (M3 Pro)",22,64/8Tb,
11668,"Apple MacBook Pro 14"" (M3 Pro)",22,96/512Gb,
11669,"Apple MacBook Pro 14"" (M3 Pro)",22,96/1Tb,
11670,"Apple MacBook Pro 14"" (M3 Pro)",22,96/2Tb,
11671,"Apple MacBook Pro 14"" (M3 Pro)",22,96/3Tb,
11672,"Apple MacBook Pro 14"" (M3 Pro)",22,96/4Tb,
11673,"Apple MacBook Pro 14"" (M3 Pro)",22,96/8Tb,
11674,"Apple MacBook Pro 14"" (M3 Pro)",22,128/512Gb,
11675,"Apple MacBook Pro 14"" (M3 Pro)",22,128/1Tb,
11676,"Apple MacBook Pro 14"" (M3 Pro)",22,128/2Tb,
11677,"Apple MacBook Pro 14"" (M3 Pro)",22,128/3Tb,
11678,"Apple MacBook Pro 14"" (M3 Pro)",22,128/4Tb,
11679,"Apple MacBook Pro 14"" (M3 Pro)",22,128/8Tb,
11680,"Apple MacBook Pro 14"" (M2 Pro)",22,16/512Gb,
11681,"Apple MacBook Pro 14"" (M2 Pro)",22,16/1Tb,
11682,"Apple MacBook Pro 14"" (M2 Pro)",22,16/2Tb,
11683,"Apple MacBook Pro 14"" (M2 Pro)",22,16/4Tb,
11684,"Apple MacBook Pro 14"" (M2 Pro)",22,16/8Tb,
11685,"Apple MacBook Pro 14"" (M2 Pro)",22,32/512Gb,
11686,"Apple MacBook Pro 14"" (M2 Pro)",22,32/1Tb,
11687,"Apple MacBook Pro 14"" (M2 Pro)",22,32/2Tb,
11688,"Apple MacBook Pro 14"" (M2 Pro)",22,32/4Tb,
11689,"Apple MacBook Pro 14"" (M2 Pro)",22,32/8Tb,
11690,"Apple MacBook Pro 14"" (M2 Pro)",22,64/512Gb,
11691,"Apple MacBook Pro 14"" (M2 Pro)",22,64/1Tb,
11692,"Apple MacBook Pro 14"" (M2 Pro)",22,64/2Tb,
11693,"Apple MacBook Pro 14"" (M2 Pro)",22,64/4Tb,
11694,"Apple MacBook Pro 14"" (M2 Pro)",22,64/8Tb,
11695,"Apple MacBook Pro 14"" (M2 Pro)",22,96/512Gb,
11696,"Apple MacBook Pro 14"" (M2 Pro)",22,96/1Tb,
11697,"Apple MacBook Pro 14"" (M2 Pro)",22,96/2Tb,
11698,"Apple MacBook Pro 14"" (M2 Pro)",22,96/4Tb,
11699,"Apple MacBook Pro 14"" (M2 Pro)",22,96/8Tb,
11700,"Apple MacBook Pro 14"" (M3 Max)",22,8/512Gb,
11701,"Apple MacBook Pro 14"" (M3 Max)",22,8/1Tb,
11702,"Apple MacBook Pro 14"" (M3 Max)",22,8/2Tb,
11703,"Apple MacBook Pro 14"" (M3 Max)",22,8/3Tb,
11704,"Apple MacBook Pro 14"" (M3 Max)",22,8/4Tb,
11705,"Apple MacBook Pro 14"" (M3 Max)",22,8/8Tb,
11706,"Apple MacBook Pro 14"" (M3 Max)",22,16/512Gb,
11707,"Apple MacBook Pro 14"" (M3 Max)",22,16/1Tb,
11708,"Apple MacBook Pro 14"" (M3 Max)",22,16/2Tb,
11709,"Apple MacBook Pro 14"" (M3 Max)",22,16/3Tb,
11710,"Apple MacBook Pro 14"" (M3 Max)",22,16/4Tb,
11711,"Apple MacBook Pro 14"" (M3 Max)",22,16/8Tb,
11712,"Apple MacBook Pro 14"" (M3 Max)",22,18/512Gb,
11713,"Apple MacBook Pro 14"" (M3 Max)",22,18/1Tb,
11714,"Apple MacBook Pro 14"" (M3 Max)",22,18/2Tb,
11715,"Apple MacBook Pro 14"" (M3 Max)",22,18/3Tb,
11716,"Apple MacBook Pro 14"" (M3 Max)",22,18/4Tb,
11717,"Apple MacBook Pro 14"" (M3 Max)",22,18/8Tb,
11718,"Apple MacBook Pro 14"" (M3 Max)",22,24/512Gb,
11719,"Apple MacBook Pro 14"" (M3 Max)",22,24/1Tb,
11720,"Apple MacBook Pro 14"" (M3 Max)",22,24/2Tb,
11721,"Apple MacBook Pro 14"" (M3 Max)",22,24/3Tb,
11722,"Apple MacBook Pro 14"" (M3 Max)",22,24/4Tb,
11723,"Apple MacBook Pro 14"" (M3 Max)",22,24/8Tb,
11724,"Apple MacBook Pro 14"" (M3 Max)",22,36/512Gb,
11725,"Apple MacBook Pro 14"" (M3 Max)",22,36/1Tb,
11726,"Apple MacBook Pro 14"" (M3 Max)",22,36/2Tb,
11727,"Apple MacBook Pro 14"" (M3 Max)",22,36/3Tb,
11728,"Apple MacBook Pro 14"" (M3 Max)",22,36/4Tb,
11729,"Apple MacBook Pro 14"" (M3 Max)",22,36/8Tb,
11730,"Apple MacBook Pro 14"" (M3 Max)",22,48/512Gb,
11731,"Apple MacBook Pro 14"" (M3 Max)",22,48/1Tb,
11732,"Apple MacBook Pro 14"" (M3 Max)",22,48/2Tb,
11733,"Apple MacBook Pro 14"" (M3 Max)",22,48/3Tb,
11734,"Apple MacBook Pro 14"" (M3 Max)",22,48/4Tb,
11735,"Apple MacBook Pro 14"" (M3 Max)",22,48/8Tb,
11736,"Apple MacBook Pro 14"" (M3 Max)",22,64/512Gb,
11737,"Apple MacBook Pro 14"" (M3 Max)",22,64/1Tb,
11738,"Apple MacBook Pro 14"" (M3 Max)",22,64/2Tb,
11739,"Apple MacBook Pro 14"" (M3 Max)",22,64/3Tb,
11740,"Apple MacBook Pro 14"" (M3 Max)",22,64/4Tb,
11741,"Apple MacBook Pro 14"" (M3 Max)",22,64/8Tb,
11742,"Apple MacBook Pro 14"" (M3 Max)",22,96/512Gb,
11743,"Apple MacBook Pro 14"" (M3 Max)",22,96/1Tb,
11744,"Apple MacBook Pro 14"" (M3 Max)",22,96/2Tb,
11745,"Apple MacBook Pro 14"" (M3 Max)",22,96/3Tb,
11746,"Apple MacBook Pro 14"" (M3 Max)",22,96/4Tb,
11747,"Apple MacBook Pro 14"" (M3 Max)",22,96/8Tb,
11748,"Apple MacBook Pro 14"" (M3 Max)",22,128/512Gb,
11749,"Apple MacBook Pro 14"" (M3 Max)",22,128/1Tb,
11750,"Apple MacBook Pro 14"" (M3 Max)",22,128/2Tb,
11751,"Apple MacBook Pro 14"" (M3 Max)",22,128/3Tb,
11752,"Apple MacBook Pro 14"" (M3 Max)",22,128/4Tb,
11753,"Apple MacBook Pro 14"" (M3 Max)",22,128/8Tb,
11754,"Apple MacBook Pro 14"" (M1 Pro)",22,16/512Gb,
11755,"Apple MacBook Pro 14"" (M1 Pro)",22,16/1Tb,
11756,"Apple MacBook Pro 14"" (M1 Pro)",22,16/2Tb,
11757,"Apple MacBook Pro 14"" (M1 Pro)",22,16/4Tb,
11758,"Apple MacBook Pro 14"" (M1 Pro)",22,16/8Tb,
11759,"Apple MacBook Pro 14"" (M1 Pro)",22,24/512Gb,
11760,"Apple MacBook Pro 14"" (M1 Pro)",22,24/1Tb,
11761,"Apple MacBook Pro 14"" (M1 Pro)",22,24/2Tb,
11762,"Apple MacBook Pro 14"" (M1 Pro)",22,24/4Tb,
11763,"Apple MacBook Pro 14"" (M1 Pro)",22,24/8Tb,
11764,"Apple MacBook Pro 14"" (M1 Pro)",22,32/512Gb,
11765,"Apple MacBook Pro 14"" (M1 Pro)",22,32/1Tb,
11766,"Apple MacBook Pro 14"" (M1 Pro)",22,32/2Tb,
11767,"Apple MacBook Pro 14"" (M1 Pro)",22,32/4Tb,
11768,"Apple MacBook Pro 14"" (M1 Pro)",22,32/8Tb,
11769,"Apple MacBook Pro 13"" (M2)",22,8/256Gb,
11770,"Apple MacBook Pro 13"" (M2)",22,8/512Gb,
11771,"Apple MacBook Pro 13"" (M2)",22,8/1Tb,
11772,"Apple MacBook Pro 13"" (M2)",22,8/2Tb,
11773,"Apple MacBook Pro 13"" (M2)",22,16/256Gb,
11774,"Apple MacBook Pro 13"" (M2)",22,16/512Gb,
11775,"Apple MacBook Pro 13"" (M2)",22,16/1Tb,
11776,"Apple MacBook Pro 13"" (M2)",22,16/2Tb,
11777,"Apple MacBook Pro 13"" (M2)",22,24/256Gb,
11778,"Apple MacBook Pro 13"" (M2)",22,24/512Gb,
11779,"Apple MacBook Pro 13"" (M2)",22,24/1Tb,
11780,"Apple MacBook Pro 13"" (M2)",22,24/2Tb,
11781,"Apple MacBook Pro 14"" (M2 Max)",22,16/512Gb,
11782,"Apple MacBook Pro 14"" (M2 Max)",22,16/1Tb,
11783,"Apple MacBook Pro 14"" (M2 Max)",22,16/2Tb,
11784,"Apple MacBook Pro 14"" (M2 Max)",22,16/4Tb,
11785,"Apple MacBook Pro 14"" (M2 Max)",22,16/8Tb,
11786,"Apple MacBook Pro 14"" (M2 Max)",22,32/512Gb,
11787,"Apple MacBook Pro 14"" (M2 Max)",22,32/1Tb,
11788,"Apple MacBook Pro 14"" (M2 Max)",22,32/2Tb,
11789,"Apple MacBook Pro 14"" (M2 Max)",22,32/4Tb,
11790,"Apple MacBook Pro 14"" (M2 Max)",22,32/8Tb,
11791,"Apple MacBook Pro 14"" (M2 Max)",22,64/512Gb,
11792,"Apple MacBook Pro 14"" (M2 Max)",22,64/1Tb,
11793,"Apple MacBook Pro 14"" (M2 Max)",22,64/2Tb,
11794,"Apple MacBook Pro 14"" (M2 Max)",22,64/4Tb,
11795,"Apple MacBook Pro 14"" (M2 Max)",22,64/8Tb,
11796,"Apple MacBook Pro 14"" (M2 Max)",22,96/512Gb,
11797,"Apple MacBook Pro 14"" (M2 Max)",22,96/1Tb,
11798,"Apple MacBook Pro 14"" (M2 Max)",22,96/2Tb,
11799,"Apple MacBook Pro 14"" (M2 Max)",22,96/4Tb,
11800,"Apple MacBook Pro 14"" (M2 Max)",22,96/8Tb,
11801,"Apple MacBook Air 13.6"" (M3)",22,8/256Gb,
11802,"Apple MacBook Air 13.6"" (M3)",22,8/512Gb,
11803,"Apple MacBook Air 13.6"" (M3)",22,8/1Tb,
11804,"Apple MacBook Air 13.6"" (M3)",22,8/2Tb,
11805,"Apple MacBook Air 13.6"" (M3)",22,16/256Gb,
11806,"Apple MacBook Air 13.6"" (M3)",22,16/512Gb,
11807,"Apple MacBook Air 13.6"" (M3)",22,16/1Tb,
11808,"Apple MacBook Air 13.6"" (M3)",22,16/2Tb,
11809,"Apple MacBook Air 13.6"" (M3)",22,24/256Gb,
11810,"Apple MacBook Air 13.6"" (M3)",22,24/512Gb,
11811,"Apple MacBook Air 13.6"" (M3)",22,24/1Tb,
11812,"Apple MacBook Air 13.6"" (M3)",22,24/2Tb,
11813,"Apple MacBook Air 15"" (M3)",22,8/256Gb,
11814,"Apple MacBook Air 15"" (M3)",22,8/512Gb,
11815,"Apple MacBook Air 15"" (M3)",22,8/1Tb,
11816,"Apple MacBook Air 15"" (M3)",22,8/2Tb,
11817,"Apple MacBook Air 15"" (M3)",22,16/256Gb,
11818,"Apple MacBook Air 15"" (M3)",22,16/512Gb,
11819,"Apple MacBook Air 15"" (M3)",22,16/1Tb,
11820,"Apple MacBook Air 15"" (M3)",22,16/2Tb,
11821,"Apple MacBook Air 15"" (M3)",22,24/256Gb,
11822,"Apple MacBook Air 15"" (M3)",22,24/512Gb,
11823,"Apple MacBook Air 15"" (M3)",22,24/1Tb,
11824,"Apple MacBook Air 15"" (M3)",22,24/2Tb,
11825,"Apple MacBook Pro 16"" (M4 Max 16-Core)",22,24/512Gb,
11826,"Apple MacBook Pro 16"" (M4 Max 16-Core)",22,24/1Tb,
11827,"Apple MacBook Pro 16"" (M4 Max 16-Core)",22,24/2Tb,
11828,"Apple MacBook Pro 16"" (M4 Max 16-Core)",22,24/4Tb,
11829,"Apple MacBook Pro 16"" (M4 Max 16-Core)",22,24/8Tb,
11830,"Apple MacBook Pro 16"" (M4 Max 16-Core)",22,36/512Gb,
11831,"Apple MacBook Pro 16"" (M4 Max 16-Core)",22,36/1Tb,
11832,"Apple MacBook Pro 16"" (M4 Max 16-Core)",22,36/2Tb,
11833,"Apple MacBook Pro 16"" (M4 Max 16-Core)",22,36/4Tb,
11834,"Apple MacBook Pro 16"" (M4 Max 16-Core)",22,36/8Tb,
11835,"Apple MacBook Pro 16"" (M4 Max 16-Core)",22,48/512Gb,
11836,"Apple MacBook Pro 16"" (M4 Max 16-Core)",22,48/1Tb,
11837,"Apple MacBook Pro 16"" (M4 Max 16-Core)",22,48/2Tb,
11838,"Apple MacBook Pro 16"" (M4 Max 16-Core)",22,48/4Tb,
11839,"Apple MacBook Pro 16"" (M4 Max 16-Core)",22,48/8Tb,
11840,"Apple MacBook Pro 16"" (M4 Max 16-Core)",22,64/512Gb,
11841,"Apple MacBook Pro 16"" (M4 Max 16-Core)",22,64/1Tb,
11842,"Apple MacBook Pro 16"" (M4 Max 16-Core)",22,64/2Tb,
11843,"Apple MacBook Pro 16"" (M4 Max 16-Core)",22,64/4Tb,
11844,"Apple MacBook Pro 16"" (M4 Max 16-Core)",22,64/8Tb,
11845,"Apple MacBook Pro 16"" (M4 Max 16-Core)",22,128/512Gb,
11846,"Apple MacBook Pro 16"" (M4 Max 16-Core)",22,128/1Tb,
11847,"Apple MacBook Pro 16"" (M4 Max 16-Core)",22,128/2Tb,
11848,"Apple MacBook Pro 16"" (M4 Max 16-Core)",22,128/4Tb,
11849,"Apple MacBook Pro 16"" (M4 Max 16-Core)",22,128/8Tb,
11850,"Apple MacBook Pro 14"" (M4 Max 14-Core)",22,16/512Gb,
11851,"Apple MacBook Pro 14"" (M4 Max 14-Core)",22,16/1Tb,
11852,"Apple MacBook Pro 14"" (M4 Max 14-Core)",22,16/2Tb,
11853,"Apple MacBook Pro 14"" (M4 Max 14-Core)",22,16/4Tb,
11854,"Apple MacBook Pro 14"" (M4 Max 14-Core)",22,16/8Tb,
11855,"Apple MacBook Pro 14"" (M4 Max 14-Core)",22,24/512Gb,
11856,"Apple MacBook Pro 14"" (M4 Max 14-Core)",22,24/1Tb,
11857,"Apple MacBook Pro 14"" (M4 Max 14-Core)",22,24/2Tb,
11858,"Apple MacBook Pro 14"" (M4 Max 14-Core)",22,24/4Tb,
11859,"Apple MacBook Pro 14"" (M4 Max 14-Core)",22,24/8Tb,
11860,"Apple MacBook Pro 14"" (M4 Max 14-Core)",22,32/512Gb,
11861,"Apple MacBook Pro 14"" (M4 Max 14-Core)",22,32/1Tb,
11862,"Apple MacBook Pro 14"" (M4 Max 14-Core)",22,32/2Tb,
11863,"Apple MacBook Pro 14"" (M4 Max 14-Core)",22,32/4Tb,
11864,"Apple MacBook Pro 14"" (M4 Max 14-Core)",22,32/8Tb,
11865,"Apple MacBook Pro 14"" (M4 Max 14-Core)",22,36/512Gb,
11866,"Apple MacBook Pro 14"" (M4 Max 14-Core)",22,36/1Tb,
11867,"Apple MacBook Pro 14"" (M4 Max 14-Core)",22,36/2Tb,
11868,"Apple MacBook Pro 14"" (M4 Max 14-Core)",22,36/4Tb,
11869,"Apple MacBook Pro 14"" (M4 Max 14-Core)",22,36/8Tb,
11870,"Apple MacBook Pro 14"" (M4 Max 14-Core)",22,48/512Gb,
11871,"Apple MacBook Pro 14"" (M4 Max 14-Core)",22,48/1Tb,
11872,"Apple MacBook Pro 14"" (M4 Max 14-Core)",22,48/2Tb,
11873,"Apple MacBook Pro 14"" (M4 Max 14-Core)",22,48/4Tb,
11874,"Apple MacBook Pro 14"" (M4 Max 14-Core)",22,48/8Tb,
11875,"Apple MacBook Pro 14"" (M4 Max 14-Core)",22,64/512Gb,
11876,"Apple MacBook Pro 14"" (M4 Max 14-Core)",22,64/1Tb,
11877,"Apple MacBook Pro 14"" (M4 Max 14-Core)",22,64/2Tb,
11878,"Apple MacBook Pro 14"" (M4 Max 14-Core)",22,64/4Tb,
11879,"Apple MacBook Pro 14"" (M4 Max 14-Core)",22,64/8Tb,
11880,"Apple MacBook Pro 14"" (M4 Max 14-Core)",22,128/512Gb,
11881,"Apple MacBook Pro 14"" (M4 Max 14-Core)",22,128/1Tb,
11882,"Apple MacBook Pro 14"" (M4 Max 14-Core)",22,128/2Tb,
11883,"Apple MacBook Pro 14"" (M4 Max 14-Core)",22,128/4Tb,
11884,"Apple MacBook Pro 14"" (M4 Max 14-Core)",22,128/8Tb,
11885,"Apple MacBook Pro 16"" (M4 Pro 14-Core)",22,24/512Gb,
11886,"Apple MacBook Pro 16"" (M4 Pro 14-Core)",22,24/1Tb,
11887,"Apple MacBook Pro 16"" (M4 Pro 14-Core)",22,24/2Tb,
11888,"Apple MacBook Pro 16"" (M4 Pro 14-Core)",22,24/4Tb,
11889,"Apple MacBook Pro 16"" (M4 Pro 14-Core)",22,24/8Tb,
11890,"Apple MacBook Pro 16"" (M4 Pro 14-Core)",22,36/512Gb,
11891,"Apple MacBook Pro 16"" (M4 Pro 14-Core)",22,36/1Tb,
11892,"Apple MacBook Pro 16"" (M4 Pro 14-Core)",22,36/2Tb,
11893,"Apple MacBook Pro 16"" (M4 Pro 14-Core)",22,36/4Tb,
11894,"Apple MacBook Pro 16"" (M4 Pro 14-Core)",22,36/8Tb,
11895,"Apple MacBook Pro 16"" (M4 Pro 14-Core)",22,48/512Gb,
11896,"Apple MacBook Pro 16"" (M4 Pro 14-Core)",22,48/1Tb,
11897,"Apple MacBook Pro 16"" (M4 Pro 14-Core)",22,48/2Tb,
11898,"Apple MacBook Pro 16"" (M4 Pro 14-Core)",22,48/4Tb,
11899,"Apple MacBook Pro 16"" (M4 Pro 14-Core)",22,48/8Tb,
11900,"Apple MacBook Pro 16"" (M4 Pro 14-Core)",22,64/512Gb,
11901,"Apple MacBook Pro 16"" (M4 Pro 14-Core)",22,64/1Tb,
11902,"Apple MacBook Pro 16"" (M4 Pro 14-Core)",22,64/2Tb,
11903,"Apple MacBook Pro 16"" (M4 Pro 14-Core)",22,64/4Tb,
11904,"Apple MacBook Pro 16"" (M4 Pro 14-Core)",22,64/8Tb,
11905,"Apple MacBook Pro 16"" (M4 Pro 14-Core)",22,128/512Gb,
11906,"Apple MacBook Pro 16"" (M4 Pro 14-Core)",22,128/1Tb,
11907,"Apple MacBook Pro 16"" (M4 Pro 14-Core)",22,128/2Tb,
11908,"Apple MacBook Pro 16"" (M4 Pro 14-Core)",22,128/4Tb,
11909,"Apple MacBook Pro 16"" (M4 Pro 14-Core)",22,128/8Tb,
11910,"Apple MacBook Pro 14"" (M4 Pro 12-Core)",22,16/512Gb,
11911,"Apple MacBook Pro 14"" (M4 Pro 12-Core)",22,16/1Tb,
11912,"Apple MacBook Pro 14"" (M4 Pro 12-Core)",22,16/2Tb,
11913,"Apple MacBook Pro 14"" (M4 Pro 12-Core)",22,16/4Tb,
11914,"Apple MacBook Pro 14"" (M4 Pro 12-Core)",22,16/8Tb,
11915,"Apple MacBook Pro 14"" (M4 Pro 12-Core)",22,24/512Gb,
11916,"Apple MacBook Pro 14"" (M4 Pro 12-Core)",22,24/1Tb,
11917,"Apple MacBook Pro 14"" (M4 Pro 12-Core)",22,24/2Tb,
11918,"Apple MacBook Pro 14"" (M4 Pro 12-Core)",22,24/4Tb,
11919,"Apple MacBook Pro 14"" (M4 Pro 12-Core)",22,24/8Tb,
11920,"Apple MacBook Pro 14"" (M4 Pro 12-Core)",22,32/512Gb,
11921,"Apple MacBook Pro 14"" (M4 Pro 12-Core)",22,32/1Tb,
11922,"Apple MacBook Pro 14"" (M4 Pro 12-Core)",22,32/2Tb,
11923,"Apple MacBook Pro 14"" (M4 Pro 12-Core)",22,32/4Tb,
11924,"Apple MacBook Pro 14"" (M4 Pro 12-Core)",22,32/8Tb,
11925,"Apple MacBook Pro 14"" (M4 Pro 12-Core)",22,36/512Gb,
11926,"Apple MacBook Pro 14"" (M4 Pro 12-Core)",22,36/1Tb,
11927,"Apple MacBook Pro 14"" (M4 Pro 12-Core)",22,36/2Tb,
11928,"Apple MacBook Pro 14"" (M4 Pro 12-Core)",22,36/4Tb,
11929,"Apple MacBook Pro 14"" (M4 Pro 12-Core)",22,36/8Tb,
11930,"Apple MacBook Pro 14"" (M4 Pro 12-Core)",22,48/512Gb,
11931,"Apple MacBook Pro 14"" (M4 Pro 12-Core)",22,48/1Tb,
11932,"Apple MacBook Pro 14"" (M4 Pro 12-Core)",22,48/2Tb,
11933,"Apple MacBook Pro 14"" (M4 Pro 12-Core)",22,48/4Tb,
11934,"Apple MacBook Pro 14"" (M4 Pro 12-Core)",22,48/8Tb,
11935,"Apple MacBook Pro 14"" (M4 Pro 12-Core)",22,64/512Gb,
11936,"Apple MacBook Pro 14"" (M4 Pro 12-Core)",22,64/1Tb,
11937,"Apple MacBook Pro 14"" (M4 Pro 12-Core)",22,64/2Tb,
11938,"Apple MacBook Pro 14"" (M4 Pro 12-Core)",22,64/4Tb,
11939,"Apple MacBook Pro 14"" (M4 Pro 12-Core)",22,64/8Tb,
11940,"Apple MacBook Pro 14"" (M4 Pro 12-Core)",22,128/512Gb,
11941,"Apple MacBook Pro 14"" (M4 Pro 12-Core)",22,128/1Tb,
11942,"Apple MacBook Pro 14"" (M4 Pro 12-Core)",22,128/2Tb,
11943,"Apple MacBook Pro 14"" (M4 Pro 12-Core)",22,128/4Tb,
11944,"Apple MacBook Pro 14"" (M4 Pro 12-Core)",22,128/8Tb,
11945,"Apple MacBook Pro 14"" (M4 Max 16-Core)",22,16/512Gb,
11946,"Apple MacBook Pro 14"" (M4 Max 16-Core)",22,16/1Tb,
11947,"Apple MacBook Pro 14"" (M4 Max 16-Core)",22,16/2Tb,
11948,"Apple MacBook Pro 14"" (M4 Max 16-Core)",22,16/4Tb,
11949,"Apple MacBook Pro 14"" (M4 Max 16-Core)",22,16/8Tb,
11950,"Apple MacBook Pro 14"" (M4 Max 16-Core)",22,24/512Gb,
11951,"Apple MacBook Pro 14"" (M4 Max 16-Core)",22,24/1Tb,
11952,"Apple MacBook Pro 14"" (M4 Max 16-Core)",22,24/2Tb,
11953,"Apple MacBook Pro 14"" (M4 Max 16-Core)",22,24/4Tb,
11954,"Apple MacBook Pro 14"" (M4 Max 16-Core)",22,24/8Tb,
11955,"Apple MacBook Pro 14"" (M4 Max 16-Core)",22,32/512Gb,
11956,"Apple MacBook Pro 14"" (M4 Max 16-Core)",22,32/1Tb,
11957,"Apple MacBook Pro 14"" (M4 Max 16-Core)",22,32/2Tb,
11958,"Apple MacBook Pro 14"" (M4 Max 16-Core)",22,32/4Tb,
11959,"Apple MacBook Pro 14"" (M4 Max 16-Core)",22,32/8Tb,
11960,"Apple MacBook Pro 14"" (M4 Max 16-Core)",22,36/512Gb,
11961,"Apple MacBook Pro 14"" (M4 Max 16-Core)",22,36/1Tb,
11962,"Apple MacBook Pro 14"" (M4 Max 16-Core)",22,36/2Tb,
11963,"Apple MacBook Pro 14"" (M4 Max 16-Core)",22,36/4Tb,
11964,"Apple MacBook Pro 14"" (M4 Max 16-Core)",22,36/8Tb,
11965,"Apple MacBook Pro 14"" (M4 Max 16-Core)",22,48/512Gb,
11966,"Apple MacBook Pro 14"" (M4 Max 16-Core)",22,48/1Tb,
11967,"Apple MacBook Pro 14"" (M4 Max 16-Core)",22,48/2Tb,
11968,"Apple MacBook Pro 14"" (M4 Max 16-Core)",22,48/4Tb,
11969,"Apple MacBook Pro 14"" (M4 Max 16-Core)",22,48/8Tb,
11970,"Apple MacBook Pro 14"" (M4 Max 16-Core)",22,64/512Gb,
11971,"Apple MacBook Pro 14"" (M4 Max 16-Core)",22,64/1Tb,
11972,"Apple MacBook Pro 14"" (M4 Max 16-Core)",22,64/2Tb,
11973,"Apple MacBook Pro 14"" (M4 Max 16-Core)",22,64/4Tb,
11974,"Apple MacBook Pro 14"" (M4 Max 16-Core)",22,64/8Tb,
11975,"Apple MacBook Pro 14"" (M4 Max 16-Core)",22,128/512Gb,
11976,"Apple MacBook Pro 14"" (M4 Max 16-Core)",22,128/1Tb,
11977,"Apple MacBook Pro 14"" (M4 Max 16-Core)",22,128/2Tb,
11978,"Apple MacBook Pro 14"" (M4 Max 16-Core)",22,128/4Tb,
11979,"Apple MacBook Pro 14"" (M4 Max 16-Core)",22,128/8Tb,
11980,"Apple MacBook Pro 16"" (M4 Max 14-Core)",22,24/512Gb,
11981,"Apple MacBook Pro 16"" (M4 Max 14-Core)",22,24/1Tb,
11982,"Apple MacBook Pro 16"" (M4 Max 14-Core)",22,24/2Tb,
11983,"Apple MacBook Pro 16"" (M4 Max 14-Core)",22,24/4Tb,
11984,"Apple MacBook Pro 16"" (M4 Max 14-Core)",22,24/8Tb,
11985,"Apple MacBook Pro 16"" (M4 Max 14-Core)",22,36/512Gb,
11986,"Apple MacBook Pro 16"" (M4 Max 14-Core)",22,36/1Tb,
11987,"Apple MacBook Pro 16"" (M4 Max 14-Core)",22,36/2Tb,
11988,"Apple MacBook Pro 16"" (M4 Max 14-Core)",22,36/4Tb,
11989,"Apple MacBook Pro 16"" (M4 Max 14-Core)",22,36/8Tb,
11990,"Apple MacBook Pro 16"" (M4 Max 14-Core)",22,48/512Gb,
11991,"Apple MacBook Pro 16"" (M4 Max 14-Core)",22,48/1Tb,
11992,"Apple MacBook Pro 16"" (M4 Max 14-Core)",22,48/2Tb,
11993,"Apple MacBook Pro 16"" (M4 Max 14-Core)",22,48/4Tb,
11994,"Apple MacBook Pro 16"" (M4 Max 14-Core)",22,48/8Tb,
11995,"Apple MacBook Pro 16"" (M4 Max 14-Core)",22,64/512Gb,
11996,"Apple MacBook Pro 16"" (M4 Max 14-Core)",22,64/1Tb,
11997,"Apple MacBook Pro 16"" (M4 Max 14-Core)",22,64/2Tb,
11998,"Apple MacBook Pro 16"" (M4 Max 14-Core)",22,64/4Tb,
11999,"Apple MacBook Pro 16"" (M4 Max 14-Core)",22,64/8Tb,
12000,"Apple MacBook Pro 16"" (M4 Max 14-Core)",22,128/512Gb,
12001,"Apple MacBook Pro 16"" (M4 Max 14-Core)",22,128/1Tb,
12002,"Apple MacBook Pro 16"" (M4 Max 14-Core)",22,128/2Tb,
12003,"Apple MacBook Pro 16"" (M4 Max 14-Core)",22,128/4Tb,
12004,"Apple MacBook Pro 16"" (M4 Max 14-Core)",22,128/8Tb,
12005,"Apple MacBook Pro 14"" (M4 Pro 14-Core)",22,16/512Gb,
12006,"Apple MacBook Pro 14"" (M4 Pro 14-Core)",22,16/1Tb,
12007,"Apple MacBook Pro 14"" (M4 Pro 14-Core)",22,16/2Tb,
12008,"Apple MacBook Pro 14"" (M4 Pro 14-Core)",22,16/4Tb,
12009,"Apple MacBook Pro 14"" (M4 Pro 14-Core)",22,16/8Tb,
12010,"Apple MacBook Pro 14"" (M4 Pro 14-Core)",22,24/512Gb,
12011,"Apple MacBook Pro 14"" (M4 Pro 14-Core)",22,24/1Tb,
12012,"Apple MacBook Pro 14"" (M4 Pro 14-Core)",22,24/2Tb,
12013,"Apple MacBook Pro 14"" (M4 Pro 14-Core)",22,24/4Tb,
12014,"Apple MacBook Pro 14"" (M4 Pro 14-Core)",22,24/8Tb,
12015,"Apple MacBook Pro 14"" (M4 Pro 14-Core)",22,32/512Gb,
12016,"Apple MacBook Pro 14"" (M4 Pro 14-Core)",22,32/1Tb,
12017,"Apple MacBook Pro 14"" (M4 Pro 14-Core)",22,32/2Tb,
12018,"Apple MacBook Pro 14"" (M4 Pro 14-Core)",22,32/4Tb,
12019,"Apple MacBook Pro 14"" (M4 Pro 14-Core)",22,32/8Tb,
12020,"Apple MacBook Pro 14"" (M4 Pro 14-Core)",22,36/512Gb,
12021,"Apple MacBook Pro 14"" (M4 Pro 14-Core)",22,36/1Tb,
12022,"Apple MacBook Pro 14"" (M4 Pro 14-Core)",22,36/2Tb,
12023,"Apple MacBook Pro 14"" (M4 Pro 14-Core)",22,36/4Tb,
12024,"Apple MacBook Pro 14"" (M4 Pro 14-Core)",22,36/8Tb,
12025,"Apple MacBook Pro 14"" (M4 Pro 14-Core)",22,48/512Gb,
12026,"Apple MacBook Pro 14"" (M4 Pro 14-Core)",22,48/1Tb,
12027,"Apple MacBook Pro 14"" (M4 Pro 14-Core)",22,48/2Tb,
12028,"Apple MacBook Pro 14"" (M4 Pro 14-Core)",22,48/4Tb,
12029,"Apple MacBook Pro 14"" (M4 Pro 14-Core)",22,48/8Tb,
12030,"Apple MacBook Pro 14"" (M4 Pro 14-Core)",22,64/512Gb,
12031,"Apple MacBook Pro 14"" (M4 Pro 14-Core)",22,64/1Tb,
12032,"Apple MacBook Pro 14"" (M4 Pro 14-Core)",22,64/2Tb,
12033,"Apple MacBook Pro 14"" (M4 Pro 14-Core)",22,64/4Tb,
12034,"Apple MacBook Pro 14"" (M4 Pro 14-Core)",22,64/8Tb,
12035,"Apple MacBook Pro 14"" (M4 Pro 14-Core)",22,128/512Gb,
12036,"Apple MacBook Pro 14"" (M4 Pro 14-Core)",22,128/1Tb,
12037,"Apple MacBook Pro 14"" (M4 Pro 14-Core)",22,128/2Tb,
12038,"Apple MacBook Pro 14"" (M4 Pro 14-Core)",22,128/4Tb,
12039,"Apple MacBook Pro 14"" (M4 Pro 14-Core)",22,128/8Tb,
12040,"Apple MacBook Pro 14"" (M4 10-Core)",22,16/512Gb,
12041,"Apple MacBook Pro 14"" (M4 10-Core)",22,16/1Tb,
12042,"Apple MacBook Pro 14"" (M4 10-Core)",22,16/2Tb,
12043,"Apple MacBook Pro 14"" (M4 10-Core)",22,16/4Tb,
12044,"Apple MacBook Pro 14"" (M4 10-Core)",22,16/8Tb,
12045,"Apple MacBook Pro 14"" (M4 10-Core)",22,24/512Gb,
12046,"Apple MacBook Pro 14"" (M4 10-Core)",22,24/1Tb,
12047,"Apple MacBook Pro 14"" (M4 10-Core)",22,24/2Tb,
12048,"Apple MacBook Pro 14"" (M4 10-Core)",22,24/4Tb,
12049,"Apple MacBook Pro 14"" (M4 10-Core)",22,24/8Tb,
12050,"Apple MacBook Pro 14"" (M4 10-Core)",22,32/512Gb,
12051,"Apple MacBook Pro 14"" (M4 10-Core)",22,32/1Tb,
12052,"Apple MacBook Pro 14"" (M4 10-Core)",22,32/2Tb,
12053,"Apple MacBook Pro 14"" (M4 10-Core)",22,32/4Tb,
12054,"Apple MacBook Pro 14"" (M4 10-Core)",22,32/8Tb,
12055,"Apple MacBook Pro 14"" (M4 10-Core)",22,36/512Gb,
12056,"Apple MacBook Pro 14"" (M4 10-Core)",22,36/1Tb,
12057,"Apple MacBook Pro 14"" (M4 10-Core)",22,36/2Tb,
12058,"Apple MacBook Pro 14"" (M4 10-Core)",22,36/4Tb,
12059,"Apple MacBook Pro 14"" (M4 10-Core)",22,36/8Tb,
12060,"Apple MacBook Pro 14"" (M4 10-Core)",22,48/512Gb,
12061,"Apple MacBook Pro 14"" (M4 10-Core)",22,48/1Tb,
12062,"Apple MacBook Pro 14"" (M4 10-Core)",22,48/2Tb,
12063,"Apple MacBook Pro 14"" (M4 10-Core)",22,48/4Tb,
12064,"Apple MacBook Pro 14"" (M4 10-Core)",22,48/8Tb,
12065,"Apple MacBook Pro 14"" (M4 10-Core)",22,64/512Gb,
12066,"Apple MacBook Pro 14"" (M4 10-Core)",22,64/1Tb,
12067,"Apple MacBook Pro 14"" (M4 10-Core)",22,64/2Tb,
12068,"Apple MacBook Pro 14"" (M4 10-Core)",22,64/4Tb,
12069,"Apple MacBook Pro 14"" (M4 10-Core)",22,64/8Tb,
12070,"Apple MacBook Pro 14"" (M4 10-Core)",22,128/512Gb,
12071,"Apple MacBook Pro 14"" (M4 10-Core)",22,128/1Tb,
12072,"Apple MacBook Pro 14"" (M4 10-Core)",22,128/2Tb,
12073,"Apple MacBook Pro 14"" (M4 10-Core)",22,128/4Tb,
12074,"Apple MacBook Pro 14"" (M4 10-Core)",22,128/8Tb,
12075,"Apple MacBook Air 15"" (M4 10-Core)",22,8/256Gb,
12076,"Apple MacBook Air 15"" (M4 10-Core)",22,8/512Gb,
12077,"Apple MacBook Air 15"" (M4 10-Core)",22,8/1Tb,
12078,"Apple MacBook Air 15"" (M4 10-Core)",22,8/2Tb,
12079,"Apple MacBook Air 15"" (M4 10-Core)",22,16/256Gb,
12080,"Apple MacBook Air 15"" (M4 10-Core)",22,16/512Gb,
12081,"Apple MacBook Air 15"" (M4 10-Core)",22,16/1Tb,
12082,"Apple MacBook Air 15"" (M4 10-Core)",22,16/2Tb,
12083,"Apple MacBook Air 15"" (M4 10-Core)",22,24/256Gb,
12084,"Apple MacBook Air 15"" (M4 10-Core)",22,24/512Gb,
12085,"Apple MacBook Air 15"" (M4 10-Core)",22,24/1Tb,
12086,"Apple MacBook Air 15"" (M4 10-Core)",22,24/2Tb,
12087,"Apple MacBook Air 13.6"" (M4 10-Core)",22,8/256Gb,
12088,"Apple MacBook Air 13.6"" (M4 10-Core)",22,8/512Gb,
12089,"Apple MacBook Air 13.6"" (M4 10-Core)",22,8/1Tb,
12090,"Apple MacBook Air 13.6"" (M4 10-Core)",22,8/2Tb,
12091,"Apple MacBook Air 13.6"" (M4 10-Core)",22,16/256Gb,
12092,"Apple MacBook Air 13.6"" (M4 10-Core)",22,16/512Gb,
12093,"Apple MacBook Air 13.6"" (M4 10-Core)",22,16/1Tb,
12094,"Apple MacBook Air 13.6"" (M4 10-Core)",22,16/2Tb,
12095,"Apple MacBook Air 13.6"" (M4 10-Core)",22,24/256Gb,
12096,"Apple MacBook Air 13.6"" (M4 10-Core)",22,24/512Gb,
12097,"Apple MacBook Air 13.6"" (M4 10-Core)",22,24/1Tb,
12098,"Apple MacBook Air 13.6"" (M4 10-Core)",22,24/2Tb,
12099,"Apple MacBook Air 13.6"" (M4 8-Core)",22,8/256Gb,
12100,"Apple MacBook Air 13.6"" (M4 8-Core)",22,8/512Gb,
12101,"Apple MacBook Air 13.6"" (M4 8-Core)",22,8/1Tb,
12102,"Apple MacBook Air 13.6"" (M4 8-Core)",22,8/2Tb,
12103,"Apple MacBook Air 13.6"" (M4 8-Core)",22,16/256Gb,
12104,"Apple MacBook Air 13.6"" (M4 8-Core)",22,16/512Gb,
12105,"Apple MacBook Air 13.6"" (M4 8-Core)",22,16/1Tb,
12106,"Apple MacBook Air 13.6"" (M4 8-Core)",22,16/2Tb,
12107,"Apple MacBook Air 13.6"" (M4 8-Core)",22,24/256Gb,
12108,"Apple MacBook Air 13.6"" (M4 8-Core)",22,24/512Gb,
12109,"Apple MacBook Air 13.6"" (M4 8-Core)",22,24/1Tb,
12110,"Apple MacBook Air 13.6"" (M4 8-Core)",22,24/2Tb,
12111,Samsung Galaxy Buds 3 FE,16,,Black
12112,Samsung Galaxy Buds 3 FE,16,,Gray
12113,Harman/Kardon SoundSticks 4,20,,Black
12114,Harman/Kardon SoundSticks 4,20,,White
12115,JBL Boombox 4,20,,Black
12116,JBL Boombox 4,20,,Blue
12117,JBL Boombox 4,20,,Squad
12118,JBL PartyBox 710,20,,
12119,JBL PartyBox 520,20,,
12120,JBL PartyBox Encore 2,20,1-Микрофон,
12121,JBL PartyBox Encore 2,20,2-Микрофон,
12122,"Apple iPad Pro 11"" M5 (Wifi)",13,256Gb,Space Black
12123,"Apple iPad Pro 11"" M5 (Wifi)",13,256Gb,Silver
12124,"Apple iPad Pro 11"" M5 (Wifi)",13,256Gb,
12125,"Apple iPad Pro 11"" M5 (Wifi)",13,512Gb,Space Black
12126,"Apple iPad Pro 11"" M5 (Wifi)",13,512Gb,Silver
12127,"Apple iPad Pro 11"" M5 (Wifi)",13,512Gb,
12128,"Apple iPad Pro 11"" M5 (Wifi)",13,1Tb,Space Black
12129,"Apple iPad Pro 11"" M5 (Wifi)",13,1Tb,Silver
12130,"Apple iPad Pro 11"" M5 (Wifi)",13,1Tb,
12131,"Apple iPad Pro 11"" M5 (Wifi)",13,2Tb,Space Black
12132,"Apple iPad Pro 11"" M5 (Wifi)",13,2Tb,Silver
12133,"Apple iPad Pro 11"" M5 (Wifi)",13,2Tb,
12134,"Apple iPad Pro 13"" M5 (Sim)",13,256Gb,Space Black
12135,"Apple iPad Pro 13"" M5 (Sim)",13,256Gb,Silver
12136,"Apple iPad Pro 13"" M5 (Sim)",13,256Gb,
12137,"Apple iPad Pro 13"" M5 (Sim)",13,512Gb,Space Black
12138,"Apple iPad Pro 13"" M5 (Sim)",13,512Gb,Silver
12139,"Apple iPad Pro 13"" M5 (Sim)",13,512Gb,
12140,"Apple iPad Pro 13"" M5 (Sim)",13,1Tb,Space Black
12141,"Apple iPad Pro 13"" M5 (Sim)",13,1Tb,Silver
12142,"Apple iPad Pro 13"" M5 (Sim)",13,1Tb,
12143,"Apple iPad Pro 13"" M5 (Sim)",13,2Tb,Space Black
12144,"Apple iPad Pro 13"" M5 (Sim)",13,2Tb,Silver
12145,"Apple iPad Pro 13"" M5 (Sim)",13,2Tb,
12146,"Apple iPad Pro 13"" M5 (Wifi)",13,256Gb,Space Black
12147,"Apple iPad Pro 13"" M5 (Wifi)",13,256Gb,Silver
12148,"Apple iPad Pro 13"" M5 (Wifi)",13,256Gb,
12149,"Apple iPad Pro 13"" M5 (Wifi)",13,512Gb,Space Black
12150,"Apple iPad Pro 13"" M5 (Wifi)",13,512Gb,Silver
12151,"Apple iPad Pro 13"" M5 (Wifi)",13,512Gb,
12152,"Apple iPad Pro 13"" M5 (Wifi)",13,1Tb,Space Black
12153,"Apple iPad Pro 13"" M5 (Wifi)",13,1Tb,Silver
12154,"Apple iPad Pro 13"" M5 (Wifi)",13,1Tb,
12155,"Apple iPad Pro 13"" M5 (Wifi)",13,2Tb,Space Black
12156,"Apple iPad Pro 13"" M5 (Wifi)",13,2Tb,Silver
12157,"Apple iPad Pro 13"" M5 (Wifi)",13,2Tb,
12158,"Apple iPad Pro 11"" M5 (Sim)",13,256Gb,Space Black
12159,"Apple iPad Pro 11"" M5 (Sim)",13,256Gb,Silver
12160,"Apple iPad Pro 11"" M5 (Sim)",13,256Gb,
12161,"Apple iPad Pro 11"" M5 (Sim)",13,512Gb,Space Black
12162,"Apple iPad Pro 11"" M5 (Sim)",13,512Gb,Silver
12163,"Apple iPad Pro 11"" M5 (Sim)",13,512Gb,
12164,"Apple iPad Pro 11"" M5 (Sim)",13,1Tb,Space Black
12165,"Apple iPad Pro 11"" M5 (Sim)",13,1Tb,Silver
12166,"Apple iPad Pro 11"" M5 (Sim)",13,1Tb,
12167,"Apple iPad Pro 11"" M5 (Sim)",13,2Tb,Space Black
12168,"Apple iPad Pro 11"" M5 (Sim)",13,2Tb,Silver
12169,"Apple iPad Pro 11"" M5 (Sim)",13,2Tb,
12170,Умное реле двухканальное Яндекс,35,,
12171,Умная светодиодная лента Яндекс 3м,35,,
12172,Умная светодиодная лента Яндекс 1м,35,,
12173,Центр управления Яндекс Хаб,35,,
12174,Умная розетка Яндекс Matter,35,,
12175,Умное реле одноканальное Яндекс,35,,
12176,Google Pixel 10,121,12/128Gb,Indigo
12177,Google Pixel 10,121,12/128Gb,Frost
12178,Google Pixel 10,121,12/128Gb,Lemongrass
12179,Google Pixel 10,121,12/128Gb,Obsidian
12180,Google Pixel 10,121,12/256Gb,Indigo
12181,Google Pixel 10,121,12/256Gb,Frost
12182,Google Pixel 10,121,12/256Gb,Lemongrass
12183,Google Pixel 10,121,12/256Gb,Obsidian
12184,Google Pixel 9,121,12/128Gb,Obsidian
12185,Google Pixel 9,121,12/128Gb,Porcelain
12186,Google Pixel 9,121,12/128Gb,Wintergreen
12187,Google Pixel 9,121,12/128Gb,Peony
12188,Google Pixel 9,121,12/256Gb,Obsidian
12189,Google Pixel 9,121,12/256Gb,Porcelain
12190,Google Pixel 9,121,12/256Gb,Wintergreen
12191,Google Pixel 9,121,12/256Gb,Peony
12192,Google Pixel 8a,121,8/128Gb,Obsidian
12193,Google Pixel 8a,121,8/128Gb,Porcelain
12194,Google Pixel 8a,121,8/128Gb,Bay
12195,Google Pixel 8a,121,8/128Gb,Aloe
12196,Google Pixel 8a,121,8/256Gb,Obsidian
12197,Google Pixel 8a,121,8/256Gb,Porcelain
12198,Google Pixel 8a,121,8/256Gb,Bay
12199,Google Pixel 8a,121,8/256Gb,Aloe
12200,CMF Headphones Pro,79,,Dark Grey
12201,CMF Headphones Pro,79,,Light Grey
12202,CMF Headphones Pro,79,,Light Grey
12203,Apple iPhone Air MagSafe Battery,53,,
12204,Honor X9d 5G,4,8/256Gb,Reddish Brown
12205,Honor X9d 5G,4,8/256Gb,Midnight Black
12206,Honor X9d 5G,4,8/256Gb,Sunrise Gold
12207,Honor X9d 5G,4,8/256Gb,Forest Green
12208,Honor X9d 5G,4,12/256Gb,Reddish Brown
12209,Honor X9d 5G,4,12/256Gb,Midnight Black
12210,Honor X9d 5G,4,12/256Gb,Sunrise Gold
12211,Honor X9d 5G,4,12/256Gb,Forest Green
12212,Honor X9d 5G,4,12/512Gb,Reddish Brown
12213,Honor X9d 5G,4,12/512Gb,Midnight Black
12214,Honor X9d 5G,4,12/512Gb,Sunrise Gold
12215,Honor X9d 5G,4,12/512Gb,Forest Green
12216,Apple EarPods (3.5 mm) No Box,15,,
12217,Samsung Galaxy Tab A11 (Wifi),11,4/64Gb,Gray
12218,Samsung Galaxy Tab A11 (Wifi),11,4/64Gb,Silver
12219,Samsung Galaxy Tab A11 (Wifi),11,8/128Gb,Gray
12220,Samsung Galaxy Tab A11 (Wifi),11,8/128Gb,Silver
12221,Samsung Galaxy Tab A11 LTE (Sim),11,4/64Gb,Gray
12222,Samsung Galaxy Tab A11 LTE (Sim),11,4/64Gb,Silver
12223,Samsung Galaxy Tab A11 LTE (Sim),11,8/128Gb,Gray
12224,Samsung Galaxy Tab A11 LTE (Sim),11,8/128Gb,Silver
12225,Samsung Galaxy Tab S11 (Wifi),11,12/128Gb + Keyboard,Gray
12226,Samsung Galaxy Tab S11 (Wifi),11,12/128Gb + Keyboard,Silver
12227,Samsung Galaxy Tab S11 (Wifi),11,12/256Gb + Keyboard,Gray
12228,Samsung Galaxy Tab S11 (Wifi),11,12/256Gb + Keyboard,Silver
12229,Samsung Galaxy Tab S11 (Wifi),11,12/512Gb + Keyboard,Gray
12230,Samsung Galaxy Tab S11 (Wifi),11,12/512Gb + Keyboard,Silver
12231,Apple iPhone 12 (Sim),1,64Gb,
12232,Apple iPhone 12 (Sim),1,64Gb,Black
12233,Apple iPhone 12 (Sim),1,64Gb,White
12234,Apple iPhone 12 (Sim),1,64Gb,Red
12235,Apple iPhone 12 (Sim),1,64Gb,Green
12236,Apple iPhone 12 (Sim),1,64Gb,Blue
12237,Apple iPhone 12 (Sim),1,64Gb,Purple
12238,Apple iPhone 12 (Sim),1,128Gb,
12239,Apple iPhone 12 (Sim),1,128Gb,Black
12240,Apple iPhone 12 (Sim),1,128Gb,White
12241,Apple iPhone 12 (Sim),1,128Gb,Red
12242,Apple iPhone 12 (Sim),1,128Gb,Green
12243,Apple iPhone 12 (Sim),1,128Gb,Blue
12244,Apple iPhone 12 (Sim),1,128Gb,Purple
12245,Apple iPhone 12 (Sim),1,256Gb,
12246,Apple iPhone 12 (Sim),1,256Gb,Black
12247,Apple iPhone 12 (Sim),1,256Gb,White
12248,Apple iPhone 12 (Sim),1,256Gb,Red
12249,Apple iPhone 12 (Sim),1,256Gb,Green
12250,Apple iPhone 12 (Sim),1,256Gb,Blue
12251,Apple iPhone 12 (Sim),1,256Gb,Purple
12252,Insta360 X5,106,,
12253,Samsung Galaxy M17 5G,2,4/128Gb,Moonlight Silver
12254,Samsung Galaxy M17 5G,2,4/128Gb,Sapphire Black
12255,Samsung Galaxy M17 5G,2,6/128Gb,Moonlight Silver
12256,Samsung Galaxy M17 5G,2,6/128Gb,Sapphire Black
12257,Samsung Galaxy M17 5G,2,8/128Gb,Moonlight Silver
12258,Samsung Galaxy M17 5G,2,8/128Gb,Sapphire Black
12259,Samsung Galaxy M36 5G,2,6/128Gb,Orange Haze
12260,Samsung Galaxy M36 5G,2,6/128Gb,Velvet Black
12261,Samsung Galaxy M36 5G,2,6/128Gb,Serene Green
12262,Samsung Galaxy M36 5G,2,8/128Gb,Orange Haze
12263,Samsung Galaxy M36 5G,2,8/128Gb,Velvet Black
12264,Samsung Galaxy M36 5G,2,8/128Gb,Serene Green
12265,Samsung Galaxy M36 5G,2,8/256Gb,Orange Haze
12266,Samsung Galaxy M36 5G,2,8/256Gb,Velvet Black
12267,Samsung Galaxy M36 5G,2,8/256Gb,Serene Green
12268,Samsung Galaxy M07,2,4/64Gb,Black
12269,Samsung Galaxy M07,2,4/64Gb,Green
12270,Samsung Galaxy M07,2,4/64Gb,Violet
12271,Samsung Galaxy M07,2,4/128Gb,Black
12272,Samsung Galaxy M07,2,4/128Gb,Green
12273,Samsung Galaxy M07,2,4/128Gb,Violet
12274,JBL Junior 470NC,19,,
12275,JBL Junior 470NC,19,,Blue
12276,JBL Junior 470NC,19,,Pink
12277,JBL Junior 470NC,19,,White
12278,JBL Junior 320BT,19,,
12279,JBL Junior 320BT,19,,Blue
12280,JBL Junior 320BT,19,,Green
12281,JBL Junior 320BT,19,,Purple
12282,Xiaomi OpenWear Stereo,14,,
12283,Xiaomi OpenWear Stereo,14,,Cosmic Gray
12284,Xiaomi OpenWear Stereo,14,,Sandstone Beige
12285,Google Pixel 10 Pro XL,121,12/256Gb,
12286,Google Pixel 10 Pro XL,121,12/256Gb,Moonstone
12287,Google Pixel 10 Pro XL,121,12/256Gb,Jade
12288,Google Pixel 10 Pro XL,121,12/256Gb,Porcelain
12289,Google Pixel 10 Pro XL,121,12/256Gb,Obsidian
12290,Google Pixel 10 Pro XL,121,16/512Gb,
12291,Google Pixel 10 Pro XL,121,16/512Gb,Moonstone
12292,Google Pixel 10 Pro XL,121,16/512Gb,Jade
12293,Google Pixel 10 Pro XL,121,16/512Gb,Porcelain
12294,Google Pixel 10 Pro XL,121,16/512Gb,Obsidian
12295,Google Pixel 10 Pro XL,121,16/1Tb,
12296,Google Pixel 10 Pro XL,121,16/1Tb,Moonstone
12297,Google Pixel 10 Pro XL,121,16/1Tb,Jade
12298,Google Pixel 10 Pro XL,121,16/1Tb,Porcelain
12299,Google Pixel 10 Pro XL,121,16/1Tb,Obsidian
12300,Ремешок Whoop 5.0 LeatherLuxe Straight Band,28,,
12301,Ремешок Whoop 5.0 LeatherLuxe Straight Band,28,,Black/Cream with Titanium
12302,Ремешок Whoop 5.0 LeatherLuxe Straight Band,28,,Chestnut/Cream with Titanium
12303,Ремешок Whoop MG SportFlex Band,28,,
12304,Ремешок Whoop MG SportFlex Band,28,,Swell
12305,Ремешок Whoop MG SportFlex Band,28,,Rush
12306,Ремешок Whoop MG SportFlex Band,28,,Propel
12307,Ремешок Whoop MG SportFlex Band,28,,Ice
12308,Ремешок Whoop MG SportFlex Band,28,,Gravity
12309,Ремешок Whoop MG SportFlex Band,28,,Fire
12310,Ремешок Whoop MG SportFlex Band,28,,Drift
12311,Ремешок Whoop MG SportFlex Band,28,,Bounce
12312,Ремешок Whoop 5.0 SportFlex Band,28,,
12313,Ремешок Whoop 5.0 SportFlex Band,28,,Drift
12314,Ремешок Whoop 5.0 SportFlex Band,28,,Fire
12315,Ремешок Whoop 5.0 SportFlex Band,28,,Gravity
12316,Ремешок Whoop 5.0 SportFlex Band,28,,Ice
12317,Ремешок Whoop 5.0 SportFlex Band,28,,Propel
12318,Ремешок Whoop 5.0 SportFlex Band,28,,Rush
12319,Ремешок Whoop 5.0 SportFlex Band,28,,
12320,Ремешок Whoop 5.0/MG CoreKnit Bicep Band,28,,
12321,Ремешок Whoop 5.0/MG CoreKnit Bicep Band,28,,Ash Grey
12322,Ремешок Whoop 5.0/MG CoreKnit Bicep Band,28,,Jet Black
12323,Ремешок Whoop 5.0/MG CoreKnit Bicep Band,28,,Royal Blue
12324,Ремешок Whoop 5.0 SuperKnit Luxe Band,28,,
12325,Ремешок Whoop 5.0 SuperKnit Luxe Band,28,,Dune with Gold
12326,Ремешок Whoop 5.0 SuperKnit Luxe Band,28,,Midnight with Titanium
12327,Ремешок Whoop 5.0 SuperKnit Luxe Band,28,,Obsidian with Gold
12328,Ремешок Whoop 5.0 SuperKnit Luxe Band,28,,Obsidian with Titanium
12329,Ремешок Whoop MG LeatherLuxe Straight Band,28,,
12330,Ремешок Whoop MG LeatherLuxe Straight Band,28,,Black/Cream With Titanium
12331,Ремешок Whoop MG LeatherLuxe Straight Band,28,,Chestnut/Cream With Titanium
12332,Ремешок Whoop 5.0 LeatherLuxe Tapered Band,28,,
12333,Ремешок Whoop 5.0 LeatherLuxe Tapered Band,28,,Black with Titanium
12334,Ремешок Whoop 5.0 LeatherLuxe Tapered Band,28,,Camel with Gold
12335,Ремешок Whoop MG SuperKnit Band,28,,
12336,Ремешок Whoop MG SuperKnit Band,28,,Sepia
12337,Ремешок Whoop MG SuperKnit Band,28,,Rhodonite
12338,Ремешок Whoop MG SuperKnit Band,28,,Oat
12339,Ремешок Whoop MG SuperKnit Band,28,,Midnight
12340,Ремешок Whoop MG SuperKnit Band,28,,Graphite
12341,Ремешок Whoop MG SuperKnit Band,28,,Glacier
12342,Ремешок Whoop MG SuperKnit Band,28,,Forest
12343,Ремешок Whoop MG SuperKnit Band,28,,Emerald
12344,Ремешок Whoop MG SuperKnit Band,28,,Dune
12345,Ремешок Whoop MG SuperKnit Band,28,,Breeze
12346,Ремешок Whoop 5.0 SuperKnit Band,28,,
12347,Ремешок Whoop 5.0 SuperKnit Band,28,,Dune
12348,Ремешок Whoop 5.0 SuperKnit Band,28,,Emerald
12349,Ремешок Whoop 5.0 SuperKnit Band,28,,Forest
12350,Ремешок Whoop 5.0 SuperKnit Band,28,,Glacier
12351,Ремешок Whoop 5.0 SuperKnit Band,28,,Graphite
12352,Ремешок Whoop 5.0 SuperKnit Band,28,,Midnight
12353,Ремешок Whoop 5.0 SuperKnit Band,28,,Obsidian
12354,Ремешок Whoop 5.0 SuperKnit Band,28,,Palm
12355,Ремешок Whoop 5.0 SuperKnit Band,28,,Rhodonite
12356,Ремешок Whoop 5.0 SuperKnit Band,28,,Walnut
12357,Ремешок Whoop 5.0 CoreKnit Band,28,,
12358,Ремешок Whoop 5.0 CoreKnit Band,28,,Ash Grey
12359,Ремешок Whoop 5.0 CoreKnit Band,28,,Cardinal
12360,Ремешок Whoop 5.0 CoreKnit Band,28,,Evergreen
12361,Ремешок Whoop 5.0 CoreKnit Band,28,,Jet Black
12362,Ремешок Whoop 5.0 CoreKnit Band,28,,Royal Blue
12363,Ремешок Whoop MG LeatherLuxe Tapered Band,28,,
12364,Ремешок Whoop MG LeatherLuxe Tapered Band,28,,Black With Titanium
12365,Ремешок Whoop MG LeatherLuxe Tapered Band,28,,Camel With Gold
12366,Ремешок Whoop MG SuperKnit Luxe Band,28,,
12367,Ремешок Whoop MG SuperKnit Luxe Band,28,,Obsidian with Titanium
12368,Ремешок Whoop MG SuperKnit Luxe Band,28,,Obsidian with Gold
12369,Ремешок Whoop MG SuperKnit Luxe Band,28,,Midnight with Titanium
12370,Ремешок Whoop MG SuperKnit Luxe Band,28,,Dune with Gold
12371,Ремешок Whoop MG CloudKnit Band,28,,
12372,Ремешок Whoop MG CloudKnit Band,28,,Summit with Titanium
12373,Ремешок Whoop MG CloudKnit Band,28,,Haze
12374,Ремешок Whoop MG CloudKnit Band,28,,Storm
12375,Anker Soundcore Liberty 5,31,,Black
12376,Anker Soundcore Liberty 5,31,,White
12377,Anker Soundcore Liberty 5,31,,Navy Blue
12378,Anker Soundcore Liberty 5,31,,Apricot
12379,Dyson Purifier Humidify+Cool PH2 De-Nox,82,,
12380,Dyson Purifier Humidify+Cool PH2 De-Nox,82,,Nickel/Gold
12381,Dyson Purifier Humidify+Cool PH2 De-Nox,82,,White/Gold
12382,Xiaomi Redmi Pad 2 Pro (Wifi),12,6/128Gb,Graphite Gray
12383,Xiaomi Redmi Pad 2 Pro (Wifi),12,6/128Gb,Silver
12384,Xiaomi Redmi Pad 2 Pro (Wifi),12,6/128Gb,Lavender Purple
12385,Xiaomi Redmi Pad 2 Pro (Wifi),12,8/256Gb,Graphite Gray
12386,Xiaomi Redmi Pad 2 Pro (Wifi),12,8/256Gb,Silver
12387,Xiaomi Redmi Pad 2 Pro (Wifi),12,8/256Gb,Lavender Purple
12388,Xiaomi Watch S4 41mm,25,,
12389,Xiaomi Watch S4 41mm,25,,White
12390,Xiaomi Watch S4 41mm,25,,Black
12391,Xiaomi Watch S4 41mm,25,,Mint Green
12392,Xiaomi Watch S4 41mm,25,,Sunset Gold
12393,"Apple MacBook Pro 14"" (M5 10-core)",22,16/512Gb,
12394,"Apple MacBook Pro 14"" (M5 10-core)",22,16/512Gb,Space Black
12395,"Apple MacBook Pro 14"" (M5 10-core)",22,16/512Gb,Silver
12396,"Apple MacBook Pro 14"" (M5 10-core)",22,16/1Tb,
12397,"Apple MacBook Pro 14"" (M5 10-core)",22,16/1Tb,Space Black
12398,"Apple MacBook Pro 14"" (M5 10-core)",22,16/1Tb,Silver
12399,"Apple MacBook Pro 14"" (M5 10-core)",22,24/512Gb,
12400,"Apple MacBook Pro 14"" (M5 10-core)",22,24/512Gb,Space Black
12401,"Apple MacBook Pro 14"" (M5 10-core)",22,24/512Gb,Silver
12402,"Apple MacBook Pro 14"" (M5 10-core)",22,24/1Tb,
12403,"Apple MacBook Pro 14"" (M5 10-core)",22,24/1Tb,Space Black
12404,"Apple MacBook Pro 14"" (M5 10-core)",22,24/1Tb,Silver
12405,"Apple MacBook Pro 14"" (M5 10-core)",22,24/2Tb,
12406,"Apple MacBook Pro 14"" (M5 10-core)",22,24/2Tb,Space Black
12407,"Apple MacBook Pro 14"" (M5 10-core)",22,24/2Tb,Silver
12408,"Apple MacBook Pro 14"" (M5 10-core)",22,24/4Tb,
12409,"Apple MacBook Pro 14"" (M5 10-core)",22,24/4Tb,Space Black
12410,"Apple MacBook Pro 14"" (M5 10-core)",22,24/4Tb,Silver
12411,"Apple MacBook Pro 14"" (M5 10-core)",22,32/512Gb,
12412,"Apple MacBook Pro 14"" (M5 10-core)",22,32/512Gb,Space Black
12413,"Apple MacBook Pro 14"" (M5 10-core)",22,32/512Gb,Silver
12414,"Apple MacBook Pro 14"" (M5 10-core)",22,32/1Tb,
12415,"Apple MacBook Pro 14"" (M5 10-core)",22,32/1Tb,Space Black
12416,"Apple MacBook Pro 14"" (M5 10-core)",22,32/1Tb,Silver
12417,"Apple MacBook Pro 14"" (M5 10-core)",22,32/2Tb,
12418,"Apple MacBook Pro 14"" (M5 10-core)",22,32/2Tb,Space Black
12419,"Apple MacBook Pro 14"" (M5 10-core)",22,32/2Tb,Silver
12420,"Apple MacBook Pro 14"" (M5 10-core)",22,32/4Tb,
12421,"Apple MacBook Pro 14"" (M5 10-core)",22,32/4Tb,Space Black
12422,"Apple MacBook Pro 14"" (M5 10-core)",22,32/4Tb,Silver
12423,Ray Ban Meta Skyler Gen 2,120,,
12424,Ray Ban Meta Skyler Gen 2,120,,Shiny Black/Clear
12425,Ray Ban Meta Skyler Gen 2,120,,Shiny Black/Clear to Amethyst Transitions
12426,Ray Ban Meta Skyler Gen 2,120,,Shiny Black/Clear to Graphite Green Transitions
12427,Ray Ban Meta Skyler Gen 2,120,,Shiny Black/Gradient Graphite
12428,Ray Ban Meta Skyler Gen 2,120,,Shiny Chalky Gray/Clear to Sapphire Transitions
12429,Ray Ban Meta Skyler Gen 2,120,,Shiny Mystic Violet/Clear to Amethyst Transitions
12430,Ray Ban Meta Headliner Gen 2,120,,
12431,Ray Ban Meta Headliner Gen 2,120,,Matte Black/Clear
12432,Ray Ban Meta Headliner Gen 2,120,,Matte Black/Gradient Graphite
12433,Ray Ban Meta Headliner Gen 2,120,,Shiny Asteroid Gray/Clear to Emerald Transitions
12434,Ray Ban Meta Headliner Gen 2,120,,Shiny Black/Clear to Graphite Green Transitions
12435,Ray Ban Meta Headliner Gen 2,120,,Shiny Black/Clear to Sapphire Transitions
12436,Ray Ban Meta Headliner Gen 2,120,,Shiny Black/Green
12437,Ray Ban Meta Wayfarer Gen 2,120,,
12438,Ray Ban Meta Wayfarer Gen 2,120,,Matte Black/Clear
12439,Ray Ban Meta Wayfarer Gen 2,120,,Matte Black/Clear to Grey Transitions
12440,Ray Ban Meta Wayfarer Gen 2,120,,Matte Black/Gradient Graphite
12441,Ray Ban Meta Wayfarer Gen 2,120,,Shiny Black/Clear to Graphite Green Transitions
12442,Ray Ban Meta Wayfarer Gen 2,120,,Shiny Black/Green
12443,Ray Ban Meta Wayfarer Gen 2,120,,Shiny Cosmic Blue/Clear to Sapphire Transitions
12444,Яндекс Станция 3,21,,
12445,Яндекс Станция 3,21,,Фиолетовый
12446,Яндекс Станция 3,21,,Серый
12447,Яндекс Станция 3,21,,Черный
12448,Samsung Galaxy Tab A11 Plus (Wifi),11,6/128Gb,
12449,Samsung Galaxy Tab A11 Plus (Wifi),11,6/128Gb,Gray
12450,Samsung Galaxy Tab A11 Plus (Wifi),11,6/128Gb,Silver
12451,Samsung Galaxy Tab A11 Plus (Wifi),11,8/256Gb,
12452,Samsung Galaxy Tab A11 Plus (Wifi),11,8/256Gb,Gray
12453,Samsung Galaxy Tab A11 Plus (Wifi),11,8/256Gb,Silver
12454,Samsung Galaxy Tab A11 Plus 5G (Sim),11,6/128Gb,
12455,Samsung Galaxy Tab A11 Plus 5G (Sim),11,6/128Gb,Gray
12456,Samsung Galaxy Tab A11 Plus 5G (Sim),11,6/128Gb,Silver
12457,Samsung Galaxy Tab A11 Plus 5G (Sim),11,8/256Gb,
12458,Samsung Galaxy Tab A11 Plus 5G (Sim),11,8/256Gb,Gray
12459,Samsung Galaxy Tab A11 Plus 5G (Sim),11,8/256Gb,Silver
12460,Xiaomi Redmi Note 15 Pro Plus 5G,3,8/256Gb,
12461,Xiaomi Redmi Note 15 Pro Plus 5G,3,8/256Gb,Glacier Blue
12462,Xiaomi Redmi Note 15 Pro Plus 5G,3,8/256Gb,Mocha Brown
12463,Xiaomi Redmi Note 15 Pro Plus 5G,3,8/256Gb,Black
12464,Xiaomi Redmi Note 15 Pro Plus 5G,3,12/256Gb,
12465,Xiaomi Redmi Note 15 Pro Plus 5G,3,12/256Gb,Glacier Blue
12466,Xiaomi Redmi Note 15 Pro Plus 5G,3,12/256Gb,Mocha Brown
12467,Xiaomi Redmi Note 15 Pro Plus 5G,3,12/256Gb,Black
12468,Xiaomi Redmi Note 15 Pro Plus 5G,3,12/512Gb,
12469,Xiaomi Redmi Note 15 Pro Plus 5G,3,12/512Gb,Glacier Blue
12470,Xiaomi Redmi Note 15 Pro Plus 5G,3,12/512Gb,Mocha Brown
12471,Xiaomi Redmi Note 15 Pro Plus 5G,3,12/512Gb,Black
12472,Xiaomi Redmi Note 15 4G,3,6/128Gb,
12473,Xiaomi Redmi Note 15 4G,3,6/128Gb,Black
12474,Xiaomi Redmi Note 15 4G,3,6/128Gb,Forest Green
12475,Xiaomi Redmi Note 15 4G,3,6/128Gb,Glacier Blue
12476,Xiaomi Redmi Note 15 4G,3,6/128Gb,Purple
12477,Xiaomi Redmi Note 15 4G,3,8/128Gb,
12478,Xiaomi Redmi Note 15 4G,3,8/128Gb,Black
12479,Xiaomi Redmi Note 15 4G,3,8/128Gb,Forest Green
12480,Xiaomi Redmi Note 15 4G,3,8/128Gb,Glacier Blue
12481,Xiaomi Redmi Note 15 4G,3,8/128Gb,Purple
12482,Xiaomi Redmi Note 15 4G,3,8/256Gb,
12483,Xiaomi Redmi Note 15 4G,3,8/256Gb,Black
12484,Xiaomi Redmi Note 15 4G,3,8/256Gb,Forest Green
12485,Xiaomi Redmi Note 15 4G,3,8/256Gb,Glacier Blue
12486,Xiaomi Redmi Note 15 4G,3,8/256Gb,Purple
12487,Xiaomi Redmi Note 15 4G,3,8/512Gb,
12488,Xiaomi Redmi Note 15 4G,3,8/512Gb,Black
12489,Xiaomi Redmi Note 15 4G,3,8/512Gb,Forest Green
12490,Xiaomi Redmi Note 15 4G,3,8/512Gb,Glacier Blue
12491,Xiaomi Redmi Note 15 4G,3,8/512Gb,Purple
12492,Xiaomi Redmi Note 15 Pro 4G,3,8/256Gb,
12493,Xiaomi Redmi Note 15 Pro 4G,3,8/256Gb,Black
12494,Xiaomi Redmi Note 15 Pro 4G,3,8/256Gb,Glacier Blue
12495,Xiaomi Redmi Note 15 Pro 4G,3,8/256Gb,Titanium
12496,Xiaomi Redmi Note 15 Pro 4G,3,12/256Gb,
12497,Xiaomi Redmi Note 15 Pro 4G,3,12/256Gb,Black
12498,Xiaomi Redmi Note 15 Pro 4G,3,12/256Gb,Glacier Blue
12499,Xiaomi Redmi Note 15 Pro 4G,3,12/256Gb,Titanium
12500,Xiaomi Redmi Note 15 Pro 4G,3,12/512Gb,
12501,Xiaomi Redmi Note 15 Pro 4G,3,12/512Gb,Black
12502,Xiaomi Redmi Note 15 Pro 4G,3,12/512Gb,Glacier Blue
12503,Xiaomi Redmi Note 15 Pro 4G,3,12/512Gb,Titanium
12504,Sony WF-C510,17,,
12505,Sony WF-C510,17,,Black
12506,Sony WF-C510,17,,White
12507,Sony WF-C510,17,,Blue
12508,Sony WF-C510,17,,Yellow
12509,JBL Tune 780NC,19,,
12510,JBL Tune 780NC,19,,Black
12511,JBL Tune 780NC,19,,White
12512,JBL Tune 780NC,19,,Blue
12513,JBL Tune 780NC,19,,Beige
12514,JBL Tune 680NC,19,,
12515,JBL Tune 680NC,19,,Black
12516,JBL Tune 680NC,19,,White
12517,JBL Tune 680NC,19,,Blue
12518,JBL Tune 680NC,19,,Beige
12519,JBL Tune Buds 2,19,,
12520,JBL Tune Buds 2,19,,Black
12521,JBL Tune Buds 2,19,,White
12522,JBL Tune Buds 2,19,,Muave
12523,JBL Tune Flex 2 Ghost Edition,19,,
12524,JBL Tune Flex 2 Ghost Edition,19,,Black
12525,JBL Tune Flex 2 Ghost Edition,19,,White
12526,JBL Tune Flex 2 Ghost Edition,19,,Muave
12531,JBL Endurance Peak 4,19,,
12532,JBL Endurance Peak 4,19,,Black/Grey
12533,JBL Endurance Peak 4,19,,White
12534,JBL Endurance Peak 4,19,,Blue
12535,JBL Endurance Peak 4,19,,Black/Lime
12536,JBL Endurance Peak 4,19,,Purple
12537,DJI Osmo Action 6,47,,
12538,DJI Osmo Nano,47,,
12539,Xiaomi Poco M8 Pro 5G,6,8/256Gb,
12540,Xiaomi Poco M8 Pro 5G,6,8/256Gb,Black
12541,Xiaomi Poco M8 Pro 5G,6,8/256Gb,Silver
12542,Xiaomi Poco M8 Pro 5G,6,8/256Gb,Green
12543,Xiaomi Poco M8 Pro 5G,6,12/512Gb,
12544,Xiaomi Poco M8 Pro 5G,6,12/512Gb,Black
12545,Xiaomi Poco M8 Pro 5G,6,12/512Gb,Silver
12546,Xiaomi Poco M8 Pro 5G,6,12/512Gb,Green
12547,Xiaomi Poco M8 5G,6,6/128Gb,
12548,Xiaomi Poco M8 5G,6,6/128Gb,Black
12549,Xiaomi Poco M8 5G,6,6/128Gb,Silver
12550,Xiaomi Poco M8 5G,6,6/128Gb,Green
12551,Xiaomi Poco M8 5G,6,8/128Gb,
12552,Xiaomi Poco M8 5G,6,8/128Gb,Black
12553,Xiaomi Poco M8 5G,6,8/128Gb,Silver
12554,Xiaomi Poco M8 5G,6,8/128Gb,Green
12555,Xiaomi Poco M8 5G,6,8/256Gb,
12556,Xiaomi Poco M8 5G,6,8/256Gb,Black
12557,Xiaomi Poco M8 5G,6,8/256Gb,Silver
12558,Xiaomi Poco M8 5G,6,8/256Gb,Green
12559,Xiaomi Poco M8 5G,6,8/512Gb,
12560,Xiaomi Poco M8 5G,6,8/512Gb,Black
12561,Xiaomi Poco M8 5G,6,8/512Gb,Silver
12562,Xiaomi Poco M8 5G,6,8/512Gb,Green
12563,Ray Ban Meta Display,120,,
12564,Ray Ban Meta Display,120,,Black Clear to Grey Transitions
12565,Ray Ban Meta Display,120,,Sand Clear to Grey Transitions
12566,Jbl Horizon 3,20,,
12567,Jbl Horizon 3,20,,Black
12568,Jbl Horizon 3,20,,Grey
12569,Xiaomi Redmi Pad 2 Pro 5G (Sim),12,6/128Gb,
12570,Xiaomi Redmi Pad 2 Pro 5G (Sim),12,6/128Gb,Graphite Gray
12571,Xiaomi Redmi Pad 2 Pro 5G (Sim),12,6/128Gb,Lavender Purple
12572,Xiaomi Redmi Pad 2 Pro 5G (Sim),12,6/128Gb,Silver
12573,Xiaomi Redmi Pad 2 Pro 5G (Sim),12,8/256Gb,
12574,Xiaomi Redmi Pad 2 Pro 5G (Sim),12,8/256Gb,Graphite Gray
12575,Xiaomi Redmi Pad 2 Pro 5G (Sim),12,8/256Gb,Lavender Purple
12576,Xiaomi Redmi Pad 2 Pro 5G (Sim),12,8/256Gb,Silver
12577,Beats Flex,111,,
12578,Beats Flex,111,,Black
12579,Beats Flex,111,,Blue
12580,Beats Flex,111,,Grey
12581,Beats Flex,111,,Yellow
12582,Amazfit Active Max,23,,
12583,Amazfit T-Rex 3 Pro 44mm,23,,
12584,Amazfit T-Rex 3 Pro 44mm,23,,Tactical Black
12585,Amazfit T-Rex 3 Pro 44mm,23,,Black Gold
12586,Amazfit T-Rex 3 Pro 44mm,23,,Arctic Gold
12587,Amazfit T-Rex 3 Pro 48mm,23,,
12588,Amazfit T-Rex 3 Pro 48mm,23,,Tactical Black
12589,Amazfit T-Rex 3 Pro 48mm,23,,Black Gold
12590,Amazfit Helio Strap,23,,
12591,Dyson V16 Piston Animal Submarine,83,,
12592,Dyson V16 Piston Animal Submarine,83,,Black/Copper
12593,Dyson V16 Piston Animal,83,,
12594,Dyson V16 Piston Animal,83,,Black/Copper
12595,Huawei FreeClip 2,30,,
12596,Huawei FreeClip 2,30,,Black
12597,Huawei FreeClip 2,30,,Blue
12598,Huawei FreeClip 2,30,,White
12599,Honor X8d 4G,4,8/128Gb,
12600,Honor X8d 4G,4,8/128Gb,Black
12601,Honor X8d 4G,4,8/128Gb,Gray
12602,Honor X8d 4G,4,8/128Gb,Blue
12603,Honor X8d 4G,4,8/256Gb,
12604,Honor X8d 4G,4,8/256Gb,Black
12605,Honor X8d 4G,4,8/256Gb,Gray
12606,Honor X8d 4G,4,8/256Gb,Blue
12607,JBL Tune Beam 2 Ghost Edition,19,,
12608,JBL Tune Beam 2 Ghost Edition,19,,Black
12609,JBL Tune Beam 2 Ghost Edition,19,,Muave
12610,JBL Tune Beam 2 Ghost Edition,19,,White
12611,DJI Osmo Mobile 8,47,,
12612,Dyson Supersonic r HD17,84,,
12613,Dyson Supersonic r HD17,84,,Ceramic Pink/Rose Gold
12614,Dyson Supersonic r HD17,84,,Jasper Plum
12615,Dyson Supersonic r HD17,84,,Sakura Cherry
12616,Google Pixel 10 Pro Fold 5G,121,16/256Gb,
12617,Google Pixel 10 Pro Fold 5G,121,16/256Gb,Moonstone
12618,Google Pixel 10 Pro Fold 5G,121,16/256Gb,Jade
12619,Google Pixel 10 Pro Fold 5G,121,16/512Gb,
12620,Google Pixel 10 Pro Fold 5G,121,16/512Gb,Moonstone
12621,Google Pixel 10 Pro Fold 5G,121,16/512Gb,Jade
12622,Google Pixel 10 Pro Fold 5G,121,16/1Tb,
12623,Google Pixel 10 Pro Fold 5G,121,16/1Tb,Moonstone
12624,Google Pixel 10 Pro Fold 5G,121,16/1Tb,Jade
12625,Xiaomi Redmi Note 15 Pro 5G,3,8/256Gb,
12626,Xiaomi Redmi Note 15 Pro 5G,3,8/256Gb,Black
12627,Xiaomi Redmi Note 15 Pro 5G,3,8/256Gb,Glacier Blue
12628,Xiaomi Redmi Note 15 Pro 5G,3,8/256Gb,Mist Purple
12629,Xiaomi Redmi Note 15 Pro 5G,3,8/256Gb,Titanium
12630,Xiaomi Redmi Note 15 Pro 5G,3,12/256Gb,
12631,Xiaomi Redmi Note 15 Pro 5G,3,12/256Gb,Black
12632,Xiaomi Redmi Note 15 Pro 5G,3,12/256Gb,Glacier Blue
12633,Xiaomi Redmi Note 15 Pro 5G,3,12/256Gb,Mist Purple
12634,Xiaomi Redmi Note 15 Pro 5G,3,12/256Gb,Titanium
12635,Xiaomi Redmi Note 15 Pro 5G,3,8/512Gb,
12636,Xiaomi Redmi Note 15 Pro 5G,3,8/512Gb,Black
12637,Xiaomi Redmi Note 15 Pro 5G,3,8/512Gb,Glacier Blue
12638,Xiaomi Redmi Note 15 Pro 5G,3,8/512Gb,Mist Purple
12639,Xiaomi Redmi Note 15 Pro 5G,3,8/512Gb,Titanium
12640,Xiaomi Redmi Note 15 Pro 5G,3,12/512Gb,
12641,Xiaomi Redmi Note 15 Pro 5G,3,12/512Gb,Black
12642,Xiaomi Redmi Note 15 Pro 5G,3,12/512Gb,Glacier Blue
12643,Xiaomi Redmi Note 15 Pro 5G,3,12/512Gb,Mist Purple
12644,Xiaomi Redmi Note 15 Pro 5G,3,12/512Gb,Titanium
12645,Plaud NotePin,122,,
12646,Plaud NotePin,122,,Cosmic Gray
12647,Plaud NotePin,122,,Lunar Silver
12648,Plaud NotePin,122,,Sunset Purple
12649,Plaud Note Pro,122,,
12650,Plaud Note Pro,122,,Black
12651,Plaud Note Pro,122,,Silver
12652,Plaud Note,122,,
12653,Plaud Note,122,,Black
12654,Plaud Note,122,,Blue
12655,Plaud Note,122,,Silver
12656,Plaud Note,122,,Starlight
12657,Xiaomi Mijia Smart Air Purifier 6,94,,
12658,Ray Ban Meta Headliner,120,(HBF 50mm),Matte Black/Charcoal Black
12659,Ray Ban Meta Headliner,120,(LBF 51mm),Matte Black/Charcoal Black
12660,Ray Ban Meta Headliner,120,(HBF 50mm),Matte Black/Clear to Grey Transitions
12661,Ray Ban Meta Headliner,120,(LBF 51mm),Matte Black/Clear to Grey Transitions
12662,Ray Ban Meta Headliner,120,(HBF 50mm),Shiny Black/Clear to Sapphire Transistions
12663,Ray Ban Meta Headliner,120,(LBF 51mm),Shiny Black/Clear to Sapphire Transistions
12664,Ray Ban Meta Headliner,120,(HBF 50mm),Shiny Black/Clear
12665,Ray Ban Meta Headliner,120,(LBF 51mm),Shiny Black/Clear
12666,Ray Ban Meta Headliner,120,(HBF 50mm),Shiny Black/Green
12667,Ray Ban Meta Headliner,120,(LBF 51mm),Shiny Black/Green
12668,Ray Ban Meta Headliner,120,(HBF 50mm),Shiny Caramel Transparent/Clear to Sapphire Transitions
12669,Ray Ban Meta Headliner,120,(LBF 51mm),Shiny Caramel Transparent/Clear to Sapphire Transitions
12670,Ray Ban Meta Headliner,120,(HBF 50mm),Shiny Jeans Transparent/Dusty Red
12671,Ray Ban Meta Headliner,120,(LBF 51mm),Shiny Jeans Transparent/Dusty Red
12672,Ray Ban Meta Headliner,120,(HBF 50mm),Shiny Warm Stone Transparent/Tint to Dark Green Transitions
12673,Ray Ban Meta Headliner,120,(LBF 51mm),Shiny Warm Stone Transparent/Tint to Dark Green Transitions
12674,Ray Ban Meta Headliner,120,(HBF 50mm),Shiny Warm Stone Transparent/Tint to Saffron Yellow Transitions
12675,Ray Ban Meta Headliner,120,(LBF 51mm),Shiny Warm Stone Transparent/Tint to Saffron Yellow Transitions
12676,Ray Ban Meta Headliner,120,(HBF 50mm),Matte Rebel Black/Polar Brown
12677,Ray Ban Meta Headliner,120,(LBF 51mm),Matte Rebel Black/Polar Brown
12678,Ray Ban Meta Wayfarer,120,S (50mm),Matte Black/Clear to Graphite Green Transitions
12679,Ray Ban Meta Wayfarer,120,L (53mm),Matte Black/Clear to Graphite Green Transitions
12680,Ray Ban Meta Wayfarer,120,S (50mm),Matte Black/Graphite
12681,Ray Ban Meta Wayfarer,120,L (53mm),Matte Black/Graphite
12682,Ray Ban Meta Wayfarer,120,S (50mm),Matte Jeans/Dusty Blue
12683,Ray Ban Meta Wayfarer,120,L (53mm),Matte Jeans/Dusty Blue
12684,Ray Ban Meta Wayfarer,120,S (50mm),Shiny Black/Clear
12685,Ray Ban Meta Wayfarer,120,L (53mm),Shiny Black/Clear
12686,Ray Ban Meta Wayfarer,120,S (50mm),Shiny Black/G-15 Green
12687,Ray Ban Meta Wayfarer,120,L (53mm),Shiny Black/G-15 Green
12688,Ray Ban Meta Wayfarer,120,S (50mm),Shiny Caramel/Brown
12689,Ray Ban Meta Wayfarer,120,L (53mm),Shiny Caramel/Brown
12690,Ray Ban Meta Wayfarer,120,S (50mm),hiny Warm Stone Transparent/Tint to Watermelon Red Transitions
12691,Ray Ban Meta Wayfarer,120,L (53mm),hiny Warm Stone Transparent/Tint to Watermelon Red Transitions
12692,Ray Ban Meta Wayfarer,120,S (50mm),Matte Black/Polar Gradient Graphite
12693,Ray Ban Meta Wayfarer,120,L (53mm),Matte Black/Polar Gradient Graphite
12694,Ray Ban Meta Display,120,(S 47mm),
12695,Ray Ban Meta Display,120,(L 50mm),
12696,Ray Ban Meta Display,120,(S 47mm),Black Clear to Grey Transitions
12697,Ray Ban Meta Display,120,(L 50mm),Black Clear to Grey Transitions
12698,Ray Ban Meta Display,120,(S 47mm),Sand Clear to Grey Transitions
12699,Ray Ban Meta Display,120,(L 50mm),Sand Clear to Grey Transitions
12700,Ray Ban Meta Wayfarer Gen 2,120,S (50mm),
12701,Ray Ban Meta Wayfarer Gen 2,120,L (53mm),
12702,Ray Ban Meta Wayfarer Gen 2,120,S (50mm),Matte Black/Clear
12703,Ray Ban Meta Wayfarer Gen 2,120,L (53mm),Matte Black/Clear
12704,Ray Ban Meta Wayfarer Gen 2,120,S (50mm),Matte Black/Clear to Grey Transitions
12705,Ray Ban Meta Wayfarer Gen 2,120,L (53mm),Matte Black/Clear to Grey Transitions
12706,Ray Ban Meta Wayfarer Gen 2,120,S (50mm),Matte Black/Gradient Graphite
12707,Ray Ban Meta Wayfarer Gen 2,120,L (53mm),Matte Black/Gradient Graphite
12708,Ray Ban Meta Wayfarer Gen 2,120,S (50mm),Shiny Black/Clear to Graphite Green Transitions
12709,Ray Ban Meta Wayfarer Gen 2,120,L (53mm),Shiny Black/Clear to Graphite Green Transitions
12710,Ray Ban Meta Wayfarer Gen 2,120,S (50mm),Shiny Black/Green
12711,Ray Ban Meta Wayfarer Gen 2,120,L (53mm),Shiny Black/Green
12712,Ray Ban Meta Wayfarer Gen 2,120,S (50mm),Shiny Cosmic Blue/Clear to Sapphire Transitions
12713,Ray Ban Meta Wayfarer Gen 2,120,L (53mm),Shiny Cosmic Blue/Clear to Sapphire Transitions
12714,Ray Ban Meta Headliner Gen 2,120,(HBF 50mm),
12715,Ray Ban Meta Headliner Gen 2,120,(LBF 51mm),
12716,Ray Ban Meta Headliner Gen 2,120,(HBF 50mm),Matte Black/Clear
12717,Ray Ban Meta Headliner Gen 2,120,(LBF 51mm),Matte Black/Clear
12718,Ray Ban Meta Headliner Gen 2,120,(HBF 50mm),Matte Black/Gradient Graphite
12719,Ray Ban Meta Headliner Gen 2,120,(LBF 51mm),Matte Black/Gradient Graphite
12720,Ray Ban Meta Headliner Gen 2,120,(HBF 50mm),Shiny Asteroid Gray/Clear to Emerald Transitions
12721,Ray Ban Meta Headliner Gen 2,120,(LBF 51mm),Shiny Asteroid Gray/Clear to Emerald Transitions
12722,Ray Ban Meta Headliner Gen 2,120,(HBF 50mm),Shiny Black/Clear to Graphite Green Transitions
12723,Ray Ban Meta Headliner Gen 2,120,(LBF 51mm),Shiny Black/Clear to Graphite Green Transitions
12724,Ray Ban Meta Headliner Gen 2,120,(HBF 50mm),Shiny Black/Clear to Sapphire Transitions
12725,Ray Ban Meta Headliner Gen 2,120,(LBF 51mm),Shiny Black/Clear to Sapphire Transitions
12726,Ray Ban Meta Headliner Gen 2,120,(HBF 50mm),Shiny Black/Green
12727,Ray Ban Meta Headliner Gen 2,120,(LBF 51mm),Shiny Black/Green
12728,Samsung Galaxy S26 Plus 5G,2,12/256Gb,
12729,Samsung Galaxy S26 Plus 5G,2,12/256Gb,Cobalt Violet
12730,Samsung Galaxy S26 Plus 5G,2,12/256Gb,Sky Blue
12731,Samsung Galaxy S26 Plus 5G,2,12/256Gb,Black
12732,Samsung Galaxy S26 Plus 5G,2,12/256Gb,White
12733,Samsung Galaxy S26 Plus 5G,2,12/256Gb,Silver Shadow
12734,Samsung Galaxy S26 Plus 5G,2,12/256Gb,Pink Gold
12735,Samsung Galaxy S26 Plus 5G,2,12/512Gb,
12736,Samsung Galaxy S26 Plus 5G,2,12/512Gb,Cobalt Violet
12737,Samsung Galaxy S26 Plus 5G,2,12/512Gb,Sky Blue
12738,Samsung Galaxy S26 Plus 5G,2,12/512Gb,Black
12739,Samsung Galaxy S26 Plus 5G,2,12/512Gb,White
12740,Samsung Galaxy S26 Plus 5G,2,12/512Gb,Silver Shadow
12741,Samsung Galaxy S26 Plus 5G,2,12/512Gb,Pink Gold
12742,Samsung Galaxy S26 5G,2,12/256Gb,
12743,Samsung Galaxy S26 5G,2,12/256Gb,Cobalt Violet
12744,Samsung Galaxy S26 5G,2,12/256Gb,Sky Blue
12745,Samsung Galaxy S26 5G,2,12/256Gb,Black
12746,Samsung Galaxy S26 5G,2,12/256Gb,White
12747,Samsung Galaxy S26 5G,2,12/256Gb,Silver Shadow
12748,Samsung Galaxy S26 5G,2,12/256Gb,Pink Gold
12749,Samsung Galaxy S26 5G,2,12/512Gb,
12750,Samsung Galaxy S26 5G,2,12/512Gb,Cobalt Violet
12751,Samsung Galaxy S26 5G,2,12/512Gb,Sky Blue
12752,Samsung Galaxy S26 5G,2,12/512Gb,Black
12753,Samsung Galaxy S26 5G,2,12/512Gb,White
12754,Samsung Galaxy S26 5G,2,12/512Gb,Silver Shadow
12755,Samsung Galaxy S26 5G,2,12/512Gb,Pink Gold
12756,Samsung Galaxy S26 Ultra 5G,2,12/256Gb,
12757,Samsung Galaxy S26 Ultra 5G,2,12/256Gb,Cobalt Violet
12758,Samsung Galaxy S26 Ultra 5G,2,12/256Gb,Sky Blue
12759,Samsung Galaxy S26 Ultra 5G,2,12/256Gb,Black
12760,Samsung Galaxy S26 Ultra 5G,2,12/256Gb,White
12761,Samsung Galaxy S26 Ultra 5G,2,12/256Gb,Silver Shadow
12762,Samsung Galaxy S26 Ultra 5G,2,12/256Gb,Pink Gold
12763,Samsung Galaxy S26 Ultra 5G,2,12/512Gb,
12764,Samsung Galaxy S26 Ultra 5G,2,12/512Gb,Cobalt Violet
12765,Samsung Galaxy S26 Ultra 5G,2,12/512Gb,Sky Blue
12766,Samsung Galaxy S26 Ultra 5G,2,12/512Gb,Black
12767,Samsung Galaxy S26 Ultra 5G,2,12/512Gb,White
12768,Samsung Galaxy S26 Ultra 5G,2,12/512Gb,Silver Shadow
12769,Samsung Galaxy S26 Ultra 5G,2,12/512Gb,Pink Gold
12770,Samsung Galaxy S26 Ultra 5G,2,12/1Tb,
12771,Samsung Galaxy S26 Ultra 5G,2,12/1Tb,Cobalt Violet
12772,Samsung Galaxy S26 Ultra 5G,2,12/1Tb,Sky Blue
12773,Samsung Galaxy S26 Ultra 5G,2,12/1Tb,Black
12774,Samsung Galaxy S26 Ultra 5G,2,12/1Tb,White
12775,Samsung Galaxy S26 Ultra 5G,2,12/1Tb,Silver Shadow
12776,Samsung Galaxy S26 Ultra 5G,2,12/1Tb,Pink Gold
12777,Samsung Galaxy S26 Ultra 5G,2,16/1Tb,
12778,Samsung Galaxy S26 Ultra 5G,2,16/1Tb,Cobalt Violet
12779,Samsung Galaxy S26 Ultra 5G,2,16/1Tb,Sky Blue
12780,Samsung Galaxy S26 Ultra 5G,2,16/1Tb,Black
12781,Samsung Galaxy S26 Ultra 5G,2,16/1Tb,White
12782,Samsung Galaxy S26 Ultra 5G,2,16/1Tb,Silver Shadow
12783,Samsung Galaxy S26 Ultra 5G,2,16/1Tb,Pink Gold
12784,Xiaomi 17 5G,3,12/256Gb,
12785,Xiaomi 17 5G,3,12/256Gb,Black
12786,Xiaomi 17 5G,3,12/256Gb,Venture Green
12787,Xiaomi 17 5G,3,12/256Gb,Alpine Pink
12788,Xiaomi 17 5G,3,12/256Gb,Ice Blue
12789,Xiaomi 17 5G,3,12/256Gb,White
12790,Xiaomi 17 5G,3,12/512Gb,
12791,Xiaomi 17 5G,3,12/512Gb,Black
12792,Xiaomi 17 5G,3,12/512Gb,Venture Green
12793,Xiaomi 17 5G,3,12/512Gb,Alpine Pink
12794,Xiaomi 17 5G,3,12/512Gb,Ice Blue
12795,Xiaomi 17 5G,3,12/512Gb,White
12796,Xiaomi 17 Ultra 5G,3,16/512Gb,
12797,Xiaomi 17 Ultra 5G,3,16/512Gb,Black
12798,Xiaomi 17 Ultra 5G,3,16/512Gb,White
12799,Xiaomi 17 Ultra 5G,3,16/512Gb,Starlit Green
12800,Xiaomi 17 Ultra 5G,3,16/1Tb,
12801,Xiaomi 17 Ultra 5G,3,16/1Tb,Black
12802,Xiaomi 17 Ultra 5G,3,16/1Tb,White
12803,Xiaomi 17 Ultra 5G,3,16/1Tb,Starlit Green
12804,Xiaomi Pad 8 (Wifi),12,8/128Gb,
12805,Xiaomi Pad 8 (Wifi),12,8/128Gb,Pine Green
12806,Xiaomi Pad 8 (Wifi),12,8/128Gb,Blue
12807,Xiaomi Pad 8 (Wifi),12,8/128Gb,Gray
12808,Xiaomi Pad 8 (Wifi),12,8/256Gb,
12809,Xiaomi Pad 8 (Wifi),12,8/256Gb,Pine Green
12810,Xiaomi Pad 8 (Wifi),12,8/256Gb,Blue
12811,Xiaomi Pad 8 (Wifi),12,8/256Gb,Gray
12812,Xiaomi Pad 8 (Wifi),12,12/512Gb,
12813,Xiaomi Pad 8 (Wifi),12,12/512Gb,Pine Green
12814,Xiaomi Pad 8 (Wifi),12,12/512Gb,Blue
12815,Xiaomi Pad 8 (Wifi),12,12/512Gb,Gray
12816,Xiaomi Pad 8 Pro (Wifi),12,8/128Gb,
12817,Xiaomi Pad 8 Pro (Wifi),12,8/128Gb,Pine Green
12818,Xiaomi Pad 8 Pro (Wifi),12,8/128Gb,Blue
12819,Xiaomi Pad 8 Pro (Wifi),12,8/128Gb,Gray
12820,Xiaomi Pad 8 Pro (Wifi),12,8/256Gb,
12821,Xiaomi Pad 8 Pro (Wifi),12,8/256Gb,Pine Green
12822,Xiaomi Pad 8 Pro (Wifi),12,8/256Gb,Blue
12823,Xiaomi Pad 8 Pro (Wifi),12,8/256Gb,Gray
12824,Xiaomi Pad 8 Pro (Wifi),12,12/512Gb,
12825,Xiaomi Pad 8 Pro (Wifi),12,12/512Gb,Pine Green
12826,Xiaomi Pad 8 Pro (Wifi),12,12/512Gb,Blue
12827,Xiaomi Pad 8 Pro (Wifi),12,12/512Gb,Gray
12828,Ray Ban Meta Headliner Gen 2,120,50mm,
12829,Ray Ban Meta Headliner Gen 2,120,51mm,
12830,Ray Ban Meta Headliner Gen 2,120,50mm,Matte Black/Clear
12831,Ray Ban Meta Headliner Gen 2,120,51mm,Matte Black/Clear
12832,Ray Ban Meta Headliner Gen 2,120,50mm,Matte Black/Gradient Graphite
12833,Ray Ban Meta Headliner Gen 2,120,51mm,Matte Black/Gradient Graphite
12834,Ray Ban Meta Headliner Gen 2,120,50mm,Shiny Asteroid Gray/Clear to Emerald Transitions
12835,Ray Ban Meta Headliner Gen 2,120,51mm,Shiny Asteroid Gray/Clear to Emerald Transitions
12836,Ray Ban Meta Headliner Gen 2,120,50mm,Shiny Black/Clear to Graphite Green Transitions
12837,Ray Ban Meta Headliner Gen 2,120,51mm,Shiny Black/Clear to Graphite Green Transitions
12838,Ray Ban Meta Headliner Gen 2,120,50mm,Shiny Black/Clear to Sapphire Transitions
12839,Ray Ban Meta Headliner Gen 2,120,51mm,Shiny Black/Clear to Sapphire Transitions
12840,Ray Ban Meta Headliner Gen 2,120,50mm,Shiny Black/Green
12841,Ray Ban Meta Headliner Gen 2,120,51mm,Shiny Black/Green
12842,Samsung Galaxy Buds 4 Pro,16,,
12843,Samsung Galaxy Buds 4 Pro,16,,White
12844,Samsung Galaxy Buds 4 Pro,16,,Black
12845,Samsung Galaxy Buds 4,16,,
12846,Samsung Galaxy Buds 4,16,,White
12847,Samsung Galaxy Buds 4,16,,Black
12848,Zikr Ring Jood 3,105,,
12849,Zikr Ring Jood 3,105,,Grey
12850,Zikr Ring Jood 3,105,,Black
12851,Zikr Ring Jood Lite,105,,
12852,Zikr Ring Jood Lite,105,,Green
12853,Zikr Ring Jood Lite,105,,Black
12854,Zikr Ring Jood Lite,105,,Gold
12855,Zikr Ring Jood Lite,105,,Brown
12856,Huawei Band 11 Pro,27,,
12857,Huawei Band 11 Pro,27,,Green
12858,Huawei Band 11 Pro,27,,Blue
12859,Huawei Band 11 Pro,27,,Black
12860,Samsung Galaxy A57 5G,2,8/128Gb,
12861,Samsung Galaxy A57 5G,2,8/256Gb,
12864,Samsung Galaxy A57 5G,2,8/128Gb,Blue
12865,Samsung Galaxy A57 5G,2,8/128Gb,Gray
12866,Samsung Galaxy A57 5G,2,8/128Gb,Lilac
12867,Samsung Galaxy A57 5G,2,8/128Gb,Navy
12868,Samsung Galaxy A57 5G,2,8/256Gb,Blue
12869,Samsung Galaxy A57 5G,2,8/256Gb,Gray
12870,Samsung Galaxy A57 5G,2,8/256Gb,Lilac
12871,Samsung Galaxy A57 5G,2,8/256Gb,Navy
12872,Samsung Galaxy A37 5G,2,6/128Gb,
12873,Samsung Galaxy A37 5G,2,8/128Gb,
12874,Samsung Galaxy A37 5G,2,8/256Gb,
12876,Samsung Galaxy A37 5G,2,6/128Gb,Black
12877,Samsung Galaxy A37 5G,2,6/128Gb,Green
12878,Samsung Galaxy A37 5G,2,6/128Gb,Lavender
12879,Samsung Galaxy A37 5G,2,6/128Gb,White
12880,Samsung Galaxy A37 5G,2,8/128Gb,Black
12881,Samsung Galaxy A37 5G,2,8/128Gb,Green
12882,Samsung Galaxy A37 5G,2,8/128Gb,Lavender
12883,Samsung Galaxy A37 5G,2,8/128Gb,White
12884,Samsung Galaxy A37 5G,2,8/256Gb,Black
12885,Samsung Galaxy A37 5G,2,8/256Gb,Green
12886,Samsung Galaxy A37 5G,2,8/256Gb,Lavender
12887,Samsung Galaxy A37 5G,2,8/256Gb,White
12888,Apple iPhone 17e (eSim),1,256Gb,
12889,Apple iPhone 17e (eSim),1,256Gb,Black
12890,Apple iPhone 17e (eSim),1,256Gb,White
12891,Apple iPhone 17e (eSim),1,256Gb,Soft Pink
12892,Apple iPhone 17e (eSim),1,512Gb,
12893,Apple iPhone 17e (eSim),1,512Gb,Black
12894,Apple iPhone 17e (eSim),1,512Gb,White
12895,Apple iPhone 17e (eSim),1,512Gb,Soft Pink
12896,Apple iPhone 17e (Sim),1,256Gb,
12897,Apple iPhone 17e (Sim),1,256Gb,Black
12898,Apple iPhone 17e (Sim),1,256Gb,White
12899,Apple iPhone 17e (Sim),1,256Gb,Soft Pink
12900,Apple iPhone 17e (Sim),1,512Gb,
12901,Apple iPhone 17e (Sim),1,512Gb,Black
12902,Apple iPhone 17e (Sim),1,512Gb,White
12903,Apple iPhone 17e (Sim),1,512Gb,Soft Pink
12904,"Apple MacBook Air 15"" (M5)",22,16/512Gb,
12905,"Apple MacBook Air 15"" (M5)",22,16/512Gb,Sky Blue
12906,"Apple MacBook Air 15"" (M5)",22,16/512Gb,Silver
12907,"Apple MacBook Air 15"" (M5)",22,16/512Gb,Starlight
12908,"Apple MacBook Air 15"" (M5)",22,16/512Gb,Midnight
12909,"Apple MacBook Air 15"" (M5)",22,16/1Tb,
12910,"Apple MacBook Air 15"" (M5)",22,16/1Tb,Sky Blue
12911,"Apple MacBook Air 15"" (M5)",22,16/1Tb,Silver
12912,"Apple MacBook Air 15"" (M5)",22,16/1Tb,Starlight
12913,"Apple MacBook Air 15"" (M5)",22,16/1Tb,Midnight
12914,"Apple MacBook Air 15"" (M5)",22,16/2Tb,
12915,"Apple MacBook Air 15"" (M5)",22,16/2Tb,Sky Blue
12916,"Apple MacBook Air 15"" (M5)",22,16/2Tb,Silver
12917,"Apple MacBook Air 15"" (M5)",22,16/2Tb,Starlight
12918,"Apple MacBook Air 15"" (M5)",22,16/2Tb,Midnight
12919,"Apple MacBook Air 15"" (M5)",22,16/4Tb,
12920,"Apple MacBook Air 15"" (M5)",22,16/4Tb,Sky Blue
12921,"Apple MacBook Air 15"" (M5)",22,16/4Tb,Silver
12922,"Apple MacBook Air 15"" (M5)",22,16/4Tb,Starlight
12923,"Apple MacBook Air 15"" (M5)",22,16/4Tb,Midnight
12924,"Apple MacBook Air 15"" (M5)",22,24/512Gb,
12925,"Apple MacBook Air 15"" (M5)",22,24/512Gb,Sky Blue
12926,"Apple MacBook Air 15"" (M5)",22,24/512Gb,Silver
12927,"Apple MacBook Air 15"" (M5)",22,24/512Gb,Starlight
12928,"Apple MacBook Air 15"" (M5)",22,24/512Gb,Midnight
12929,"Apple MacBook Air 15"" (M5)",22,24/1Tb,
12930,"Apple MacBook Air 15"" (M5)",22,24/1Tb,Sky Blue
12931,"Apple MacBook Air 15"" (M5)",22,24/1Tb,Silver
12932,"Apple MacBook Air 15"" (M5)",22,24/1Tb,Starlight
12933,"Apple MacBook Air 15"" (M5)",22,24/1Tb,Midnight
12934,"Apple MacBook Air 15"" (M5)",22,24/2Tb,
12935,"Apple MacBook Air 15"" (M5)",22,24/2Tb,Sky Blue
12936,"Apple MacBook Air 15"" (M5)",22,24/2Tb,Silver
12937,"Apple MacBook Air 15"" (M5)",22,24/2Tb,Starlight
12938,"Apple MacBook Air 15"" (M5)",22,24/2Tb,Midnight
12939,"Apple MacBook Air 15"" (M5)",22,24/4Tb,
12940,"Apple MacBook Air 15"" (M5)",22,24/4Tb,Sky Blue
12941,"Apple MacBook Air 15"" (M5)",22,24/4Tb,Silver
12942,"Apple MacBook Air 15"" (M5)",22,24/4Tb,Starlight
12943,"Apple MacBook Air 15"" (M5)",22,24/4Tb,Midnight
12944,"Apple MacBook Air 15"" (M5)",22,32/512Gb,
12945,"Apple MacBook Air 15"" (M5)",22,32/512Gb,Sky Blue
12946,"Apple MacBook Air 15"" (M5)",22,32/512Gb,Silver
12947,"Apple MacBook Air 15"" (M5)",22,32/512Gb,Starlight
12948,"Apple MacBook Air 15"" (M5)",22,32/512Gb,Midnight
12949,"Apple MacBook Air 15"" (M5)",22,32/1Tb,
12950,"Apple MacBook Air 15"" (M5)",22,32/1Tb,Sky Blue
12951,"Apple MacBook Air 15"" (M5)",22,32/1Tb,Silver
12952,"Apple MacBook Air 15"" (M5)",22,32/1Tb,Starlight
12953,"Apple MacBook Air 15"" (M5)",22,32/1Tb,Midnight
12954,"Apple MacBook Air 15"" (M5)",22,32/2Tb,
12955,"Apple MacBook Air 15"" (M5)",22,32/2Tb,Sky Blue
12956,"Apple MacBook Air 15"" (M5)",22,32/2Tb,Silver
12957,"Apple MacBook Air 15"" (M5)",22,32/2Tb,Starlight
12958,"Apple MacBook Air 15"" (M5)",22,32/2Tb,Midnight
12959,"Apple MacBook Air 15"" (M5)",22,32/4Tb,
12960,"Apple MacBook Air 15"" (M5)",22,32/4Tb,Sky Blue
12961,"Apple MacBook Air 15"" (M5)",22,32/4Tb,Silver
12962,"Apple MacBook Air 15"" (M5)",22,32/4Tb,Starlight
12963,"Apple MacBook Air 15"" (M5)",22,32/4Tb,Midnight
12964,"Apple MacBook Pro 16"" (M5 Max)",22,36/2Tb,
12965,"Apple MacBook Pro 16"" (M5 Max)",22,36/2Tb,Silver
12966,"Apple MacBook Pro 16"" (M5 Max)",22,36/2Tb,Space Black
12967,"Apple MacBook Pro 16"" (M5 Max)",22,36/4Tb,
12968,"Apple MacBook Pro 16"" (M5 Max)",22,36/4Tb,Silver
12969,"Apple MacBook Pro 16"" (M5 Max)",22,36/4Tb,Space Black
12970,"Apple MacBook Pro 16"" (M5 Max)",22,36/8Tb,
12971,"Apple MacBook Pro 16"" (M5 Max)",22,36/8Tb,Silver
12972,"Apple MacBook Pro 16"" (M5 Max)",22,36/8Tb,Space Black
12973,"Apple MacBook Pro 16"" (M5 Max)",22,48/2Tb,
12974,"Apple MacBook Pro 16"" (M5 Max)",22,48/2Tb,Silver
12975,"Apple MacBook Pro 16"" (M5 Max)",22,48/2Tb,Space Black
12976,"Apple MacBook Pro 16"" (M5 Max)",22,48/4Tb,
12977,"Apple MacBook Pro 16"" (M5 Max)",22,48/4Tb,Silver
12978,"Apple MacBook Pro 16"" (M5 Max)",22,48/4Tb,Space Black
12979,"Apple MacBook Pro 16"" (M5 Max)",22,48/8Tb,
12980,"Apple MacBook Pro 16"" (M5 Max)",22,48/8Tb,Silver
12981,"Apple MacBook Pro 16"" (M5 Max)",22,48/8Tb,Space Black
12982,"Apple MacBook Pro 16"" (M5 Max)",22,64/2Tb,
12983,"Apple MacBook Pro 16"" (M5 Max)",22,64/2Tb,Silver
12984,"Apple MacBook Pro 16"" (M5 Max)",22,64/2Tb,Space Black
12985,"Apple MacBook Pro 16"" (M5 Max)",22,64/4Tb,
12986,"Apple MacBook Pro 16"" (M5 Max)",22,64/4Tb,Silver
12987,"Apple MacBook Pro 16"" (M5 Max)",22,64/4Tb,Space Black
12988,"Apple MacBook Pro 16"" (M5 Max)",22,64/8Tb,
12989,"Apple MacBook Pro 16"" (M5 Max)",22,64/8Tb,Silver
12990,"Apple MacBook Pro 16"" (M5 Max)",22,64/8Tb,Space Black
12991,"Apple MacBook Pro 16"" (M5 Max)",22,128/2Tb,
12992,"Apple MacBook Pro 16"" (M5 Max)",22,128/2Tb,Silver
12993,"Apple MacBook Pro 16"" (M5 Max)",22,128/2Tb,Space Black
12994,"Apple MacBook Pro 16"" (M5 Max)",22,128/4Tb,
12995,"Apple MacBook Pro 16"" (M5 Max)",22,128/4Tb,Silver
12996,"Apple MacBook Pro 16"" (M5 Max)",22,128/4Tb,Space Black
12997,"Apple MacBook Pro 16"" (M5 Max)",22,128/8Tb,
12998,"Apple MacBook Pro 16"" (M5 Max)",22,128/8Tb,Silver
12999,"Apple MacBook Pro 16"" (M5 Max)",22,128/8Tb,Space Black
13000,"Apple MacBook Pro 14"" (M5 Pro)",22,24/1Tb,
13001,"Apple MacBook Pro 14"" (M5 Pro)",22,24/1Tb,Silver
13002,"Apple MacBook Pro 14"" (M5 Pro)",22,24/1Tb,Space Black
13003,"Apple MacBook Pro 14"" (M5 Pro)",22,24/2Tb,
13004,"Apple MacBook Pro 14"" (M5 Pro)",22,24/2Tb,Silver
13005,"Apple MacBook Pro 14"" (M5 Pro)",22,24/2Tb,Space Black
13006,"Apple MacBook Pro 14"" (M5 Pro)",22,24/4Tb,
13007,"Apple MacBook Pro 14"" (M5 Pro)",22,24/4Tb,Silver
13008,"Apple MacBook Pro 14"" (M5 Pro)",22,24/4Tb,Space Black
13009,"Apple MacBook Pro 14"" (M5 Pro)",22,32/1Tb,
13010,"Apple MacBook Pro 14"" (M5 Pro)",22,32/1Tb,Silver
13011,"Apple MacBook Pro 14"" (M5 Pro)",22,32/1Tb,Space Black
13012,"Apple MacBook Pro 14"" (M5 Pro)",22,32/2Tb,
13013,"Apple MacBook Pro 14"" (M5 Pro)",22,32/2Tb,Silver
13014,"Apple MacBook Pro 14"" (M5 Pro)",22,32/2Tb,Space Black
13015,"Apple MacBook Pro 14"" (M5 Pro)",22,32/4Tb,
13016,"Apple MacBook Pro 14"" (M5 Pro)",22,32/4Tb,Silver
13017,"Apple MacBook Pro 14"" (M5 Pro)",22,32/4Tb,Space Black
13018,"Apple MacBook Pro 14"" (M5 Pro)",22,48/1Tb,
13019,"Apple MacBook Pro 14"" (M5 Pro)",22,48/1Tb,Silver
13020,"Apple MacBook Pro 14"" (M5 Pro)",22,48/1Tb,Space Black
13021,"Apple MacBook Pro 14"" (M5 Pro)",22,48/2Tb,
13022,"Apple MacBook Pro 14"" (M5 Pro)",22,48/2Tb,Silver
13023,"Apple MacBook Pro 14"" (M5 Pro)",22,48/2Tb,Space Black
13024,"Apple MacBook Pro 14"" (M5 Pro)",22,48/4Tb,
13025,"Apple MacBook Pro 14"" (M5 Pro)",22,48/4Tb,Silver
13026,"Apple MacBook Pro 14"" (M5 Pro)",22,48/4Tb,Space Black
13027,"Apple MacBook Pro 14"" (M5 Pro)",22,64/1Tb,
13028,"Apple MacBook Pro 14"" (M5 Pro)",22,64/1Tb,Silver
13029,"Apple MacBook Pro 14"" (M5 Pro)",22,64/1Tb,Space Black
13030,"Apple MacBook Pro 14"" (M5 Pro)",22,64/2Tb,
13031,"Apple MacBook Pro 14"" (M5 Pro)",22,64/2Tb,Silver
13032,"Apple MacBook Pro 14"" (M5 Pro)",22,64/2Tb,Space Black
13033,"Apple MacBook Pro 14"" (M5 Pro)",22,64/4Tb,
13034,"Apple MacBook Pro 14"" (M5 Pro)",22,64/4Tb,Silver
13035,"Apple MacBook Pro 14"" (M5 Pro)",22,64/4Tb,Space Black
13036,"Apple MacBook Neo 13""",22,8/256Gb,
13037,"Apple MacBook Neo 13""",22,8/256Gb,Silver
13038,"Apple MacBook Neo 13""",22,8/256Gb,Blush
13039,"Apple MacBook Neo 13""",22,8/256Gb,Citrus
13040,"Apple MacBook Neo 13""",22,8/256Gb,Indigo
13041,"Apple MacBook Neo 13""",22,8/512Gb,
13042,"Apple MacBook Neo 13""",22,8/512Gb,Silver
13043,"Apple MacBook Neo 13""",22,8/512Gb,Blush
13044,"Apple MacBook Neo 13""",22,8/512Gb,Citrus
13045,"Apple MacBook Neo 13""",22,8/512Gb,Indigo
13046,"Apple MacBook Pro 14"" (M5 Max)",22,48/2Tb,
13047,"Apple MacBook Pro 14"" (M5 Max)",22,48/2Tb,Silver
13048,"Apple MacBook Pro 14"" (M5 Max)",22,48/2Tb,Space Black
13049,"Apple MacBook Pro 14"" (M5 Max)",22,48/4Tb,
13050,"Apple MacBook Pro 14"" (M5 Max)",22,48/4Tb,Silver
13051,"Apple MacBook Pro 14"" (M5 Max)",22,48/4Tb,Space Black
13052,"Apple MacBook Pro 14"" (M5 Max)",22,48/8Tb,
13053,"Apple MacBook Pro 14"" (M5 Max)",22,48/8Tb,Silver
13054,"Apple MacBook Pro 14"" (M5 Max)",22,48/8Tb,Space Black
13055,"Apple MacBook Pro 14"" (M5 Max)",22,64/2Tb,
13056,"Apple MacBook Pro 14"" (M5 Max)",22,64/2Tb,Silver
13057,"Apple MacBook Pro 14"" (M5 Max)",22,64/2Tb,Space Black
13058,"Apple MacBook Pro 14"" (M5 Max)",22,64/4Tb,
13059,"Apple MacBook Pro 14"" (M5 Max)",22,64/4Tb,Silver
13060,"Apple MacBook Pro 14"" (M5 Max)",22,64/4Tb,Space Black
13061,"Apple MacBook Pro 14"" (M5 Max)",22,64/8Tb,
13062,"Apple MacBook Pro 14"" (M5 Max)",22,64/8Tb,Silver
13063,"Apple MacBook Pro 14"" (M5 Max)",22,64/8Tb,Space Black
13064,"Apple MacBook Pro 14"" (M5 Max)",22,96/2Tb,
13065,"Apple MacBook Pro 14"" (M5 Max)",22,96/2Tb,Silver
13066,"Apple MacBook Pro 14"" (M5 Max)",22,96/2Tb,Space Black
13067,"Apple MacBook Pro 14"" (M5 Max)",22,96/4Tb,
13068,"Apple MacBook Pro 14"" (M5 Max)",22,96/4Tb,Silver
13069,"Apple MacBook Pro 14"" (M5 Max)",22,96/4Tb,Space Black
13070,"Apple MacBook Pro 14"" (M5 Max)",22,96/8Tb,
13071,"Apple MacBook Pro 14"" (M5 Max)",22,96/8Tb,Silver
13072,"Apple MacBook Pro 14"" (M5 Max)",22,96/8Tb,Space Black
13073,"Apple MacBook Pro 14"" (M5 Max)",22,128/2Tb,
13074,"Apple MacBook Pro 14"" (M5 Max)",22,128/2Tb,Silver
13075,"Apple MacBook Pro 14"" (M5 Max)",22,128/2Tb,Space Black
13076,"Apple MacBook Pro 14"" (M5 Max)",22,128/4Tb,
13077,"Apple MacBook Pro 14"" (M5 Max)",22,128/4Tb,Silver
13078,"Apple MacBook Pro 14"" (M5 Max)",22,128/4Tb,Space Black
13079,"Apple MacBook Pro 14"" (M5 Max)",22,128/8Tb,
13080,"Apple MacBook Pro 14"" (M5 Max)",22,128/8Tb,Silver
13081,"Apple MacBook Pro 14"" (M5 Max)",22,128/8Tb,Space Black
13082,"Apple MacBook Pro 16"" (M5 Pro)",22,24/1Tb,
13083,"Apple MacBook Pro 16"" (M5 Pro)",22,24/1Tb,Silver
13084,"Apple MacBook Pro 16"" (M5 Pro)",22,24/1Tb,Space Black
13085,"Apple MacBook Pro 16"" (M5 Pro)",22,24/2Tb,
13086,"Apple MacBook Pro 16"" (M5 Pro)",22,24/2Tb,Silver
13087,"Apple MacBook Pro 16"" (M5 Pro)",22,24/2Tb,Space Black
13088,"Apple MacBook Pro 16"" (M5 Pro)",22,24/4Tb,
13089,"Apple MacBook Pro 16"" (M5 Pro)",22,24/4Tb,Silver
13090,"Apple MacBook Pro 16"" (M5 Pro)",22,24/4Tb,Space Black
13091,"Apple MacBook Pro 16"" (M5 Pro)",22,32/1Tb,
13092,"Apple MacBook Pro 16"" (M5 Pro)",22,32/1Tb,Silver
13093,"Apple MacBook Pro 16"" (M5 Pro)",22,32/1Tb,Space Black
13094,"Apple MacBook Pro 16"" (M5 Pro)",22,36/2Tb,
13095,"Apple MacBook Pro 16"" (M5 Pro)",22,36/2Tb,Silver
13096,"Apple MacBook Pro 16"" (M5 Pro)",22,36/2Tb,Space Black
13097,"Apple MacBook Pro 16"" (M5 Pro)",22,32/4Tb,
13098,"Apple MacBook Pro 16"" (M5 Pro)",22,32/4Tb,Silver
13099,"Apple MacBook Pro 16"" (M5 Pro)",22,32/4Tb,Space Black
13100,"Apple MacBook Pro 16"" (M5 Pro)",22,48/1Tb,
13101,"Apple MacBook Pro 16"" (M5 Pro)",22,48/1Tb,Silver
13102,"Apple MacBook Pro 16"" (M5 Pro)",22,48/1Tb,Space Black
13103,"Apple MacBook Pro 16"" (M5 Pro)",22,48/2Tb,
13104,"Apple MacBook Pro 16"" (M5 Pro)",22,48/2Tb,Silver
13105,"Apple MacBook Pro 16"" (M5 Pro)",22,48/2Tb,Space Black
13106,"Apple MacBook Pro 16"" (M5 Pro)",22,48/4Tb,
13107,"Apple MacBook Pro 16"" (M5 Pro)",22,48/4Tb,Silver
13108,"Apple MacBook Pro 16"" (M5 Pro)",22,48/4Tb,Space Black
13109,"Apple MacBook Pro 16"" (M5 Pro)",22,64/1Tb,
13110,"Apple MacBook Pro 16"" (M5 Pro)",22,64/1Tb,Silver
13111,"Apple MacBook Pro 16"" (M5 Pro)",22,64/1Tb,Space Black
13112,"Apple MacBook Pro 16"" (M5 Pro)",22,64/2Tb,
13113,"Apple MacBook Pro 16"" (M5 Pro)",22,64/2Tb,Silver
13114,"Apple MacBook Pro 16"" (M5 Pro)",22,64/2Tb,Space Black
13115,"Apple MacBook Pro 16"" (M5 Pro)",22,64/4Tb,
13116,"Apple MacBook Pro 16"" (M5 Pro)",22,64/4Tb,Silver
13117,"Apple MacBook Pro 16"" (M5 Pro)",22,64/4Tb,Space Black
13118,"Apple MacBook Air 13"" (M5)",22,16/512Gb,
13119,"Apple MacBook Air 13"" (M5)",22,16/512Gb,Sky Blue
13120,"Apple MacBook Air 13"" (M5)",22,16/512Gb,Silver
13121,"Apple MacBook Air 13"" (M5)",22,16/512Gb,Starlight
13122,"Apple MacBook Air 13"" (M5)",22,16/512Gb,Midnight
13123,"Apple MacBook Air 13"" (M5)",22,16/1Tb,
13124,"Apple MacBook Air 13"" (M5)",22,16/1Tb,Sky Blue
13125,"Apple MacBook Air 13"" (M5)",22,16/1Tb,Silver
13126,"Apple MacBook Air 13"" (M5)",22,16/1Tb,Starlight
13127,"Apple MacBook Air 13"" (M5)",22,16/1Tb,Midnight
13128,"Apple MacBook Air 13"" (M5)",22,16/2Tb,
13129,"Apple MacBook Air 13"" (M5)",22,16/2Tb,Sky Blue
13130,"Apple MacBook Air 13"" (M5)",22,16/2Tb,Silver
13131,"Apple MacBook Air 13"" (M5)",22,16/2Tb,Starlight
13132,"Apple MacBook Air 13"" (M5)",22,16/2Tb,Midnight
13133,"Apple MacBook Air 13"" (M5)",22,16/4Tb,
13134,"Apple MacBook Air 13"" (M5)",22,16/4Tb,Sky Blue
13135,"Apple MacBook Air 13"" (M5)",22,16/4Tb,Silver
13136,"Apple MacBook Air 13"" (M5)",22,16/4Tb,Starlight
13137,"Apple MacBook Air 13"" (M5)",22,16/4Tb,Midnight
13138,"Apple MacBook Air 13"" (M5)",22,24/512Gb,
13139,"Apple MacBook Air 13"" (M5)",22,24/512Gb,Sky Blue
13140,"Apple MacBook Air 13"" (M5)",22,24/512Gb,Silver
13141,"Apple MacBook Air 13"" (M5)",22,24/512Gb,Starlight
13142,"Apple MacBook Air 13"" (M5)",22,24/512Gb,Midnight
13143,"Apple MacBook Air 13"" (M5)",22,24/1Tb,
13144,"Apple MacBook Air 13"" (M5)",22,24/1Tb,Sky Blue
13145,"Apple MacBook Air 13"" (M5)",22,24/1Tb,Silver
13146,"Apple MacBook Air 13"" (M5)",22,24/1Tb,Starlight
13147,"Apple MacBook Air 13"" (M5)",22,24/1Tb,Midnight
13148,"Apple MacBook Air 13"" (M5)",22,24/2Tb,
13149,"Apple MacBook Air 13"" (M5)",22,24/2Tb,Sky Blue
13150,"Apple MacBook Air 13"" (M5)",22,24/2Tb,Silver
13151,"Apple MacBook Air 13"" (M5)",22,24/2Tb,Starlight
13152,"Apple MacBook Air 13"" (M5)",22,24/2Tb,Midnight
13153,"Apple MacBook Air 13"" (M5)",22,24/4Tb,
13154,"Apple MacBook Air 13"" (M5)",22,24/4Tb,Sky Blue
13155,"Apple MacBook Air 13"" (M5)",22,24/4Tb,Silver
13156,"Apple MacBook Air 13"" (M5)",22,24/4Tb,Starlight
13157,"Apple MacBook Air 13"" (M5)",22,24/4Tb,Midnight
13158,"Apple MacBook Air 13"" (M5)",22,32/512Gb,
13159,"Apple MacBook Air 13"" (M5)",22,32/512Gb,Sky Blue
13160,"Apple MacBook Air 13"" (M5)",22,32/512Gb,Silver
13161,"Apple MacBook Air 13"" (M5)",22,32/512Gb,Starlight
13162,"Apple MacBook Air 13"" (M5)",22,32/512Gb,Midnight
13163,"Apple MacBook Air 13"" (M5)",22,32/1Tb,
13164,"Apple MacBook Air 13"" (M5)",22,32/1Tb,Sky Blue
13165,"Apple MacBook Air 13"" (M5)",22,32/1Tb,Silver
13166,"Apple MacBook Air 13"" (M5)",22,32/1Tb,Starlight
13167,"Apple MacBook Air 13"" (M5)",22,32/1Tb,Midnight
13168,"Apple MacBook Air 13"" (M5)",22,32/2Tb,
13169,"Apple MacBook Air 13"" (M5)",22,32/2Tb,Sky Blue
13170,"Apple MacBook Air 13"" (M5)",22,32/2Tb,Silver
13171,"Apple MacBook Air 13"" (M5)",22,32/2Tb,Starlight
13172,"Apple MacBook Air 13"" (M5)",22,32/2Tb,Midnight
13173,"Apple MacBook Air 13"" (M5)",22,32/4Tb,
13174,"Apple MacBook Air 13"" (M5)",22,32/4Tb,Sky Blue
13175,"Apple MacBook Air 13"" (M5)",22,32/4Tb,Silver
13176,"Apple MacBook Air 13"" (M5)",22,32/4Tb,Starlight
13177,"Apple MacBook Air 13"" (M5)",22,32/4Tb,Midnight
13178,"Apple iPad Air 11"" M4 (Wifi)",13,128Gb,
13179,"Apple iPad Air 11"" M4 (Wifi)",13,128Gb,Space Gray
13180,"Apple iPad Air 11"" M4 (Wifi)",13,128Gb,Starlight
13181,"Apple iPad Air 11"" M4 (Wifi)",13,128Gb,Purple
13182,"Apple iPad Air 11"" M4 (Wifi)",13,128Gb,Blue
13183,"Apple iPad Air 11"" M4 (Wifi)",13,256Gb,
13184,"Apple iPad Air 11"" M4 (Wifi)",13,256Gb,Space Gray
13185,"Apple iPad Air 11"" M4 (Wifi)",13,256Gb,Starlight
13186,"Apple iPad Air 11"" M4 (Wifi)",13,256Gb,Purple
13187,"Apple iPad Air 11"" M4 (Wifi)",13,256Gb,Blue
13188,"Apple iPad Air 11"" M4 (Wifi)",13,512Gb,
13189,"Apple iPad Air 11"" M4 (Wifi)",13,512Gb,Space Gray
13190,"Apple iPad Air 11"" M4 (Wifi)",13,512Gb,Starlight
13191,"Apple iPad Air 11"" M4 (Wifi)",13,512Gb,Purple
13192,"Apple iPad Air 11"" M4 (Wifi)",13,512Gb,Blue
13193,"Apple iPad Air 11"" M4 (Wifi)",13,1Tb,
13194,"Apple iPad Air 11"" M4 (Wifi)",13,1Tb,Space Gray
13195,"Apple iPad Air 11"" M4 (Wifi)",13,1Tb,Starlight
13196,"Apple iPad Air 11"" M4 (Wifi)",13,1Tb,Purple
13197,"Apple iPad Air 11"" M4 (Wifi)",13,1Tb,Blue
13198,"Apple iPad Air 13"" M4 (Sim)",13,128Gb,
13199,"Apple iPad Air 13"" M4 (Sim)",13,128Gb,Space Gray
13200,"Apple iPad Air 13"" M4 (Sim)",13,128Gb,Starlight
13201,"Apple iPad Air 13"" M4 (Sim)",13,128Gb,Purple
13202,"Apple iPad Air 13"" M4 (Sim)",13,128Gb,Blue
13203,"Apple iPad Air 13"" M4 (Sim)",13,256Gb,
13204,"Apple iPad Air 13"" M4 (Sim)",13,256Gb,Space Gray
13205,"Apple iPad Air 13"" M4 (Sim)",13,256Gb,Starlight
13206,"Apple iPad Air 13"" M4 (Sim)",13,256Gb,Purple
13207,"Apple iPad Air 13"" M4 (Sim)",13,256Gb,Blue
13208,"Apple iPad Air 13"" M4 (Sim)",13,512Gb,
13209,"Apple iPad Air 13"" M4 (Sim)",13,512Gb,Space Gray
13210,"Apple iPad Air 13"" M4 (Sim)",13,512Gb,Starlight
13211,"Apple iPad Air 13"" M4 (Sim)",13,512Gb,Purple
13212,"Apple iPad Air 13"" M4 (Sim)",13,512Gb,Blue
13213,"Apple iPad Air 13"" M4 (Sim)",13,1Tb,
13214,"Apple iPad Air 13"" M4 (Sim)",13,1Tb,Space Gray
13215,"Apple iPad Air 13"" M4 (Sim)",13,1Tb,Starlight
13216,"Apple iPad Air 13"" M4 (Sim)",13,1Tb,Purple
13217,"Apple iPad Air 13"" M4 (Sim)",13,1Tb,Blue
13218,"Apple iPad Air 11"" M4 (Sim)",13,128Gb,
13219,"Apple iPad Air 11"" M4 (Sim)",13,128Gb,Space Gray
13220,"Apple iPad Air 11"" M4 (Sim)",13,128Gb,Starlight
13221,"Apple iPad Air 11"" M4 (Sim)",13,128Gb,Purple
13222,"Apple iPad Air 11"" M4 (Sim)",13,128Gb,Blue
13223,"Apple iPad Air 11"" M4 (Sim)",13,256Gb,
13224,"Apple iPad Air 11"" M4 (Sim)",13,256Gb,Space Gray
13225,"Apple iPad Air 11"" M4 (Sim)",13,256Gb,Starlight
13226,"Apple iPad Air 11"" M4 (Sim)",13,256Gb,Purple
13227,"Apple iPad Air 11"" M4 (Sim)",13,256Gb,Blue
13228,"Apple iPad Air 11"" M4 (Sim)",13,512Gb,
13229,"Apple iPad Air 11"" M4 (Sim)",13,512Gb,Space Gray
13230,"Apple iPad Air 11"" M4 (Sim)",13,512Gb,Starlight
13231,"Apple iPad Air 11"" M4 (Sim)",13,512Gb,Purple
13232,"Apple iPad Air 11"" M4 (Sim)",13,512Gb,Blue
13233,"Apple iPad Air 11"" M4 (Sim)",13,1Tb,
13234,"Apple iPad Air 11"" M4 (Sim)",13,1Tb,Space Gray
13235,"Apple iPad Air 11"" M4 (Sim)",13,1Tb,Starlight
13236,"Apple iPad Air 11"" M4 (Sim)",13,1Tb,Purple
13237,"Apple iPad Air 11"" M4 (Sim)",13,1Tb,Blue
13238,"Apple iPad Air 13"" M4 (Wifi)",13,128Gb,
13239,"Apple iPad Air 13"" M4 (Wifi)",13,128Gb,Space Gray
13240,"Apple iPad Air 13"" M4 (Wifi)",13,128Gb,Starlight
13241,"Apple iPad Air 13"" M4 (Wifi)",13,128Gb,Purple
13242,"Apple iPad Air 13"" M4 (Wifi)",13,128Gb,Blue
13243,"Apple iPad Air 13"" M4 (Wifi)",13,256Gb,
13244,"Apple iPad Air 13"" M4 (Wifi)",13,256Gb,Space Gray
13245,"Apple iPad Air 13"" M4 (Wifi)",13,256Gb,Starlight
13246,"Apple iPad Air 13"" M4 (Wifi)",13,256Gb,Purple
13247,"Apple iPad Air 13"" M4 (Wifi)",13,256Gb,Blue
13248,"Apple iPad Air 13"" M4 (Wifi)",13,512Gb,
13249,"Apple iPad Air 13"" M4 (Wifi)",13,512Gb,Space Gray
13250,"Apple iPad Air 13"" M4 (Wifi)",13,512Gb,Starlight
13251,"Apple iPad Air 13"" M4 (Wifi)",13,512Gb,Purple
13252,"Apple iPad Air 13"" M4 (Wifi)",13,512Gb,Blue
13253,"Apple iPad Air 13"" M4 (Wifi)",13,1Tb,
13254,"Apple iPad Air 13"" M4 (Wifi)",13,1Tb,Space Gray
13255,"Apple iPad Air 13"" M4 (Wifi)",13,1Tb,Starlight
13256,"Apple iPad Air 13"" M4 (Wifi)",13,1Tb,Purple
13257,"Apple iPad Air 13"" M4 (Wifi)",13,1Tb,Blue
13258,Honor 600 Lite 5G,4,8/256Gb,
13259,Honor 600 Lite 5G,4,8/256Gb,Velvet Gray
13260,Honor 600 Lite 5G,4,8/256Gb,Desert Gold
13261,Honor 600 Lite 5G,4,8/256Gb,Velvet Black
13262,Honor 600 Lite 5G,4,8/256Gb,Sprout Green
13263,Honor 600 Lite 5G,4,12/256Gb,
13264,Honor 600 Lite 5G,4,12/256Gb,Velvet Gray
13265,Honor 600 Lite 5G,4,12/256Gb,Desert Gold
13266,Honor 600 Lite 5G,4,12/256Gb,Velvet Black
13267,Honor 600 Lite 5G,4,12/256Gb,Sprout Green
13268,Xiaomi Redmi A7 Pro,3,4/64Gb,
13269,Xiaomi Redmi A7 Pro,3,4/64Gb,Black
13270,Xiaomi Redmi A7 Pro,3,4/64Gb,Mist Blue
13271,Xiaomi Redmi A7 Pro,3,4/64Gb,Palm Green
13272,Xiaomi Redmi A7 Pro,3,4/64Gb,Orange
13273,Xiaomi Redmi A7 Pro,3,4/128Gb,
13274,Xiaomi Redmi A7 Pro,3,4/128Gb,Black
13275,Xiaomi Redmi A7 Pro,3,4/128Gb,Mist Blue
13276,Xiaomi Redmi A7 Pro,3,4/128Gb,Palm Green
13277,Xiaomi Redmi A7 Pro,3,4/128Gb,Orange
13278,Xiaomi Redmi A7 Pro,3,6/128Gb,
13279,Xiaomi Redmi A7 Pro,3,6/128Gb,Black
13280,Xiaomi Redmi A7 Pro,3,6/128Gb,Mist Blue
13281,Xiaomi Redmi A7 Pro,3,6/128Gb,Palm Green
13282,Xiaomi Redmi A7 Pro,3,6/128Gb,Orange
13283,Infinix Note 60 Pro 5G,5,8/256Gb,
13284,Infinix Note 60 Pro 5G,5,8/256Gb,Mist Titanium
13285,Infinix Note 60 Pro 5G,5,8/256Gb,Deep Ocean Blue
13286,Infinix Note 60 Pro 5G,5,8/256Gb,Solar Orange
13287,Infinix Note 60 Pro 5G,5,8/256Gb,Mocha Brown
13288,Infinix Note 60 Pro 5G,5,8/256Gb,Torino Black
13289,Infinix Note 60 Pro 5G,5,8/256Gb,Frost Silver
13290,Infinix Note 60 Pro 5G,5,12/256Gb,
13291,Infinix Note 60 Pro 5G,5,12/256Gb,Mist Titanium
13292,Infinix Note 60 Pro 5G,5,12/256Gb,Deep Ocean Blue
13293,Infinix Note 60 Pro 5G,5,12/256Gb,Solar Orange
13294,Infinix Note 60 Pro 5G,5,12/256Gb,Mocha Brown
13295,Infinix Note 60 Pro 5G,5,12/256Gb,Torino Black
13296,Infinix Note 60 Pro 5G,5,12/256Gb,Frost Silver
13297,Infinix Note Edge 5G,5,8/128Gb,
13298,Infinix Note Edge 5G,5,8/128Gb,Lunar Titanium
13299,Infinix Note Edge 5G,5,8/128Gb,Silk Green
13300,Infinix Note Edge 5G,5,8/128Gb,Stellar Blue
13301,Infinix Note Edge 5G,5,8/128Gb,Shadow Black
13302,Infinix Note Edge 5G,5,8/128Gb,Orange
13303,Infinix Note Edge 5G,5,8/256Gb,
13304,Infinix Note Edge 5G,5,8/256Gb,Lunar Titanium
13305,Infinix Note Edge 5G,5,8/256Gb,Silk Green
13306,Infinix Note Edge 5G,5,8/256Gb,Stellar Blue
13307,Infinix Note Edge 5G,5,8/256Gb,Shadow Black
13308,Infinix Note Edge 5G,5,8/256Gb,Orange
13309,Honor Pad X7 4G (Sim),29,4/64Gb,Gray
13310,Honor Pad X7 4G (Sim),29,4/128Gb,Gray
13311,Honor Pad X7 (Wifi),29,4/64Gb,Gray
13312,Honor Pad X7 (Wifi),29,4/128Gb,Gray
13313,Honor Magic 8 Pro 5G,4,12/256Gb,
13314,Honor Magic 8 Pro 5G,4,12/256Gb,Sunrise Gold
13315,Honor Magic 8 Pro 5G,4,12/256Gb,Sky Cyan
13316,Honor Magic 8 Pro 5G,4,12/256Gb,Black
13317,Honor Magic 8 Pro 5G,4,12/256Gb,White
13318,Honor Magic 8 Pro 5G,4,12/512Gb,
13319,Honor Magic 8 Pro 5G,4,12/512Gb,Sunrise Gold
13320,Honor Magic 8 Pro 5G,4,12/512Gb,Sky Cyan
13321,Honor Magic 8 Pro 5G,4,12/512Gb,Black
13322,Honor Magic 8 Pro 5G,4,12/512Gb,White
13323,Honor Magic 8 Pro 5G,4,16/512Gb,
13324,Honor Magic 8 Pro 5G,4,16/512Gb,Sunrise Gold
13325,Honor Magic 8 Pro 5G,4,16/512Gb,Sky Cyan
13326,Honor Magic 8 Pro 5G,4,16/512Gb,Black
13327,Honor Magic 8 Pro 5G,4,16/512Gb,White
13328,Honor Magic 8 Pro 5G,4,16/1Tb,
13329,Honor Magic 8 Pro 5G,4,16/1Tb,Sunrise Gold
13330,Honor Magic 8 Pro 5G,4,16/1Tb,Sky Cyan
13331,Honor Magic 8 Pro 5G,4,16/1Tb,Black
13332,Honor Magic 8 Pro 5G,4,16/1Tb,White
13333,Honor Win 5G,4,12/256Gb,
13334,Honor Win 5G,4,12/256Gb,Black
13335,Honor Win 5G,4,12/256Gb,Blue
13336,Honor Win 5G,4,12/256Gb,White
13337,Honor Win 5G,4,12/512Gb,
13338,Honor Win 5G,4,12/512Gb,Black
13339,Honor Win 5G,4,12/512Gb,Blue
13340,Honor Win 5G,4,12/512Gb,White
13341,Honor Win 5G,4,16/512Gb,
13342,Honor Win 5G,4,16/512Gb,Black
13343,Honor Win 5G,4,16/512Gb,Blue
13344,Honor Win 5G,4,16/512Gb,White
13345,Honor Win 5G,4,16/1Tb,
13346,Honor Win 5G,4,16/1Tb,Black
13347,Honor Win 5G,4,16/1Tb,Blue
13348,Honor Win 5G,4,16/1Tb,White
13349,Xiaomi Poco Pad X1 (Wifi),12,8/256Gb,
13350,Xiaomi Poco Pad X1 (Wifi),12,8/256Gb,Gray
13351,Xiaomi Poco Pad X1 (Wifi),12,8/256Gb,Blue
13352,Xiaomi Poco Pad X1 (Wifi),12,8/512Gb,
13353,Xiaomi Poco Pad X1 (Wifi),12,8/512Gb,Gray
13354,Xiaomi Poco Pad X1 (Wifi),12,8/512Gb,Blue
13355,Xiaomi Poco X8 Pro 5G,6,8/256Gb,
13356,Xiaomi Poco X8 Pro 5G,6,8/256Gb,Black
13357,Xiaomi Poco X8 Pro 5G,6,8/256Gb,White
13358,Xiaomi Poco X8 Pro 5G,6,8/256Gb,Mint Green
13359,Xiaomi Poco X8 Pro 5G,6,8/512Gb,
13360,Xiaomi Poco X8 Pro 5G,6,8/512Gb,Black
13361,Xiaomi Poco X8 Pro 5G,6,8/512Gb,White
13362,Xiaomi Poco X8 Pro 5G,6,8/512Gb,Mint Green
13363,Xiaomi Poco X8 Pro 5G,6,12/512Gb,
13364,Xiaomi Poco X8 Pro 5G,6,12/512Gb,Black
13365,Xiaomi Poco X8 Pro 5G,6,12/512Gb,White
13366,Xiaomi Poco X8 Pro 5G,6,12/512Gb,Mint Green
13367,Xiaomi Poco X8 Pro Max 5G,6,12/256Gb,
13368,Xiaomi Poco X8 Pro Max 5G,6,12/256Gb,Black
13369,Xiaomi Poco X8 Pro Max 5G,6,12/256Gb,White
13370,Xiaomi Poco X8 Pro Max 5G,6,12/256Gb,Blue
13371,Xiaomi Poco X8 Pro Max 5G,6,12/512Gb,
13372,Xiaomi Poco X8 Pro Max 5G,6,12/512Gb,Black
13373,Xiaomi Poco X8 Pro Max 5G,6,12/512Gb,White
13374,Xiaomi Poco X8 Pro Max 5G,6,12/512Gb,Blue
13375,Dyson Airwrap Coanda 2x HS09,88,,Red Velvet/Gold
13376,Dyson Airwrap Coanda 2x HS09,88,,Ceramic Apricot/Topaz
13377,Dyson Airwrap i.d. Straight+Wavy HS08,88,,Ceramic Apricot/Topaz
13378,Dyson Airstrait HT01,89,,Ceramic Apricot/Topaz
13379,Sony WH-1000XM5,17,,
13380,Sony WH-1000XM5,17,,Smoky Pink
13381,Sony WH-CH520,17,,
13382,Sony WH-CH520,17,,Pink
13383,Sony WH-CH520,17,,Yellow
13384,Sony WF-1000XM6,17,,
13385,Sony WF-1000XM6,17,,Black
13386,Sony WF-1000XM6,17,,Silver
13387,Sony WF-1000XM5,17,,
13388,Sony WF-1000XM5,17,,Smoky Pink
13389,Sony Pulse Elite,17,,
13390,Sony Pulse Elite,17,,Midnight Black
13391,Sony Pulse Elite,17,,White
13392,Logitech G29 Driving Force,90,,
13393,Logitech G923 Racing Wheel and Pedals,90,,
13394,Dyson Supersonic r HD17,84,,Ceramic Apricot/Topaz
13395,Dyson Supersonic Nural HD16,84,,Prussian Blue/Rich Copper
13396,Xiaomi Focus Pen Pro,65,,
13397,Plaud NotePin S,122,,
13398,Plaud NotePin S,122,,Black
13399,Plaud NotePin S,122,,Purple
13400,Plaud NotePin S,122,,Silver
13401,Xiaomi Pad 8 / 8 Pro Focus Keyboard,60,,
13402,Xiaomi Pad 8 / 8 Pro Keyboard,60,,
13403,Xiaomi Poco F8 Pro 5G,6,12/256Gb,
13404,Xiaomi Poco F8 Pro 5G,6,12/256Gb,Titanium Silver
13405,Xiaomi Poco F8 Pro 5G,6,12/256Gb,Blue
13406,Xiaomi Poco F8 Pro 5G,6,12/256Gb,Black
13407,Xiaomi Poco F8 Pro 5G,6,12/512Gb,
13408,Xiaomi Poco F8 Pro 5G,6,12/512Gb,Titanium Silver
13409,Xiaomi Poco F8 Pro 5G,6,12/512Gb,Blue
13410,Xiaomi Poco F8 Pro 5G,6,12/512Gb,Black
13411,Xiaomi Poco F8 Ultra 5G,6,12/256Gb,
13412,Xiaomi Poco F8 Ultra 5G,6,12/256Gb,Denim Blue
13413,Xiaomi Poco F8 Ultra 5G,6,12/256Gb,Black
13414,Xiaomi Poco F8 Ultra 5G,6,16/512Gb,
13415,Xiaomi Poco F8 Ultra 5G,6,16/512Gb,Denim Blue
13416,Xiaomi Poco F8 Ultra 5G,6,16/512Gb,Black
13417,DJI Mic Mini (2 TX + 1 RX),47,,
13418,DJI Osmo Mobile 8 с Камерой,47,,
13419,Amazfit T-Rex Ultra 2,23,,
13420,Insta360 X4 Air - Standart,106,,
13421,Геймпад для PS 5 - DualSense Wireless Controller,90,,Remix Green
13422,Геймпад для PS 5 - DualSense Wireless Controller,90,,Rhythm Blue
13423,Геймпад для PS 5 - DualSense Wireless Controller,90,,Techno Red
13424,Huawei Band 11,27,,
13425,Huawei Band 11,27,,Beige
13426,Huawei Band 11,27,,Green
13427,Huawei Band 11,27,,Purple
13428,Huawei Band 11,27,,White
13429,Huawei Band 11,27,,Black
13430,Huawei Band 11,27,,Purple (Polymer)
13431,Huawei Band 11,27,,Black (Polymer)
13432,Anker Soundcore AeroFit 2 AI,31,,
13433,Anker Soundcore AeroFit 2 AI,31,,Jet Black
13434,Anker Soundcore AeroFit 2 AI,31,,Sage Green
13435,Anker Soundcore AeroFit 2 AI,31,,White
13436,Anker Soundcore K20i,31,,
13437,Anker Soundcore K20i,31,,Black
13438,Anker Soundcore K20i,31,,Blue
13439,Anker Soundcore K20i,31,,White
13440,Anker Soundcore K20i,31,,Purple
13441,Anker Soundcore V30i,31,,
13442,Anker Soundcore V30i,31,,Black
13443,Anker Soundcore V20i,31,,
13444,Anker Soundcore V20i,31,,Black
13445,Anker Soundcore V20i,31,,Blue
13446,Anker Soundcore V20i,31,,White
13447,Anker Soundcore R50i,31,,
13448,Anker Soundcore R50i,31,,Black
13449,Anker Soundcore R50i,31,,Blue
13450,Anker Soundcore R50i,31,,White
13451,Anker Soundcore R50i,31,,Green
13452,Anker Soundcore R50i,31,,Pink
13453,Anker Soundcore AeroFit 2,31,,
13454,Anker Soundcore AeroFit 2,31,,White
13455,Anker Soundcore AeroFit 2,31,,Brown
13456,Anker Soundcore AeroFit 2,31,,Midnight Blue
13457,Anker Soundcore AeroFit 2,31,,Midnight
13458,Anker Soundcore AeroFit 2,31,,Minty Green
13459,Xiaomi Redmi Buds 8 Pro,14,,
13460,Xiaomi Redmi Buds 8 Pro,14,,Obsidian Black
13461,Xiaomi Redmi Buds 8 Pro,14,,Glacier Blue
13462,Xiaomi Redmi Buds 8 Pro,14,,Cloud White
13463,Xiaomi Redmi Buds 8 Active,14,,
13464,Xiaomi Redmi Buds 8 Active,14,,Black
13465,Xiaomi Redmi Buds 8 Active,14,,Blue
13466,Xiaomi Redmi Buds 8 Active,14,,White
13467,Xiaomi Redmi Buds 8 Lite,14,,
13468,Xiaomi Redmi Buds 8 Lite,14,,Black
13469,Xiaomi Redmi Buds 8 Lite,14,,Blue
13470,Xiaomi Redmi Buds 8 Lite,14,,White
13471,Google Pixel 9 Pro 5G,121,16/128Gb,
13472,Google Pixel 9 Pro 5G,121,16/128Gb,Porcelain
13473,Google Pixel 9 Pro 5G,121,16/128Gb,Rose Quartz
13474,Google Pixel 9 Pro 5G,121,16/128Gb,Hazel
13475,Google Pixel 9 Pro 5G,121,16/128Gb,Obsidian
13476,Google Pixel 9 Pro 5G,121,16/256Gb,
13477,Google Pixel 9 Pro 5G,121,16/256Gb,Porcelain
13478,Google Pixel 9 Pro 5G,121,16/256Gb,Rose Quartz
13479,Google Pixel 9 Pro 5G,121,16/256Gb,Hazel
13480,Google Pixel 9 Pro 5G,121,16/256Gb,Obsidian
13481,Google Pixel 9 Pro 5G,121,16/512Gb,
13482,Google Pixel 9 Pro 5G,121,16/512Gb,Porcelain
13483,Google Pixel 9 Pro 5G,121,16/512Gb,Rose Quartz
13484,Google Pixel 9 Pro 5G,121,16/512Gb,Hazel
13485,Google Pixel 9 Pro 5G,121,16/512Gb,Obsidian
13486,Google Pixel 9 Pro 5G,121,16/1Tb,
13487,Google Pixel 9 Pro 5G,121,16/1Tb,Porcelain
13488,Google Pixel 9 Pro 5G,121,16/1Tb,Rose Quartz
13489,Google Pixel 9 Pro 5G,121,16/1Tb,Hazel
13490,Google Pixel 9 Pro 5G,121,16/1Tb,Obsidian
13491,Google Pixel 10 Pro 5G,121,16/128Gb,
13492,Google Pixel 10 Pro 5G,121,16/128Gb,Moonstone
13493,Google Pixel 10 Pro 5G,121,16/128Gb,Jade
13494,Google Pixel 10 Pro 5G,121,16/128Gb,Porcelain
13495,Google Pixel 10 Pro 5G,121,16/128Gb,Obsidian
13496,Google Pixel 10 Pro 5G,121,16/256Gb,
13497,Google Pixel 10 Pro 5G,121,16/256Gb,Moonstone
13498,Google Pixel 10 Pro 5G,121,16/256Gb,Jade
13499,Google Pixel 10 Pro 5G,121,16/256Gb,Porcelain
13500,Google Pixel 10 Pro 5G,121,16/256Gb,Obsidian
13501,Google Pixel 10 Pro 5G,121,16/512Gb,
13502,Google Pixel 10 Pro 5G,121,16/512Gb,Moonstone
13503,Google Pixel 10 Pro 5G,121,16/512Gb,Jade
13504,Google Pixel 10 Pro 5G,121,16/512Gb,Porcelain
13505,Google Pixel 10 Pro 5G,121,16/512Gb,Obsidian
13506,Google Pixel 10 Pro 5G,121,16/1Tb,
13507,Google Pixel 10 Pro 5G,121,16/1Tb,Moonstone
13508,Google Pixel 10 Pro 5G,121,16/1Tb,Jade
13509,Google Pixel 10 Pro 5G,121,16/1Tb,Porcelain
13510,Google Pixel 10 Pro 5G,121,16/1Tb,Obsidian
13511,Samsung Galaxy F17 5G,2,4/128Gb,
13512,Samsung Galaxy F17 5G,2,4/128Gb,Black
13513,Samsung Galaxy F17 5G,2,4/128Gb,Violet
13514,Samsung Galaxy F17 5G,2,6/128Gb,
13515,Samsung Galaxy F17 5G,2,6/128Gb,Black
13516,Samsung Galaxy F17 5G,2,6/128Gb,Violet
13517,Samsung Galaxy F17 5G,2,8/128Gb,
13518,Samsung Galaxy F17 5G,2,8/128Gb,Black
13519,Samsung Galaxy F17 5G,2,8/128Gb,Violet
13520,Samsung Galaxy F07,2,4/64Gb,Green
13521,Samsung Galaxy M17e 5G,2,4/128Gb,
13522,Samsung Galaxy M17e 5G,2,4/128Gb,Blitz Blue
13523,Samsung Galaxy M17e 5G,2,4/128Gb,Vibe Violet
13524,Samsung Galaxy M17e 5G,2,6/128Gb,
13525,Samsung Galaxy M17e 5G,2,6/128Gb,Blitz Blue
13526,Samsung Galaxy M17e 5G,2,6/128Gb,Vibe Violet
13527,Samsung Galaxy F36 5G,2,6/128Gb,
13528,Samsung Galaxy F36 5G,2,6/128Gb,Luxe Violet
13529,Samsung Galaxy F36 5G,2,6/128Gb,Coral Red
13530,Samsung Galaxy F36 5G,2,6/128Gb,Onyx Black
13531,Samsung Galaxy F36 5G,2,8/128Gb,
13532,Samsung Galaxy F36 5G,2,8/128Gb,Luxe Violet
13533,Samsung Galaxy F36 5G,2,8/128Gb,Coral Red
13534,Samsung Galaxy F36 5G,2,8/128Gb,Onyx Black
13535,Samsung Galaxy F36 5G,2,8/256Gb,
13536,Samsung Galaxy F36 5G,2,8/256Gb,Luxe Violet
13537,Samsung Galaxy F36 5G,2,8/256Gb,Coral Red
13538,Samsung Galaxy F36 5G,2,8/256Gb,Onyx Black
13539,Samsung Galaxy F70e 5G,2,4/128Gb,
13540,Samsung Galaxy F70e 5G,2,4/128Gb,Green
13541,Samsung Galaxy F70e 5G,2,4/128Gb,Blue
13542,Samsung Galaxy F70e 5G,2,6/128Gb,
13543,Samsung Galaxy F70e 5G,2,6/128Gb,Green
13544,Samsung Galaxy F70e 5G,2,6/128Gb,Blue
13545,Xiaomi 17 Pro Max 5G (Global Rom),3,16/512Gb,
13546,Xiaomi 17 Pro Max 5G (Global Rom),3,16/512Gb,Black
13547,Xiaomi 17 Pro Max 5G (Global Rom),3,16/512Gb,White
13548,Xiaomi 17 Pro Max 5G (Global Rom),3,16/512Gb,Purple
13549,Xiaomi 17 Pro Max 5G (Global Rom),3,16/512Gb,Green
13550,Xiaomi 17 Pro Max 5G (Global Rom),3,16/1Tb,
13551,Xiaomi 17 Pro Max 5G (Global Rom),3,16/1Tb,Black
13552,Xiaomi 17 Pro Max 5G (Global Rom),3,16/1Tb,White
13553,Xiaomi 17 Pro Max 5G (Global Rom),3,16/1Tb,Purple
13554,Xiaomi 17 Pro Max 5G (Global Rom),3,16/1Tb,Green
13555,Infinix Smart 20,5,4/64Gb,
13556,Infinix Smart 20,5,4/64Gb,Shadow Black
13557,Infinix Smart 20,5,4/64Gb,Cloudline Blue
13558,Infinix Smart 20,5,4/64Gb,Polaris Titanium
13559,Infinix Smart 20,5,4/64Gb,Sunlike Orange
13560,Infinix Smart 20,5,4/128Gb,
13561,Infinix Smart 20,5,4/128Gb,Shadow Black
13562,Infinix Smart 20,5,4/128Gb,Cloudline Blue
13563,Infinix Smart 20,5,4/128Gb,Polaris Titanium
13564,Infinix Smart 20,5,4/128Gb,Sunlike Orange
13565,Infinix GT 50 Pro 5G,5,12/256Gb,
13566,Infinix GT 50 Pro 5G,5,12/256Gb,Black Abyss
13567,Infinix GT 50 Pro 5G,5,12/256Gb,Red Blaze
13568,Infinix GT 50 Pro 5G,5,12/256Gb,Silver Glacier
13569,Infinix GT 50 Pro 5G,5,12/512Gb,
13570,Infinix GT 50 Pro 5G,5,12/512Gb,Black Abyss
13571,Infinix GT 50 Pro 5G,5,12/512Gb,Red Blaze
13572,Infinix GT 50 Pro 5G,5,12/512Gb,Silver Glacier
13573,Infinix Hot 70,5,4/128Gb,
13574,Infinix Hot 70,5,4/128Gb,Thermo Orange
13575,Infinix Hot 70,5,4/128Gb,Silver Dancer
13576,Infinix Hot 70,5,4/128Gb,Quiet Viole
13577,Infinix Hot 70,5,4/128Gb,Night Pulse
13578,Infinix Hot 70,5,4/128Gb,Green Texture
13579,Infinix Hot 70,5,4/128Gb,Dive Blue
13580,Infinix Hot 70,5,6/128Gb,
13581,Infinix Hot 70,5,6/128Gb,Thermo Orange
13582,Infinix Hot 70,5,6/128Gb,Silver Dancer
13583,Infinix Hot 70,5,6/128Gb,Quiet Viole
13584,Infinix Hot 70,5,6/128Gb,Night Pulse
13585,Infinix Hot 70,5,6/128Gb,Green Texture
13586,Infinix Hot 70,5,6/128Gb,Dive Blue
13587,Infinix Note 60 Ultra 5G,5,12/256Gb,
13588,Infinix Note 60 Ultra 5G,5,12/256Gb,Torino Black
13589,Infinix Note 60 Ultra 5G,5,12/256Gb,Monza Red
13590,Infinix Note 60 Ultra 5G,5,12/256Gb,Roma Silver
13591,Infinix Note 60 Ultra 5G,5,12/256Gb,Amalfi Blue
13592,Infinix Note 60 Ultra 5G,5,12/512Gb,
13593,Infinix Note 60 Ultra 5G,5,12/512Gb,Torino Black
13594,Infinix Note 60 Ultra 5G,5,12/512Gb,Monza Red
13595,Infinix Note 60 Ultra 5G,5,12/512Gb,Roma Silver
13596,Infinix Note 60 Ultra 5G,5,12/512Gb,Amalfi Blue
13597,"Xiaomi Redmi Pad 2 9.7"" (Sim)",12,4/64Gb,
13598,"Xiaomi Redmi Pad 2 9.7"" (Sim)",12,4/64Gb,Graphite Gray
13599,"Xiaomi Redmi Pad 2 9.7"" (Sim)",12,4/64Gb,Silver
13600,"Xiaomi Redmi Pad 2 9.7"" (Sim)",12,4/128Gb,
13601,"Xiaomi Redmi Pad 2 9.7"" (Sim)",12,4/128Gb,Graphite Gray
13602,"Xiaomi Redmi Pad 2 9.7"" (Sim)",12,4/128Gb,Silver
13603,"Xiaomi Redmi Pad 2 9.7"" (Wifi)",12,4/64Gb,
13604,"Xiaomi Redmi Pad 2 9.7"" (Wifi)",12,4/64Gb,Graphite Gray
13605,"Xiaomi Redmi Pad 2 9.7"" (Wifi)",12,4/64Gb,Silver
13606,"Xiaomi Redmi Pad 2 9.7"" (Wifi)",12,4/128Gb,
13607,"Xiaomi Redmi Pad 2 9.7"" (Wifi)",12,4/128Gb,Graphite Gray
13608,"Xiaomi Redmi Pad 2 9.7"" (Wifi)",12,4/128Gb,Silver
13609,DJI Mic Mini 2 (2TX + 1 RX),47,,
13610,DJI Osmo Mobile 8P Standart,47,,
13611,Huawei Watch Fit 5,27,,
13612,Huawei Watch Fit 5,27,,Black
13613,Huawei Watch Fit 5,27,,Green
13614,Huawei Watch Fit 5,27,,White
13615,Huawei Watch Fit 5,27,,Silver
13616,Huawei Watch Fit 5,27,,Purple
13617,Huawei Watch Fit 5 Pro,27,,
13618,Huawei Watch Fit 5 Pro,27,,Black
13619,Huawei Watch Fit 5 Pro,27,,Orange
13620,Huawei Watch Fit 5 Pro,27,,White
13621,Xiaomi Smart Band 10 Pro,25,,
13622,Xiaomi Smart Band 10 Pro,25,,Black
13623,Xiaomi Smart Band 10 Pro,25,,Silver
13624,Xiaomi Smart Band 10 Pro,25,,Pink
13625,PlayStation 5 Slim Digital Edition 1Tb - 30th Anniversary Limited Edition,90,,
13626,Oakley Meta Vanguard,124,,
13627,Oakley Meta Vanguard,124,,White/Prizm Sapphire
13628,Oakley Meta Vanguard,124,,White/Prizm Rose Gold
13629,Oakley Meta Vanguard,124,,White/Prizm Black
13630,Oakley Meta Vanguard,124,,Prizm/Transitions Ember
13631,Oakley Meta Vanguard,124,,Black/Prizm Road
13632,Oakley Meta Vanguard,124,,Black/Prizm Black
13633,Oakley Meta Vanguard,124,,Black/Prizm 24K
13634,Oakley Meta HSTN,124,,
13635,Oakley Meta HSTN,124,,Black/Prizm Black Polarized
13636,Oakley Meta HSTN,124,,Black/Clear to Amethyst Transitions
13637,Oakley Meta HSTN,124,,Light Curry/Clear to Brown Transitions
13638,Oakley Meta HSTN,124,,Black/Prizm Dark Golf
13639,Oakley Meta HSTN,124,,Clear/Clear to Grey Transitions
13640,Oakley Meta HSTN,124,,Black/Clear
13641,Oakley Meta HSTN,124,,Warm Grey/Prizm Ruby
13642,Oakley Meta HSTN,124,,Brown Smoke/Prizm Deep Water Polarized
13643,Lexar SL500 Portable SSD Magnetic Set,125,1Tb,
13644,Lexar SL500 Portable SSD Magnetic Set,125,2Tb,
13645,Lexar SL500 Portable SSD Magnetic Set,125,4Tb,
13646,Hollyland Lark M2 Combo,123,,
13647,Hollyland Lark A1 Duo USB-C,123,,
13648,Hollyland Lark M2S Ultimate,123,,
13649,Xiaomi UltraThin Magnetic Power Bank 5000 15W,54,,
13650,Xiaomi UltraThin Magnetic Power Bank 5000 15W,54,,Black
13651,Xiaomi UltraThin Magnetic Power Bank 5000 15W,54,,Silver
13652,Xiaomi UltraThin Magnetic Power Bank 5000 15W,54,,Radiant Orange
13653,DJI Mic 3 (2 TX + 1 RX),47,,
13654,DJI Mic 3 (1 TX + 1 RX),47,,
13655,Apple AirPods Max 2,15,,
13656,Apple AirPods Max 2,15,,Blue
13657,Apple AirPods Max 2,15,,Midnight
13658,Apple AirPods Max 2,15,,Starlight
13659,Apple AirPods Max 2,15,,Orange
13660,Apple AirPods Max 2,15,,Purple
13661,Xiaomi Watch S5,25,,
13662,Xiaomi Watch S5,25,,Black
13663,Xiaomi Watch S5,25,,Silver
13664,Xiaomi Watch S5,25,,Midnight Blue
13665,Xiaomi Watch S5,25,,Esim
13666,Xiaomi Watch S5,25,,Forged Carbon
13667,Xiaomi Redmi Watch 6,25,,
13668,Xiaomi Redmi Watch 6,25,,Glacier Blue
13669,Xiaomi Redmi Watch 6,25,,Obsidian Black
13670,Xiaomi Redmi Watch 6,25,,Silver Gray
13671,Xiaomi Band 10 Pro,25,,
13672,Xiaomi Band 10 Pro,25,,Black
13673,Xiaomi Band 10 Pro,25,,Ceramic
13674,Xiaomi Band 10 Pro,25,,Cheese White
13675,Xiaomi Band 10 Pro,25,,Sakura Pink
13676,Xiaomi Band 10 Pro,25,,Silver
13677,Xiaomi Band 10 Pro,25,,Sunset Orange
13678,Apple AirTag 2nd Gen - 1 Pack,49,,
13679,Apple AirTag 2nd Gen - 4 Pack,49,,
13680,Honor X5d Plus,4,4/128Gb,
13681,Honor X5d Plus,4,4/128Gb,Tidal Blue
13682,Honor X5d Plus,4,4/128Gb,Meteor Silver
13683,Honor X5d Plus,4,4/128Gb,Midnight Black
13684,Honor 600 5G,4,8/256Gb,
13685,Honor 600 5G,4,8/256Gb,Golden White
13686,Honor 600 5G,4,8/256Gb,Black
13687,Honor 600 5G,4,8/256Gb,Orange
13688,Honor 600 5G,4,8/512Gb,
13689,Honor 600 5G,4,8/512Gb,Golden White
13690,Honor 600 5G,4,8/512Gb,Black
13691,Honor 600 5G,4,8/512Gb,Orange
13692,Honor 600 5G,4,12/256Gb,
13693,Honor 600 5G,4,12/256Gb,Golden White
13694,Honor 600 5G,4,12/256Gb,Black
13695,Honor 600 5G,4,12/256Gb,Orange
13696,Honor 600 5G,4,12/512Gb,
13697,Honor 600 5G,4,12/512Gb,Golden White
13698,Honor 600 5G,4,12/512Gb,Black
13699,Honor 600 5G,4,12/512Gb,Orange
13700,Honor 600 Pro 5G,4,12/256Gb,
13701,Honor 600 Pro 5G,4,12/256Gb,Golden White
13702,Honor 600 Pro 5G,4,12/256Gb,Black
13703,Honor 600 Pro 5G,4,12/256Gb,Orange
13704,Honor 600 Pro 5G,4,12/512Gb,
13705,Honor 600 Pro 5G,4,12/512Gb,Golden White
13706,Honor 600 Pro 5G,4,12/512Gb,Black
13707,Honor 600 Pro 5G,4,12/512Gb,Orange
13708,DJI Mic Mini 2 Full Box (2TX + 1 RX),47,,
13709,DJI Mic Mini 2 (1 TX + 1 Mobile RX),47,,
13710,DJI Mic Mini 2 Transmitter,47,,
13711,DJI Mic Mini 2 (1 TX + 1 RX),47,,
13712,Xiaomi 17T 5G,3,12/256Gb,
13713,Xiaomi 17T 5G,3,12/256Gb,Black
13714,Xiaomi 17T 5G,3,12/256Gb,Blue
13715,Xiaomi 17T 5G,3,12/256Gb,Purple
13716,Xiaomi 17T 5G,3,12/512Gb,
13717,Xiaomi 17T 5G,3,12/512Gb,Black
13718,Xiaomi 17T 5G,3,12/512Gb,Blue
13719,Xiaomi 17T 5G,3,12/512Gb,Purple
13720,Xiaomi 17T 5G,3,16/512Gb,
13721,Xiaomi 17T 5G,3,16/512Gb,Black
13722,Xiaomi 17T 5G,3,16/512Gb,Blue
13723,Xiaomi 17T 5G,3,16/512Gb,Purple
13724,Xiaomi 17T 5G,3,16/1Tb,
13725,Xiaomi 17T 5G,3,16/1Tb,Black
13726,Xiaomi 17T 5G,3,16/1Tb,Blue
13727,Xiaomi 17T 5G,3,16/1Tb,Purple
13728,Xiaomi 17T Pro 5G,3,12/512Gb,
13729,Xiaomi 17T Pro 5G,3,12/512Gb,Black
13730,Xiaomi 17T Pro 5G,3,12/512Gb,Deep Violet
13731,Xiaomi 17T Pro 5G,3,12/512Gb,Deep Blue
13732,Xiaomi 17T Pro 5G,3,16/512Gb,
13733,Xiaomi 17T Pro 5G,3,16/512Gb,Black
13734,Xiaomi 17T Pro 5G,3,16/512Gb,Deep Violet
13735,Xiaomi 17T Pro 5G,3,16/512Gb,Deep Blue
13736,Xiaomi 17T Pro 5G,3,16/1Tb,
13737,Xiaomi 17T Pro 5G,3,16/1Tb,Black
13738,Xiaomi 17T Pro 5G,3,16/1Tb,Deep Violet
13739,Xiaomi 17T Pro 5G,3,16/1Tb,Deep Blue
13740,Xiaomi 17T Pro 5G,3,12/1Tb,
13741,Xiaomi 17T Pro 5G,3,12/1Tb,Black
13742,Xiaomi 17T Pro 5G,3,12/1Tb,Deep Violet
13743,Xiaomi 17T Pro 5G,3,12/1Tb,Deep Blue
13744,Xiaomi 17T Pro 5G,3,12/256Gb,
13745,Xiaomi 17T Pro 5G,3,12/256Gb,Black
13746,Xiaomi 17T Pro 5G,3,12/256Gb,Deep Violet
13747,Xiaomi 17T Pro 5G,3,12/256Gb,Deep Blue
13748,DJI Osmo Mobile 8P Creator Combo,47,,
13749,DJI Osmo Pocket 4 - Creator Combo,47,,
13750,DJI Osmo Mobile 8P Device only,47,,
13751,DJI Osmo Pocket 4 - Standart,47,,
13752,Duoqin Qin F25,100,6/128Gb,Black
13753,Xiaomi Redmi Headphones Neo,14,,
13754,Xiaomi Redmi Headphones Neo,14,,Obsidian Black
13755,Xiaomi Redmi Headphones Neo,14,,Sandwhite
13756,JBL PartyBox Club 120,20,,
13757,JBL PartyBox Club 120,20,,Black
13758,JBL PartyBox Club 120,20,,White
13759,JBL PartyBox 130,20,,Black
13760,Яндекс умный Диммер для управления яркостью,35,,
13761,Портативный аккумулятор для Станции Мини 3 Про,35,,
13762,Умный выключатель Яндекс 1 клавиша,35,,
13763,"Умный карниз для штор Яндекс (2,5–4,5 м)",35,,
13764,"Умный карниз для штор Яндекс (1,8–3,0 м)",35,,
13765,Яндекс Беспроводная Кнопка,35,,
13766,Портативный аккумулятор для Станции Лайт 2,35,,
13767,Умный пульт Яндекс с датчиком температуры и влажности,35,,
13768,Умный выключатель Яндекс 2 клавиша,35,,
13769,Умная эмби-лампа Яндекс,35,,
13770,Xiaomi Vacuum Cleaner G30 Max,93,,
13771,Huawei MatePad 11.5 with Keyboard (Wi-Fi),29,8/256Gb,
13772,Huawei MatePad 11.5 with Keyboard (Wi-Fi),29,8/256Gb,Gray
13773,Huawei MatePad 11.5 with Keyboard (Wi-Fi),29,8/256Gb,Purple
13774,Insta360 GO 3s Retro Bundle,106,,
13775,Insta360 GO 3s Retro Bundle,106,,White
13776,Insta360 GO 3s Retro Bundle,106,,Red
13777,Xbox Series X - Carbon Black,126,,
13778,Xbox Series S Digital Edition,126,512Gb,
13779,Xbox Series S Digital Edition,126,1Tb,
13780,JBL Tune 730BT,19,,
13781,JBL Tune 730BT,19,,Black
13782,JBL Tune 730BT,19,,Blue
13783,JBL Tune 730BT,19,,White
13784,JBL Tune 730BT,19,,Purple
13785,JBL Tune 530BT,19,,
13786,JBL Tune 530BT,19,,Black
13787,JBL Tune 530BT,19,,Beige
13788,JBL Tune 530BT,19,,White
13789,JBL Tune 530BT,19,,Purple
13790,JBL Go 5,20,,
13791,JBL Go 5,20,,Black
13792,JBL Go 5,20,,Blue
13793,JBL Go 5,20,,White
13794,JBL Go 5,20,,Purple
13795,JBL Go 5,20,,Turqoise
13796,JBL Go 5,20,,Pink
13797,JBL Go 5,20,,Red
13798,JBL Go 5,20,,Squad
13799,JBL Pulse 5,20,,
13800,Harman Kardon Go + Play 3,20,,
13801,Harman Kardon Go + Play 3,20,,Black
13802,Harman Kardon Go + Play 3,20,,Gray
13803,Anker Soundcore Rave+,31,,
13804,Anker Soundcore R60i NC,31,,
13805,Anker Soundcore R60i NC,31,,Black
13806,Anker Soundcore R60i NC,31,,Blue
13807,Anker Soundcore R60i NC,31,,Pink
13808,Anker Soundcore R60i NC,31,,White
13809,Anker Soundcore Liberty Buds,31,,
13810,Anker Soundcore Liberty Buds,31,,Black
13811,Anker Soundcore Liberty Buds,31,,Blue
13812,Anker Soundcore Liberty Buds,31,,White
13813,Anker Soundcore Rave 3S 2 Mic - Black,31,,
13814,Google Fitbit Air,127,,
13815,Google Fitbit Air,127,,Berry
13816,Google Fitbit Air,127,,Fog
13817,Google Fitbit Air,127,,Lavender
13818,Google Fitbit Air,127,,Obsidian
13819,Google Fitbit Air,127,,Stephen Curry
13820,CMF Buds 2 Plus,79,,
13821,CMF Buds 2 Plus,79,,Blue
13822,CMF Buds 2 Plus,79,,Light Grey
13823,Xiaomi Poco C81 Pro,6,4/64Gb,
13824,Xiaomi Poco C81 Pro,6,4/64Gb,Black
13825,Xiaomi Poco C81 Pro,6,4/64Gb,Gold
13826,Xiaomi Poco C81 Pro,6,4/64Gb,Green
13827,Xiaomi Poco C81 Pro,6,4/128Gb,
13828,Xiaomi Poco C81 Pro,6,4/128Gb,Black
13829,Xiaomi Poco C81 Pro,6,4/128Gb,Gold
13830,Xiaomi Poco C81 Pro,6,4/128Gb,Green
13831,Xiaomi Poco C81 Pro,6,4/256Gb,
13832,Xiaomi Poco C81 Pro,6,4/256Gb,Black
13833,Xiaomi Poco C81 Pro,6,4/256Gb,Gold
13834,Xiaomi Poco C81 Pro,6,4/256Gb,Green
13835,Google Pixel 9a 5G,121,8/128Gb,
13836,Google Pixel 9a 5G,121,8/128Gb,Obsidian
13837,Google Pixel 9a 5G,121,8/128Gb,Porcelain
13838,Google Pixel 9a 5G,121,8/128Gb,Iris
13839,Google Pixel 9a 5G,121,8/128Gb,Peony
13840,Google Pixel 9a 5G,121,8/256Gb,
13841,Google Pixel 9a 5G,121,8/256Gb,Obsidian
13842,Google Pixel 9a 5G,121,8/256Gb,Porcelain
13843,Google Pixel 9a 5G,121,8/256Gb,Iris
13844,Google Pixel 9a 5G,121,8/256Gb,Peony
13845,JBL PartyBox 720,20,,
13846,JBL PartyBox 720,20,,Battery
13847,JBL PartyBox 720,20,,No Battery
13848,Xiaomi Poco Pad M1 (Wifi),12,8/256Gb,
13849,Xiaomi Poco Pad M1 (Wifi),12,8/256Gb,Gray
13850,Xiaomi Poco Pad M1 (Wifi),12,8/256Gb,Blue
13851,Геймпад для Xbox - Xbox Wireless Controller,126,,Black+Cable
13852,Геймпад для Xbox - Xbox Wireless Controller,126,,Carbon Black
13853,Геймпад для Xbox - Xbox Wireless Controller,126,,Deep Pink
13854,Геймпад для Xbox - Xbox Wireless Controller,126,,OPI
13855,Геймпад для Xbox - Xbox Wireless Controller,126,,Pulse Red
13856,Геймпад для Xbox - Xbox Wireless Controller,126,,Robot White
13857,Геймпад для Xbox - Xbox Wireless Controller,126,,Shock Blue
13858,Sony PlayStation VR2,90,,
13859,Геймпад для PS 5 - DualSense Wireless Controller,90,,The Last of Us Edition
13860,Геймпад для PS 5 - DualSense Wireless Controller,90,,God of War 20th Edition
13861,Геймпад для PS 5 - DualSense Wireless Controller,90,,Ghost of Yotei Limited Edition
13862,Геймпад для PS 5 - DualSense Wireless Controller,90,,Genshin Impact Edition
13863,Геймпад для PS 5 - DualSense Wireless Controller,90,,Fortnite Edition
13864,Геймпад для PS 5 - DualSense Wireless Controller,90,,Death Stranding
13865,Геймпад для PS 5 - DualSense Wireless Controller,90,,Astrobot Edition
13866,Геймпад для PS 5 - DualSense Wireless Controller,90,,30th Anniversary Limited Edition
13867,Xiaomi Smart Camera C500,44,,
13868,Xiaomi Smart Camera C701,44,,
13869,Xiaomi Smart Camera C201,44,,
13870,Huawei FreeBuds Pro 5,30,,
13871,Huawei FreeBuds Pro 5,30,,Gray
13872,Huawei FreeBuds Pro 5,30,,Sand
13873,Huawei FreeBuds Pro 5,30,,White
13874,Huawei FreeBuds Pro 5,30,,Leather Blue
13875,Samsung Galaxy F56 5G,2,8/128Gb,
13876,Samsung Galaxy F56 5G,2,8/128Gb,Green
13877,Samsung Galaxy F56 5G,2,8/128Gb,Violet
13878,Samsung Galaxy F56 5G,2,8/256Gb,
13879,Samsung Galaxy F56 5G,2,8/256Gb,Green
13880,Samsung Galaxy F56 5G,2,8/256Gb,Violet
13881,Instax Mini Film Single Pack 10 Sheets,109,,
13882,Fujifilm Instax mini Evo,109,,
13883,Fujifilm Instax mini Evo,109,,Black
13884,Fujifilm Instax mini Evo,109,,Brown
13885,Fujifilm Instax mini Evo,109,,Pink
13886,Kodak Charmera Camera 1987,109,,
13887,Shokz OpenRun Pro 2,128,,
13888,Shokz OpenRun Pro 2,128,,Black
13889,Shokz OpenRun Pro 2,128,,Blue
13890,Shokz OpenRun Pro 2,128,,Orange
13891,Shokz OpenRun Pro 2,128,,Silver
13892,Shokz OpenSwim Pro,128,,
13893,Shokz OpenSwim Pro,128,,Gray
13894,Shokz OpenSwim Pro,128,,Red
13895,Shokz OpenSwim Pro,128,,White
13896,Samsung Galaxy A27 5G,2,6/128Gb,
13897,Samsung Galaxy A27 5G,2,6/128Gb,Black
13898,Samsung Galaxy A27 5G,2,6/128Gb,Blue
13899,Samsung Galaxy A27 5G,2,6/128Gb,Light Green
13900,Samsung Galaxy A27 5G,2,6/128Gb,Light Pink
13901,Samsung Galaxy A27 5G,2,8/128Gb,
13902,Samsung Galaxy A27 5G,2,8/128Gb,Black
13903,Samsung Galaxy A27 5G,2,8/128Gb,Blue
13904,Samsung Galaxy A27 5G,2,8/128Gb,Light Green
13905,Samsung Galaxy A27 5G,2,8/128Gb,Light Pink
13906,Samsung Galaxy A27 5G,2,8/256Gb,
13907,Samsung Galaxy A27 5G,2,8/256Gb,Black
13908,Samsung Galaxy A27 5G,2,8/256Gb,Blue
13909,Samsung Galaxy A27 5G,2,8/256Gb,Light Green
13910,Samsung Galaxy A27 5G,2,8/256Gb,Light Pink
13911,JBL Xtreme 5,20,,
13912,JBL Xtreme 5,20,,Black
13913,JBL Xtreme 5,20,,Blue
13914,JBL Xtreme 5,20,,Camo
13915,Anker Soundcore Space 2,31,,
13916,Anker Soundcore Space 2,31,,Jet Black
13917,Anker Soundcore Space 2,31,,Linen White
13918,Anker Soundcore Space 2,31,,Seafoam Green
13919,Яндекс Дропс,21,,
13920,Яндекс Дропс,21,,Белый
13921,Яндекс Дропс,21,,Фиолетовый
13922,Яндекс Дропс,21,,Черный
13923,Tecno Camon 50 4G,71,8/128Gb,
13924,Tecno Camon 50 4G,71,8/128Gb,Moonlight black
13925,Tecno Camon 50 4G,71,8/128Gb,Malachite green
13926,Tecno Camon 50 4G,71,8/128Gb,Nebula titanium
13927,Tecno Camon 50 4G,71,8/128Gb,Fir green
13928,Tecno Camon 50 4G,71,8/128Gb,Lavender mist
13929,Tecno Camon 50 4G,71,8/128Gb,Mint cream
13930,Tecno Camon 50 4G,71,8/256Gb,
13931,Tecno Camon 50 4G,71,8/256Gb,Moonlight black
13932,Tecno Camon 50 4G,71,8/256Gb,Malachite green
13933,Tecno Camon 50 4G,71,8/256Gb,Nebula titanium
13934,Tecno Camon 50 4G,71,8/256Gb,Fir green
13935,Tecno Camon 50 4G,71,8/256Gb,Lavender mist
13936,Tecno Camon 50 4G,71,8/256Gb,Mint cream
13937,Tecno Camon 50 4G,71,12/256Gb,
13938,Tecno Camon 50 4G,71,12/256Gb,Moonlight black
13939,Tecno Camon 50 4G,71,12/256Gb,Malachite green
13940,Tecno Camon 50 4G,71,12/256Gb,Nebula titanium
13941,Tecno Camon 50 4G,71,12/256Gb,Fir green
13942,Tecno Camon 50 4G,71,12/256Gb,Lavender mist
13943,Tecno Camon 50 4G,71,12/256Gb,Mint cream
13944,Tecno Spark 40 Pro,71,8/128Gb,
13945,Tecno Spark 40 Pro,71,8/128Gb,Ink Black
13946,Tecno Spark 40 Pro,71,8/128Gb,Moon Titanium
13947,Tecno Spark 40 Pro,71,8/128Gb,Lake Blue
13948,Tecno Spark 40 Pro,71,8/128Gb,Bamboo Green
13949,Tecno Spark 40 Pro,71,8/256Gb,
13950,Tecno Spark 40 Pro,71,8/256Gb,Ink Black
13951,Tecno Spark 40 Pro,71,8/256Gb,Moon Titanium
13952,Tecno Spark 40 Pro,71,8/256Gb,Lake Blue
13953,Tecno Spark 40 Pro,71,8/256Gb,Bamboo Green
13954,Tecno Spark Go 3,71,4/64Gb,Titanium Grey
13955,Tecno Spark Go 3,71,4/64Gb,Ink Black
13956,Tecno Spark Go 3,71,4/64Gb,Galaxy Blue
13957,Tecno Spark Go 3,71,4/64Gb,Aurora Purple
13958,Tecno Spark Go 3,71,4/128Gb,Titanium Grey
13959,Tecno Spark Go 3,71,4/128Gb,Ink Black
13960,Tecno Spark Go 3,71,4/128Gb,Galaxy Blue
13961,Tecno Spark Go 3,71,4/128Gb,Aurora Purple
13962,Tecno Camon 50 Pro 4G,71,8/256Gb,
13963,Tecno Camon 50 Pro 4G,71,8/256Gb,Moonlight black
13964,Tecno Camon 50 Pro 4G,71,8/256Gb,Malachite green
13965,Tecno Camon 50 Pro 4G,71,8/256Gb,Nebula titanium
13966,Tecno Camon 50 Pro 4G,71,8/256Gb,Fir green
13967,Tecno Camon 50 Pro 4G,71,8/256Gb,Lavender mist
13968,Tecno Camon 50 Pro 4G,71,8/256Gb,Ethereal blue
13969,Tecno Camon 50 Ultra 5G,71,8/256Gb,
13970,Tecno Camon 50 Ultra 5G,71,8/256Gb,Moonshadow Black
13971,Tecno Camon 50 Ultra 5G,71,8/256Gb,Cypress Green
13972,Tecno Camon 50 Ultra 5G,71,8/256Gb,Nebula Titanium
13973,Tecno Camon 50 Ultra 5G,71,8/256Gb,Luminous Orange
13974,Tecno Camon 50 Ultra 5G,71,8/256Gb,Misty Purple
13975,Tecno Camon 50 Ultra 5G,71,12/256Gb,
13976,Tecno Camon 50 Ultra 5G,71,12/256Gb,Moonshadow Black
13977,Tecno Camon 50 Ultra 5G,71,12/256Gb,Cypress Green
13978,Tecno Camon 50 Ultra 5G,71,12/256Gb,Nebula Titanium
13979,Tecno Camon 50 Ultra 5G,71,12/256Gb,Luminous Orange
13980,Tecno Camon 50 Ultra 5G,71,12/256Gb,Misty Purple
13981,Tecno Camon 50 Ultra 5G,71,8/512Gb,
13982,Tecno Camon 50 Ultra 5G,71,8/512Gb,Moonshadow Black
13983,Tecno Camon 50 Ultra 5G,71,8/512Gb,Cypress Green
13984,Tecno Camon 50 Ultra 5G,71,8/512Gb,Nebula Titanium
13985,Tecno Camon 50 Ultra 5G,71,8/512Gb,Luminous Orange
13986,Tecno Camon 50 Ultra 5G,71,8/512Gb,Misty Purple
13987,Tecno Camon 50 Ultra 5G,71,12/512Gb,
13988,Tecno Camon 50 Ultra 5G,71,12/512Gb,Moonshadow Black
13989,Tecno Camon 50 Ultra 5G,71,12/512Gb,Cypress Green
13990,Tecno Camon 50 Ultra 5G,71,12/512Gb,Nebula Titanium
13991,Tecno Camon 50 Ultra 5G,71,12/512Gb,Luminous Orange
13992,Tecno Camon 50 Ultra 5G,71,12/512Gb,Misty Purple
13993,Tecno Spark 50,71,4/128Gb,
13994,Tecno Spark 50,71,4/128Gb,Halo Blue
13995,Tecno Spark 50,71,4/128Gb,Neo Titanium
13996,Tecno Spark 50,71,4/128Gb,Ink Black
13997,Tecno Spark 50,71,4/128Gb,Aurora Purple
13998,Tecno Spark 50,71,4/128Gb,Bloom Pink
13999,Tecno Spark 50,71,6/128Gb,
14000,Tecno Spark 50,71,6/128Gb,Halo Blue
14001,Tecno Spark 50,71,6/128Gb,Neo Titanium
14002,Tecno Spark 50,71,6/128Gb,Ink Black
14003,Tecno Spark 50,71,6/128Gb,Aurora Purple
14004,Tecno Spark 50,71,6/128Gb,Bloom Pink
14005,Tecno Spark 50,71,8/128Gb,
14006,Tecno Spark 50,71,8/128Gb,Halo Blue
14007,Tecno Spark 50,71,8/128Gb,Neo Titanium
14008,Tecno Spark 50,71,8/128Gb,Ink Black
14009,Tecno Spark 50,71,8/128Gb,Aurora Purple
14010,Tecno Spark 50,71,8/128Gb,Bloom Pink
14011,Tecno Spark 50,71,8/256Gb,
14012,Tecno Spark 50,71,8/256Gb,Halo Blue
14013,Tecno Spark 50,71,8/256Gb,Neo Titanium
14014,Tecno Spark 50,71,8/256Gb,Ink Black
14015,Tecno Spark 50,71,8/256Gb,Aurora Purple
14016,Tecno Spark 50,71,8/256Gb,Bloom Pink
14017,Tecno Spark Slim,71,8/256Gb,
14018,Tecno Spark Slim,71,8/256Gb,Slim White
14019,Tecno Spark Slim,71,8/256Gb,Cool Black
14020,Tecno Spark 40 Pro Plus,71,8/128Gb,
14021,Tecno Spark 40 Pro Plus,71,8/128Gb,Nebula Black
14022,Tecno Spark 40 Pro Plus,71,8/128Gb,Aurora White
14023,Tecno Spark 40 Pro Plus,71,8/128Gb,Moon Titanium
14024,Tecno Spark 40 Pro Plus,71,8/128Gb,Tundra Green
14025,Tecno Spark 40 Pro Plus,71,8/256Gb,
14026,Tecno Spark 40 Pro Plus,71,8/256Gb,Nebula Black
14027,Tecno Spark 40 Pro Plus,71,8/256Gb,Aurora White
14028,Tecno Spark 40 Pro Plus,71,8/256Gb,Moon Titanium
14029,Tecno Spark 40 Pro Plus,71,8/256Gb,Tundra Green
14030,Insta360 X5 Starter Bundle,106,,
14031,Sony WF-C710N,17,,
14032,Sony WF-C710N,17,,Black
14033,Sony WF-C710N,17,,Pink
14034,Sony WF-C710N,17,,White
14035,Sony WF-C710N,17,,Glass Blue
14036,Samsung Adapter 60W (USB-C),37,,
14037,Ares Q4 Magnetic External SSD,129,1Tb,
14038,Ares Q4 Magnetic External SSD,129,2Tb,
14039,Ares Q4 Magnetic External SSD,129,4Tb,
14040,Belkin UltraCharge Pro 3-in-1 Magnetic Qi2 25W Charging Dock,91,,
14041,DJI Osmo Action 6 Adventure Combo,47,,
14042,Xiaomi Poco X8 Pro 5G,6,8/512Gb,Yellow
14043,Xiaomi Poco X8 Pro 5G,6,8/256Gb,Yellow
14044,Xiaomi Poco X8 Pro 5G,6,12/512Gb,Yellow
14045,Xiaomi Poco X8 Pro Max 5G,6,12/256Gb,Orange
14046,Xiaomi Poco X8 Pro Max 5G,6,12/512Gb,Orange
14047,Google Pixel 7 5G,121,8/128Gb,
14048,Google Pixel 7 5G,121,8/128Gb,Obsidian
14049,Google Pixel 7 5G,121,8/128Gb,Lemongrass
14050,Google Pixel 7 5G,121,8/128Gb,Snow
14051,Google Pixel 7 5G,121,8/256Gb,
14052,Google Pixel 7 5G,121,8/256Gb,Obsidian
14053,Google Pixel 7 5G,121,8/256Gb,Lemongrass
14054,Google Pixel 7 5G,121,8/256Gb,Snow
14055,Google Pixel 8 5G,121,8/128Gb,
14056,Google Pixel 8 5G,121,8/128Gb,Obsidian
14057,Google Pixel 8 5G,121,8/128Gb,Hazel
14058,Google Pixel 8 5G,121,8/128Gb,Rose
14059,Google Pixel 8 5G,121,8/128Gb,Mint
14060,Google Pixel 8 5G,121,8/256Gb,
14061,Google Pixel 8 5G,121,8/256Gb,Obsidian
14062,Google Pixel 8 5G,121,8/256Gb,Hazel
14063,Google Pixel 8 5G,121,8/256Gb,Rose
14064,Google Pixel 8 5G,121,8/256Gb,Mint
14065,Google Pixel 7 Pro 5G,121,12/128Gb,
14066,Google Pixel 7 Pro 5G,121,12/128Gb,Obsidian
14067,Google Pixel 7 Pro 5G,121,12/128Gb,Snow
14068,Google Pixel 7 Pro 5G,121,12/128Gb,Hazel
14069,Google Pixel 7 Pro 5G,121,12/256Gb,
14070,Google Pixel 7 Pro 5G,121,12/256Gb,Obsidian
14071,Google Pixel 7 Pro 5G,121,12/256Gb,Snow
14072,Google Pixel 7 Pro 5G,121,12/256Gb,Hazel
14073,Google Pixel 10a 5G,121,8/128Gb,
14074,Google Pixel 10a 5G,121,8/128Gb,Obsidian
14075,Google Pixel 10a 5G,121,8/128Gb,Fog
14076,Google Pixel 10a 5G,121,8/128Gb,Berry
14077,Google Pixel 10a 5G,121,8/128Gb,Lavender
14078,Google Pixel 10a 5G,121,8/256Gb,
14079,Google Pixel 10a 5G,121,8/256Gb,Obsidian
14080,Google Pixel 10a 5G,121,8/256Gb,Fog
14081,Google Pixel 10a 5G,121,8/256Gb,Berry
14082,Google Pixel 10a 5G,121,8/256Gb,Lavender
14083,Apple Adapter 40W Dynamic Power Adapter with 60W Max,38,,
14084,Xiaomi Mi TV Stick HD (2nd Gen),66,,
14085,Xiaomi Mi TV Stick 4K (2nd gen),66,,
14086,Shokz OpenMeet,128,,
14087,Shokz OpenFit 2 Plus,128,,
14088,Shokz OpenFit 2 Plus,128,,Black
14089,Shokz OpenFit 2 Plus,128,,Grey
14090,Shokz OpenFit 2 Plus,128,,HYROX Edition
14091,Porodo Tinzo Kids 4G,34,,
14092,Porodo Tinzo Kids 4G,34,,Blue
14093,Porodo Tinzo Kids 4G,34,,Pink
14094,Apple iPhone 17 (Sim + eSim),1,256Gb,Black
14095,Apple iPhone 17 (Sim + eSim),1,256Gb,White
14096,Apple iPhone 17 (Sim + eSim),1,256Gb,Mist Blue
14097,Apple iPhone 17 (Sim + eSim),1,256Gb,Sage
14098,Apple iPhone 17 (Sim + eSim),1,256Gb,Lavender
14099,Apple iPhone 17 (Sim + eSim),1,512Gb,Black
14100,Apple iPhone 17 (Sim + eSim),1,512Gb,White
14101,Apple iPhone 17 (Sim + eSim),1,512Gb,Mist Blue
14102,Apple iPhone 17 (Sim + eSim),1,512Gb,Sage
14103,Apple iPhone 17 (Sim + eSim),1,512Gb,Lavender
14104,Apple iPhone 17 Pro Max (Sim + eSim),1,256Gb,Silver
14105,Apple iPhone 17 Pro Max (Sim + eSim),1,256Gb,Cosmic Orange
14106,Apple iPhone 17 Pro Max (Sim + eSim),1,256Gb,Deep Blue
14107,Apple iPhone 17 Pro Max (Sim + eSim),1,512Gb,Silver
14108,Apple iPhone 17 Pro Max (Sim + eSim),1,512Gb,Cosmic Orange
14109,Apple iPhone 17 Pro Max (Sim + eSim),1,512Gb,Deep Blue
14110,Apple iPhone 17 Pro Max (Sim + eSim),1,1Tb,Silver
14111,Apple iPhone 17 Pro Max (Sim + eSim),1,1Tb,Cosmic Orange
14112,Apple iPhone 17 Pro Max (Sim + eSim),1,1Tb,Deep Blue
14113,Apple iPhone Air (eSim + eSim),1,256Gb,Space Black
14114,Apple iPhone Air (eSim + eSim),1,256Gb,Cloud White
14115,Apple iPhone Air (eSim + eSim),1,256Gb,Light Gold
14116,Apple iPhone Air (eSim + eSim),1,256Gb,Sky Blue
14117,Apple iPhone Air (eSim + eSim),1,512Gb,Space Black
14118,Apple iPhone Air (eSim + eSim),1,512Gb,Cloud White
14119,Apple iPhone Air (eSim + eSim),1,512Gb,Light Gold
14120,Apple iPhone Air (eSim + eSim),1,512Gb,Sky Blue
14121,Apple iPhone Air (eSim + eSim),1,1Tb,Space Black
14122,Apple iPhone Air (eSim + eSim),1,1Tb,Cloud White
14123,Apple iPhone Air (eSim + eSim),1,1Tb,Light Gold
14124,Apple iPhone Air (eSim + eSim),1,1Tb,Sky Blue
14125,Apple iPhone 17 Pro (Sim + eSim),1,256Gb,Silver
14126,Apple iPhone 17 Pro (Sim + eSim),1,256Gb,Cosmic Orange
14127,Apple iPhone 17 Pro (Sim + eSim),1,256Gb,Deep Blue
14128,Apple iPhone 17 Pro (Sim + eSim),1,512Gb,Silver
14129,Apple iPhone 17 Pro (Sim + eSim),1,512Gb,Cosmic Orange
14130,Apple iPhone 17 Pro (Sim + eSim),1,512Gb,Deep Blue
14131,Apple iPhone 17 Pro (Sim + eSim),1,1Tb,Silver
14132,Apple iPhone 17 Pro (Sim + eSim),1,1Tb,Cosmic Orange
14133,Apple iPhone 17 Pro (Sim + eSim),1,1Tb,Deep Blue
14134,Apple iPhone 17 Pro Max (Sim + eSim),1,2Tb,Silver
14135,Apple iPhone 17 Pro Max (Sim + eSim),1,2Tb,Cosmic Orange
14136,Apple iPhone 17 Pro Max (Sim + eSim),1,2Tb,Deep Blue
14137,Apple iPhone 17 (eSim + eSim),1,256Gb,Black
14138,Apple iPhone 17 (eSim + eSim),1,256Gb,White
14139,Apple iPhone 17 (eSim + eSim),1,256Gb,Mist Blue
14140,Apple iPhone 17 (eSim + eSim),1,256Gb,Sage
14141,Apple iPhone 17 (eSim + eSim),1,256Gb,Lavender
14142,Apple iPhone 17 (eSim + eSim),1,512Gb,Black
14143,Apple iPhone 17 (eSim + eSim),1,512Gb,White
14144,Apple iPhone 17 (eSim + eSim),1,512Gb,Mist Blue
14145,Apple iPhone 17 (eSim + eSim),1,512Gb,Sage
14146,Apple iPhone 17 (eSim + eSim),1,512Gb,Lavender
14147,Apple iPhone 17 Pro Max (eSim + eSim),1,256Gb,Silver
14148,Apple iPhone 17 Pro Max (eSim + eSim),1,256Gb,Cosmic Orange
14149,Apple iPhone 17 Pro Max (eSim + eSim),1,256Gb,Deep Blue
14150,Apple iPhone 17 Pro Max (eSim + eSim),1,512Gb,Silver
14151,Apple iPhone 17 Pro Max (eSim + eSim),1,512Gb,Cosmic Orange
14152,Apple iPhone 17 Pro Max (eSim + eSim),1,512Gb,Deep Blue
14153,Apple iPhone 17 Pro Max (eSim + eSim),1,1Tb,Silver
14154,Apple iPhone 17 Pro Max (eSim + eSim),1,1Tb,Cosmic Orange
14155,Apple iPhone 17 Pro Max (eSim + eSim),1,1Tb,Deep Blue
14156,Apple iPhone 17 Pro Max (eSim + eSim),1,2Tb,Silver
14157,Apple iPhone 17 Pro Max (eSim + eSim),1,2Tb,Cosmic Orange
14158,Apple iPhone 17 Pro Max (eSim + eSim),1,2Tb,Deep Blue
14159,Apple iPhone 17 Pro (eSim + eSim),1,256Gb,Silver
14160,Apple iPhone 17 Pro (eSim + eSim),1,256Gb,Cosmic Orange
14161,Apple iPhone 17 Pro (eSim + eSim),1,256Gb,Deep Blue
14162,Apple iPhone 17 Pro (eSim + eSim),1,512Gb,Silver
14163,Apple iPhone 17 Pro (eSim + eSim),1,512Gb,Cosmic Orange
14164,Apple iPhone 17 Pro (eSim + eSim),1,512Gb,Deep Blue
14165,Apple iPhone 17 Pro (eSim + eSim),1,1Tb,Silver
14166,Apple iPhone 17 Pro (eSim + eSim),1,1Tb,Cosmic Orange
14167,Apple iPhone 17 Pro (eSim + eSim),1,1Tb,Deep Blue
14168,Apple iPhone 17 (Sim + eSim),1,256Gb,
14170,Apple iPhone 17 (Sim + eSim),1,512Gb,
14176,Apple iPhone 17 Pro Max (Sim + eSim),1,1Tb,
14178,Apple iPhone Air (eSim + eSim),1,256Gb,
14180,Apple iPhone Air (eSim + eSim),1,512Gb,
14182,Apple iPhone Air (eSim + eSim),1,1Tb,
14190,Apple iPhone 17 Pro Max (Sim + eSim),1,2Tb,
14192,Apple iPhone 17 (eSim + eSim),1,256Gb,
14194,Apple iPhone 17 (eSim + eSim),1,512Gb,
14196,Apple iPhone 17 Pro Max (eSim + eSim),1,256Gb,
14198,Apple iPhone 17 Pro Max (eSim + eSim),1,512Gb,
14200,Apple iPhone 17 Pro Max (eSim + eSim),1,1Tb,
14202,Apple iPhone 17 Pro Max (eSim + eSim),1,2Tb,
14204,Apple iPhone 17 Pro (eSim + eSim),1,256Gb,
14206,Apple iPhone 17 Pro (eSim + eSim),1,512Gb,
14208,Apple iPhone 17 Pro (eSim + eSim),1,1Tb,
14210,Apple iPhone 17 Pro (Sim + eSim),1,256Gb,
14211,Apple iPhone 17 Pro (Sim + eSim),1,512Gb,
14212,Apple iPhone 17 Pro (Sim + eSim),1,1Tb,
14213,Apple iPhone 17 Pro Max (Sim + eSim),1,256Gb,
14214,Apple iPhone 17 Pro Max (Sim + eSim),1,512Gb,
14215,Xiaomi Smart Camera C100,44,,
14216,Xiaomi Smart Camera C500 Dual,44,,
14217,Xiaomi Smart Camera C302,44,,
14218,Insta360 X5 Essentials Bundle,106,,
14219,Instax Mini 13,109,,
14220,Instax Mini 13,109,,Candy Pink
14221,Instax Mini 13,109,,Clay White
14222,Instax Mini 13,109,,Dreamy Purple
14223,Instax Mini 13,109,,Frost Blue
14224,Instax Mini 13,109,,Lagoon Green
14225,JBL Live 680NC,19,,
14226,JBL Live 680NC,19,,Black
14227,JBL Live 680NC,19,,Blue
14228,JBL Live 680NC,19,,Green
14229,JBL Live 680NC,19,,Sand
14230,JBL Live 680NC,19,,White
14231,JBL Live 780NC,19,,
14232,JBL Live 780NC,19,,Black
14233,JBL Live 780NC,19,,Blue
14234,JBL Live 780NC,19,,Green
14235,JBL Live 780NC,19,,Sand
14236,JBL Live 780NC,19,,White
14237,Marshall Monitor 3 - Black,18,,
14238,JBL Grip,20,,
14239,JBL Grip,20,,Black
14240,JBL Grip,20,,Blue
14241,JBL Grip,20,,Pink
14242,JBL Grip,20,,Purple
14243,JBL Grip,20,,Red
14244,JBL Grip,20,,Squad
14245,JBL Grip,20,,White
14246,Ray Ban Meta Blayzer Optics Gen 2,120,,
14247,Ray Ban Meta Blayzer Optics Gen 2,120,,Shiny Transparent Black
14248,Ray Ban Meta Blayzer Optics Gen 2,120,,Shiny Transpaent Dark Olive
14249,Ray Ban Meta Blayzer Optics Gen 2,120,,Matt Transparent Ice Grey
14250,Ray Ban Meta Blayzer Optics Gen 2,120,,Matt Black
14251,Ray Ban Meta Blayzer Optics Gen 2,120,,Havana
14252,Ray Ban Meta Starfire Kylie Edition,120,,
14253,Ray Ban Meta Starfire Kylie Edition,120,,Dark Tortoise/Chocolate
14254,Ray Ban Meta Starfire Kylie Edition,120,,Classic Black/Clear to Grey Transitions
14255,Ray Ban Meta Starfire Kylie Edition,120,,Classic Black/Black
