version_id,product_id,warranty_period
1,1,1
2,2,1
3,3,1
4,4,1
5,5,1
6,6,1
7,7,1
8,8,1
9,9,1
10,10,1
11,11,1
12,12,1
13,13,1
14,14,1
15,15,1
16,16,1
17,17,1
18,18,1
19,19,1
20,20,1
21,21,1
22,22,1
23,23,1
24,24,1
25,25,1
26,26,1
27,27,1
28,28,1
29,29,1
30,30,1
31,31,1
32,32,1
33,33,1
34,34,1
35,35,1
36,36,1
37,37,1
38,38,1
39,39,1
40,40,1
41,41,1
42,42,1
43,43,1
44,44,1
45,45,1
46,46,1
47,47,1
48,48,1
49,49,1
50,50,1
51,51,1
52,52,1
53,53,1
54,54,1
55,55,1
56,56,1
57,57,1
58,58,1
59,59,1
60,60,1
61,61,1
62,62,1
63,63,1
64,64,1
65,65,1
66,66,1
67,67,1
68,68,1
69,69,1
70,70,1
71,71,1
72,72,1
73,73,1
74,74,1
75,75,1
76,76,1
77,77,1
78,78,1
79,79,1
80,80,1
81,81,1
82,82,1
83,83,1
84,84,1
85,85,1
86,86,1
87,87,1
88,88,1
89,89,1
90,90,1
91,91,1
92,92,1
93,93,1
94,94,1
95,95,1
96,96,1
97,97,1
98,98,1
99,99,1
100,100,1
101,101,1
102,102,1
103,103,1
104,104,1
105,105,1
106,106,1
107,107,1
108,108,1
109,109,1
110,110,1
111,111,1
112,112,1
113,113,1
114,114,1
115,115,1
116,116,1
117,117,1
118,118,1
119,119,1
120,120,1
121,121,1
122,122,1
123,123,1
124,124,1
125,125,1
126,126,1
127,127,1
128,128,1
129,129,1
130,130,1
131,131,1
132,132,1
133,133,1
134,134,1
135,135,1
136,136,1
137,137,1
138,138,1
139,139,1
140,140,1
141,141,1
142,142,1
143,143,1
144,144,1
145,145,1
146,146,1
147,147,1
148,148,1
149,149,1
150,150,1
151,151,1
152,152,1
153,153,1
154,154,1
155,155,1
156,156,1
157,157,1
158,158,1
159,159,1
160,160,1
161,161,1
162,162,1
163,163,1
164,164,1
165,165,1
166,166,1
167,167,1
168,168,1
169,169,1
170,170,1
171,171,1
172,172,1
173,173,1
174,174,1
175,175,1
176,176,1
177,177,1
178,178,1
179,179,1
180,180,1
181,181,1
182,182,1
183,183,1
184,184,1
185,185,1
186,186,1
187,187,1
188,188,1
189,189,1
190,190,1
191,191,1
192,192,1
193,193,1
194,194,1
195,195,1
196,196,1
197,197,1
198,198,1
199,199,1
200,200,1
201,201,1
202,202,1
203,203,1
204,204,1
205,205,1
206,206,1
207,207,1
208,208,1
209,209,1
210,210,1
211,211,1
212,212,1
213,213,1
214,214,1
215,215,1
216,216,1
217,217,1
218,218,1
219,219,1
220,220,1
221,221,1
222,222,1
223,223,1
224,224,1
225,225,1
226,226,1
227,227,1
228,228,1
229,229,1
230,230,1
231,231,1
232,232,1
233,233,1
234,234,1
235,235,1
236,236,1
237,237,1
238,238,1
239,239,1
240,240,1
241,241,1
242,242,1
243,243,1
244,244,1
245,245,1
246,246,1
247,247,1
248,248,1
249,249,1
250,250,1
251,251,1
252,252,1
253,253,1
254,254,1
255,255,1
256,256,1
257,257,1
258,258,1
259,259,1
260,260,1
261,261,1
262,262,1
263,263,1
264,264,1
265,265,1
266,266,1
267,267,1
268,268,1
269,269,1
270,270,1
271,271,1
272,272,1
273,273,1
274,274,1
275,275,1
276,276,1
277,277,1
278,278,1
279,279,1
280,280,1
281,281,1
282,282,1
283,283,1
284,284,1
285,285,1
286,286,1
287,287,1
288,288,1
289,289,1
290,290,1
291,291,1
292,292,1
293,293,1
294,294,1
295,295,1
296,296,1
297,297,1
298,298,1
299,299,1
300,300,1
301,301,1
302,302,1
303,303,1
304,304,1
305,305,1
306,306,1
307,307,1
308,308,1
309,309,1
310,310,1
311,311,1
312,312,1
313,313,1
314,314,1
315,315,1
316,316,1
317,317,1
318,318,1
319,319,1
320,320,1
321,321,1
322,322,1
323,323,1
324,324,1
325,325,1
326,326,1
327,327,1
328,328,1
329,329,1
330,330,1
331,331,1
332,332,1
333,333,1
334,334,1
335,335,1
336,336,1
337,337,1
338,338,1
339,339,1
340,340,1
341,341,1
342,342,1
343,343,1
344,344,1
345,345,1
346,346,1
347,347,1
348,348,1
349,349,1
350,350,1
351,351,1
352,352,1
353,353,1
354,354,1
355,355,1
356,356,1
357,357,1
358,358,1
359,359,1
360,360,1
361,361,1
362,362,1
363,363,1
364,364,1
365,365,1
366,366,1
367,367,1
368,368,1
369,369,1
370,370,1
371,371,1
372,372,1
373,373,1
374,374,1
375,375,1
376,376,1
377,377,1
378,378,1
379,379,1
380,380,1
381,381,1
382,382,1
383,383,1
384,384,1
385,385,1
386,386,1
387,387,1
388,388,1
389,389,1
390,390,1
391,391,1
392,392,1
393,393,1
394,394,1
395,395,1
396,396,1
397,397,1
398,398,1
399,399,1
400,400,1
401,401,1
402,402,1
403,403,1
404,404,1
405,405,1
406,406,1
407,407,1
408,408,1
409,409,1
410,410,1
411,411,1
412,412,1
413,413,1
414,414,1
415,415,1
416,416,1
417,417,1
418,418,1
419,419,1
420,420,1
421,421,1
422,422,1
423,423,1
424,424,1
425,425,1
426,426,1
427,427,1
428,428,1
429,429,1
430,430,1
431,431,1
432,432,1
433,433,1
434,434,1
435,435,1
436,436,1
437,437,1
438,438,1
439,439,1
440,440,1
441,441,1
442,442,1
443,443,1
444,444,1
445,445,1
446,446,1
447,447,1
448,448,1
449,449,1
450,450,1
451,451,1
452,452,1
453,453,1
454,454,1
455,455,1
456,456,1
457,457,1
458,458,1
459,459,1
460,460,1
461,461,1
462,462,1
463,463,1
464,464,1
465,465,1
466,466,1
467,467,1
468,468,1
469,469,1
470,470,1
471,471,1
472,472,1
473,473,1
474,474,1
475,475,1
476,476,1
477,477,1
478,478,1
479,479,1
480,480,1
481,481,1
482,482,1
483,483,1
484,484,1
485,485,1
486,486,1
487,487,1
488,488,1
489,489,1
490,490,1
491,491,1
492,492,1
493,493,1
494,494,1
495,495,1
496,496,1
497,497,1
498,498,1
499,499,1
500,500,1
501,501,1
502,502,1
503,503,1
504,504,1
505,505,1
506,506,1
507,507,1
508,508,1
509,509,1
510,510,1
511,511,1
512,512,1
513,513,1
514,514,1
515,515,1
516,516,1
517,517,1
518,518,1
519,519,1
520,520,1
521,521,1
522,522,1
523,523,1
524,524,1
525,525,1
526,526,1
527,527,1
528,528,1
529,529,1
530,530,1
531,531,1
532,532,1
533,533,1
534,534,1
535,535,1
536,536,1
537,537,1
538,538,1
539,539,1
540,540,1
541,541,1
542,542,1
543,543,1
544,544,1
545,545,1
546,546,1
547,547,1
548,548,1
549,549,1
550,550,1
551,551,1
552,552,1
553,553,1
554,554,1
555,555,1
556,556,1
557,557,1
558,558,1
559,559,1
560,560,1
561,561,1
562,562,1
563,563,1
564,564,1
565,565,1
566,566,1
567,567,1
568,568,1
569,569,1
570,570,1
571,571,1
572,572,1
573,573,1
574,574,1
575,575,1
576,576,1
577,577,1
578,578,1
579,579,1
580,580,1
581,581,1
582,582,1
583,583,1
584,584,1
585,585,1
586,586,1
587,587,1
588,588,1
589,589,1
590,590,1
591,591,1
592,592,1
593,593,1
594,594,1
595,595,1
596,596,1
597,597,1
598,598,1
599,599,1
600,600,1
601,601,1
602,602,1
603,603,1
604,604,1
605,605,1
606,606,1
607,607,1
608,608,1
609,609,1
610,610,1
611,611,1
612,612,1
613,613,1
614,614,1
615,615,1
616,616,1
617,617,1
618,618,1
619,619,1
620,620,1
621,621,1
622,622,1
623,623,1
624,624,1
625,625,1
626,626,1
627,627,1
628,628,1
629,629,1
630,630,1
631,631,1
632,632,1
633,633,1
634,634,1
635,635,1
636,636,1
637,637,1
638,638,1
639,639,1
640,640,1
641,641,1
642,642,1
643,643,1
644,644,1
645,645,1
646,646,1
647,647,1
648,648,1
649,649,1
650,650,1
651,651,1
652,652,1
653,653,1
654,654,1
655,655,1
656,656,1
657,657,1
658,658,1
659,659,1
660,660,1
661,661,1
662,662,1
663,663,1
664,664,1
665,665,1
666,666,1
667,667,1
668,668,1
669,669,1
670,670,1
671,671,1
672,672,1
673,673,1
674,674,1
675,675,1
676,676,1
677,677,1
678,678,1
679,679,1
680,680,1
681,681,1
682,682,1
683,683,1
684,684,1
685,685,1
686,686,1
687,687,1
688,688,1
689,689,1
690,690,1
691,691,1
692,692,1
693,693,1
694,694,1
695,695,1
696,696,1
697,697,1
698,698,1
699,699,1
700,700,1
701,701,1
702,702,1
703,703,1
704,704,1
705,705,1
706,706,1
707,707,1
708,708,1
709,709,1
710,710,1
711,711,1
712,712,1
713,713,1
714,714,1
715,715,1
716,716,1
717,717,1
718,718,1
719,719,1
720,720,1
721,721,1
722,722,1
723,723,1
724,724,1
725,725,1
726,726,1
727,727,1
728,728,1
729,729,1
730,730,1
731,731,1
732,732,1
733,733,1
734,734,1
735,735,1
736,736,1
737,737,1
738,738,1
739,739,1
740,740,1
741,741,1
742,742,1
743,743,1
744,744,1
745,745,1
746,746,1
747,747,1
748,748,1
749,749,1
750,750,1
751,751,1
752,752,1
753,753,1
754,754,1
755,755,1
756,756,1
757,757,1
758,758,1
759,759,1
760,760,1
761,761,1
762,762,1
763,763,1
764,764,1
765,765,1
766,766,1
767,767,1
768,768,1
769,769,1
770,770,1
771,771,1
772,772,1
773,773,1
774,774,1
775,775,1
776,776,1
777,777,1
778,778,1
779,779,1
780,780,1
781,781,1
782,782,1
783,783,1
784,784,1
785,785,1
786,786,1
787,787,1
788,788,1
789,789,1
790,790,1
791,791,1
792,792,1
793,793,1
794,794,1
795,795,1
796,796,1
797,797,1
798,798,1
799,799,1
800,800,1
801,801,1
802,802,1
803,803,1
804,804,1
805,805,1
806,806,1
807,807,1
808,808,1
809,809,1
810,810,1
811,811,1
812,812,1
813,813,1
814,814,1
815,815,1
816,816,1
817,817,1
818,818,1
819,819,1
820,820,1
821,821,1
822,822,1
823,823,1
824,824,1
825,825,1
826,826,1
827,827,1
828,828,1
829,829,1
830,830,1
831,831,1
832,832,1
833,833,1
834,834,1
835,835,1
836,836,1
837,837,1
838,838,1
839,839,1
840,840,1
841,841,1
842,842,1
843,843,1
844,844,1
845,845,1
846,846,1
847,847,1
848,848,1
849,849,1
850,850,1
851,851,1
852,852,1
853,853,1
854,854,1
855,855,1
856,856,1
857,857,1
858,858,1
859,859,1
860,860,1
861,861,1
862,862,1
863,863,1
864,864,1
865,865,1
866,866,1
867,867,1
868,868,1
869,869,1
870,870,1
871,871,1
872,872,1
873,873,1
874,874,1
875,875,1
876,876,1
877,877,1
878,878,1
879,879,1
880,880,1
881,881,1
882,882,1
883,883,1
884,884,1
885,885,1
886,886,1
887,887,1
888,888,1
889,889,1
890,890,1
891,891,1
892,892,1
893,893,1
894,894,1
895,895,1
896,896,1
897,897,1
898,898,1
899,899,1
900,900,1
901,901,1
902,902,1
903,903,1
904,904,1
905,905,1
906,906,1
907,907,1
908,908,1
909,909,1
910,910,1
911,911,1
912,912,1
913,913,1
914,914,1
915,915,1
916,916,1
917,917,1
918,918,1
919,919,1
920,920,1
921,921,1
922,922,1
923,923,1
924,924,1
925,925,1
926,926,1
927,927,1
928,928,1
929,929,1
930,930,1
931,931,1
932,932,1
933,933,1
934,934,1
935,935,1
936,936,1
937,937,1
938,938,1
939,939,1
940,940,1
941,941,1
942,942,1
943,943,1
944,944,1
945,945,1
946,946,1
947,947,1
948,948,1
949,949,1
950,950,1
951,951,1
952,952,1
953,953,1
954,954,1
955,955,1
956,956,1
957,957,1
958,958,1
959,959,1
960,960,1
961,961,1
962,962,1
963,963,1
964,964,1
965,965,1
966,966,1
967,967,1
968,968,1
969,969,1
970,970,1
971,971,1
972,972,1
973,973,1
974,974,1
975,975,1
976,976,1
977,977,1
978,978,1
979,979,1
980,980,1
981,981,1
982,982,1
983,983,1
984,984,1
985,985,1
986,986,1
987,987,1
988,988,1
989,989,1
990,990,1
991,991,1
992,992,1
993,993,1
994,994,1
995,995,1
996,996,1
997,997,1
998,998,1
999,999,1
1000,1000,1
1001,1001,1
1002,1002,1
1003,1003,1
1004,1004,1
1005,1005,1
1006,1006,1
1007,1007,1
1008,1008,1
1009,1009,1
1010,1010,1
1011,1011,1
1012,1012,1
1013,1013,1
1014,1014,1
1015,1015,1
1016,1016,1
1017,1017,1
1018,1018,1
1019,1019,1
1020,1020,1
1021,1021,1
1022,1022,1
1023,1023,1
1024,1024,1
1025,1025,1
1026,1026,1
1027,1027,1
1028,1028,1
1029,1029,1
1030,1030,1
1031,1031,1
1032,1032,1
1033,1033,1
1034,1034,1
1035,1035,1
1036,1036,1
1037,1037,1
1038,1038,1
1039,1039,1
1040,1040,1
1041,1041,1
1042,1042,1
1043,1043,1
1044,1044,1
1045,1045,1
1046,1046,1
1047,1047,1
1048,1048,1
1049,1049,1
1050,1050,1
1051,1051,1
1052,1052,1
1053,1053,1
1054,1054,1
1055,1055,1
1056,1056,1
1057,1057,1
1058,1058,1
1059,1059,1
1060,1060,1
1061,1061,1
1062,1062,1
1063,1063,1
1064,1064,1
1065,1065,1
1066,1066,1
1067,1067,1
1068,1068,1
1069,1069,1
1070,1070,1
1071,1071,1
1072,1072,1
1073,1073,1
1074,1074,1
1075,1075,1
1076,1076,1
1077,1077,1
1078,1078,1
1079,1079,1
1080,1080,1
1081,1081,1
1082,1082,1
1083,1083,1
1084,1084,1
1085,1085,1
1086,1086,1
1087,1087,1
1088,1088,1
1089,1089,1
1090,1090,1
1091,1091,1
1092,1092,1
1093,1093,1
1094,1094,1
1095,1095,1
1096,1096,1
1097,1097,1
1098,1098,1
1099,1099,1
1100,1100,1
1101,1101,1
1102,1102,1
1103,1103,1
1104,1104,1
1105,1105,1
1106,1106,1
1107,1107,1
1108,1108,1
1109,1109,1
1110,1110,1
1111,1111,1
1112,1112,1
1113,1113,1
1114,1114,1
1115,1115,1
1116,1116,1
1117,1117,1
1118,1118,1
1119,1119,1
1120,1120,1
1121,1121,1
1122,1122,1
1123,1123,1
1124,1124,1
1125,1125,1
1126,1126,1
1127,1127,1
1128,1128,1
1129,1129,1
1130,1130,1
1131,1131,1
1132,1132,1
1133,1133,1
1134,1134,1
1135,1135,1
1136,1136,1
1137,1137,1
1138,1138,1
1139,1139,1
1140,1140,1
1141,1141,1
1142,1142,1
1143,1143,1
1144,1144,1
1145,1145,1
1146,1146,1
1147,1147,1
1148,1148,1
1149,1149,1
1150,1150,1
1151,1151,1
1152,1152,1
1153,1153,1
1154,1154,1
1155,1155,1
1156,1156,1
1157,1157,1
1158,1158,1
1159,1159,1
1160,1160,1
1161,1161,1
1162,1162,1
1163,1163,1
1164,1164,1
1165,1165,1
1166,1166,1
1167,1167,1
1168,1168,1
1169,1169,1
1170,1170,1
1171,1171,1
1172,1172,1
1173,1173,1
1174,1174,1
1175,1175,1
1176,1176,1
1177,1177,1
1178,1178,1
1179,1179,1
1180,1180,1
1181,1181,1
1182,1182,1
1183,1183,1
1184,1184,1
1185,1185,1
1186,1186,1
1187,1187,1
1188,1188,1
1189,1189,1
1190,1190,1
1191,1191,1
1192,1192,1
1193,1193,1
1194,1194,1
1195,1195,1
1196,1196,1
1197,1197,1
1198,1198,1
1199,1199,1
1200,1200,1
1201,1201,1
1202,1202,1
1203,1203,1
1204,1204,1
1205,1205,1
1206,1206,1
1207,1207,1
1208,1208,1
1209,1209,1
1210,1210,1
1211,1211,1
1212,1212,1
1213,1213,1
1214,1214,1
1215,1215,1
1216,1216,1
1217,1217,1
1218,1218,1
1219,1219,1
1220,1220,1
1221,1221,1
1222,1222,1
1223,1223,1
1224,1224,1
1225,1225,1
1226,1226,1
1227,1227,1
1228,1228,1
1229,1229,1
1230,1230,1
1231,1231,1
1232,1232,1
1233,1233,1
1234,1234,1
1235,1235,1
1236,1236,1
1237,1237,1
1238,1238,1
1239,1239,1
1240,1240,1
1241,1241,1
1242,1242,1
1243,1243,1
1244,1244,1
1245,1245,1
1246,1246,1
1247,1247,1
1248,1248,1
1249,1249,1
1250,1250,1
1251,1251,1
1252,1252,1
1253,1253,1
1254,1254,1
1255,1255,1
1256,1256,1
1257,1257,1
1258,1258,1
1259,1259,1
1260,1260,1
1261,1261,1
1262,1262,1
1263,1263,1
1264,1264,1
1265,1265,1
1266,1266,1
1267,1267,1
1268,1268,1
1269,1269,1
1270,1270,1
1271,1271,1
1272,1272,1
1273,1273,1
1274,1274,1
1275,1275,1
1276,1276,1
1277,1277,1
1278,1278,1
1279,1279,1
1280,1280,1
1281,1281,1
1282,1282,1
1283,1283,1
1284,1284,1
1285,1285,1
1286,1286,1
1287,1287,1
1288,1288,1
1289,1289,1
1290,1290,1
1291,1291,1
1292,1292,1
1293,1293,1
1294,1294,1
1295,1295,1
1296,1296,1
1297,1297,1
1298,1298,1
1299,1299,1
1300,1300,1
1301,1301,1
1302,1302,1
1303,1303,1
1304,1304,1
1305,1305,1
1306,1306,1
1307,1307,1
1308,1308,1
1309,1309,1
1310,1310,1
1311,1311,1
1312,1312,1
1313,1313,1
1314,1314,1
1315,1315,1
1316,1316,1
1317,1317,1
1318,1318,1
1319,1319,1
1320,1320,1
1321,1321,1
1322,1322,1
1323,1323,1
1324,1324,1
1325,1325,1
1326,1326,1
1327,1327,1
1328,1328,1
1329,1329,1
1330,1330,1
1331,1331,1
1332,1332,1
1333,1333,1
1334,1334,1
1335,1335,1
1336,1336,1
1337,1337,1
1338,1338,1
1339,1339,1
1340,1340,1
1341,1341,1
1342,1342,1
1343,1343,1
1344,1344,1
1345,1345,1
1346,1346,1
1347,1347,1
1348,1348,1
1349,1349,1
1350,1350,1
1351,1351,1
1352,1352,1
1353,1353,1
1354,1354,1
1355,1355,1
1356,1356,1
1357,1357,1
1358,1358,1
1359,1359,1
1360,1360,1
1361,1361,1
1362,1362,1
1363,1363,1
1364,1364,1
1365,1365,1
1366,1366,1
1367,1367,1
1368,1368,1
1369,1369,1
1370,1370,1
1371,1371,1
1372,1372,1
1373,1373,1
1374,1374,1
1375,1375,1
1376,1376,1
1377,1377,1
1378,1378,1
1379,1379,1
1380,1380,1
1381,1381,1
1382,1382,1
1383,1383,1
1384,1384,1
1385,1385,1
1386,1386,1
1387,1387,1
1388,1388,1
1389,1389,1
1390,1390,1
1391,1391,1
1392,1392,1
1393,1393,1
1394,1394,1
1395,1395,1
1396,1396,1
1397,1397,1
1398,1398,1
1399,1399,1
1400,1400,1
1401,1401,1
1402,1402,1
1403,1403,1
1404,1404,1
1405,1405,1
1406,1406,1
1407,1407,1
1408,1408,1
1409,1409,1
1410,1410,1
1411,1411,1
1412,1412,1
1413,1413,1
1414,1414,1
1415,1415,1
1416,1416,1
1417,1417,1
1418,1418,1
1419,1419,1
1420,1420,1
1421,1421,1
1422,1422,1
1423,1423,1
1424,1424,1
1425,1425,1
1426,1426,1
1427,1427,1
1428,1428,1
1429,1429,1
1430,1430,1
1431,1431,1
1432,1432,1
1433,1433,1
1434,1434,1
1435,1435,1
1436,1436,1
1437,1437,1
1438,1438,1
1439,1439,1
1440,1440,1
1441,1441,1
1442,1442,1
1443,1443,1
1444,1444,1
1445,1445,1
1446,1446,1
1447,1447,1
1448,1448,1
1449,1449,1
1450,1450,1
1451,1451,1
1452,1452,1
1453,1453,1
1454,1454,1
1455,1455,1
1456,1456,1
1457,1457,1
1458,1458,1
1459,1459,1
1460,1460,1
1461,1461,1
1462,1462,1
1463,1463,1
1464,1464,1
1465,1465,1
1466,1466,1
1467,1467,1
1468,1468,1
1469,1469,1
1470,1470,1
1471,1471,1
1472,1472,1
1473,1473,1
1474,1474,1
1475,1475,1
1476,1476,1
1477,1477,1
1478,1478,1
1479,1479,1
1480,1480,1
1481,1481,1
1482,1482,1
1483,1483,1
1484,1484,1
1485,1485,1
1486,1486,1
1487,1487,1
1488,1488,1
1489,1489,1
1490,1490,1
1491,1491,1
1492,1492,1
1493,1493,1
1494,1494,1
1495,1495,1
1496,1496,1
1497,1497,1
1498,1498,1
1499,1499,1
1500,1500,1
1501,1501,1
1502,1502,1
1503,1503,1
1504,1504,1
1505,1505,1
1506,1506,1
1507,1507,1
1508,1508,1
1509,1509,1
1510,1510,1
1511,1511,1
1512,1512,1
1513,1513,1
1514,1514,1
1515,1515,1
1516,1516,1
1517,1517,1
1518,1518,1
1519,1519,1
1520,1520,1
1521,1521,1
1522,1522,1
1523,1523,1
1524,1524,1
1525,1525,1
1526,1526,1
1527,1527,1
1528,1528,1
1529,1529,1
1530,1530,1
1531,1531,1
1532,1532,1
1533,1533,1
1534,1534,1
1535,1535,1
1536,1536,1
1537,1537,1
1538,1538,1
1539,1539,1
1540,1540,1
1541,1541,1
1542,1542,1
1543,1543,1
1544,1544,1
1545,1545,1
1546,1546,1
1547,1547,1
1548,1548,1
1549,1549,1
1550,1550,1
1551,1551,1
1552,1552,1
1553,1553,1
1554,1554,1
1555,1555,1
1556,1556,1
1557,1557,1
1558,1558,1
1559,1559,1
1560,1560,1
1561,1561,1
1562,1562,1
1563,1563,1
1564,1564,1
1565,1565,1
1566,1566,1
1567,1567,1
1568,1568,1
1569,1569,1
1570,1570,1
1571,1571,1
1572,1572,1
1573,1573,1
1574,1574,1
1575,1575,1
1576,1576,1
1577,1577,1
1578,1578,1
1579,1579,1
1580,1580,1
1581,1581,1
1582,1582,1
1583,1583,1
1584,1584,1
1585,1585,1
1586,1586,1
1587,1587,1
1588,1588,1
1589,1589,1
1590,1590,1
1591,1591,1
1592,1592,1
1593,1593,1
1594,1594,1
1595,1595,1
1596,1596,1
1597,1597,1
1598,1598,1
1599,1599,1
1600,1600,1
1601,1601,1
1602,1602,1
1603,1603,1
1604,1604,1
1605,1605,1
1606,1606,1
1607,1607,1
1608,1608,1
1609,1609,1
1610,1610,1
1611,1611,1
1612,1612,1
1613,1613,1
1614,1614,1
1615,1615,1
1616,1616,1
1617,1617,1
1618,1618,1
1619,1619,1
1620,1620,1
1621,1621,1
1622,1622,1
1623,1623,1
1624,1624,1
1625,1625,1
1626,1626,1
1627,1627,1
1628,1628,1
1629,1629,1
1630,1630,1
1631,1631,1
1632,1632,1
1633,1633,1
1634,1634,1
1635,1635,1
1636,1636,1
1637,1637,1
1638,1638,1
1639,1639,1
1640,1640,1
1641,1641,1
1642,1642,1
1643,1643,1
1644,1644,1
1645,1645,1
1646,1646,1
1647,1647,1
1648,1648,1
1649,1649,1
1650,1650,1
1651,1651,1
1652,1652,1
1653,1653,1
1654,1654,1
1655,1655,1
1656,1656,1
1657,1657,1
1658,1658,1
1659,1659,1
1660,1660,1
1661,1661,1
1662,1662,1
1663,1663,1
1664,1664,1
1665,1665,1
1666,1666,1
1667,1667,1
1668,1668,1
1669,1669,1
1670,1670,1
1671,1671,1
1672,1672,1
1673,1673,1
1674,1674,1
1675,1675,1
1676,1676,1
1677,1677,1
1678,1678,1
1679,1679,1
1680,1680,1
1681,1681,1
1682,1682,1
1683,1683,1
1684,1684,1
1685,1685,1
1686,1686,1
1687,1687,1
1688,1688,1
1689,1689,1
1690,1690,1
1691,1691,1
1692,1692,1
1693,1693,1
1694,1694,1
1695,1695,1
1696,1696,1
1697,1697,1
1698,1698,1
1699,1699,1
1700,1700,1
1701,1701,1
1702,1702,1
1703,1703,1
1704,1704,1
1705,1705,1
1706,1706,1
1707,1707,1
1708,1708,1
1709,1709,1
1710,1710,1
1711,1711,1
1712,1712,1
1713,1713,1
1714,1714,1
1715,1715,1
1716,1716,1
1717,1717,1
1718,1718,1
1719,1719,1
1720,1720,1
1721,1721,1
1722,1722,1
1723,1723,1
1724,1724,1
1725,1725,1
1726,1726,1
1727,1727,1
1728,1728,1
1729,1729,1
1730,1730,1
1731,1731,1
1732,1732,1
1733,1733,1
1734,1734,1
1735,1735,1
1736,1736,1
1737,1737,1
1738,1738,1
1739,1739,1
1740,1740,1
1741,1741,1
1742,1742,1
1743,1743,1
1744,1744,1
1745,1745,1
1746,1746,1
1747,1747,1
1748,1748,1
1749,1749,1
1750,1750,1
1751,1751,1
1752,1752,1
1753,1753,1
1754,1754,1
1755,1755,1
1756,1756,1
1757,1757,1
1758,1758,1
1759,1759,1
1760,1760,1
1761,1761,1
1762,1762,1
1763,1763,1
1764,1764,1
1765,1765,1
1766,1766,1
1767,1767,1
1768,1768,1
1769,1769,1
1770,1770,1
1771,1771,1
1772,1772,1
1773,1773,1
1774,1774,1
1775,1775,1
1776,1776,1
1777,1777,1
1778,1778,1
1779,1779,1
1780,1780,1
1781,1781,1
1782,1782,1
1783,1783,1
1784,1784,1
1785,1785,1
1786,1786,1
1787,1787,1
1788,1788,1
1789,1789,1
1790,1790,1
1791,1791,1
1792,1792,1
1793,1793,1
1794,1794,1
1795,1795,1
1796,1796,1
1797,1797,1
1798,1798,1
1799,1799,1
1800,1800,1
1801,1801,1
1802,1802,1
1803,1803,1
1804,1804,1
1805,1805,1
1806,1806,1
1807,1807,1
1808,1808,1
1809,1809,1
1810,1810,1
1811,1811,1
1812,1812,1
1813,1813,1
1814,1814,1
1815,1815,1
1816,1816,1
1817,1817,1
1818,1818,1
1819,1819,1
1820,1820,1
1821,1821,1
1822,1822,1
1823,1823,1
1824,1824,1
1825,1825,1
1826,1826,1
1827,1827,1
1828,1828,1
1829,1829,1
1830,1830,1
1831,1831,1
1832,1832,1
1833,1833,1
1834,1834,1
1835,1835,1
1836,1836,1
1837,1837,1
1838,1838,1
1839,1839,1
1840,1840,1
1841,1841,1
1842,1842,1
1843,1843,1
1844,1844,1
1845,1845,1
1846,1846,1
1847,1847,1
1848,1848,1
1849,1849,1
1850,1850,1
1851,1851,1
1852,1852,1
1853,1853,1
1854,1854,1
1855,1855,1
1856,1856,1
1857,1857,1
1858,1858,1
1859,1859,1
1860,1860,1
1861,1861,1
1862,1862,1
1863,1863,1
1864,1864,1
1865,1865,1
1866,1866,1
1867,1867,1
1868,1868,1
1869,1869,1
1870,1870,1
1871,1871,1
1872,1872,1
1873,1873,1
1874,1874,1
1875,1875,1
1876,1876,1
1877,1877,1
1878,1878,1
1879,1879,1
1880,1880,1
1881,1881,1
1882,1882,1
1883,1883,1
1884,1884,1
1885,1885,1
1886,1886,1
1887,1887,1
1888,1888,1
1889,1889,1
1890,1890,1
1891,1891,1
1892,1892,1
1893,1893,1
1894,1894,1
1895,1895,1
1896,1896,1
1897,1897,1
1898,1898,1
1899,1899,1
1900,1900,1
1901,1901,1
1902,1902,1
1903,1903,1
1904,1904,1
1905,1905,1
1906,1906,1
1907,1907,1
1908,1908,1
1909,1909,1
1910,1910,1
1911,1911,1
1912,1912,1
1913,1913,1
1914,1914,1
1915,1915,1
1916,1916,1
1917,1917,1
1918,1918,1
1919,1919,1
1920,1920,1
1921,1921,1
1922,1922,1
1923,1923,1
1924,1924,1
1925,1925,1
1926,1926,1
1927,1927,1
1928,1928,1
1929,1929,1
1930,1930,1
1931,1931,1
1932,1932,1
1933,1933,1
1934,1934,1
1935,1935,1
1936,1936,1
1937,1937,1
1938,1938,1
1939,1939,1
1940,1940,1
1941,1941,1
1942,1942,1
1943,1943,1
1944,1944,1
1945,1945,1
1946,1946,1
1947,1947,1
1948,1948,1
1949,1949,1
1950,1950,1
1951,1951,1
1952,1952,1
1953,1953,1
1954,1954,1
1955,1955,1
1956,1956,1
1957,1957,1
1958,1958,1
1959,1959,1
1960,1960,1
1961,1961,1
1962,1962,1
1963,1963,1
1964,1964,1
1965,1965,1
1966,1966,1
1967,1967,1
1968,1968,1
1969,1969,1
1970,1970,1
1971,1971,1
1972,1972,1
1973,1973,1
1974,1974,1
1975,1975,1
1976,1976,1
1977,1977,1
1978,1978,1
1979,1979,1
1980,1980,1
1981,1981,1
1982,1982,1
1983,1983,1
1984,1984,1
1985,1985,1
1986,1986,1
1987,1987,1
1988,1988,1
1989,1989,1
1990,1990,1
1991,1991,1
1992,1992,1
1993,1993,1
1994,1994,1
1995,1995,1
1996,1996,1
1997,1997,1
1998,1998,1
1999,1999,1
2000,2000,1
2001,2001,1
2002,2002,1
2003,2003,1
2004,2004,1
2005,2005,1
2006,2006,1
2007,2007,1
2008,2008,1
2009,2009,1
2010,2010,1
2011,2011,1
2012,2012,1
2013,2013,1
2014,2014,1
2015,2015,1
2016,2016,1
2017,2017,1
2018,2018,1
2019,2019,1
2020,2020,1
2021,2021,1
2022,2022,1
2023,2023,1
2024,2024,1
2025,2025,1
2026,2026,1
2027,2027,1
2028,2028,1
2029,2029,1
2030,2030,1
2031,2031,1
2032,2032,1
2033,2033,1
2034,2034,1
2035,2035,1
2036,2036,1
2037,2037,1
2038,2038,1
2039,2039,1
2040,2040,1
2041,2041,1
2042,2042,1
2043,2043,1
2044,2044,1
2045,2045,1
2046,2046,1
2047,2047,1
2048,2048,1
2049,2049,1
2050,2050,1
2051,2051,1
2052,2052,1
2053,2053,1
2054,2054,1
2055,2055,1
2056,2056,1
2057,2057,1
2058,2058,1
2059,2059,1
2060,2060,1
2061,2061,1
2062,2062,1
2063,2063,1
2064,2064,1
2065,2065,1
2066,2066,1
2067,2067,1
2068,2068,1
2069,2069,1
2070,2070,1
2071,2071,1
2072,2072,1
2073,2073,1
2074,2074,1
2075,2075,1
2076,2076,1
2077,2077,1
2078,2078,1
2079,2079,1
2080,2080,1
2081,2081,1
2082,2082,1
2083,2083,1
2084,2084,1
2085,2085,1
2086,2086,1
2087,2087,1
2088,2088,1
2089,2089,1
2090,2090,1
2091,2091,1
2092,2092,1
2093,2093,1
2094,2094,1
2095,2095,1
2096,2096,1
2097,2097,1
2098,2098,1
2099,2099,1
2100,2100,1
2101,2101,1
2102,2102,1
2103,2103,1
2104,2104,1
2105,2105,1
2106,2106,1
2107,2107,1
2108,2108,1
2109,2109,1
2110,2110,1
2111,2111,1
2112,2112,1
2113,2113,1
2114,2114,1
2115,2115,1
2116,2116,1
2117,2117,1
2118,2118,1
2119,2119,1
2120,2120,1
2121,2121,1
2122,2122,1
2123,2123,1
2124,2124,1
2125,2125,1
2126,2126,1
2127,2127,1
2128,2128,1
2129,2129,1
2130,2130,1
2131,2131,1
2132,2132,1
2133,2133,1
2134,2134,1
2135,2135,1
2136,2136,1
2137,2137,1
2138,2138,1
2139,2139,1
2140,2140,1
2141,2141,1
2142,2142,1
2143,2143,1
2144,2144,1
2145,2145,1
2146,2146,1
2147,2147,1
2148,2148,1
2149,2149,1
2150,2150,1
2151,2151,1
2152,2152,1
2153,2153,1
2154,2154,1
2155,2155,1
2156,2156,1
2157,2157,1
2158,2158,1
2159,2159,1
2160,2160,1
2161,2161,1
2162,2162,1
2163,2163,1
2164,2164,1
2165,2165,1
2166,2166,1
2167,2167,1
2168,2168,1
2169,2169,1
2170,2170,1
2171,2171,1
2172,2172,1
2173,2173,1
2174,2174,1
2175,2175,1
2176,2176,1
2177,2177,1
2178,2178,1
2179,2179,1
2180,2180,1
2181,2181,1
2182,2182,1
2183,2183,1
2184,2184,1
2185,2185,1
2186,2186,1
2187,2187,1
2188,2188,1
2189,2189,1
2190,2190,1
2191,2191,1
2192,2192,1
2193,2193,1
2194,2194,1
2195,2195,1
2196,2196,1
2197,2197,1
2198,2198,1
2199,2199,1
2200,2200,1
2201,2201,1
2202,2202,1
2203,2203,1
2204,2204,1
2205,2205,1
2206,2206,1
2207,2207,1
2208,2208,1
2209,2209,1
2210,2210,1
2211,2211,1
2212,2212,1
2213,2213,1
2214,2214,1
2215,2215,1
2216,2216,1
2217,2217,1
2218,2218,1
2219,2219,1
2220,2220,1
2221,2221,1
2222,2222,1
2223,2223,1
2224,2224,1
2225,2225,1
2226,2226,1
2227,2227,1
2228,2228,1
2229,2229,1
2230,2230,1
2231,2231,1
2232,2232,1
2233,2233,1
2234,2234,1
2235,2235,1
2236,2236,1
2237,2237,1
2238,2238,1
2239,2239,1
2240,2240,1
2241,2241,1
2242,2242,1
2243,2243,1
2244,2244,1
2245,2245,1
2246,2246,1
2247,2247,1
2248,2248,1
2249,2249,1
2250,2250,1
2251,2251,1
2252,2252,1
2253,2253,1
2254,2254,1
2255,2255,1
2256,2256,1
2257,2257,1
2258,2258,1
2259,2259,1
2260,2260,1
2261,2261,1
2262,2262,1
2263,2263,1
2264,2264,1
2265,2265,1
2266,2266,1
2267,2267,1
2268,2268,1
2269,2269,1
2270,2270,1
2271,2271,1
2272,2272,1
2273,2273,1
2274,2274,1
2275,2275,1
2276,2276,1
2277,2277,1
2278,2278,1
2279,2279,1
2280,2280,1
2281,2281,1
2282,2282,1
2283,2283,1
2284,2284,1
2285,2285,1
2286,2286,1
2287,2287,1
2288,2288,1
2289,2289,1
2290,2290,1
2291,2291,1
2292,2292,1
2293,2293,1
2294,2294,1
2295,2295,1
2296,2296,1
2297,2297,1
2298,2298,1
2299,2299,1
2300,2300,1
2301,2301,1
2302,2302,1
2303,2303,1
2304,2304,1
2305,2305,1
2306,2306,1
2307,2307,1
2308,2308,1
2309,2309,1
2310,2310,1
2311,2311,1
2312,2312,1
2313,2313,1
2314,2314,1
2315,2315,1
2316,2316,1
2317,2317,1
2318,2318,1
2319,2319,1
2320,2320,1
2321,2321,1
2322,2322,1
2323,2323,1
2324,2324,1
2325,2325,1
2326,2326,1
2327,2327,1
2328,2328,1
2329,2329,1
2330,2330,1
2331,2331,1
2332,2332,1
2333,2333,1
2334,2334,1
2335,2335,1
2336,2336,1
2337,2337,1
2338,2338,1
2339,2339,1
2340,2340,1
2341,2341,1
2342,2342,1
2343,2343,1
2344,2344,1
2345,2345,1
2346,2346,1
2347,2347,1
2348,2348,1
2349,2349,1
2350,2350,1
2351,2351,1
2352,2352,1
2353,2353,1
2354,2354,1
2355,2355,1
2356,2356,1
2357,2357,1
2358,2358,1
2359,2359,1
2360,2360,1
2361,2361,1
2362,2362,1
2363,2363,1
2364,2364,1
2365,2365,1
2366,2366,1
2367,2367,1
2368,2368,1
2369,2369,1
2370,2370,1
2371,2371,1
2372,2372,1
2373,2373,1
2374,2374,1
2375,2375,1
2376,2376,1
2377,2377,1
2378,2378,1
2379,2379,1
2380,2380,1
2381,2381,1
2382,2382,1
2383,2383,1
2384,2384,1
2385,2385,1
2386,2386,1
2387,2387,1
2388,2388,1
2389,2389,1
2390,2390,1
2391,2391,1
2392,2392,1
2393,2393,1
2394,2394,1
2395,2395,1
2396,2396,1
2397,2397,1
2398,2398,1
2399,2399,1
2400,2400,1
2401,2401,1
2402,2402,1
2403,2403,1
2404,2404,1
2405,2405,1
2406,2406,1
2407,2407,1
2408,2408,1
2409,2409,1
2410,2410,1
2411,2411,1
2412,2412,1
2413,2413,1
2414,2414,1
2415,2415,1
2416,2416,1
2417,2417,1
2418,2418,1
2419,2419,1
2420,2420,1
2421,2421,1
2422,2422,1
2423,2423,1
2424,2424,1
2425,2425,1
2426,2426,1
2427,2427,1
2428,2428,1
2429,2429,1
2430,2430,1
2431,2431,1
2432,2432,1
2433,2433,1
2434,2434,1
2435,2435,1
2436,2436,1
2437,2437,1
2438,2438,1
2439,2439,1
2440,2440,1
2441,2441,1
2442,2442,1
2443,2443,1
2444,2444,1
2445,2445,1
2446,2446,1
2447,2447,1
2448,2448,1
2449,2449,1
2450,2450,1
2451,2451,1
2452,2452,1
2453,2453,1
2454,2454,1
2455,2455,1
2456,2456,1
2457,2457,1
2458,2458,1
2459,2459,1
2460,2460,1
2461,2461,1
2462,2462,1
2463,2463,1
2464,2464,1
2465,2465,1
2466,2466,1
2467,2467,1
2468,2468,1
2469,2469,1
2470,2470,1
2471,2471,1
2472,2472,1
2473,2473,1
2474,2474,1
2475,2475,1
2476,2476,1
2477,2477,1
2478,2478,1
2479,2479,1
2480,2480,1
2481,2481,1
2482,2482,1
2483,2483,1
2484,2484,1
2485,2485,1
2486,2486,1
2487,2487,1
2488,2488,1
2489,2489,1
2490,2490,1
2491,2491,1
2492,2492,1
2493,2493,1
2494,2494,1
2495,2495,1
2496,2496,1
2497,2497,1
2498,2498,1
2499,2499,1
2500,2500,1
2501,2501,1
2502,2502,1
2503,2503,1
2504,2504,1
2505,2505,1
2506,2506,1
2507,2507,1
2508,2508,1
2509,2509,1
2510,2510,1
2511,2511,1
2512,2512,1
2513,2513,1
2514,2514,1
2515,2515,1
2516,2516,1
2517,2517,1
2518,2518,1
2519,2519,1
2520,2520,1
2521,2521,1
2522,2522,1
2523,2523,1
2524,2524,1
2525,2525,1
2526,2526,1
2527,2527,1
2528,2528,1
2529,2529,1
2530,2530,1
2531,2531,1
2532,2532,1
2533,2533,1
2534,2534,1
2535,2535,1
2536,2536,1
2537,2537,1
2538,2538,1
2539,2539,1
2540,2540,1
2541,2541,1
2542,2542,1
2543,2543,1
2544,2544,1
2545,2545,1
2546,2546,1
2547,2547,1
2548,2548,1
2549,2549,1
2550,2550,1
2551,2551,1
2552,2552,1
2553,2553,1
2554,2554,1
2555,2555,1
2556,2556,1
2557,2557,1
2558,2558,1
2559,2559,1
2560,2560,1
2561,2561,1
2562,2562,1
2563,2563,1
2564,2564,1
2565,2565,1
2566,2566,1
2567,2567,1
2568,2568,1
2569,2569,1
2570,2570,1
2571,2571,1
2572,2572,1
2573,2573,1
2574,2574,1
2575,2575,1
2576,2576,1
2577,2577,1
2578,2578,1
2579,2579,1
2580,2580,1
2581,2581,1
2582,2582,1
2583,2583,1
2584,2584,1
2585,2585,1
2586,2586,1
2587,2587,1
2588,2588,1
2589,2589,1
2590,2590,1
2592,2592,1
2593,2593,1
2594,2594,1
2595,2595,1
2597,2597,1
2598,2598,1
2599,2599,1
2600,2600,1
2602,2602,1
2603,2603,1
2604,2604,1
2605,2605,1
2607,2607,1
2608,2608,1
2609,2609,1
2610,2610,1
2612,2612,1
2613,2613,1
2614,2614,1
2615,2615,1
2616,2616,1
2617,2617,1
2618,2618,1
2619,2619,1
2620,2620,1
2621,2621,1
2622,2622,1
2623,2623,1
2624,2624,1
2625,2625,1
2626,2626,1
2627,2627,1
2628,2628,1
2629,2629,1
2630,2630,1
2631,2631,1
2632,2632,1
2633,2633,1
2634,2634,1
2635,2635,1
2636,2636,1
2637,2637,1
2638,2638,1
2639,2639,1
2640,2640,1
2641,2641,1
2642,2642,1
2643,2643,1
2644,2644,1
2645,2645,1
2646,2646,1
2647,2647,1
2648,2648,1
2649,2649,1
2650,2650,1
2651,2651,1
2652,2652,1
2653,2653,1
2654,2654,1
2655,2655,1
2656,2656,1
2657,2657,1
2658,2658,1
2659,2659,1
2660,2660,1
2661,2661,1
2662,2662,1
2663,2663,1
2664,2664,1
2665,2665,1
2666,2666,1
2667,2667,1
2668,2668,1
2669,2669,1
2670,2670,1
2671,2671,1
2672,2672,1
2673,2673,1
2674,2674,1
2675,2675,1
2676,2676,1
2677,2677,1
2678,2678,1
2679,2679,1
2680,2680,1
2681,2681,1
2682,2682,1
2683,2683,1
2684,2684,1
2685,2685,1
2686,2686,1
2687,2687,1
2688,2688,1
2689,2689,1
2690,2690,1
2691,2691,1
2692,2692,1
2693,2693,1
2694,2694,1
2695,2695,1
2696,2696,1
2697,2697,1
2698,2698,1
2699,2699,1
2700,2700,1
2701,2701,1
2702,2702,1
2703,2703,1
2704,2704,1
2705,2705,1
2706,2706,1
2707,2707,1
2708,2708,1
2709,2709,1
2710,2710,1
2711,2711,1
2712,2712,1
2713,2713,1
2715,2715,1
2716,2716,1
2717,2717,1
2718,2718,1
2719,2719,1
2720,2720,1
2721,2721,1
2722,2722,1
2723,2723,1
2724,2724,1
2725,2725,1
2726,2726,1
2727,2727,1
2728,2728,1
2729,2729,1
2730,2730,1
2731,2731,1
2732,2732,1
2733,2733,1
2734,2734,1
2735,2735,1
2736,2736,1
2737,2737,1
2738,2738,1
2739,2739,1
2740,2740,1
2741,2741,1
2742,2742,1
2743,2743,1
2744,2744,1
2745,2745,1
2746,2746,1
2747,2747,1
2748,2748,1
2749,2749,1
2750,2750,1
2751,2751,1
2752,2752,1
2753,2753,1
2754,2754,1
2755,2755,1
2756,2756,1
2757,2757,1
2758,2758,1
2759,2759,1
2760,2760,1
2761,2761,1
2762,2762,1
2763,2763,1
2764,2764,1
2765,2765,1
2766,2766,1
2767,2767,1
2768,2768,1
2769,2769,1
2770,2770,1
2771,2771,1
2772,2772,1
2773,2773,1
2774,2774,1
2775,2775,1
2776,2776,1
2777,2777,1
2778,2778,1
2779,2779,1
2780,2780,1
2781,2781,1
2782,2782,1
2783,2783,1
2784,2784,1
2785,2785,1
2786,2786,1
2787,2787,1
2788,2788,1
2789,2789,1
2790,2790,1
2791,2791,1
2792,2792,1
2793,2793,1
2794,2794,1
2795,2795,1
2796,2796,1
2797,2797,1
2798,2798,1
2799,2799,1
2800,2800,1
2801,2801,1
2802,2802,1
2803,2803,1
2804,2804,1
2805,2805,1
2806,2806,1
2807,2807,1
2808,2808,1
2809,2809,1
2810,2810,1
2811,2811,1
2812,2812,1
2813,2813,1
2814,2814,1
2815,2815,1
2816,2816,1
2817,2817,1
2818,2818,1
2819,2819,1
2820,2820,1
2821,2821,1
2822,2822,1
2823,2823,1
2824,2824,1
2825,2825,1
2826,2826,1
2827,2827,1
2828,2828,1
2829,2829,1
2830,2830,1
2831,2831,1
2832,2832,1
2833,2833,1
2834,2834,1
2835,2835,1
2836,2836,1
2837,2837,1
2838,2838,1
2839,2839,1
2840,2840,1
2841,2841,1
2842,2842,1
2843,2843,1
2844,2844,1
2845,2845,1
2846,2846,1
2847,2847,1
2848,2848,1
2849,2849,1
2850,2850,1
2851,2851,1
2852,2852,1
2853,2853,1
2854,2854,1
2855,2855,1
2856,2856,1
2857,2857,1
2858,2858,1
2859,2859,1
2860,2860,1
2861,2861,1
2862,2862,1
2863,2863,1
2864,2864,1
2865,2865,1
2866,2866,1
2867,2867,1
2868,2868,1
2869,2869,1
2870,2870,1
2871,2871,1
2872,2872,1
2873,2873,1
2874,2874,1
2875,2875,1
2876,2876,1
2877,2877,1
2878,2878,1
2879,2879,1
2880,2880,1
2881,2881,1
2882,2882,1
2883,2883,1
2884,2884,1
2885,2885,1
2886,2886,1
2887,2887,1
2888,2888,1
2889,2889,1
2890,2890,1
2891,2891,1
2892,2892,1
2893,2893,1
2894,2894,1
2895,2895,1
2896,2896,1
2897,2897,1
2898,2898,1
2899,2899,1
2900,2900,1
2901,2901,1
2902,2902,1
2903,2903,1
2904,2904,1
2905,2905,1
2906,2906,1
2907,2907,1
2908,2908,1
2909,2909,1
2910,2910,1
2911,2911,1
2912,2912,1
2913,2913,1
2914,2914,1
2915,2915,1
2916,2916,1
2917,2917,1
2918,2918,1
2919,2919,1
2920,2920,1
2921,2921,1
2922,2922,1
2923,2923,1
2924,2924,1
2925,2925,1
2926,2926,1
2927,2927,1
2928,2928,1
2929,2929,1
2930,2930,1
2931,2931,1
2932,2932,1
2933,2933,1
2934,2934,1
2935,2935,1
2936,2936,1
2937,2937,1
2938,2938,1
2939,2939,1
2940,2940,1
2941,2941,1
2942,2942,1
2943,2943,1
2944,2944,1
2945,2945,1
2946,2946,1
2947,2947,1
2948,2948,1
2949,2949,1
2950,2950,1
2951,2951,1
2952,2952,1
2953,2953,1
2954,2954,1
2955,2955,1
2956,2956,1
2957,2957,1
2958,2958,1
2959,2959,1
2960,2960,1
2961,2961,1
2962,2962,1
2963,2963,1
2964,2964,1
2965,2965,1
2966,2966,1
2967,2967,1
2968,2968,1
2969,2969,1
2970,2970,1
2971,2971,1
2972,2972,1
2973,2973,1
2974,2974,1
2975,2975,1
2976,2976,1
2977,2977,1
2978,2978,1
2979,2979,1
2980,2980,1
2981,2981,1
2982,2982,1
2983,2983,1
2984,2984,1
2985,2985,1
2986,2986,1
2987,2987,1
2988,2988,1
2989,2989,1
2990,2990,1
2991,2991,1
2992,2992,1
2993,2993,1
2994,2994,1
2995,2995,1
2996,2996,1
2997,2997,1
2998,2998,1
2999,2999,1
3000,3000,1
3001,3001,1
3002,3002,1
3003,3003,1
3004,3004,1
3005,3005,1
3006,3006,1
3007,3007,1
3008,3008,1
3009,3009,1
3010,3010,1
3011,3011,1
3012,3012,1
3013,3013,1
3014,3014,1
3015,3015,1
3016,3016,1
3017,3017,1
3018,3018,1
3019,3019,1
3020,3020,1
3021,3021,1
3022,3022,1
3023,3023,1
3024,3024,1
3025,3025,1
3026,3026,1
3027,3027,1
3028,3028,1
3029,3029,1
3030,3030,1
3031,3031,1
3032,3032,1
3033,3033,1
3034,3034,1
3035,3035,1
3036,3036,1
3037,3037,1
3038,3038,1
3039,3039,1
3040,3040,1
3041,3041,1
3042,3042,1
3043,3043,1
3044,3044,1
3045,3045,1
3046,3046,1
3047,3047,1
3048,3048,1
3049,3049,1
3050,3050,1
3051,3051,1
3052,3052,1
3053,3053,1
3054,3054,1
3055,3055,1
3056,3056,1
3057,1,12
3058,2,12
3059,3,12
3060,4,12
3061,5,12
3062,6,12
3063,7,12
3064,8,12
3065,9,12
3066,10,12
3067,11,12
3068,12,12
3069,13,12
3070,14,12
3071,15,12
3072,16,12
3073,17,12
3074,18,12
3075,19,12
3076,20,12
3077,21,12
3078,22,12
3079,23,12
3080,24,12
3081,25,12
3082,26,12
3083,27,12
3084,28,12
3085,29,12
3086,30,12
3087,31,12
3088,32,12
3089,33,12
3090,34,12
3091,35,12
3092,36,12
3093,37,12
3094,38,12
3095,39,12
3096,40,12
3097,41,12
3098,42,12
3099,43,12
3100,44,12
3101,45,12
3102,46,12
3103,47,12
3104,48,12
3105,49,12
3106,50,12
3107,51,12
3108,52,12
3109,53,12
3110,54,12
3111,55,12
3112,56,12
3113,57,12
3114,58,12
3115,59,12
3116,60,12
3117,61,12
3118,62,12
3119,63,12
3120,64,12
3121,65,12
3122,66,12
3123,67,12
3124,68,12
3125,69,12
3126,70,12
3127,71,12
3128,72,12
3129,73,12
3130,74,12
3131,75,12
3132,76,12
3133,77,12
3134,78,12
3135,79,12
3136,80,12
3137,81,12
3138,82,12
3139,83,12
3140,84,12
3141,85,12
3142,86,12
3143,87,12
3144,88,12
3145,89,12
3146,90,12
3147,91,12
3148,92,12
3149,93,12
3150,94,12
3151,95,12
3152,96,12
3153,97,12
3154,98,12
3155,99,12
3156,100,12
3157,101,12
3158,102,12
3159,103,12
3160,104,12
3161,105,12
3162,106,12
3163,107,12
3164,108,12
3165,109,12
3166,110,12
3167,111,12
3168,112,12
3169,113,12
3170,114,12
3171,115,12
3172,116,12
3173,117,12
3174,118,12
3175,119,12
3176,120,12
3177,121,12
3178,122,12
3179,123,12
3180,124,12
3181,125,12
3182,126,12
3183,127,12
3184,128,12
3185,129,12
3186,130,12
3187,131,12
3188,132,12
3189,133,12
3190,134,12
3191,135,12
3192,136,12
3193,137,12
3194,138,12
3195,139,12
3196,140,12
3197,141,12
3198,142,12
3199,143,12
3200,144,12
3201,145,12
3202,146,12
3203,147,12
3204,148,12
3205,149,12
3206,150,12
3207,151,12
3208,152,12
3209,153,12
3210,154,12
3211,155,12
3212,156,12
3213,157,12
3214,158,12
3215,159,12
3216,160,12
3217,161,12
3218,162,12
3219,163,12
3220,164,12
3221,165,12
3222,166,12
3223,167,12
3224,168,12
3225,169,12
3226,170,12
3227,171,12
3228,172,12
3229,173,12
3230,174,12
3231,175,12
3232,176,12
3233,177,12
3234,178,12
3235,179,12
3236,180,12
3237,181,12
3238,182,12
3239,183,12
3240,184,12
3241,185,12
3242,186,12
3243,187,12
3244,188,12
3245,189,12
3246,190,12
3247,191,12
3248,192,12
3249,193,12
3250,194,12
3251,195,12
3252,196,12
3253,197,12
3254,198,12
3255,199,12
3256,200,12
3257,201,12
3258,202,12
3259,203,12
3260,204,12
3261,205,12
3262,206,12
3263,207,12
3264,208,12
3265,209,12
3266,210,12
3267,211,12
3268,212,12
3269,213,12
3270,214,12
3271,215,12
3272,216,12
3273,217,12
3274,218,12
3275,219,12
3276,220,12
3277,221,12
3278,222,12
3279,223,12
3280,224,12
3281,225,12
3282,226,12
3283,227,12
3284,228,12
3285,229,12
3286,230,12
3287,231,12
3288,232,12
3289,233,12
3290,234,12
3291,235,12
3292,236,12
3293,237,12
3294,238,12
3295,239,12
3296,240,12
3297,241,12
3298,242,12
3299,243,12
3300,244,12
3301,245,12
3302,246,12
3303,247,12
3304,248,12
3305,249,12
3306,250,12
3307,251,12
3308,252,12
3309,253,12
3310,254,12
3311,255,12
3312,256,12
3313,257,12
3314,258,12
3315,259,12
3316,260,12
3317,261,12
3318,262,12
3319,263,12
3320,264,12
3321,265,12
3322,266,12
3323,267,12
3324,268,12
3325,269,12
3326,270,12
3327,271,12
3328,272,12
3329,273,12
3330,274,12
3331,275,12
3332,276,12
3333,277,12
3334,278,12
3335,279,12
3336,280,12
3337,281,12
3338,282,12
3339,283,12
3340,284,12
3341,285,12
3342,286,12
3343,287,12
3344,288,12
3345,289,12
3346,290,12
3347,291,12
3348,292,12
3349,293,12
3350,294,12
3351,295,12
3352,296,12
3353,297,12
3354,298,12
3355,299,12
3356,300,12
3357,301,12
3358,302,12
3359,303,12
3360,304,12
3361,305,12
3362,306,12
3363,307,12
3364,308,12
3365,309,12
3366,310,12
3367,311,12
3368,312,12
3369,313,12
3370,314,12
3371,315,12
3372,316,12
3373,317,12
3374,318,12
3375,319,12
3376,320,12
3377,321,12
3378,322,12
3379,323,12
3380,324,12
3381,325,12
3382,326,12
3383,327,12
3384,328,12
3385,329,12
3386,330,12
3387,331,12
3388,332,12
3389,333,12
3390,334,12
3391,335,12
3392,336,12
3393,337,12
3394,338,12
3395,339,12
3396,340,12
3397,341,12
3398,342,12
3399,343,12
3400,344,12
3401,345,12
3402,346,12
3403,347,12
3404,348,12
3405,349,12
3406,350,12
3407,351,12
3408,352,12
3409,353,12
3410,354,12
3411,355,12
3412,356,12
3413,357,12
3414,358,12
3415,359,12
3416,360,12
3417,361,12
3418,362,12
3419,363,12
3420,364,12
3421,365,12
3422,366,12
3423,367,12
3424,368,12
3425,369,12
3426,370,12
3427,371,12
3428,372,12
3429,373,12
3430,374,12
3431,375,12
3432,376,12
3433,377,12
3434,378,12
3435,379,12
3436,380,12
3437,381,12
3438,382,12
3439,383,12
3440,384,12
3441,385,12
3442,386,12
3443,387,12
3444,388,12
3445,389,12
3446,390,12
3447,391,12
3448,392,12
3449,393,12
3450,394,12
3451,395,12
3452,396,12
3453,397,12
3454,398,12
3455,399,12
3456,400,12
3457,401,12
3458,402,12
3459,403,12
3460,404,12
3461,405,12
3462,406,12
3463,407,12
3464,408,12
3465,409,12
3466,410,12
3467,411,12
3468,412,12
3469,413,12
3470,414,12
3471,415,12
3472,416,12
3473,417,12
3474,418,12
3475,419,12
3476,420,12
3477,421,12
3478,422,12
3479,423,12
3480,424,12
3481,425,12
3482,426,12
3483,427,12
3484,428,12
3485,429,12
3486,430,12
3487,431,12
3488,432,12
3489,433,12
3490,434,12
3491,435,12
3492,436,12
3493,437,12
3494,438,12
3495,439,12
3496,440,12
3497,441,12
3498,442,12
3499,443,12
3500,444,12
3501,445,12
3502,446,12
3503,447,12
3504,448,12
3505,449,12
3506,450,12
3507,451,12
3508,452,12
3509,453,12
3510,454,12
3511,455,12
3512,456,12
3513,457,12
3514,458,12
3515,459,12
3516,460,12
3517,461,12
3518,462,12
3519,463,12
3520,464,12
3521,465,12
3522,466,12
3523,467,12
3524,468,12
3525,469,12
3526,470,12
3527,471,12
3528,472,12
3529,473,12
3530,474,12
3531,475,12
3532,476,12
3533,477,12
3534,478,12
3535,479,12
3536,480,12
3537,481,12
3538,482,12
3539,483,12
3540,484,12
3541,485,12
3542,486,12
3543,487,12
3544,488,12
3545,489,12
3546,490,12
3547,491,12
3548,492,12
3549,493,12
3550,494,12
3551,495,12
3552,496,12
3553,497,12
3554,498,12
3555,499,12
3556,500,12
3557,501,12
3558,502,12
3559,503,12
3560,504,12
3561,505,12
3562,506,12
3563,507,12
3564,508,12
3565,509,12
3566,510,12
3567,511,12
3568,512,12
3569,513,12
3570,514,12
3571,515,12
3572,516,12
3573,517,12
3574,518,12
3575,519,12
3576,520,12
3577,521,12
3578,522,12
3579,523,12
3580,524,12
3581,525,12
3582,526,12
3583,527,12
3584,528,12
3585,529,12
3586,530,12
3587,531,12
3588,532,12
3589,533,12
3590,534,12
3591,535,12
3592,536,12
3593,537,12
3594,538,12
3595,539,12
3596,540,12
3597,541,12
3598,542,12
3599,543,12
3600,544,12
3601,545,12
3602,546,12
3603,547,12
3604,548,12
3605,549,12
3606,550,12
3607,551,12
3608,552,12
3609,553,12
3610,554,12
3611,555,12
3612,556,12
3613,557,12
3614,558,12
3615,559,12
3616,560,12
3617,561,12
3618,562,12
3619,563,12
3620,564,12
3621,565,12
3622,566,12
3623,567,12
3624,568,12
3625,569,12
3626,570,12
3627,571,12
3628,572,12
3629,573,12
3630,574,12
3631,575,12
3632,576,12
3633,577,12
3634,578,12
3635,579,12
3636,580,12
3637,581,12
3638,582,12
3639,583,12
3640,584,12
3641,585,12
3642,586,12
3643,587,12
3644,588,12
3645,589,12
3646,590,12
3647,591,12
3648,592,12
3649,593,12
3650,594,12
3651,595,12
3652,596,12
3653,597,12
3654,598,12
3655,599,12
3656,600,12
3657,601,12
3658,602,12
3659,603,12
3660,604,12
3661,605,12
3662,606,12
3663,607,12
3664,608,12
3665,609,12
3666,610,12
3667,611,12
3668,612,12
3669,613,12
3670,614,12
3671,615,12
3672,616,12
3673,617,12
3674,618,12
3675,619,12
3676,620,12
3677,621,12
3678,622,12
3679,623,12
3680,624,12
3681,625,12
3682,626,12
3683,627,12
3684,628,12
3685,629,12
3686,630,12
3687,631,12
3688,632,12
3689,633,12
3690,634,12
3691,635,12
3692,636,12
3693,637,12
3694,638,12
3695,639,12
3696,640,12
3697,641,12
3698,642,12
3699,643,12
3700,644,12
3701,645,12
3702,646,12
3703,647,12
3704,648,12
3705,649,12
3706,650,12
3707,651,12
3708,652,12
3709,653,12
3710,654,12
3711,655,12
3712,656,12
3713,657,12
3714,658,12
3715,659,12
3716,660,12
3717,661,12
3718,662,12
3719,663,12
3720,664,12
3721,665,12
3722,666,12
3723,667,12
3724,668,12
3725,669,12
3726,670,12
3727,671,12
3728,672,12
3729,673,12
3730,674,12
3731,675,12
3732,676,12
3733,677,12
3734,678,12
3735,679,12
3736,680,12
3737,681,12
3738,682,12
3739,683,12
3740,684,12
3741,685,12
3742,686,12
3743,687,12
3744,688,12
3745,689,12
3746,690,12
3747,691,12
3748,692,12
3749,693,12
3750,694,12
3751,695,12
3752,696,12
3753,697,12
3754,698,12
3755,699,12
3756,700,12
3757,701,12
3758,702,12
3759,703,12
3760,704,12
3761,705,12
3762,706,12
3763,707,12
3764,708,12
3765,709,12
3766,710,12
3767,711,12
3768,712,12
3769,713,12
3770,714,12
3771,715,12
3772,716,12
3773,717,12
3774,718,12
3775,719,12
3776,720,12
3777,721,12
3778,722,12
3779,723,12
3780,724,12
3781,725,12
3782,726,12
3783,727,12
3784,728,12
3785,729,12
3786,730,12
3787,731,12
3788,732,12
3789,733,12
3790,734,12
3791,735,12
3792,736,12
3793,737,12
3794,738,12
3795,739,12
3796,740,12
3797,741,12
3798,742,12
3799,743,12
3800,744,12
3801,745,12
3802,746,12
3803,747,12
3804,748,12
3805,749,12
3806,750,12
3807,751,12
3808,752,12
3809,753,12
3810,754,12
3811,755,12
3812,756,12
3813,757,12
3814,758,12
3815,759,12
3816,760,12
3817,761,12
3818,762,12
3819,763,12
3820,764,12
3821,765,12
3822,766,12
3823,767,12
3824,768,12
3825,769,12
3826,770,12
3827,771,12
3828,772,12
3829,773,12
3830,774,12
3831,775,12
3832,776,12
3833,777,12
3834,778,12
3835,779,12
3836,780,12
3837,781,12
3838,782,12
3839,783,12
3840,784,12
3841,785,12
3842,786,12
3843,787,12
3844,788,12
3845,789,12
3846,790,12
3847,791,12
3848,792,12
3849,793,12
3850,794,12
3851,795,12
3852,796,12
3853,797,12
3854,798,12
3855,799,12
3856,800,12
3857,801,12
3858,802,12
3859,803,12
3860,804,12
3861,805,12
3862,806,12
3863,807,12
3864,808,12
3865,809,12
3866,810,12
3867,811,12
3868,812,12
3869,813,12
3870,814,12
3871,815,12
3872,816,12
3873,817,12
3874,818,12
3875,819,12
3876,820,12
3877,821,12
3878,822,12
3879,823,12
3880,824,12
3881,825,12
3882,826,12
3883,827,12
3884,828,12
3885,829,12
3886,830,12
3887,831,12
3888,832,12
3889,833,12
3890,834,12
3891,835,12
3892,836,12
3893,837,12
3894,838,12
3895,839,12
3896,840,12
3897,841,12
3898,842,12
3899,843,12
3900,844,12
3901,845,12
3902,846,12
3903,847,12
3904,848,12
3905,849,12
3906,850,12
3907,851,12
3908,852,12
3909,853,12
3910,854,12
3911,855,12
3912,856,12
3913,857,12
3914,858,12
3915,859,12
3916,860,12
3917,861,12
3918,862,12
3919,863,12
3920,864,12
3921,865,12
3922,866,12
3923,867,12
3924,868,12
3925,869,12
3926,870,12
3927,871,12
3928,872,12
3929,873,12
3930,874,12
3931,875,12
3932,876,12
3933,877,12
3934,878,12
3935,879,12
3936,880,12
3937,881,12
3938,882,12
3939,883,12
3940,884,12
3941,885,12
3942,886,12
3943,887,12
3944,888,12
3945,889,12
3946,890,12
3947,891,12
3948,892,12
3949,893,12
3950,894,12
3951,895,12
3952,896,12
3953,897,12
3954,898,12
3955,899,12
3956,900,12
3957,901,12
3958,902,12
3959,903,12
3960,904,12
3961,905,12
3962,906,12
3963,907,12
3964,908,12
3965,909,12
3966,910,12
3967,911,12
3968,912,12
3969,913,12
3970,914,12
3971,915,12
3972,916,12
3973,917,12
3974,918,12
3975,919,12
3976,920,12
3977,921,12
3978,922,12
3979,923,12
3980,924,12
3981,925,12
3982,926,12
3983,927,12
3984,928,12
3985,929,12
3986,930,12
3987,931,12
3988,932,12
3989,933,12
3990,934,12
3991,935,12
3992,936,12
3993,937,12
3994,938,12
3995,939,12
3996,940,12
3997,941,12
3998,942,12
3999,943,12
4000,944,12
4001,945,12
4002,946,12
4003,947,12
4004,948,12
4005,949,12
4006,950,12
4007,951,12
4008,952,12
4009,953,12
4010,954,12
4011,955,12
4012,956,12
4013,957,12
4014,958,12
4015,959,12
4016,960,12
4017,961,12
4018,962,12
4019,963,12
4020,964,12
4021,965,12
4022,966,12
4023,967,12
4024,968,12
4025,969,12
4026,970,12
4027,971,12
4028,972,12
4029,973,12
4030,974,12
4031,975,12
4032,976,12
4033,977,12
4034,978,12
4035,979,12
4036,980,12
4037,981,12
4038,982,12
4039,983,12
4040,984,12
4041,985,12
4042,986,12
4043,987,12
4044,988,12
4045,989,12
4046,990,12
4047,991,12
4048,992,12
4049,993,12
4050,994,12
4051,995,12
4052,996,12
4053,997,12
4054,998,12
4055,999,12
4056,1000,12
4057,1001,12
4058,1002,12
4059,1003,12
4060,1004,12
4061,1005,12
4062,1006,12
4063,1007,12
4064,1008,12
4065,1009,12
4066,1010,12
4067,1011,12
4068,1012,12
4069,1013,12
4070,1014,12
4071,1015,12
4072,1016,12
4073,1017,12
4074,1018,12
4075,1019,12
4076,1020,12
4077,1021,12
4078,1022,12
4079,1023,12
4080,1024,12
4081,1025,12
4082,1026,12
4083,1027,12
4084,1028,12
4085,1029,12
4086,1030,12
4087,1031,12
4088,1032,12
4089,1033,12
4090,1034,12
4091,1035,12
4092,1036,12
4093,1037,12
4094,1038,12
4095,1039,12
4096,1040,12
4097,1041,12
4098,1042,12
4099,1043,12
4100,1044,12
4101,1045,12
4102,1046,12
4103,1047,12
4104,1048,12
4105,1049,12
4106,1050,12
4107,1051,12
4108,1052,12
4109,1053,12
4110,1054,12
4111,1055,12
4112,1056,12
4113,1057,12
4114,1058,12
4115,1059,12
4116,1060,12
4117,1061,12
4118,1062,12
4119,1063,12
4120,1064,12
4121,1065,12
4122,1066,12
4123,1067,12
4124,1068,12
4125,1069,12
4126,1070,12
4127,1071,12
4128,1072,12
4129,1073,12
4130,1074,12
4131,1075,12
4132,1076,12
4133,1077,12
4134,1078,12
4135,1079,12
4136,1080,12
4137,1081,12
4138,1082,12
4139,1083,12
4140,1084,12
4141,1085,12
4142,1086,12
4143,1087,12
4144,1088,12
4145,1089,12
4146,1090,12
4147,1091,12
4148,1092,12
4149,1093,12
4150,1094,12
4151,1095,12
4152,1096,12
4153,1097,12
4154,1098,12
4155,1099,12
4156,1100,12
4157,1101,12
4158,1102,12
4159,1103,12
4160,1104,12
4161,1105,12
4162,1106,12
4163,1107,12
4164,1108,12
4165,1109,12
4166,1110,12
4167,1111,12
4168,1112,12
4169,1113,12
4170,1114,12
4171,1115,12
4172,1116,12
4173,1117,12
4174,1118,12
4175,1119,12
4176,1120,12
4177,1121,12
4178,1122,12
4179,1123,12
4180,1124,12
4181,1125,12
4182,1126,12
4183,1127,12
4184,1128,12
4185,1129,12
4186,1130,12
4187,1131,12
4188,1132,12
4189,1133,12
4190,1134,12
4191,1135,12
4192,1136,12
4193,1137,12
4194,1138,12
4195,1139,12
4196,1140,12
4197,1141,12
4198,1142,12
4199,1143,12
4200,1144,12
4201,1145,12
4202,1146,12
4203,1147,12
4204,1148,12
4205,1149,12
4206,1150,12
4207,1151,12
4208,1152,12
4209,1153,12
4210,1154,12
4211,1155,12
4212,1156,12
4213,1157,12
4214,1158,12
4215,1159,12
4216,1160,12
4217,1161,12
4218,1162,12
4219,1163,12
4220,1164,12
4221,1165,12
4222,1166,12
4223,1167,12
4224,1168,12
4225,1169,12
4226,1170,12
4227,1171,12
4228,1172,12
4229,1173,12
4230,1174,12
4231,1175,12
4232,1176,12
4233,1177,12
4234,1178,12
4235,1179,12
4236,1180,12
4237,1181,12
4238,1182,12
4239,1183,12
4240,1184,12
4241,1185,12
4242,1186,12
4243,1187,12
4244,1188,12
4245,1189,12
4246,1190,12
4247,1191,12
4248,1192,12
4249,1193,12
4250,1194,12
4251,1195,12
4252,1196,12
4253,1197,12
4254,1198,12
4255,1199,12
4256,1200,12
4257,1201,12
4258,1202,12
4259,1203,12
4260,1204,12
4261,1205,12
4262,1206,12
4263,1207,12
4264,1208,12
4265,1209,12
4266,1210,12
4267,1211,12
4268,1212,12
4269,1213,12
4270,1214,12
4271,1215,12
4272,1216,12
4273,1217,12
4274,1218,12
4275,1219,12
4276,1220,12
4277,1221,12
4278,1222,12
4279,1223,12
4280,1224,12
4281,1225,12
4282,1226,12
4283,1227,12
4284,1228,12
4285,1229,12
4286,1230,12
4287,1231,12
4288,1232,12
4289,1233,12
4290,1234,12
4291,1235,12
4292,1236,12
4293,1237,12
4294,1238,12
4295,1239,12
4296,1240,12
4297,1241,12
4298,1242,12
4299,1243,12
4300,1244,12
4301,1245,12
4302,1246,12
4303,1247,12
4304,1248,12
4305,1249,12
4306,1250,12
4307,1251,12
4308,1252,12
4309,1253,12
4310,1254,12
4311,1255,12
4312,1256,12
4313,1257,12
4314,1258,12
4315,1259,12
4316,1260,12
4317,1261,12
4318,1262,12
4319,1263,12
4320,1264,12
4321,1265,12
4322,1266,12
4323,1267,12
4324,1268,12
4325,1269,12
4326,1270,12
4327,1271,12
4328,1272,12
4329,1273,12
4330,1274,12
4331,1275,12
4332,1276,12
4333,1277,12
4334,1278,12
4335,1279,12
4336,1280,12
4337,1281,12
4338,1282,12
4339,1283,12
4340,1284,12
4341,1285,12
4342,1286,12
4343,1287,12
4344,1288,12
4345,1289,12
4346,1290,12
4347,1291,12
4348,1292,12
4349,1293,12
4350,1294,12
4351,1295,12
4352,1296,12
4353,1297,12
4354,1298,12
4355,1299,12
4356,1300,12
4357,1301,12
4358,1302,12
4359,1303,12
4360,1304,12
4361,1305,12
4362,1306,12
4363,1307,12
4364,1308,12
4365,1309,12
4366,1310,12
4367,1311,12
4368,1312,12
4369,1313,12
4370,1314,12
4371,1315,12
4372,1316,12
4373,1317,12
4374,1318,12
4375,1319,12
4376,1320,12
4377,1321,12
4378,1322,12
4379,1323,12
4380,1324,12
4381,1325,12
4382,1326,12
4383,1327,12
4384,1328,12
4385,1329,12
4386,1330,12
4387,1331,12
4388,1332,12
4389,1333,12
4390,1334,12
4391,1335,12
4392,1336,12
4393,1337,12
4394,1338,12
4395,1339,12
4396,1340,12
4397,1341,12
4398,1342,12
4399,1343,12
4400,1344,12
4401,1345,12
4402,1346,12
4403,1347,12
4404,1348,12
4405,1349,12
4406,1350,12
4407,1351,12
4408,1352,12
4409,1353,12
4410,1354,12
4411,1355,12
4412,1356,12
4413,1357,12
4414,1358,12
4415,1359,12
4416,1360,12
4417,1361,12
4418,1362,12
4419,1363,12
4420,1364,12
4421,1365,12
4422,1366,12
4423,1367,12
4424,1368,12
4425,1369,12
4426,1370,12
4427,1371,12
4428,1372,12
4429,1373,12
4430,1374,12
4431,1375,12
4432,1376,12
4433,1377,12
4434,1378,12
4435,1379,12
4436,1380,12
4437,1381,12
4438,1382,12
4439,1383,12
4440,1384,12
4441,1385,12
4442,1386,12
4443,1387,12
4444,1388,12
4445,1389,12
4446,1390,12
4447,1391,12
4448,1392,12
4449,1393,12
4450,1394,12
4451,1395,12
4452,1396,12
4453,1397,12
4454,1398,12
4455,1399,12
4456,1400,12
4457,1401,12
4458,1402,12
4459,1403,12
4460,1404,12
4461,1405,12
4462,1406,12
4463,1407,12
4464,1408,12
4465,1409,12
4466,1410,12
4467,1411,12
4468,1412,12
4469,1413,12
4470,1414,12
4471,1415,12
4472,1416,12
4473,1417,12
4474,1418,12
4475,1419,12
4476,1420,12
4477,1421,12
4478,1422,12
4479,1423,12
4480,1424,12
4481,1425,12
4482,1426,12
4483,1427,12
4484,1428,12
4485,1429,12
4486,1430,12
4487,1431,12
4488,1432,12
4489,1433,12
4490,1434,12
4491,1435,12
4492,1436,12
4493,1437,12
4494,1438,12
4495,1439,12
4496,1440,12
4497,1441,12
4498,1442,12
4499,1443,12
4500,1444,12
4501,1445,12
4502,1446,12
4503,1447,12
4504,1448,12
4505,1449,12
4506,1450,12
4507,1451,12
4508,1452,12
4509,1453,12
4510,1454,12
4511,1455,12
4512,1456,12
4513,1457,12
4514,1458,12
4515,1459,12
4516,1460,12
4517,1461,12
4518,1462,12
4519,1463,12
4520,1464,12
4521,1465,12
4522,1466,12
4523,1467,12
4524,1468,12
4525,1469,12
4526,1470,12
4527,1471,12
4528,1472,12
4529,1473,12
4530,1474,12
4531,1475,12
4532,1476,12
4533,1477,12
4534,1478,12
4535,1479,12
4536,1480,12
4537,1481,12
4538,1482,12
4539,1483,12
4540,1484,12
4541,1485,12
4542,1486,12
4543,1487,12
4544,1488,12
4545,1489,12
4546,1490,12
4547,1491,12
4548,1492,12
4549,1493,12
4550,1494,12
4551,1495,12
4552,1496,12
4553,1497,12
4554,1498,12
4555,1499,12
4556,1500,12
4557,1501,12
4558,1502,12
4559,1503,12
4560,1504,12
4561,1505,12
4562,1506,12
4563,1507,12
4564,1508,12
4565,1509,12
4566,1510,12
4567,1511,12
4568,1512,12
4569,1513,12
4570,1514,12
4571,1515,12
4572,1516,12
4573,1517,12
4574,1518,12
4575,1519,12
4576,1520,12
4577,1521,12
4578,1522,12
4579,1523,12
4580,1524,12
4581,1525,12
4582,1526,12
4583,1527,12
4584,1528,12
4585,1529,12
4586,1530,12
4587,1531,12
4588,1532,12
4589,1533,12
4590,1534,12
4591,1535,12
4592,1536,12
4593,1537,12
4594,1538,12
4595,1539,12
4596,1540,12
4597,1541,12
4598,1542,12
4599,1543,12
4600,1544,12
4601,1545,12
4602,1546,12
4603,1547,12
4604,1548,12
4605,1549,12
4606,1550,12
4607,1551,12
4608,1552,12
4609,1553,12
4610,1554,12
4611,1555,12
4612,1556,12
4613,1557,12
4614,1558,12
4615,1559,12
4616,1560,12
4617,1561,12
4618,1562,12
4619,1563,12
4620,1564,12
4621,1565,12
4622,1566,12
4623,1567,12
4624,1568,12
4625,1569,12
4626,1570,12
4627,1571,12
4628,1572,12
4629,1573,12
4630,1574,12
4631,1575,12
4632,1576,12
4633,1577,12
4634,1578,12
4635,1579,12
4636,1580,12
4637,1581,12
4638,1582,12
4639,1583,12
4640,1584,12
4641,1585,12
4642,1586,12
4643,1587,12
4644,1588,12
4645,1589,12
4646,1590,12
4647,1591,12
4648,1592,12
4649,1593,12
4650,1594,12
4651,1595,12
4652,1596,12
4653,1597,12
4654,1598,12
4655,1599,12
4656,1600,12
4657,1601,12
4658,1602,12
4659,1603,12
4660,1604,12
4661,1605,12
4662,1606,12
4663,1607,12
4664,1608,12
4665,1609,12
4666,1610,12
4667,1611,12
4668,1612,12
4669,1613,12
4670,1614,12
4671,1615,12
4672,1616,12
4673,1617,12
4674,1618,12
4675,1619,12
4676,1620,12
4677,1621,12
4678,1622,12
4679,1623,12
4680,1624,12
4681,1625,12
4682,1626,12
4683,1627,12
4684,1628,12
4685,1629,12
4686,1630,12
4687,1631,12
4688,1632,12
4689,1633,12
4690,1634,12
4691,1635,12
4692,1636,12
4693,1637,12
4694,1638,12
4695,1639,12
4696,1640,12
4697,1641,12
4698,1642,12
4699,1643,12
4700,1644,12
4701,1645,12
4702,1646,12
4703,1647,12
4704,1648,12
4705,1649,12
4706,1650,12
4707,1651,12
4708,1652,12
4709,1653,12
4710,1654,12
4711,1655,12
4712,1656,12
4713,1657,12
4714,1658,12
4715,1659,12
4716,1660,12
4717,1661,12
4718,1662,12
4719,1663,12
4720,1664,12
4721,1665,12
4722,1666,12
4723,1667,12
4724,1668,12
4725,1669,12
4726,1670,12
4727,1671,12
4728,1672,12
4729,1673,12
4730,1674,12
4731,1675,12
4732,1676,12
4733,1677,12
4734,1678,12
4735,1679,12
4736,1680,12
4737,1681,12
4738,1682,12
4739,1683,12
4740,1684,12
4741,1685,12
4742,1686,12
4743,1687,12
4744,1688,12
4745,1689,12
4746,1690,12
4747,1691,12
4748,1692,12
4749,1693,12
4750,1694,12
4751,1695,12
4752,1696,12
4753,1697,12
4754,1698,12
4755,1699,12
4756,1700,12
4757,1701,12
4758,1702,12
4759,1703,12
4760,1704,12
4761,1705,12
4762,1706,12
4763,1707,12
4764,1708,12
4765,1709,12
4766,1710,12
4767,1711,12
4768,1712,12
4769,1713,12
4770,1714,12
4771,1715,12
4772,1716,12
4773,1717,12
4774,1718,12
4775,1719,12
4776,1720,12
4777,1721,12
4778,1722,12
4779,1723,12
4780,1724,12
4781,1725,12
4782,1726,12
4783,1727,12
4784,1728,12
4785,1729,12
4786,1730,12
4787,1731,12
4788,1732,12
4789,1733,12
4790,1734,12
4791,1735,12
4792,1736,12
4793,1737,12
4794,1738,12
4795,1739,12
4796,1740,12
4797,1741,12
4798,1742,12
4799,1743,12
4800,1744,12
4801,1745,12
4802,1746,12
4803,1747,12
4804,1748,12
4805,1749,12
4806,1750,12
4807,1751,12
4808,1752,12
4809,1753,12
4810,1754,12
4811,1755,12
4812,1756,12
4813,1757,12
4814,1758,12
4815,1759,12
4816,1760,12
4817,1761,12
4818,1762,12
4819,1763,12
4820,1764,12
4821,1765,12
4822,1766,12
4823,1767,12
4824,1768,12
4825,1769,12
4826,1770,12
4827,1771,12
4828,1772,12
4829,1773,12
4830,1774,12
4831,1775,12
4832,1776,12
4833,1777,12
4834,1778,12
4835,1779,12
4836,1780,12
4837,1781,12
4838,1782,12
4839,1783,12
4840,1784,12
4841,1785,12
4842,1786,12
4843,1787,12
4844,1788,12
4845,1789,12
4846,1790,12
4847,1791,12
4848,1792,12
4849,1793,12
4850,1794,12
4851,1795,12
4852,1796,12
4853,1797,12
4854,1798,12
4855,1799,12
4856,1800,12
4857,1801,12
4858,1802,12
4859,1803,12
4860,1804,12
4861,1805,12
4862,1806,12
4863,1807,12
4864,1808,12
4865,1809,12
4866,1810,12
4867,1811,12
4868,1812,12
4869,1813,12
4870,1814,12
4871,1815,12
4872,1816,12
4873,1817,12
4874,1818,12
4875,1819,12
4876,1820,12
4877,1821,12
4878,1822,12
4879,1823,12
4880,1824,12
4881,1825,12
4882,1826,12
4883,1827,12
4884,1828,12
4885,1829,12
4886,1830,12
4887,1831,12
4888,1832,12
4889,1833,12
4890,1834,12
4891,1835,12
4892,1836,12
4893,1837,12
4894,1838,12
4895,1839,12
4896,1840,12
4897,1841,12
4898,1842,12
4899,1843,12
4900,1844,12
4901,1845,12
4902,1846,12
4903,1847,12
4904,1848,12
4905,1849,12
4906,1850,12
4907,1851,12
4908,1852,12
4909,1853,12
4910,1854,12
4911,1855,12
4912,1856,12
4913,1857,12
4914,1858,12
4915,1859,12
4916,1860,12
4917,1861,12
4918,1862,12
4919,1863,12
4920,1864,12
4921,1865,12
4922,1866,12
4923,1867,12
4924,1868,12
4925,1869,12
4926,1870,12
4927,1871,12
4928,1872,12
4929,1873,12
4930,1874,12
4931,1875,12
4932,1876,12
4933,1877,12
4934,1878,12
4935,1879,12
4936,1880,12
4937,1881,12
4938,1882,12
4939,1883,12
4940,1884,12
4941,1885,12
4942,1886,12
4943,1887,12
4944,1888,12
4945,1889,12
4946,1890,12
4947,1891,12
4948,1892,12
4949,1893,12
4950,1894,12
4951,1895,12
4952,1896,12
4953,1897,12
4954,1898,12
4955,1899,12
4956,1900,12
4957,1901,12
4958,1902,12
4959,1903,12
4960,1904,12
4961,1905,12
4962,1906,12
4963,1907,12
4964,1908,12
4965,1909,12
4966,1910,12
4967,1911,12
4968,1912,12
4969,1913,12
4970,1914,12
4971,1915,12
4972,1916,12
4973,1917,12
4974,1918,12
4975,1919,12
4976,1920,12
4977,1921,12
4978,1922,12
4979,1923,12
4980,1924,12
4981,1925,12
4982,1926,12
4983,1927,12
4984,1928,12
4985,1929,12
4986,1930,12
4987,1931,12
4988,1932,12
4989,1933,12
4990,1934,12
4991,1935,12
4992,1936,12
4993,1937,12
4994,1938,12
4995,1939,12
4996,1940,12
4997,1941,12
4998,1942,12
4999,1943,12
5000,1944,12
5001,1945,12
5002,1946,12
5003,1947,12
5004,1948,12
5005,1949,12
5006,1950,12
5007,1951,12
5008,1952,12
5009,1953,12
5010,1954,12
5011,1955,12
5012,1956,12
5013,1957,12
5014,1958,12
5015,1959,12
5016,1960,12
5017,1961,12
5018,1962,12
5019,1963,12
5020,1964,12
5021,1965,12
5022,1966,12
5023,1967,12
5024,1968,12
5025,1969,12
5026,1970,12
5027,1971,12
5028,1972,12
5029,1973,12
5030,1974,12
5031,1975,12
5032,1976,12
5033,1977,12
5034,1978,12
5035,1979,12
5036,1980,12
5037,1981,12
5038,1982,12
5039,1983,12
5040,1984,12
5041,1985,12
5042,1986,12
5043,1987,12
5044,1988,12
5045,1989,12
5046,1990,12
5047,1991,12
5048,1992,12
5049,1993,12
5050,1994,12
5051,1995,12
5052,1996,12
5053,1997,12
5054,1998,12
5055,1999,12
5056,2000,12
5057,2001,12
5058,2002,12
5059,2003,12
5060,2004,12
5061,2005,12
5062,2006,12
5063,2007,12
5064,2008,12
5065,2009,12
5066,2010,12
5067,2011,12
5068,2012,12
5069,2013,12
5070,2014,12
5071,2015,12
5072,2016,12
5073,2017,12
5074,2018,12
5075,2019,12
5076,2020,12
5077,2021,12
5078,2022,12
5079,2023,12
5080,2024,12
5081,2025,12
5082,2026,12
5083,2027,12
5084,2028,12
5085,2029,12
5086,2030,12
5087,2031,12
5088,2032,12
5089,2033,12
5090,2034,12
5091,2035,12
5092,2036,12
5093,2037,12
5094,2038,12
5095,2039,12
5096,2040,12
5097,2041,12
5098,2042,12
5099,2043,12
5100,2044,12
5101,2045,12
5102,2046,12
5103,2047,12
5104,2048,12
5105,2049,12
5106,2050,12
5107,2051,12
5108,2052,12
5109,2053,12
5110,2054,12
5111,2055,12
5112,2056,12
5113,2057,12
5114,2058,12
5115,2059,12
5116,2060,12
5117,2061,12
5118,2062,12
5119,2063,12
5120,2064,12
5121,2065,12
5122,2066,12
5123,2067,12
5124,2068,12
5125,2069,12
5126,2070,12
5127,2071,12
5128,2072,12
5129,2073,12
5130,2074,12
5131,2075,12
5132,2076,12
5133,2077,12
5134,2078,12
5135,2079,12
5136,2080,12
5137,2081,12
5138,2082,12
5139,2083,12
5140,2084,12
5141,2085,12
5142,2086,12
5143,2087,12
5144,2088,12
5145,2089,12
5146,2090,12
5147,2091,12
5148,2092,12
5149,2093,12
5150,2094,12
5151,2095,12
5152,2096,12
5153,2097,12
5154,2098,12
5155,2099,12
5156,2100,12
5157,2101,12
5158,2102,12
5159,2103,12
5160,2104,12
5161,2105,12
5162,2106,12
5163,2107,12
5164,2108,12
5165,2109,12
5166,2110,12
5167,2111,12
5168,2112,12
5169,2113,12
5170,2114,12
5171,2115,12
5172,2116,12
5173,2117,12
5174,2118,12
5175,2119,12
5176,2120,12
5177,2121,12
5178,2122,12
5179,2123,12
5180,2124,12
5181,2125,12
5182,2126,12
5183,2127,12
5184,2128,12
5185,2129,12
5186,2130,12
5187,2131,12
5188,2132,12
5189,2133,12
5190,2134,12
5191,2135,12
5192,2136,12
5193,2137,12
5194,2138,12
5195,2139,12
5196,2140,12
5197,2141,12
5198,2142,12
5199,2143,12
5200,2144,12
5201,2145,12
5202,2146,12
5203,2147,12
5204,2148,12
5205,2149,12
5206,2150,12
5207,2151,12
5208,2152,12
5209,2153,12
5210,2154,12
5211,2155,12
5212,2156,12
5213,2157,12
5214,2158,12
5215,2159,12
5216,2160,12
5217,2161,12
5218,2162,12
5219,2163,12
5220,2164,12
5221,2165,12
5222,2166,12
5223,2167,12
5224,2168,12
5225,2169,12
5226,2170,12
5227,2171,12
5228,2172,12
5229,2173,12
5230,2174,12
5231,2175,12
5232,2176,12
5233,2177,12
5234,2178,12
5235,2179,12
5236,2180,12
5237,2181,12
5238,2182,12
5239,2183,12
5240,2184,12
5241,2185,12
5242,2186,12
5243,2187,12
5244,2188,12
5245,2189,12
5246,2190,12
5247,2191,12
5248,2192,12
5249,2193,12
5250,2194,12
5251,2195,12
5252,2196,12
5253,2197,12
5254,2198,12
5255,2199,12
5256,2200,12
5257,2201,12
5258,2202,12
5259,2203,12
5260,2204,12
5261,2205,12
5262,2206,12
5263,2207,12
5264,2208,12
5265,2209,12
5266,2210,12
5267,2211,12
5268,2212,12
5269,2213,12
5270,2214,12
5271,2215,12
5272,2216,12
5273,2217,12
5274,2218,12
5275,2219,12
5276,2220,12
5277,2221,12
5278,2222,12
5279,2223,12
5280,2224,12
5281,2225,12
5282,2226,12
5283,2227,12
5284,2228,12
5285,2229,12
5286,2230,12
5287,2231,12
5288,2232,12
5289,2233,12
5290,2234,12
5291,2235,12
5292,2236,12
5293,2237,12
5294,2238,12
5295,2239,12
5296,2240,12
5297,2241,12
5298,2242,12
5299,2243,12
5300,2244,12
5301,2245,12
5302,2246,12
5303,2247,12
5304,2248,12
5305,2249,12
5306,2250,12
5307,2251,12
5308,2252,12
5309,2253,12
5310,2254,12
5311,2255,12
5312,2256,12
5313,2257,12
5314,2258,12
5315,2259,12
5316,2260,12
5317,2261,12
5318,2262,12
5319,2263,12
5320,2264,12
5321,2265,12
5322,2266,12
5323,2267,12
5324,2268,12
5325,2269,12
5326,2270,12
5327,2271,12
5328,2272,12
5329,2273,12
5330,2274,12
5331,2275,12
5332,2276,12
5333,2277,12
5334,2278,12
5335,2279,12
5336,2280,12
5337,2281,12
5338,2282,12
5339,2283,12
5340,2284,12
5341,2285,12
5342,2286,12
5343,2287,12
5344,2288,12
5345,2289,12
5346,2290,12
5347,2291,12
5348,2292,12
5349,2293,12
5350,2294,12
5351,2295,12
5352,2296,12
5353,2297,12
5354,2298,12
5355,2299,12
5356,2300,12
5357,2301,12
5358,2302,12
5359,2303,12
5360,2304,12
5361,2305,12
5362,2306,12
5363,2307,12
5364,2308,12
5365,2309,12
5366,2310,12
5367,2311,12
5368,2312,12
5369,2313,12
5370,2314,12
5371,2315,12
5372,2316,12
5373,2317,12
5374,2318,12
5375,2319,12
5376,2320,12
5377,2321,12
5378,2322,12
5379,2323,12
5380,2324,12
5381,2325,12
5382,2326,12
5383,2327,12
5384,2328,12
5385,2329,12
5386,2330,12
5387,2331,12
5388,2332,12
5389,2333,12
5390,2334,12
5391,2335,12
5392,2336,12
5393,2337,12
5394,2338,12
5395,2339,12
5396,2340,12
5397,2341,12
5398,2342,12
5399,2343,12
5400,2344,12
5401,2345,12
5402,2346,12
5403,2347,12
5404,2348,12
5405,2349,12
5406,2350,12
5407,2351,12
5408,2352,12
5409,2353,12
5410,2354,12
5411,2355,12
5412,2356,12
5413,2357,12
5414,2358,12
5415,2359,12
5416,2360,12
5417,2361,12
5418,2362,12
5419,2363,12
5420,2364,12
5421,2365,12
5422,2366,12
5423,2367,12
5424,2368,12
5425,2369,12
5426,2370,12
5427,2371,12
5428,2372,12
5429,2373,12
5430,2374,12
5431,2375,12
5432,2376,12
5433,2377,12
5434,2378,12
5435,2379,12
5436,2380,12
5437,2381,12
5438,2382,12
5439,2383,12
5440,2384,12
5441,2385,12
5442,2386,12
5443,2387,12
5444,2388,12
5445,2389,12
5446,2390,12
5447,2391,12
5448,2392,12
5449,2393,12
5450,2394,12
5451,2395,12
5452,2396,12
5453,2397,12
5454,2398,12
5455,2399,12
5456,2400,12
5457,2401,12
5458,2402,12
5459,2403,12
5460,2404,12
5461,2405,12
5462,2406,12
5463,2407,12
5464,2408,12
5465,2409,12
5466,2410,12
5467,2411,12
5468,2412,12
5469,2413,12
5470,2414,12
5471,2415,12
5472,2416,12
5473,2417,12
5474,2418,12
5475,2419,12
5476,2420,12
5477,2421,12
5478,2422,12
5479,2423,12
5480,2424,12
5481,2425,12
5482,2426,12
5483,2427,12
5484,2428,12
5485,2429,12
5486,2430,12
5487,2431,12
5488,2432,12
5489,2433,12
5490,2434,12
5491,2435,12
5492,2436,12
5493,2437,12
5494,2438,12
5495,2439,12
5496,2440,12
5497,2441,12
5498,2442,12
5499,2443,12
5500,2444,12
5501,2445,12
5502,2446,12
5503,2447,12
5504,2448,12
5505,2449,12
5506,2450,12
5507,2451,12
5508,2452,12
5509,2453,12
5510,2454,12
5511,2455,12
5512,2456,12
5513,2457,12
5514,2458,12
5515,2459,12
5516,2460,12
5517,2461,12
5518,2462,12
5519,2463,12
5520,2464,12
5521,2465,12
5522,2466,12
5523,2467,12
5524,2468,12
5525,2469,12
5526,2470,12
5527,2471,12
5528,2472,12
5529,2473,12
5530,2474,12
5531,2475,12
5532,2476,12
5533,2477,12
5534,2478,12
5535,2479,12
5536,2480,12
5537,2481,12
5538,2482,12
5539,2483,12
5540,2484,12
5541,2485,12
5542,2486,12
5543,2487,12
5544,2488,12
5545,2489,12
5546,2490,12
5547,2491,12
5548,2492,12
5549,2493,12
5550,2494,12
5551,2495,12
5552,2496,12
5553,2497,12
5554,2498,12
5555,2499,12
5556,2500,12
5557,2501,12
5558,2502,12
5559,2503,12
5560,2504,12
5561,2505,12
5562,2506,12
5563,2507,12
5564,2508,12
5565,2509,12
5566,2510,12
5567,2511,12
5568,2512,12
5569,2513,12
5570,2514,12
5571,2515,12
5572,2516,12
5573,2517,12
5574,2518,12
5575,2519,12
5576,2520,12
5577,2521,12
5578,2522,12
5579,2523,12
5580,2524,12
5581,2525,12
5582,2526,12
5583,2527,12
5584,2528,12
5585,2529,12
5586,2530,12
5587,2531,12
5588,2532,12
5589,2533,12
5590,2534,12
5591,2535,12
5592,2536,12
5593,2537,12
5594,2538,12
5595,2539,12
5596,2540,12
5597,2541,12
5598,2542,12
5599,2543,12
5600,2544,12
5601,2545,12
5602,2546,12
5603,2547,12
5604,2548,12
5605,2549,12
5606,2550,12
5607,2551,12
5608,2552,12
5609,2553,12
5610,2554,12
5611,2555,12
5612,2556,12
5613,2557,12
5614,2558,12
5615,2559,12
5616,2560,12
5617,2561,12
5618,2562,12
5619,2563,12
5620,2564,12
5621,2565,12
5622,2566,12
5623,2567,12
5624,2568,12
5625,2569,12
5626,2570,12
5627,2571,12
5628,2572,12
5629,2573,12
5630,2574,12
5631,2575,12
5632,2576,12
5633,2577,12
5634,2578,12
5635,2579,12
5636,2580,12
5637,2581,12
5638,2582,12
5639,2583,12
5640,2584,12
5641,2585,12
5642,2586,12
5643,2587,12
5644,2588,12
5645,2589,12
5646,2590,12
5648,2592,12
5649,2593,12
5650,2594,12
5651,2595,12
5653,2597,12
5654,2598,12
5655,2599,12
5656,2600,12
5658,2602,12
5659,2603,12
5660,2604,12
5661,2605,12
5663,2607,12
5664,2608,12
5665,2609,12
5666,2610,12
5668,2612,12
5669,2613,12
5670,2614,12
5671,2615,12
5672,2616,12
5673,2617,12
5674,2618,12
5675,2619,12
5676,2620,12
5677,2621,12
5678,2622,12
5679,2623,12
5680,2624,12
5681,2625,12
5682,2626,12
5683,2627,12
5684,2628,12
5685,2629,12
5686,2630,12
5687,2631,12
5688,2632,12
5689,2633,12
5690,2634,12
5691,2635,12
5692,2636,12
5693,2637,12
5694,2638,12
5695,2639,12
5696,2640,12
5697,2641,12
5698,2642,12
5699,2643,12
5700,2644,12
5701,2645,12
5702,2646,12
5703,2647,12
5704,2648,12
5705,2649,12
5706,2650,12
5707,2651,12
5708,2652,12
5709,2653,12
5710,2654,12
5711,2655,12
5712,2656,12
5713,2657,12
5714,2658,12
5715,2659,12
5716,2660,12
5717,2661,12
5718,2662,12
5719,2663,12
5720,2664,12
5721,2665,12
5722,2666,12
5723,2667,12
5724,2668,12
5725,2669,12
5726,2670,12
5727,2671,12
5728,2672,12
5729,2673,12
5730,2674,12
5731,2675,12
5732,2676,12
5733,2677,12
5734,2678,12
5735,2679,12
5736,2680,12
5737,2681,12
5738,2682,12
5739,2683,12
5740,2684,12
5741,2685,12
5742,2686,12
5743,2687,12
5744,2688,12
5745,2689,12
5746,2690,12
5747,2691,12
5748,2692,12
5749,2693,12
5750,2694,12
5751,2695,12
5752,2696,12
5753,2697,12
5754,2698,12
5755,2699,12
5756,2700,12
5757,2701,12
5758,2702,12
5759,2703,12
5760,2704,12
5761,2705,12
5762,2706,12
5763,2707,12
5764,2708,12
5765,2709,12
5766,2710,12
5767,2711,12
5768,2712,12
5769,2713,12
5771,2715,12
5772,2716,12
5773,2717,12
5774,2718,12
5775,2719,12
5776,2720,12
5777,2721,12
5778,2722,12
5779,2723,12
5780,2724,12
5781,2725,12
5782,2726,12
5783,2727,12
5784,2728,12
5785,2729,12
5786,2730,12
5787,2731,12
5788,2732,12
5789,2733,12
5790,2734,12
5791,2735,12
5792,2736,12
5793,2737,12
5794,2738,12
5795,2739,12
5796,2740,12
5797,2741,12
5798,2742,12
5799,2743,12
5800,2744,12
5801,2745,12
5802,2746,12
5803,2747,12
5804,2748,12
5805,2749,12
5806,2750,12
5807,2751,12
5808,2752,12
5809,2753,12
5810,2754,12
5811,2755,12
5812,2756,12
5813,2757,12
5814,2758,12
5815,2759,12
5816,2760,12
5817,2761,12
5818,2762,12
5819,2763,12
5820,2764,12
5821,2765,12
5822,2766,12
5823,2767,12
5824,2768,12
5825,2769,12
5826,2770,12
5827,2771,12
5828,2772,12
5829,2773,12
5830,2774,12
5831,2775,12
5832,2776,12
5833,2777,12
5834,2778,12
5835,2779,12
5836,2780,12
5837,2781,12
5838,2782,12
5839,2783,12
5840,2784,12
5841,2785,12
5842,2786,12
5843,2787,12
5844,2788,12
5845,2789,12
5846,2790,12
5847,2791,12
5848,2792,12
5849,2793,12
5850,2794,12
5851,2795,12
5852,2796,12
5853,2797,12
5854,2798,12
5855,2799,12
5856,2800,12
5857,2801,12
5858,2802,12
5859,2803,12
5860,2804,12
5861,2805,12
5862,2806,12
5863,2807,12
5864,2808,12
5865,2809,12
5866,2810,12
5867,2811,12
5868,2812,12
5869,2813,12
5870,2814,12
5871,2815,12
5872,2816,12
5873,2817,12
5874,2818,12
5875,2819,12
5876,2820,12
5877,2821,12
5878,2822,12
5879,2823,12
5880,2824,12
5881,2825,12
5882,2826,12
5883,2827,12
5884,2828,12
5885,2829,12
5886,2830,12
5887,2831,12
5888,2832,12
5889,2833,12
5890,2834,12
5891,2835,12
5892,2836,12
5893,2837,12
5894,2838,12
5895,2839,12
5896,2840,12
5897,2841,12
5898,2842,12
5899,2843,12
5900,2844,12
5901,2845,12
5902,2846,12
5903,2847,12
5904,2848,12
5905,2849,12
5906,2850,12
5907,2851,12
5908,2852,12
5909,2853,12
5910,2854,12
5911,2855,12
5912,2856,12
5913,2857,12
5914,2858,12
5915,2859,12
5916,2860,12
5917,2861,12
5918,2862,12
5919,2863,12
5920,2864,12
5921,2865,12
5922,2866,12
5923,2867,12
5924,2868,12
5925,2869,12
5926,2870,12
5927,2871,12
5928,2872,12
5929,2873,12
5930,2874,12
5931,2875,12
5932,2876,12
5933,2877,12
5934,2878,12
5935,2879,12
5936,2880,12
5937,2881,12
5938,2882,12
5939,2883,12
5940,2884,12
5941,2885,12
5942,2886,12
5943,2887,12
5944,2888,12
5945,2889,12
5946,2890,12
5947,2891,12
5948,2892,12
5949,2893,12
5950,2894,12
5951,2895,12
5952,2896,12
5953,2897,12
5954,2898,12
5955,2899,12
5956,2900,12
5957,2901,12
5958,2902,12
5959,2903,12
5960,2904,12
5961,2905,12
5962,2906,12
5963,2907,12
5964,2908,12
5965,2909,12
5966,2910,12
5967,2911,12
5968,2912,12
5969,2913,12
5970,2914,12
5971,2915,12
5972,2916,12
5973,2917,12
5974,2918,12
5975,2919,12
5976,2920,12
5977,2921,12
5978,2922,12
5979,2923,12
5980,2924,12
5981,2925,12
5982,2926,12
5983,2927,12
5984,2928,12
5985,2929,12
5986,2930,12
5987,2931,12
5988,2932,12
5989,2933,12
5990,2934,12
5991,2935,12
5992,2936,12
5993,2937,12
5994,2938,12
5995,2939,12
5996,2940,12
5997,2941,12
5998,2942,12
5999,2943,12
6000,2944,12
6001,2945,12
6002,2946,12
6003,2947,12
6004,2948,12
6005,2949,12
6006,2950,12
6007,2951,12
6008,2952,12
6009,2953,12
6010,2954,12
6011,2955,12
6012,2956,12
6013,2957,12
6014,2958,12
6015,2959,12
6016,2960,12
6017,2961,12
6018,2962,12
6019,2963,12
6020,2964,12
6021,2965,12
6022,2966,12
6023,2967,12
6024,2968,12
6025,2969,12
6026,2970,12
6027,2971,12
6028,2972,12
6029,2973,12
6030,2974,12
6031,2975,12
6032,2976,12
6033,2977,12
6034,2978,12
6035,2979,12
6036,2980,12
6037,2981,12
6038,2982,12
6039,2983,12
6040,2984,12
6041,2985,12
6042,2986,12
6043,2987,12
6044,2988,12
6045,2989,12
6046,2990,12
6047,2991,12
6048,2992,12
6049,2993,12
6050,2994,12
6051,2995,12
6052,2996,12
6053,2997,12
6054,2998,12
6055,2999,12
6056,3000,12
6057,3001,12
6058,3002,12
6059,3003,12
6060,3004,12
6061,3005,12
6062,3006,12
6063,3007,12
6064,3008,12
6065,3009,12
6066,3010,12
6067,3011,12
6068,3012,12
6069,3013,12
6070,3014,12
6071,3015,12
6072,3016,12
6073,3017,12
6074,3018,12
6075,3019,12
6076,3020,12
6077,3021,12
6078,3022,12
6079,3023,12
6080,3024,12
6081,3025,12
6082,3026,12
6083,3027,12
6084,3028,12
6085,3029,12
6086,3030,12
6087,3031,12
6088,3032,12
6089,3033,12
6090,3034,12
6091,3035,12
6092,3036,12
6093,3037,12
6094,3038,12
6095,3039,12
6096,3040,12
6097,3041,12
6098,3042,12
6099,3043,12
6100,3044,12
6101,3045,12
6102,3046,12
6103,3047,12
6104,3048,12
6105,3049,12
6106,3050,12
6107,3051,12
6108,3052,12
6109,3053,12
6110,3054,12
6111,3055,12
6112,3056,12
6113,3067,1
6114,3068,1
6115,3069,1
6116,3070,1
6117,3071,1
6118,3072,1
6119,3073,1
6120,3074,1
6121,3075,1
6122,3076,1
6123,3077,1
6124,3078,1
6125,3079,1
6126,3080,1
6127,3081,1
6128,3082,1
6129,3083,1
6130,3084,1
6131,3085,1
6132,3086,1
6133,3087,1
6134,3088,1
6135,3089,1
6136,3090,1
6137,3091,1
6138,3092,1
6139,3093,1
6140,3094,1
6141,3095,1
6142,3096,1
6143,3097,1
6144,3098,1
6145,3099,1
6146,3100,1
6147,3101,1
6148,3102,1
6149,3103,1
6150,3104,1
6151,3105,1
6152,3106,1
6153,3107,1
6154,3108,1
6155,3109,1
6156,3110,1
6157,3111,1
6158,3112,1
6159,3113,1
6160,3114,1
6161,3115,1
6162,3116,1
6163,3117,1
6164,3118,1
6165,3119,1
6166,3120,1
6167,3121,1
6168,3122,1
6169,3123,1
6170,3124,1
6171,3125,1
6172,3126,1
6173,3127,1
6174,3128,1
6175,3129,1
6176,3130,1
6177,3131,1
6178,3132,1
6179,3133,1
6180,3134,1
6181,3135,1
6182,3136,1
6183,3137,1
6184,3138,1
6185,3139,1
6186,3140,1
6187,3141,1
6188,3142,1
6189,3143,1
6190,3144,1
6191,3145,1
6192,3146,1
6193,3147,1
6194,3148,1
6195,3149,1
6196,3150,1
6197,3151,1
6198,3152,1
6199,3153,1
6200,3154,1
6201,3155,1
6202,3156,1
6203,3157,1
6204,3158,1
6205,3159,1
6206,3160,1
6207,3161,1
6208,3162,1
6209,3163,1
6210,3164,1
6211,3165,1
6212,3166,1
6213,3167,1
6214,3168,1
6215,3169,1
6216,3170,1
6217,3171,1
6218,3172,1
6219,3173,1
6220,3174,1
6221,3175,1
6222,3176,1
6223,3177,1
6224,3178,1
6225,3179,1
6226,3180,1
6227,3181,1
6228,3182,1
6229,3183,1
6230,3184,1
6231,3067,12
6232,3068,12
6233,3069,12
6234,3070,12
6235,3071,12
6236,3072,12
6237,3073,12
6238,3074,12
6239,3075,12
6240,3076,12
6241,3077,12
6242,3078,12
6243,3079,12
6244,3080,12
6245,3081,12
6246,3082,12
6247,3083,12
6248,3084,12
6249,3085,12
6250,3086,12
6251,3087,12
6252,3088,12
6253,3089,12
6254,3090,12
6255,3091,12
6256,3092,12
6257,3093,12
6258,3094,12
6259,3095,12
6260,3096,12
6261,3097,12
6262,3098,12
6263,3099,12
6264,3100,12
6265,3101,12
6266,3102,12
6267,3103,12
6268,3104,12
6269,3105,12
6270,3106,12
6271,3107,12
6272,3108,12
6273,3109,12
6274,3110,12
6275,3111,12
6276,3112,12
6277,3113,12
6278,3114,12
6279,3115,12
6280,3116,12
6281,3117,12
6282,3118,12
6283,3119,12
6284,3120,12
6285,3121,12
6286,3122,12
6287,3123,12
6288,3124,12
6289,3125,12
6290,3126,12
6291,3127,12
6292,3128,12
6293,3129,12
6294,3130,12
6295,3131,12
6296,3132,12
6297,3133,12
6298,3134,12
6299,3135,12
6300,3136,12
6301,3137,12
6302,3138,12
6303,3139,12
6304,3140,12
6305,3141,12
6306,3142,12
6307,3143,12
6308,3144,12
6309,3145,12
6310,3146,12
6311,3147,12
6312,3148,12
6313,3149,12
6314,3150,12
6315,3151,12
6316,3152,12
6317,3153,12
6318,3154,12
6319,3155,12
6320,3156,12
6321,3157,12
6322,3158,12
6323,3159,12
6324,3160,12
6325,3161,12
6326,3162,12
6327,3163,12
6328,3164,12
6329,3165,12
6330,3166,12
6331,3167,12
6332,3168,12
6333,3169,12
6334,3170,12
6335,3171,12
6336,3172,12
6337,3173,12
6338,3174,12
6339,3175,12
6340,3176,12
6341,3177,12
6342,3178,12
6343,3179,12
6344,3180,12
6345,3181,12
6346,3182,12
6347,3183,12
6348,3184,12
6349,3185,1
6350,3186,1
6351,3187,1
6352,3188,1
6353,3189,1
6354,3190,1
6355,3191,1
6356,3192,1
6357,3193,1
6358,3194,1
6359,3195,1
6360,3196,1
6361,3197,1
6362,3198,1
6363,3199,1
6364,3200,1
6365,3201,1
6366,3202,1
6367,3203,1
6368,3204,1
6369,3205,1
6370,3206,1
6371,3207,1
6372,3208,1
6373,3209,1
6374,3210,1
6375,3211,1
6376,3212,1
6377,3213,1
6378,3214,1
6379,3215,1
6380,3216,1
6381,3217,1
6382,3218,1
6383,3219,1
6384,3220,1
6385,3221,1
6386,3222,1
6387,3223,1
6388,3224,1
6389,3225,1
6390,3226,1
6391,3227,1
6392,3228,1
6393,3229,1
6394,3230,1
6395,3231,1
6396,3232,1
6397,3233,1
6398,3234,1
6399,3235,1
6400,3236,1
6401,3237,1
6402,3238,1
6403,3239,1
6404,3240,1
6405,3241,1
6406,3242,1
6407,3243,1
6408,3244,1
6409,3245,1
6410,3246,1
6411,3247,1
6412,3248,1
6413,3249,1
6414,3250,1
6415,3251,1
6416,3252,1
6417,3253,1
6418,3254,1
6419,3255,1
6420,3256,1
6421,3257,1
6422,3258,1
6423,3259,1
6424,3260,1
6425,3261,1
6426,3262,1
6427,3263,1
6428,3264,1
6429,3185,12
6430,3186,12
6431,3187,12
6432,3188,12
6433,3189,12
6434,3190,12
6435,3191,12
6436,3192,12
6437,3193,12
6438,3194,12
6439,3195,12
6440,3196,12
6441,3197,12
6442,3198,12
6443,3199,12
6444,3200,12
6445,3201,12
6446,3202,12
6447,3203,12
6448,3204,12
6449,3205,12
6450,3206,12
6451,3207,12
6452,3208,12
6453,3209,12
6454,3210,12
6455,3211,12
6456,3212,12
6457,3213,12
6458,3214,12
6459,3215,12
6460,3216,12
6461,3217,12
6462,3218,12
6463,3219,12
6464,3220,12
6465,3221,12
6466,3222,12
6467,3223,12
6468,3224,12
6469,3225,12
6470,3226,12
6471,3227,12
6472,3228,12
6473,3229,12
6474,3230,12
6475,3231,12
6476,3232,12
6477,3233,12
6478,3234,12
6479,3235,12
6480,3236,12
6481,3237,12
6482,3238,12
6483,3239,12
6484,3240,12
6485,3241,12
6486,3242,12
6487,3243,12
6488,3244,12
6489,3245,12
6490,3246,12
6491,3247,12
6492,3248,12
6493,3249,12
6494,3250,12
6495,3251,12
6496,3252,12
6497,3253,12
6498,3254,12
6499,3255,12
6500,3256,12
6501,3257,12
6502,3258,12
6503,3259,12
6504,3260,12
6505,3261,12
6506,3262,12
6507,3263,12
6508,3264,12
6509,3265,1
6510,3266,1
6511,3267,1
6512,3268,1
6513,3269,1
6514,3265,12
6515,3266,12
6516,3267,12
6517,3268,12
6518,3269,12
6519,3270,1
6520,3270,12
6521,3271,1
6522,3272,1
6523,3273,1
6524,3274,1
6525,3275,1
6526,3276,1
6527,3277,1
6528,3278,1
6529,3279,1
6530,3280,1
6531,3281,1
6532,3282,1
6533,3283,1
6534,3284,1
6535,3285,1
6536,3286,1
6537,3287,1
6538,3288,1
6539,3289,1
6540,3290,1
6541,3291,1
6542,3292,1
6543,3293,1
6544,3294,1
6545,3271,12
6546,3272,12
6547,3273,12
6548,3274,12
6549,3275,12
6550,3276,12
6551,3277,12
6552,3278,12
6553,3279,12
6554,3280,12
6555,3281,12
6556,3282,12
6557,3283,12
6558,3284,12
6559,3285,12
6560,3286,12
6561,3287,12
6562,3288,12
6563,3289,12
6564,3290,12
6565,3291,12
6566,3292,12
6567,3293,12
6568,3294,12
6569,3295,1
6570,3295,12
6571,3296,1
6572,3297,1
6573,3298,1
6574,3299,1
6575,3300,1
6576,3301,1
6577,3302,1
6578,3303,1
6579,3304,1
6580,3305,1
6581,3306,1
6582,3307,1
6583,3308,1
6584,3309,1
6585,3310,1
6586,3311,1
6587,3312,1
6588,3313,1
6589,3314,1
6590,3315,1
6591,3316,1
6592,3296,12
6593,3297,12
6594,3298,12
6595,3299,12
6596,3300,12
6597,3301,12
6598,3302,12
6599,3303,12
6600,3304,12
6601,3305,12
6602,3306,12
6603,3307,12
6604,3308,12
6605,3309,12
6606,3310,12
6607,3311,12
6608,3312,12
6609,3313,12
6610,3314,12
6611,3315,12
6612,3316,12
6613,3317,1
6614,3318,1
6615,3319,1
6616,3320,1
6617,3321,1
6618,3322,1
6619,3323,1
6620,3324,1
6621,3325,1
6622,3326,1
6623,3327,1
6624,3328,1
6625,3329,1
6626,3330,1
6627,3331,1
6628,3332,1
6629,3333,1
6630,3334,1
6631,3335,1
6632,3336,1
6633,3337,1
6634,3338,1
6635,3339,1
6636,3340,1
6637,3341,1
6638,3342,1
6639,3343,1
6640,3344,1
6641,3345,1
6642,3346,1
6643,3347,1
6644,3348,1
6645,3349,1
6646,3350,1
6647,3351,1
6648,3352,1
6649,3353,1
6650,3354,1
6651,3355,1
6652,3356,1
6653,3357,1
6654,3358,1
6655,3359,1
6656,3360,1
6657,3361,1
6658,3362,1
6659,3363,1
6660,3364,1
6661,3365,1
6662,3366,1
6663,3367,1
6664,3368,1
6665,3369,1
6666,3370,1
6667,3371,1
6668,3372,1
6669,3373,1
6670,3374,1
6671,3375,1
6672,3376,1
6673,3377,1
6674,3378,1
6675,3379,1
6676,3380,1
6677,3381,1
6678,3382,1
6679,3383,1
6680,3384,1
6681,3385,1
6682,3386,1
6683,3387,1
6684,3388,1
6685,3389,1
6686,3390,1
6687,3391,1
6688,3392,1
6689,3393,1
6690,3394,1
6691,3395,1
6692,3396,1
6693,3397,1
6694,3398,1
6695,3399,1
6696,3400,1
6697,3401,1
6698,3402,1
6699,3403,1
6700,3404,1
6701,3405,1
6702,3406,1
6703,3407,1
6704,3408,1
6705,3409,1
6706,3410,1
6707,3411,1
6708,3412,1
6709,3413,1
6710,3317,12
6711,3318,12
6712,3319,12
6713,3320,12
6714,3321,12
6715,3322,12
6716,3323,12
6717,3324,12
6718,3325,12
6719,3326,12
6720,3327,12
6721,3328,12
6722,3329,12
6723,3330,12
6724,3331,12
6725,3332,12
6726,3333,12
6727,3334,12
6728,3335,12
6729,3336,12
6730,3337,12
6731,3338,12
6732,3339,12
6733,3340,12
6734,3341,12
6735,3342,12
6736,3343,12
6737,3344,12
6738,3345,12
6739,3346,12
6740,3347,12
6741,3348,12
6742,3349,12
6743,3350,12
6744,3351,12
6745,3352,12
6746,3353,12
6747,3354,12
6748,3355,12
6749,3356,12
6750,3357,12
6751,3358,12
6752,3359,12
6753,3360,12
6754,3361,12
6755,3362,12
6756,3363,12
6757,3364,12
6758,3365,12
6759,3366,12
6760,3367,12
6761,3368,12
6762,3369,12
6763,3370,12
6764,3371,12
6765,3372,12
6766,3373,12
6767,3374,12
6768,3375,12
6769,3376,12
6770,3377,12
6771,3378,12
6772,3379,12
6773,3380,12
6774,3381,12
6775,3382,12
6776,3383,12
6777,3384,12
6778,3385,12
6779,3386,12
6780,3387,12
6781,3388,12
6782,3389,12
6783,3390,12
6784,3391,12
6785,3392,12
6786,3393,12
6787,3394,12
6788,3395,12
6789,3396,12
6790,3397,12
6791,3398,12
6792,3399,12
6793,3400,12
6794,3401,12
6795,3402,12
6796,3403,12
6797,3404,12
6798,3405,12
6799,3406,12
6800,3407,12
6801,3408,12
6802,3409,12
6803,3410,12
6804,3411,12
6805,3412,12
6806,3413,12
6807,3414,1
6808,3415,1
6809,3416,1
6810,3417,1
6811,3418,1
6812,3419,1
6813,3420,1
6814,3421,1
6815,3422,1
6816,3414,12
6817,3415,12
6818,3416,12
6819,3417,12
6820,3418,12
6821,3419,12
6822,3420,12
6823,3421,12
6824,3422,12
6825,3423,1
6826,3424,1
6827,3425,1
6828,3426,1
6829,3427,1
6830,3428,1
6831,3429,1
6832,3430,1
6833,3431,1
6834,3432,1
6835,3433,1
6836,3434,1
6837,3435,1
6838,3436,1
6839,3437,1
6840,3438,1
6841,3423,12
6842,3424,12
6843,3425,12
6844,3426,12
6845,3427,12
6846,3428,12
6847,3429,12
6848,3430,12
6849,3431,12
6850,3432,12
6851,3433,12
6852,3434,12
6853,3435,12
6854,3436,12
6855,3437,12
6856,3438,12
6857,3439,1
6858,3440,1
6859,3441,1
6860,3442,1
6861,3443,1
6862,3444,1
6863,3439,12
6864,3440,12
6865,3441,12
6866,3442,12
6867,3443,12
6868,3444,12
6869,3445,1
6870,3446,1
6871,3447,1
6872,3448,1
6873,3449,1
6874,3450,1
6875,3451,1
6876,3452,1
6877,3453,1
6878,3454,1
6879,3455,1
6880,3456,1
6881,3457,1
6882,3458,1
6883,3459,1
6884,3460,1
6885,3461,1
6886,3462,1
6887,3463,1
6888,3464,1
6889,3465,1
6890,3466,1
6891,3467,1
6892,3445,12
6893,3446,12
6894,3447,12
6895,3448,12
6896,3449,12
6897,3450,12
6898,3451,12
6899,3452,12
6900,3453,12
6901,3454,12
6902,3455,12
6903,3456,12
6904,3457,12
6905,3458,12
6906,3459,12
6907,3460,12
6908,3461,12
6909,3462,12
6910,3463,12
6911,3464,12
6912,3465,12
6913,3466,12
6914,3467,12
6915,3468,1
6916,3469,1
6917,3470,1
6918,3471,1
6919,3472,1
6920,3473,1
6921,3474,1
6922,3475,1
6923,3476,1
6924,3477,1
6925,3478,1
6926,3479,1
6927,3480,1
6928,3468,12
6929,3469,12
6930,3470,12
6931,3471,12
6932,3472,12
6933,3473,12
6934,3474,12
6935,3475,12
6936,3476,12
6937,3477,12
6938,3478,12
6939,3479,12
6940,3480,12
6941,3481,1
6942,3482,1
6943,3483,1
6944,3484,1
6945,3485,1
6946,3486,1
6947,3487,1
6948,3488,1
6949,3481,12
6950,3482,12
6951,3483,12
6952,3484,12
6953,3485,12
6954,3486,12
6955,3487,12
6956,3488,12
6957,3489,1
6958,3490,1
6959,3491,1
6960,3492,1
6961,3493,1
6962,3494,1
6963,3495,1
6964,3496,1
6965,3489,12
6966,3490,12
6967,3491,12
6968,3492,12
6969,3493,12
6970,3494,12
6971,3495,12
6972,3496,12
6973,3497,1
6974,3498,1
6975,3499,1
6976,3500,1
6977,3501,1
6978,3502,1
6979,3503,1
6980,3504,1
6981,3505,1
6982,3497,12
6983,3498,12
6984,3499,12
6985,3500,12
6986,3501,12
6987,3502,12
6988,3503,12
6989,3504,12
6990,3505,12
6991,3506,1
6992,3507,1
6993,3508,1
6994,3509,1
6995,3510,1
6996,3511,1
6997,3512,1
6998,3513,1
6999,3514,1
7000,3515,1
7001,3516,1
7002,3517,1
7003,3506,12
7004,3507,12
7005,3508,12
7006,3509,12
7007,3510,12
7008,3511,12
7009,3512,12
7010,3513,12
7011,3514,12
7012,3515,12
7013,3516,12
7014,3517,12
7015,3518,1
7016,3519,1
7017,3520,1
7018,3521,1
7019,3522,1
7020,3523,1
7021,3524,1
7022,3525,1
7023,3526,1
7024,3527,1
7025,3528,1
7026,3529,1
7027,3530,1
7028,3531,1
7029,3532,1
7030,3533,1
7031,3534,1
7032,3535,1
7033,3536,1
7034,3537,1
7035,3538,1
7036,3539,1
7037,3540,1
7038,3541,1
7039,3542,1
7040,3543,1
7041,3544,1
7042,3545,1
7043,3546,1
7044,3547,1
7045,3548,1
7046,3549,1
7047,3550,1
7048,3551,1
7049,3552,1
7050,3553,1
7051,3554,1
7052,3555,1
7053,3556,1
7054,3557,1
7055,3558,1
7056,3559,1
7057,3560,1
7058,3561,1
7059,3562,1
7060,3563,1
7061,3564,1
7062,3565,1
7063,3566,1
7064,3567,1
7065,3568,1
7066,3569,1
7067,3570,1
7068,3571,1
7069,3572,1
7070,3573,1
7071,3574,1
7072,3575,1
7073,3576,1
7074,3577,1
7075,3578,1
7076,3579,1
7077,3580,1
7078,3581,1
7079,3582,1
7080,3583,1
7081,3584,1
7082,3585,1
7083,3586,1
7084,3587,1
7085,3588,1
7086,3589,1
7087,3590,1
7088,3591,1
7089,3592,1
7090,3593,1
7091,3594,1
7092,3595,1
7093,3596,1
7094,3597,1
7095,3598,1
7096,3599,1
7097,3600,1
7098,3601,1
7099,3602,1
7100,3603,1
7101,3604,1
7102,3605,1
7103,3606,1
7104,3607,1
7105,3608,1
7106,3609,1
7107,3610,1
7108,3611,1
7109,3612,1
7110,3613,1
7111,3614,1
7112,3615,1
7113,3616,1
7114,3617,1
7115,3618,1
7116,3619,1
7117,3620,1
7118,3621,1
7119,3622,1
7120,3623,1
7121,3624,1
7122,3625,1
7123,3626,1
7124,3627,1
7125,3628,1
7126,3629,1
7127,3630,1
7128,3631,1
7129,3632,1
7130,3633,1
7131,3634,1
7132,3635,1
7133,3636,1
7134,3637,1
7135,3638,1
7136,3639,1
7137,3640,1
7138,3641,1
7139,3642,1
7140,3643,1
7141,3644,1
7142,3645,1
7143,3646,1
7144,3647,1
7145,3648,1
7146,3649,1
7147,3650,1
7148,3651,1
7149,3652,1
7150,3653,1
7151,3518,12
7152,3519,12
7153,3520,12
7154,3521,12
7155,3522,12
7156,3523,12
7157,3524,12
7158,3525,12
7159,3526,12
7160,3527,12
7161,3528,12
7162,3529,12
7163,3530,12
7164,3531,12
7165,3532,12
7166,3533,12
7167,3534,12
7168,3535,12
7169,3536,12
7170,3537,12
7171,3538,12
7172,3539,12
7173,3540,12
7174,3541,12
7175,3542,12
7176,3543,12
7177,3544,12
7178,3545,12
7179,3546,12
7180,3547,12
7181,3548,12
7182,3549,12
7183,3550,12
7184,3551,12
7185,3552,12
7186,3553,12
7187,3554,12
7188,3555,12
7189,3556,12
7190,3557,12
7191,3558,12
7192,3559,12
7193,3560,12
7194,3561,12
7195,3562,12
7196,3563,12
7197,3564,12
7198,3565,12
7199,3566,12
7200,3567,12
7201,3568,12
7202,3569,12
7203,3570,12
7204,3571,12
7205,3572,12
7206,3573,12
7207,3574,12
7208,3575,12
7209,3576,12
7210,3577,12
7211,3578,12
7212,3579,12
7213,3580,12
7214,3581,12
7215,3582,12
7216,3583,12
7217,3584,12
7218,3585,12
7219,3586,12
7220,3587,12
7221,3588,12
7222,3589,12
7223,3590,12
7224,3591,12
7225,3592,12
7226,3593,12
7227,3594,12
7228,3595,12
7229,3596,12
7230,3597,12
7231,3598,12
7232,3599,12
7233,3600,12
7234,3601,12
7235,3602,12
7236,3603,12
7237,3604,12
7238,3605,12
7239,3606,12
7240,3607,12
7241,3608,12
7242,3609,12
7243,3610,12
7244,3611,12
7245,3612,12
7246,3613,12
7247,3614,12
7248,3615,12
7249,3616,12
7250,3617,12
7251,3618,12
7252,3619,12
7253,3620,12
7254,3621,12
7255,3622,12
7256,3623,12
7257,3624,12
7258,3625,12
7259,3626,12
7260,3627,12
7261,3628,12
7262,3629,12
7263,3630,12
7264,3631,12
7265,3632,12
7266,3633,12
7267,3634,12
7268,3635,12
7269,3636,12
7270,3637,12
7271,3638,12
7272,3639,12
7273,3640,12
7274,3641,12
7275,3642,12
7276,3643,12
7277,3644,12
7278,3645,12
7279,3646,12
7280,3647,12
7281,3648,12
7282,3649,12
7283,3650,12
7284,3651,12
7285,3652,12
7286,3653,12
7287,3654,1
7288,3655,1
7289,3656,1
7290,3654,12
7291,3655,12
7292,3656,12
7293,3657,1
7294,3658,1
7295,3659,1
7296,3660,1
7297,3661,1
7298,3662,1
7299,3663,1
7300,3664,1
7301,3665,1
7302,3666,1
7303,3667,1
7304,3668,1
7305,3669,1
7306,3670,1
7307,3671,1
7308,3672,1
7309,3673,1
7310,3674,1
7311,3675,1
7312,3676,1
7313,3677,1
7314,3678,1
7315,3679,1
7316,3680,1
7317,3681,1
7318,3682,1
7319,3683,1
7320,3684,1
7321,3685,1
7322,3686,1
7323,3687,1
7324,3688,1
7325,3689,1
7326,3690,1
7327,3691,1
7328,3692,1
7329,3693,1
7330,3694,1
7331,3695,1
7332,3696,1
7333,3697,1
7334,3698,1
7335,3699,1
7336,3700,1
7337,3701,1
7338,3702,1
7339,3703,1
7340,3704,1
7341,3705,1
7342,3706,1
7343,3707,1
7344,3708,1
7345,3709,1
7346,3710,1
7347,3711,1
7348,3712,1
7349,3713,1
7350,3714,1
7351,3715,1
7352,3716,1
7353,3717,1
7354,3718,1
7355,3719,1
7356,3720,1
7357,3721,1
7358,3722,1
7359,3723,1
7360,3724,1
7361,3725,1
7362,3726,1
7363,3727,1
7364,3728,1
7365,3729,1
7366,3730,1
7367,3731,1
7368,3732,1
7369,3733,1
7370,3734,1
7371,3735,1
7372,3736,1
7373,3737,1
7374,3738,1
7375,3739,1
7376,3740,1
7377,3741,1
7378,3742,1
7379,3743,1
7380,3744,1
7381,3745,1
7382,3746,1
7383,3747,1
7384,3748,1
7385,3749,1
7386,3750,1
7387,3751,1
7388,3752,1
7389,3753,1
7390,3754,1
7391,3755,1
7392,3756,1
7393,3757,1
7394,3758,1
7395,3759,1
7396,3760,1
7397,3761,1
7398,3657,12
7399,3658,12
7400,3659,12
7401,3660,12
7402,3661,12
7403,3662,12
7404,3663,12
7405,3664,12
7406,3665,12
7407,3666,12
7408,3667,12
7409,3668,12
7410,3669,12
7411,3670,12
7412,3671,12
7413,3672,12
7414,3673,12
7415,3674,12
7416,3675,12
7417,3676,12
7418,3677,12
7419,3678,12
7420,3679,12
7421,3680,12
7422,3681,12
7423,3682,12
7424,3683,12
7425,3684,12
7426,3685,12
7427,3686,12
7428,3687,12
7429,3688,12
7430,3689,12
7431,3690,12
7432,3691,12
7433,3692,12
7434,3693,12
7435,3694,12
7436,3695,12
7437,3696,12
7438,3697,12
7439,3698,12
7440,3699,12
7441,3700,12
7442,3701,12
7443,3702,12
7444,3703,12
7445,3704,12
7446,3705,12
7447,3706,12
7448,3707,12
7449,3708,12
7450,3709,12
7451,3710,12
7452,3711,12
7453,3712,12
7454,3713,12
7455,3714,12
7456,3715,12
7457,3716,12
7458,3717,12
7459,3718,12
7460,3719,12
7461,3720,12
7462,3721,12
7463,3722,12
7464,3723,12
7465,3724,12
7466,3725,12
7467,3726,12
7468,3727,12
7469,3728,12
7470,3729,12
7471,3730,12
7472,3731,12
7473,3732,12
7474,3733,12
7475,3734,12
7476,3735,12
7477,3736,12
7478,3737,12
7479,3738,12
7480,3739,12
7481,3740,12
7482,3741,12
7483,3742,12
7484,3743,12
7485,3744,12
7486,3745,12
7487,3746,12
7488,3747,12
7489,3748,12
7490,3749,12
7491,3750,12
7492,3751,12
7493,3752,12
7494,3753,12
7495,3754,12
7496,3755,12
7497,3756,12
7498,3757,12
7499,3758,12
7500,3759,12
7501,3760,12
7502,3761,12
7503,3762,1
7504,3763,1
7505,3764,1
7506,3765,1
7507,3766,1
7508,3767,1
7509,3768,1
7510,3769,1
7511,3770,1
7512,3771,1
7513,3772,1
7514,3773,1
7515,3774,1
7516,3775,1
7517,3776,1
7518,3777,1
7519,3778,1
7520,3779,1
7521,3780,1
7522,3781,1
7523,3782,1
7524,3783,1
7525,3784,1
7526,3785,1
7527,3786,1
7528,3787,1
7529,3788,1
7530,3789,1
7531,3790,1
7532,3791,1
7533,3792,1
7534,3793,1
7535,3794,1
7536,3795,1
7537,3796,1
7538,3797,1
7539,3798,1
7540,3799,1
7541,3800,1
7542,3801,1
7543,3762,12
7544,3763,12
7545,3764,12
7546,3765,12
7547,3766,12
7548,3767,12
7549,3768,12
7550,3769,12
7551,3770,12
7552,3771,12
7553,3772,12
7554,3773,12
7555,3774,12
7556,3775,12
7557,3776,12
7558,3777,12
7559,3778,12
7560,3779,12
7561,3780,12
7562,3781,12
7563,3782,12
7564,3783,12
7565,3784,12
7566,3785,12
7567,3786,12
7568,3787,12
7569,3788,12
7570,3789,12
7571,3790,12
7572,3791,12
7573,3792,12
7574,3793,12
7575,3794,12
7576,3795,12
7577,3796,12
7578,3797,12
7579,3798,12
7580,3799,12
7581,3800,12
7582,3801,12
7583,3802,1
7584,3803,1
7585,3804,1
7586,3805,1
7587,3806,1
7588,3807,1
7589,3808,1
7590,3809,1
7591,3810,1
7592,3811,1
7593,3812,1
7594,3813,1
7595,3814,1
7596,3815,1
7597,3816,1
7598,3817,1
7599,3818,1
7600,3819,1
7601,3820,1
7602,3821,1
7603,3822,1
7604,3823,1
7605,3824,1
7606,3825,1
7607,3826,1
7608,3827,1
7609,3828,1
7610,3829,1
7611,3830,1
7612,3831,1
7613,3832,1
7614,3833,1
7615,3834,1
7616,3835,1
7617,3836,1
7618,3837,1
7619,3838,1
7620,3839,1
7621,3840,1
7622,3841,1
7623,3842,1
7624,3843,1
7625,3844,1
7626,3845,1
7627,3846,1
7628,3847,1
7629,3848,1
7630,3849,1
7631,3802,12
7632,3803,12
7633,3804,12
7634,3805,12
7635,3806,12
7636,3807,12
7637,3808,12
7638,3809,12
7639,3810,12
7640,3811,12
7641,3812,12
7642,3813,12
7643,3814,12
7644,3815,12
7645,3816,12
7646,3817,12
7647,3818,12
7648,3819,12
7649,3820,12
7650,3821,12
7651,3822,12
7652,3823,12
7653,3824,12
7654,3825,12
7655,3826,12
7656,3827,12
7657,3828,12
7658,3829,12
7659,3830,12
7660,3831,12
7661,3832,12
7662,3833,12
7663,3834,12
7664,3835,12
7665,3836,12
7666,3837,12
7667,3838,12
7668,3839,12
7669,3840,12
7670,3841,12
7671,3842,12
7672,3843,12
7673,3844,12
7674,3845,12
7675,3846,12
7676,3847,12
7677,3848,12
7678,3849,12
7679,3850,1
7680,3851,1
7681,3852,1
7682,3853,1
7683,3854,1
7684,3855,1
7685,3856,1
7686,3857,1
7687,3858,1
7688,3859,1
7689,3860,1
7690,3861,1
7691,3862,1
7692,3863,1
7693,3864,1
7694,3865,1
7695,3866,1
7696,3867,1
7697,3868,1
7698,3869,1
7699,3870,1
7700,3871,1
7701,3872,1
7702,3873,1
7703,3874,1
7704,3875,1
7705,3876,1
7706,3877,1
7707,3878,1
7708,3879,1
7709,3880,1
7710,3881,1
7711,3882,1
7712,3883,1
7713,3884,1
7714,3885,1
7715,3886,1
7716,3887,1
7717,3888,1
7718,3889,1
7719,3890,1
7720,3891,1
7721,3892,1
7722,3893,1
7723,3894,1
7724,3895,1
7725,3896,1
7726,3897,1
7727,3898,1
7728,3899,1
7729,3900,1
7730,3901,1
7731,3902,1
7732,3903,1
7733,3904,1
7734,3905,1
7735,3906,1
7736,3907,1
7737,3908,1
7738,3909,1
7739,3910,1
7740,3911,1
7741,3912,1
7742,3913,1
7743,3914,1
7744,3915,1
7745,3916,1
7746,3917,1
7747,3918,1
7748,3919,1
7749,3920,1
7750,3921,1
7751,3922,1
7752,3923,1
7753,3924,1
7754,3925,1
7755,3926,1
7756,3927,1
7757,3928,1
7758,3929,1
7759,3930,1
7760,3931,1
7761,3932,1
7762,3933,1
7763,3934,1
7764,3935,1
7765,3936,1
7766,3937,1
7767,3938,1
7768,3939,1
7769,3940,1
7770,3941,1
7771,3942,1
7772,3943,1
7773,3944,1
7774,3945,1
7775,3946,1
7776,3947,1
7777,3948,1
7778,3949,1
7779,3950,1
7780,3951,1
7781,3952,1
7782,3953,1
7783,3954,1
7784,3955,1
7785,3956,1
7786,3957,1
7787,3850,12
7788,3851,12
7789,3852,12
7790,3853,12
7791,3854,12
7792,3855,12
7793,3856,12
7794,3857,12
7795,3858,12
7796,3859,12
7797,3860,12
7798,3861,12
7799,3862,12
7800,3863,12
7801,3864,12
7802,3865,12
7803,3866,12
7804,3867,12
7805,3868,12
7806,3869,12
7807,3870,12
7808,3871,12
7809,3872,12
7810,3873,12
7811,3874,12
7812,3875,12
7813,3876,12
7814,3877,12
7815,3878,12
7816,3879,12
7817,3880,12
7818,3881,12
7819,3882,12
7820,3883,12
7821,3884,12
7822,3885,12
7823,3886,12
7824,3887,12
7825,3888,12
7826,3889,12
7827,3890,12
7828,3891,12
7829,3892,12
7830,3893,12
7831,3894,12
7832,3895,12
7833,3896,12
7834,3897,12
7835,3898,12
7836,3899,12
7837,3900,12
7838,3901,12
7839,3902,12
7840,3903,12
7841,3904,12
7842,3905,12
7843,3906,12
7844,3907,12
7845,3908,12
7846,3909,12
7847,3910,12
7848,3911,12
7849,3912,12
7850,3913,12
7851,3914,12
7852,3915,12
7853,3916,12
7854,3917,12
7855,3918,12
7856,3919,12
7857,3920,12
7858,3921,12
7859,3922,12
7860,3923,12
7861,3924,12
7862,3925,12
7863,3926,12
7864,3927,12
7865,3928,12
7866,3929,12
7867,3930,12
7868,3931,12
7869,3932,12
7870,3933,12
7871,3934,12
7872,3935,12
7873,3936,12
7874,3937,12
7875,3938,12
7876,3939,12
7877,3940,12
7878,3941,12
7879,3942,12
7880,3943,12
7881,3944,12
7882,3945,12
7883,3946,12
7884,3947,12
7885,3948,12
7886,3949,12
7887,3950,12
7888,3951,12
7889,3952,12
7890,3953,12
7891,3954,12
7892,3955,12
7893,3956,12
7894,3957,12
7895,3958,1
7896,3959,1
7897,3960,1
7898,3961,1
7899,3962,1
7900,3963,1
7901,3964,1
7902,3965,1
7903,3966,1
7904,3967,1
7905,3968,1
7906,3969,1
7907,3970,1
7908,3971,1
7909,3972,1
7910,3973,1
7911,3974,1
7912,3975,1
7913,3976,1
7914,3977,1
7915,3978,1
7916,3979,1
7917,3980,1
7918,3981,1
7919,3982,1
7920,3983,1
7921,3984,1
7922,3985,1
7923,3986,1
7924,3987,1
7925,3988,1
7926,3989,1
7927,3990,1
7928,3991,1
7929,3992,1
7930,3993,1
7931,3994,1
7932,3995,1
7933,3996,1
7934,3997,1
7935,3998,1
7936,3999,1
7937,4000,1
7938,4001,1
7939,4002,1
7940,4003,1
7941,4004,1
7942,4005,1
7943,4006,1
7944,4007,1
7945,4008,1
7946,4009,1
7947,4010,1
7948,4011,1
7949,4012,1
7950,4013,1
7951,4014,1
7952,4015,1
7953,4016,1
7954,4017,1
7955,4018,1
7956,4019,1
7957,4020,1
7958,4021,1
7959,4022,1
7960,4023,1
7961,4024,1
7962,4025,1
7963,4026,1
7964,4027,1
7965,4028,1
7966,4029,1
7967,4030,1
7968,4031,1
7969,4032,1
7970,4033,1
7971,4034,1
7972,4035,1
7973,4036,1
7974,4037,1
7975,4038,1
7976,4039,1
7977,4040,1
7978,4041,1
7979,4042,1
7980,4043,1
7981,4044,1
7982,4045,1
7983,4046,1
7984,4047,1
7985,4048,1
7986,4049,1
7987,3958,12
7988,3959,12
7989,3960,12
7990,3961,12
7991,3962,12
7992,3963,12
7993,3964,12
7994,3965,12
7995,3966,12
7996,3967,12
7997,3968,12
7998,3969,12
7999,3970,12
8000,3971,12
8001,3972,12
8002,3973,12
8003,3974,12
8004,3975,12
8005,3976,12
8006,3977,12
8007,3978,12
8008,3979,12
8009,3980,12
8010,3981,12
8011,3982,12
8012,3983,12
8013,3984,12
8014,3985,12
8015,3986,12
8016,3987,12
8017,3988,12
8018,3989,12
8019,3990,12
8020,3991,12
8021,3992,12
8022,3993,12
8023,3994,12
8024,3995,12
8025,3996,12
8026,3997,12
8027,3998,12
8028,3999,12
8029,4000,12
8030,4001,12
8031,4002,12
8032,4003,12
8033,4004,12
8034,4005,12
8035,4006,12
8036,4007,12
8037,4008,12
8038,4009,12
8039,4010,12
8040,4011,12
8041,4012,12
8042,4013,12
8043,4014,12
8044,4015,12
8045,4016,12
8046,4017,12
8047,4018,12
8048,4019,12
8049,4020,12
8050,4021,12
8051,4022,12
8052,4023,12
8053,4024,12
8054,4025,12
8055,4026,12
8056,4027,12
8057,4028,12
8058,4029,12
8059,4030,12
8060,4031,12
8061,4032,12
8062,4033,12
8063,4034,12
8064,4035,12
8065,4036,12
8066,4037,12
8067,4038,12
8068,4039,12
8069,4040,12
8070,4041,12
8071,4042,12
8072,4043,12
8073,4044,12
8074,4045,12
8075,4046,12
8076,4047,12
8077,4048,12
8078,4049,12
8079,4050,1
8080,4051,1
8081,4052,1
8082,4050,12
8083,4051,12
8084,4052,12
8085,4053,1
8086,4054,1
8087,4055,1
8088,4056,1
8089,4057,1
8090,4058,1
8091,4059,1
8092,4060,1
8093,4061,1
8094,4062,1
8095,4063,1
8096,4064,1
8097,4065,1
8098,4066,1
8099,4067,1
8100,4068,1
8101,4069,1
8102,4070,1
8103,4053,12
8104,4054,12
8105,4055,12
8106,4056,12
8107,4057,12
8108,4058,12
8109,4059,12
8110,4060,12
8111,4061,12
8112,4062,12
8113,4063,12
8114,4064,12
8115,4065,12
8116,4066,12
8117,4067,12
8118,4068,12
8119,4069,12
8120,4070,12
8121,4071,1
8122,4072,1
8123,4071,12
8124,4072,12
8125,4073,1
8126,4074,1
8127,4075,1
8128,4076,1
8129,4073,12
8130,4074,12
8131,4075,12
8132,4076,12
8133,4077,1
8134,4078,1
8135,4079,1
8136,4080,1
8137,4081,1
8138,4082,1
8139,4083,1
8140,4084,1
8141,4085,1
8142,4086,1
8143,4087,1
8144,4088,1
8145,4089,1
8146,4090,1
8147,4091,1
8148,4092,1
8149,4093,1
8150,4094,1
8151,4095,1
8152,4096,1
8153,4097,1
8154,4098,1
8155,4099,1
8156,4100,1
8157,4101,1
8158,4102,1
8159,4103,1
8160,4104,1
8161,4105,1
8162,4106,1
8163,4107,1
8164,4108,1
8165,4109,1
8166,4110,1
8167,4111,1
8168,4112,1
8169,4113,1
8170,4114,1
8171,4115,1
8172,4116,1
8173,4117,1
8174,4118,1
8175,4119,1
8176,4120,1
8177,4121,1
8178,4122,1
8179,4123,1
8180,4124,1
8181,4125,1
8182,4126,1
8183,4127,1
8184,4128,1
8185,4129,1
8186,4130,1
8187,4131,1
8188,4132,1
8189,4133,1
8190,4134,1
8191,4135,1
8192,4136,1
8193,4137,1
8194,4138,1
8195,4139,1
8196,4140,1
8197,4141,1
8198,4142,1
8199,4143,1
8200,4144,1
8201,4145,1
8202,4146,1
8203,4147,1
8204,4148,1
8205,4149,1
8206,4150,1
8207,4151,1
8208,4152,1
8209,4153,1
8210,4154,1
8211,4155,1
8212,4156,1
8213,4157,1
8214,4158,1
8215,4159,1
8216,4160,1
8217,4161,1
8218,4162,1
8219,4163,1
8220,4164,1
8221,4165,1
8222,4166,1
8223,4167,1
8224,4168,1
8225,4169,1
8226,4170,1
8227,4171,1
8228,4172,1
8229,4173,1
8230,4174,1
8231,4175,1
8232,4176,1
8233,4177,1
8234,4178,1
8235,4179,1
8236,4180,1
8237,4181,1
8238,4182,1
8239,4183,1
8240,4184,1
8241,4185,1
8242,4186,1
8243,4187,1
8244,4188,1
8245,4189,1
8246,4190,1
8247,4191,1
8248,4192,1
8249,4193,1
8250,4194,1
8251,4195,1
8252,4196,1
8253,4197,1
8254,4198,1
8255,4199,1
8256,4200,1
8257,4201,1
8258,4202,1
8259,4203,1
8260,4204,1
8261,4205,1
8262,4206,1
8263,4207,1
8264,4208,1
8265,4209,1
8266,4210,1
8267,4211,1
8268,4212,1
8269,4213,1
8270,4214,1
8271,4215,1
8272,4216,1
8273,4217,1
8274,4218,1
8275,4219,1
8276,4220,1
8277,4221,1
8278,4222,1
8279,4223,1
8280,4224,1
8281,4225,1
8282,4226,1
8283,4227,1
8284,4228,1
8285,4229,1
8286,4230,1
8287,4231,1
8288,4232,1
8289,4233,1
8290,4234,1
8291,4235,1
8292,4236,1
8293,4237,1
8294,4238,1
8295,4239,1
8296,4240,1
8297,4241,1
8298,4242,1
8299,4243,1
8300,4244,1
8301,4245,1
8302,4246,1
8303,4247,1
8304,4248,1
8305,4249,1
8306,4250,1
8307,4251,1
8308,4252,1
8309,4253,1
8310,4254,1
8311,4255,1
8312,4256,1
8313,4257,1
8314,4258,1
8315,4259,1
8316,4260,1
8317,4261,1
8318,4262,1
8319,4263,1
8320,4264,1
8321,4265,1
8322,4266,1
8323,4267,1
8324,4268,1
8325,4269,1
8326,4270,1
8327,4271,1
8328,4272,1
8329,4273,1
8330,4274,1
8331,4275,1
8332,4276,1
8333,4277,1
8334,4278,1
8335,4279,1
8336,4280,1
8337,4281,1
8338,4282,1
8339,4283,1
8340,4284,1
8341,4285,1
8342,4286,1
8343,4287,1
8344,4288,1
8345,4289,1
8346,4290,1
8347,4291,1
8348,4292,1
8349,4293,1
8350,4294,1
8351,4295,1
8352,4296,1
8353,4297,1
8354,4298,1
8355,4299,1
8356,4300,1
8357,4301,1
8358,4302,1
8359,4303,1
8360,4304,1
8361,4305,1
8362,4306,1
8363,4307,1
8364,4308,1
8365,4309,1
8366,4310,1
8367,4311,1
8368,4312,1
8369,4313,1
8370,4314,1
8371,4315,1
8372,4316,1
8373,4317,1
8374,4318,1
8375,4319,1
8376,4320,1
8377,4321,1
8378,4322,1
8379,4323,1
8380,4324,1
8381,4325,1
8382,4326,1
8383,4327,1
8384,4328,1
8385,4329,1
8386,4330,1
8387,4331,1
8388,4332,1
8389,4333,1
8390,4334,1
8391,4335,1
8392,4336,1
8393,4337,1
8394,4338,1
8395,4339,1
8396,4340,1
8397,4341,1
8398,4342,1
8399,4343,1
8400,4344,1
8401,4345,1
8402,4346,1
8403,4347,1
8404,4348,1
8405,4349,1
8406,4350,1
8407,4351,1
8408,4352,1
8409,4353,1
8410,4354,1
8411,4355,1
8412,4356,1
8413,4357,1
8414,4358,1
8415,4359,1
8416,4360,1
8417,4361,1
8418,4362,1
8419,4363,1
8420,4364,1
8421,4365,1
8422,4366,1
8423,4367,1
8424,4368,1
8425,4369,1
8426,4370,1
8427,4371,1
8428,4372,1
8429,4373,1
8430,4374,1
8431,4375,1
8432,4376,1
8433,4377,1
8434,4378,1
8435,4379,1
8436,4380,1
8437,4381,1
8438,4382,1
8439,4383,1
8440,4384,1
8441,4385,1
8442,4386,1
8443,4387,1
8444,4388,1
8445,4389,1
8446,4390,1
8447,4391,1
8448,4392,1
8449,4393,1
8450,4394,1
8451,4395,1
8452,4396,1
8453,4397,1
8454,4398,1
8455,4399,1
8456,4400,1
8457,4401,1
8458,4402,1
8459,4403,1
8460,4404,1
8461,4405,1
8462,4406,1
8463,4407,1
8464,4408,1
8465,4409,1
8466,4410,1
8467,4411,1
8468,4412,1
8469,4413,1
8470,4414,1
8471,4415,1
8472,4416,1
8473,4417,1
8474,4418,1
8475,4419,1
8476,4420,1
8477,4421,1
8478,4422,1
8479,4423,1
8480,4424,1
8481,4425,1
8482,4426,1
8483,4427,1
8484,4428,1
8485,4429,1
8486,4430,1
8487,4431,1
8488,4432,1
8489,4433,1
8490,4434,1
8491,4435,1
8492,4436,1
8493,4437,1
8494,4438,1
8495,4439,1
8496,4440,1
8497,4441,1
8498,4442,1
8499,4443,1
8500,4444,1
8501,4445,1
8502,4446,1
8503,4447,1
8504,4448,1
8505,4449,1
8506,4450,1
8507,4451,1
8508,4452,1
8509,4453,1
8510,4454,1
8511,4455,1
8512,4456,1
8513,4457,1
8514,4458,1
8515,4459,1
8516,4460,1
8517,4461,1
8518,4462,1
8519,4463,1
8520,4464,1
8521,4465,1
8522,4466,1
8523,4467,1
8524,4468,1
8525,4469,1
8526,4470,1
8527,4471,1
8528,4472,1
8529,4473,1
8530,4474,1
8531,4475,1
8532,4476,1
8533,4477,1
8534,4478,1
8535,4479,1
8536,4480,1
8537,4481,1
8538,4482,1
8539,4483,1
8540,4484,1
8541,4485,1
8542,4486,1
8543,4487,1
8544,4488,1
8545,4489,1
8546,4490,1
8547,4491,1
8548,4492,1
8549,4493,1
8550,4494,1
8551,4495,1
8552,4496,1
8553,4497,1
8554,4498,1
8555,4499,1
8556,4500,1
8557,4501,1
8558,4502,1
8559,4503,1
8560,4504,1
8561,4505,1
8562,4506,1
8563,4507,1
8564,4508,1
8565,4509,1
8566,4510,1
8567,4511,1
8568,4512,1
8569,4513,1
8570,4514,1
8571,4515,1
8572,4516,1
8573,4517,1
8574,4518,1
8575,4519,1
8576,4520,1
8577,4521,1
8578,4522,1
8579,4523,1
8580,4524,1
8581,4525,1
8582,4526,1
8583,4527,1
8584,4528,1
8585,4529,1
8586,4530,1
8587,4531,1
8588,4532,1
8589,4533,1
8590,4534,1
8591,4535,1
8592,4536,1
8593,4537,1
8594,4538,1
8595,4539,1
8596,4540,1
8597,4541,1
8598,4542,1
8599,4543,1
8600,4544,1
8601,4545,1
8602,4546,1
8603,4547,1
8604,4548,1
8605,4549,1
8606,4550,1
8607,4551,1
8608,4552,1
8609,4553,1
8610,4554,1
8611,4555,1
8612,4556,1
8613,4557,1
8614,4558,1
8615,4559,1
8616,4560,1
8617,4561,1
8618,4562,1
8619,4563,1
8620,4564,1
8621,4565,1
8622,4566,1
8623,4567,1
8624,4568,1
8625,4569,1
8626,4570,1
8627,4571,1
8628,4572,1
8629,4573,1
8630,4574,1
8631,4575,1
8632,4576,1
8633,4577,1
8634,4578,1
8635,4579,1
8636,4580,1
8637,4581,1
8638,4582,1
8639,4583,1
8640,4584,1
8641,4585,1
8642,4077,12
8643,4078,12
8644,4079,12
8645,4080,12
8646,4081,12
8647,4082,12
8648,4083,12
8649,4084,12
8650,4085,12
8651,4086,12
8652,4087,12
8653,4088,12
8654,4089,12
8655,4090,12
8656,4091,12
8657,4092,12
8658,4093,12
8659,4094,12
8660,4095,12
8661,4096,12
8662,4097,12
8663,4098,12
8664,4099,12
8665,4100,12
8666,4101,12
8667,4102,12
8668,4103,12
8669,4104,12
8670,4105,12
8671,4106,12
8672,4107,12
8673,4108,12
8674,4109,12
8675,4110,12
8676,4111,12
8677,4112,12
8678,4113,12
8679,4114,12
8680,4115,12
8681,4116,12
8682,4117,12
8683,4118,12
8684,4119,12
8685,4120,12
8686,4121,12
8687,4122,12
8688,4123,12
8689,4124,12
8690,4125,12
8691,4126,12
8692,4127,12
8693,4128,12
8694,4129,12
8695,4130,12
8696,4131,12
8697,4132,12
8698,4133,12
8699,4134,12
8700,4135,12
8701,4136,12
8702,4137,12
8703,4138,12
8704,4139,12
8705,4140,12
8706,4141,12
8707,4142,12
8708,4143,12
8709,4144,12
8710,4145,12
8711,4146,12
8712,4147,12
8713,4148,12
8714,4149,12
8715,4150,12
8716,4151,12
8717,4152,12
8718,4153,12
8719,4154,12
8720,4155,12
8721,4156,12
8722,4157,12
8723,4158,12
8724,4159,12
8725,4160,12
8726,4161,12
8727,4162,12
8728,4163,12
8729,4164,12
8730,4165,12
8731,4166,12
8732,4167,12
8733,4168,12
8734,4169,12
8735,4170,12
8736,4171,12
8737,4172,12
8738,4173,12
8739,4174,12
8740,4175,12
8741,4176,12
8742,4177,12
8743,4178,12
8744,4179,12
8745,4180,12
8746,4181,12
8747,4182,12
8748,4183,12
8749,4184,12
8750,4185,12
8751,4186,12
8752,4187,12
8753,4188,12
8754,4189,12
8755,4190,12
8756,4191,12
8757,4192,12
8758,4193,12
8759,4194,12
8760,4195,12
8761,4196,12
8762,4197,12
8763,4198,12
8764,4199,12
8765,4200,12
8766,4201,12
8767,4202,12
8768,4203,12
8769,4204,12
8770,4205,12
8771,4206,12
8772,4207,12
8773,4208,12
8774,4209,12
8775,4210,12
8776,4211,12
8777,4212,12
8778,4213,12
8779,4214,12
8780,4215,12
8781,4216,12
8782,4217,12
8783,4218,12
8784,4219,12
8785,4220,12
8786,4221,12
8787,4222,12
8788,4223,12
8789,4224,12
8790,4225,12
8791,4226,12
8792,4227,12
8793,4228,12
8794,4229,12
8795,4230,12
8796,4231,12
8797,4232,12
8798,4233,12
8799,4234,12
8800,4235,12
8801,4236,12
8802,4237,12
8803,4238,12
8804,4239,12
8805,4240,12
8806,4241,12
8807,4242,12
8808,4243,12
8809,4244,12
8810,4245,12
8811,4246,12
8812,4247,12
8813,4248,12
8814,4249,12
8815,4250,12
8816,4251,12
8817,4252,12
8818,4253,12
8819,4254,12
8820,4255,12
8821,4256,12
8822,4257,12
8823,4258,12
8824,4259,12
8825,4260,12
8826,4261,12
8827,4262,12
8828,4263,12
8829,4264,12
8830,4265,12
8831,4266,12
8832,4267,12
8833,4268,12
8834,4269,12
8835,4270,12
8836,4271,12
8837,4272,12
8838,4273,12
8839,4274,12
8840,4275,12
8841,4276,12
8842,4277,12
8843,4278,12
8844,4279,12
8845,4280,12
8846,4281,12
8847,4282,12
8848,4283,12
8849,4284,12
8850,4285,12
8851,4286,12
8852,4287,12
8853,4288,12
8854,4289,12
8855,4290,12
8856,4291,12
8857,4292,12
8858,4293,12
8859,4294,12
8860,4295,12
8861,4296,12
8862,4297,12
8863,4298,12
8864,4299,12
8865,4300,12
8866,4301,12
8867,4302,12
8868,4303,12
8869,4304,12
8870,4305,12
8871,4306,12
8872,4307,12
8873,4308,12
8874,4309,12
8875,4310,12
8876,4311,12
8877,4312,12
8878,4313,12
8879,4314,12
8880,4315,12
8881,4316,12
8882,4317,12
8883,4318,12
8884,4319,12
8885,4320,12
8886,4321,12
8887,4322,12
8888,4323,12
8889,4324,12
8890,4325,12
8891,4326,12
8892,4327,12
8893,4328,12
8894,4329,12
8895,4330,12
8896,4331,12
8897,4332,12
8898,4333,12
8899,4334,12
8900,4335,12
8901,4336,12
8902,4337,12
8903,4338,12
8904,4339,12
8905,4340,12
8906,4341,12
8907,4342,12
8908,4343,12
8909,4344,12
8910,4345,12
8911,4346,12
8912,4347,12
8913,4348,12
8914,4349,12
8915,4350,12
8916,4351,12
8917,4352,12
8918,4353,12
8919,4354,12
8920,4355,12
8921,4356,12
8922,4357,12
8923,4358,12
8924,4359,12
8925,4360,12
8926,4361,12
8927,4362,12
8928,4363,12
8929,4364,12
8930,4365,12
8931,4366,12
8932,4367,12
8933,4368,12
8934,4369,12
8935,4370,12
8936,4371,12
8937,4372,12
8938,4373,12
8939,4374,12
8940,4375,12
8941,4376,12
8942,4377,12
8943,4378,12
8944,4379,12
8945,4380,12
8946,4381,12
8947,4382,12
8948,4383,12
8949,4384,12
8950,4385,12
8951,4386,12
8952,4387,12
8953,4388,12
8954,4389,12
8955,4390,12
8956,4391,12
8957,4392,12
8958,4393,12
8959,4394,12
8960,4395,12
8961,4396,12
8962,4397,12
8963,4398,12
8964,4399,12
8965,4400,12
8966,4401,12
8967,4402,12
8968,4403,12
8969,4404,12
8970,4405,12
8971,4406,12
8972,4407,12
8973,4408,12
8974,4409,12
8975,4410,12
8976,4411,12
8977,4412,12
8978,4413,12
8979,4414,12
8980,4415,12
8981,4416,12
8982,4417,12
8983,4418,12
8984,4419,12
8985,4420,12
8986,4421,12
8987,4422,12
8988,4423,12
8989,4424,12
8990,4425,12
8991,4426,12
8992,4427,12
8993,4428,12
8994,4429,12
8995,4430,12
8996,4431,12
8997,4432,12
8998,4433,12
8999,4434,12
9000,4435,12
9001,4436,12
9002,4437,12
9003,4438,12
9004,4439,12
9005,4440,12
9006,4441,12
9007,4442,12
9008,4443,12
9009,4444,12
9010,4445,12
9011,4446,12
9012,4447,12
9013,4448,12
9014,4449,12
9015,4450,12
9016,4451,12
9017,4452,12
9018,4453,12
9019,4454,12
9020,4455,12
9021,4456,12
9022,4457,12
9023,4458,12
9024,4459,12
9025,4460,12
9026,4461,12
9027,4462,12
9028,4463,12
9029,4464,12
9030,4465,12
9031,4466,12
9032,4467,12
9033,4468,12
9034,4469,12
9035,4470,12
9036,4471,12
9037,4472,12
9038,4473,12
9039,4474,12
9040,4475,12
9041,4476,12
9042,4477,12
9043,4478,12
9044,4479,12
9045,4480,12
9046,4481,12
9047,4482,12
9048,4483,12
9049,4484,12
9050,4485,12
9051,4486,12
9052,4487,12
9053,4488,12
9054,4489,12
9055,4490,12
9056,4491,12
9057,4492,12
9058,4493,12
9059,4494,12
9060,4495,12
9061,4496,12
9062,4497,12
9063,4498,12
9064,4499,12
9065,4500,12
9066,4501,12
9067,4502,12
9068,4503,12
9069,4504,12
9070,4505,12
9071,4506,12
9072,4507,12
9073,4508,12
9074,4509,12
9075,4510,12
9076,4511,12
9077,4512,12
9078,4513,12
9079,4514,12
9080,4515,12
9081,4516,12
9082,4517,12
9083,4518,12
9084,4519,12
9085,4520,12
9086,4521,12
9087,4522,12
9088,4523,12
9089,4524,12
9090,4525,12
9091,4526,12
9092,4527,12
9093,4528,12
9094,4529,12
9095,4530,12
9096,4531,12
9097,4532,12
9098,4533,12
9099,4534,12
9100,4535,12
9101,4536,12
9102,4537,12
9103,4538,12
9104,4539,12
9105,4540,12
9106,4541,12
9107,4542,12
9108,4543,12
9109,4544,12
9110,4545,12
9111,4546,12
9112,4547,12
9113,4548,12
9114,4549,12
9115,4550,12
9116,4551,12
9117,4552,12
9118,4553,12
9119,4554,12
9120,4555,12
9121,4556,12
9122,4557,12
9123,4558,12
9124,4559,12
9125,4560,12
9126,4561,12
9127,4562,12
9128,4563,12
9129,4564,12
9130,4565,12
9131,4566,12
9132,4567,12
9133,4568,12
9134,4569,12
9135,4570,12
9136,4571,12
9137,4572,12
9138,4573,12
9139,4574,12
9140,4575,12
9141,4576,12
9142,4577,12
9143,4578,12
9144,4579,12
9145,4580,12
9146,4581,12
9147,4582,12
9148,4583,12
9149,4584,12
9150,4585,12
9151,4586,1
9152,4587,1
9153,4588,1
9154,4589,1
9155,4590,1
9156,4591,1
9157,4592,1
9158,4593,1
9159,4594,1
9160,4595,1
9161,4596,1
9162,4597,1
9163,4598,1
9164,4599,1
9165,4600,1
9166,4601,1
9167,4602,1
9168,4603,1
9169,4604,1
9170,4605,1
9171,4606,1
9172,4607,1
9173,4608,1
9174,4609,1
9175,4610,1
9176,4611,1
9177,4612,1
9178,4613,1
9179,4614,1
9180,4615,1
9181,4616,1
9182,4617,1
9183,4618,1
9184,4619,1
9185,4620,1
9186,4621,1
9187,4622,1
9188,4623,1
9189,4624,1
9190,4625,1
9191,4626,1
9192,4627,1
9193,4628,1
9194,4629,1
9195,4630,1
9196,4631,1
9197,4632,1
9198,4633,1
9199,4634,1
9200,4635,1
9201,4636,1
9202,4637,1
9203,4638,1
9204,4639,1
9205,4640,1
9206,4641,1
9207,4642,1
9208,4643,1
9209,4644,1
9210,4645,1
9211,4646,1
9212,4647,1
9213,4648,1
9214,4649,1
9215,4650,1
9216,4651,1
9217,4652,1
9218,4653,1
9219,4654,1
9220,4655,1
9221,4656,1
9222,4657,1
9223,4658,1
9224,4659,1
9225,4660,1
9226,4661,1
9227,4662,1
9228,4663,1
9229,4664,1
9230,4665,1
9231,4666,1
9232,4667,1
9233,4668,1
9234,4669,1
9235,4670,1
9236,4671,1
9237,4672,1
9238,4673,1
9239,4674,1
9240,4675,1
9241,4676,1
9242,4677,1
9243,4678,1
9244,4679,1
9245,4680,1
9246,4681,1
9247,4682,1
9248,4683,1
9249,4684,1
9250,4685,1
9251,4686,1
9252,4687,1
9253,4688,1
9254,4689,1
9255,4690,1
9256,4691,1
9257,4692,1
9258,4693,1
9259,4694,1
9260,4695,1
9261,4696,1
9262,4697,1
9263,4698,1
9264,4699,1
9265,4700,1
9266,4701,1
9267,4702,1
9268,4703,1
9269,4704,1
9270,4705,1
9271,4706,1
9272,4707,1
9273,4708,1
9274,4709,1
9275,4710,1
9276,4711,1
9277,4712,1
9278,4713,1
9279,4714,1
9280,4715,1
9281,4716,1
9282,4717,1
9283,4718,1
9284,4719,1
9285,4720,1
9286,4721,1
9287,4722,1
9288,4723,1
9289,4724,1
9290,4725,1
9291,4726,1
9292,4727,1
9293,4728,1
9294,4729,1
9295,4730,1
9296,4731,1
9297,4732,1
9298,4733,1
9299,4734,1
9300,4735,1
9301,4736,1
9302,4737,1
9303,4738,1
9304,4739,1
9305,4740,1
9306,4741,1
9307,4742,1
9308,4743,1
9309,4744,1
9310,4745,1
9311,4746,1
9312,4747,1
9313,4748,1
9314,4749,1
9315,4750,1
9316,4751,1
9317,4752,1
9318,4753,1
9319,4754,1
9320,4755,1
9321,4756,1
9322,4757,1
9323,4758,1
9324,4759,1
9325,4760,1
9326,4761,1
9327,4762,1
9328,4763,1
9329,4764,1
9330,4765,1
9331,4766,1
9332,4767,1
9333,4768,1
9334,4769,1
9335,4770,1
9336,4771,1
9337,4772,1
9338,4773,1
9339,4774,1
9340,4775,1
9341,4776,1
9342,4777,1
9343,4778,1
9344,4779,1
9345,4780,1
9346,4781,1
9347,4782,1
9348,4783,1
9349,4784,1
9350,4785,1
9351,4786,1
9352,4787,1
9353,4788,1
9354,4789,1
9355,4790,1
9356,4791,1
9357,4792,1
9358,4793,1
9359,4794,1
9360,4795,1
9361,4796,1
9362,4797,1
9363,4798,1
9364,4799,1
9365,4800,1
9366,4801,1
9367,4802,1
9368,4803,1
9369,4804,1
9370,4805,1
9371,4806,1
9372,4807,1
9373,4808,1
9374,4809,1
9375,4810,1
9376,4811,1
9377,4812,1
9378,4813,1
9379,4814,1
9380,4815,1
9381,4816,1
9382,4817,1
9383,4818,1
9384,4819,1
9385,4820,1
9386,4821,1
9387,4822,1
9388,4823,1
9389,4824,1
9390,4825,1
9391,4826,1
9392,4827,1
9393,4828,1
9394,4829,1
9395,4830,1
9396,4831,1
9397,4832,1
9398,4833,1
9399,4834,1
9400,4835,1
9401,4836,1
9402,4837,1
9403,4838,1
9404,4839,1
9405,4840,1
9406,4841,1
9407,4842,1
9408,4843,1
9409,4844,1
9410,4845,1
9411,4846,1
9412,4847,1
9413,4848,1
9414,4849,1
9415,4850,1
9416,4851,1
9417,4852,1
9418,4853,1
9419,4854,1
9420,4855,1
9421,4856,1
9422,4857,1
9423,4858,1
9424,4859,1
9425,4860,1
9426,4861,1
9427,4862,1
9428,4863,1
9429,4864,1
9430,4865,1
9431,4866,1
9432,4867,1
9433,4868,1
9434,4869,1
9435,4870,1
9436,4871,1
9437,4872,1
9438,4873,1
9439,4874,1
9440,4875,1
9441,4876,1
9442,4877,1
9443,4878,1
9444,4879,1
9445,4880,1
9446,4881,1
9447,4882,1
9448,4883,1
9449,4884,1
9450,4885,1
9451,4886,1
9452,4887,1
9453,4888,1
9454,4889,1
9455,4890,1
9456,4891,1
9457,4892,1
9458,4893,1
9459,4894,1
9460,4895,1
9461,4896,1
9462,4897,1
9463,4898,1
9464,4899,1
9465,4900,1
9466,4901,1
9467,4902,1
9468,4903,1
9469,4904,1
9470,4905,1
9471,4906,1
9472,4907,1
9473,4908,1
9474,4909,1
9475,4910,1
9476,4911,1
9477,4912,1
9478,4913,1
9479,4914,1
9480,4915,1
9481,4916,1
9482,4917,1
9483,4918,1
9484,4919,1
9485,4920,1
9486,4921,1
9487,4922,1
9488,4923,1
9489,4924,1
9490,4925,1
9491,4926,1
9492,4927,1
9493,4928,1
9494,4929,1
9495,4930,1
9496,4931,1
9497,4932,1
9498,4933,1
9499,4934,1
9500,4935,1
9501,4936,1
9502,4937,1
9503,4938,1
9504,4939,1
9505,4940,1
9506,4941,1
9507,4942,1
9508,4943,1
9509,4944,1
9510,4945,1
9511,4946,1
9512,4947,1
9513,4948,1
9514,4949,1
9515,4950,1
9516,4951,1
9517,4952,1
9518,4953,1
9519,4954,1
9520,4955,1
9521,4956,1
9522,4957,1
9523,4958,1
9524,4959,1
9525,4960,1
9526,4961,1
9527,4962,1
9528,4963,1
9529,4964,1
9530,4965,1
9531,4966,1
9532,4967,1
9533,4968,1
9534,4969,1
9535,4970,1
9536,4971,1
9537,4972,1
9538,4973,1
9539,4974,1
9540,4975,1
9541,4976,1
9542,4977,1
9543,4978,1
9544,4979,1
9545,4980,1
9546,4981,1
9547,4982,1
9548,4983,1
9549,4984,1
9550,4985,1
9551,4986,1
9552,4987,1
9553,4988,1
9554,4989,1
9555,4990,1
9556,4991,1
9557,4992,1
9558,4993,1
9559,4994,1
9560,4995,1
9561,4996,1
9562,4997,1
9563,4998,1
9564,4999,1
9565,5000,1
9566,5001,1
9567,5002,1
9568,5003,1
9569,5004,1
9570,5005,1
9571,5006,1
9572,5007,1
9573,5008,1
9574,5009,1
9575,5010,1
9576,5011,1
9577,5012,1
9578,5013,1
9579,5014,1
9580,5015,1
9581,5016,1
9582,5017,1
9583,5018,1
9584,5019,1
9585,5020,1
9586,5021,1
9587,5022,1
9588,5023,1
9589,5024,1
9590,5025,1
9591,5026,1
9592,5027,1
9593,5028,1
9594,5029,1
9595,5030,1
9596,5031,1
9597,5032,1
9598,5033,1
9599,5034,1
9600,5035,1
9601,5036,1
9602,5037,1
9603,5038,1
9604,5039,1
9605,5040,1
9606,5041,1
9607,5042,1
9608,5043,1
9609,5044,1
9610,5045,1
9611,5046,1
9612,5047,1
9613,5048,1
9614,5049,1
9615,5050,1
9616,5051,1
9617,5052,1
9618,5053,1
9619,5054,1
9620,5055,1
9621,5056,1
9622,5057,1
9623,5058,1
9624,5059,1
9625,5060,1
9626,5061,1
9627,5062,1
9628,5063,1
9629,5064,1
9630,5065,1
9631,5066,1
9632,5067,1
9633,5068,1
9634,5069,1
9635,5070,1
9636,5071,1
9637,5072,1
9638,5073,1
9639,5074,1
9640,5075,1
9641,5076,1
9642,5077,1
9643,5078,1
9644,5079,1
9645,5080,1
9646,5081,1
9647,5082,1
9648,5083,1
9649,5084,1
9650,5085,1
9651,5086,1
9652,5087,1
9653,5088,1
9654,5089,1
9655,5090,1
9656,5091,1
9657,5092,1
9658,5093,1
9659,5094,1
9660,5095,1
9661,5096,1
9662,5097,1
9663,5098,1
9664,5099,1
9665,5100,1
9666,5101,1
9667,5102,1
9668,5103,1
9669,5104,1
9670,5105,1
9671,5106,1
9672,5107,1
9673,5108,1
9674,5109,1
9675,5110,1
9676,5111,1
9677,5112,1
9678,5113,1
9679,5114,1
9680,5115,1
9681,5116,1
9682,5117,1
9683,5118,1
9684,5119,1
9685,5120,1
9686,5121,1
9687,5122,1
9688,5123,1
9689,5124,1
9690,5125,1
9691,5126,1
9692,5127,1
9693,5128,1
9694,5129,1
9695,5130,1
9696,5131,1
9697,5132,1
9698,5133,1
9699,5134,1
9700,5135,1
9701,5136,1
9702,5137,1
9703,5138,1
9704,5139,1
9705,5140,1
9706,5141,1
9707,5142,1
9708,5143,1
9709,5144,1
9710,5145,1
9711,5146,1
9712,5147,1
9713,5148,1
9714,5149,1
9715,5150,1
9716,5151,1
9717,5152,1
9718,5153,1
9719,5154,1
9720,5155,1
9721,5156,1
9722,5157,1
9723,5158,1
9724,5159,1
9725,5160,1
9726,5161,1
9727,5162,1
9728,5163,1
9729,5164,1
9730,5165,1
9731,5166,1
9732,5167,1
9733,5168,1
9734,5169,1
9735,5170,1
9736,5171,1
9737,5172,1
9738,5173,1
9739,5174,1
9740,5175,1
9741,5176,1
9742,5177,1
9743,5178,1
9744,5179,1
9745,5180,1
9746,5181,1
9747,5182,1
9748,5183,1
9749,5184,1
9750,5185,1
9751,5186,1
9752,5187,1
9753,5188,1
9754,5189,1
9755,5190,1
9756,5191,1
9757,5192,1
9758,5193,1
9759,5194,1
9760,5195,1
9761,5196,1
9762,5197,1
9763,5198,1
9764,5199,1
9765,5200,1
9766,5201,1
9767,5202,1
9768,5203,1
9769,5204,1
9770,5205,1
9771,5206,1
9772,5207,1
9773,5208,1
9774,5209,1
9775,5210,1
9776,5211,1
9777,5212,1
9778,5213,1
9779,5214,1
9780,5215,1
9781,5216,1
9782,5217,1
9783,5218,1
9784,5219,1
9785,5220,1
9786,5221,1
9787,5222,1
9788,5223,1
9789,5224,1
9790,5225,1
9791,5226,1
9792,5227,1
9793,5228,1
9794,5229,1
9795,5230,1
9796,5231,1
9797,5232,1
9798,5233,1
9799,5234,1
9800,5235,1
9801,5236,1
9802,5237,1
9803,5238,1
9804,5239,1
9805,5240,1
9806,5241,1
9807,5242,1
9808,5243,1
9809,5244,1
9810,5245,1
9811,5246,1
9812,5247,1
9813,5248,1
9814,5249,1
9815,5250,1
9816,5251,1
9817,5252,1
9818,5253,1
9819,5254,1
9820,5255,1
9821,5256,1
9822,5257,1
9823,5258,1
9824,5259,1
9825,5260,1
9826,5261,1
9827,5262,1
9828,5263,1
9829,5264,1
9830,5265,1
9831,5266,1
9832,5267,1
9833,5268,1
9834,5269,1
9835,5270,1
9836,5271,1
9837,5272,1
9838,5273,1
9839,5274,1
9840,5275,1
9841,5276,1
9842,5277,1
9843,5278,1
9844,5279,1
9845,5280,1
9846,5281,1
9847,5282,1
9848,5283,1
9849,5284,1
9850,5285,1
9851,5286,1
9852,5287,1
9853,5288,1
9854,5289,1
9855,5290,1
9856,5291,1
9857,5292,1
9858,5293,1
9859,5294,1
9860,5295,1
9861,5296,1
9862,5297,1
9863,5298,1
9864,5299,1
9865,5300,1
9866,5301,1
9867,5302,1
9868,5303,1
9869,5304,1
9870,5305,1
9871,5306,1
9872,5307,1
9873,5308,1
9874,5309,1
9875,5310,1
9876,5311,1
9877,5312,1
9878,5313,1
9879,4586,12
9880,4587,12
9881,4588,12
9882,4589,12
9883,4590,12
9884,4591,12
9885,4592,12
9886,4593,12
9887,4594,12
9888,4595,12
9889,4596,12
9890,4597,12
9891,4598,12
9892,4599,12
9893,4600,12
9894,4601,12
9895,4602,12
9896,4603,12
9897,4604,12
9898,4605,12
9899,4606,12
9900,4607,12
9901,4608,12
9902,4609,12
9903,4610,12
9904,4611,12
9905,4612,12
9906,4613,12
9907,4614,12
9908,4615,12
9909,4616,12
9910,4617,12
9911,4618,12
9912,4619,12
9913,4620,12
9914,4621,12
9915,4622,12
9916,4623,12
9917,4624,12
9918,4625,12
9919,4626,12
9920,4627,12
9921,4628,12
9922,4629,12
9923,4630,12
9924,4631,12
9925,4632,12
9926,4633,12
9927,4634,12
9928,4635,12
9929,4636,12
9930,4637,12
9931,4638,12
9932,4639,12
9933,4640,12
9934,4641,12
9935,4642,12
9936,4643,12
9937,4644,12
9938,4645,12
9939,4646,12
9940,4647,12
9941,4648,12
9942,4649,12
9943,4650,12
9944,4651,12
9945,4652,12
9946,4653,12
9947,4654,12
9948,4655,12
9949,4656,12
9950,4657,12
9951,4658,12
9952,4659,12
9953,4660,12
9954,4661,12
9955,4662,12
9956,4663,12
9957,4664,12
9958,4665,12
9959,4666,12
9960,4667,12
9961,4668,12
9962,4669,12
9963,4670,12
9964,4671,12
9965,4672,12
9966,4673,12
9967,4674,12
9968,4675,12
9969,4676,12
9970,4677,12
9971,4678,12
9972,4679,12
9973,4680,12
9974,4681,12
9975,4682,12
9976,4683,12
9977,4684,12
9978,4685,12
9979,4686,12
9980,4687,12
9981,4688,12
9982,4689,12
9983,4690,12
9984,4691,12
9985,4692,12
9986,4693,12
9987,4694,12
9988,4695,12
9989,4696,12
9990,4697,12
9991,4698,12
9992,4699,12
9993,4700,12
9994,4701,12
9995,4702,12
9996,4703,12
9997,4704,12
9998,4705,12
9999,4706,12
10000,4707,12
10001,4708,12
10002,4709,12
10003,4710,12
10004,4711,12
10005,4712,12
10006,4713,12
10007,4714,12
10008,4715,12
10009,4716,12
10010,4717,12
10011,4718,12
10012,4719,12
10013,4720,12
10014,4721,12
10015,4722,12
10016,4723,12
10017,4724,12
10018,4725,12
10019,4726,12
10020,4727,12
10021,4728,12
10022,4729,12
10023,4730,12
10024,4731,12
10025,4732,12
10026,4733,12
10027,4734,12
10028,4735,12
10029,4736,12
10030,4737,12
10031,4738,12
10032,4739,12
10033,4740,12
10034,4741,12
10035,4742,12
10036,4743,12
10037,4744,12
10038,4745,12
10039,4746,12
10040,4747,12
10041,4748,12
10042,4749,12
10043,4750,12
10044,4751,12
10045,4752,12
10046,4753,12
10047,4754,12
10048,4755,12
10049,4756,12
10050,4757,12
10051,4758,12
10052,4759,12
10053,4760,12
10054,4761,12
10055,4762,12
10056,4763,12
10057,4764,12
10058,4765,12
10059,4766,12
10060,4767,12
10061,4768,12
10062,4769,12
10063,4770,12
10064,4771,12
10065,4772,12
10066,4773,12
10067,4774,12
10068,4775,12
10069,4776,12
10070,4777,12
10071,4778,12
10072,4779,12
10073,4780,12
10074,4781,12
10075,4782,12
10076,4783,12
10077,4784,12
10078,4785,12
10079,4786,12
10080,4787,12
10081,4788,12
10082,4789,12
10083,4790,12
10084,4791,12
10085,4792,12
10086,4793,12
10087,4794,12
10088,4795,12
10089,4796,12
10090,4797,12
10091,4798,12
10092,4799,12
10093,4800,12
10094,4801,12
10095,4802,12
10096,4803,12
10097,4804,12
10098,4805,12
10099,4806,12
10100,4807,12
10101,4808,12
10102,4809,12
10103,4810,12
10104,4811,12
10105,4812,12
10106,4813,12
10107,4814,12
10108,4815,12
10109,4816,12
10110,4817,12
10111,4818,12
10112,4819,12
10113,4820,12
10114,4821,12
10115,4822,12
10116,4823,12
10117,4824,12
10118,4825,12
10119,4826,12
10120,4827,12
10121,4828,12
10122,4829,12
10123,4830,12
10124,4831,12
10125,4832,12
10126,4833,12
10127,4834,12
10128,4835,12
10129,4836,12
10130,4837,12
10131,4838,12
10132,4839,12
10133,4840,12
10134,4841,12
10135,4842,12
10136,4843,12
10137,4844,12
10138,4845,12
10139,4846,12
10140,4847,12
10141,4848,12
10142,4849,12
10143,4850,12
10144,4851,12
10145,4852,12
10146,4853,12
10147,4854,12
10148,4855,12
10149,4856,12
10150,4857,12
10151,4858,12
10152,4859,12
10153,4860,12
10154,4861,12
10155,4862,12
10156,4863,12
10157,4864,12
10158,4865,12
10159,4866,12
10160,4867,12
10161,4868,12
10162,4869,12
10163,4870,12
10164,4871,12
10165,4872,12
10166,4873,12
10167,4874,12
10168,4875,12
10169,4876,12
10170,4877,12
10171,4878,12
10172,4879,12
10173,4880,12
10174,4881,12
10175,4882,12
10176,4883,12
10177,4884,12
10178,4885,12
10179,4886,12
10180,4887,12
10181,4888,12
10182,4889,12
10183,4890,12
10184,4891,12
10185,4892,12
10186,4893,12
10187,4894,12
10188,4895,12
10189,4896,12
10190,4897,12
10191,4898,12
10192,4899,12
10193,4900,12
10194,4901,12
10195,4902,12
10196,4903,12
10197,4904,12
10198,4905,12
10199,4906,12
10200,4907,12
10201,4908,12
10202,4909,12
10203,4910,12
10204,4911,12
10205,4912,12
10206,4913,12
10207,4914,12
10208,4915,12
10209,4916,12
10210,4917,12
10211,4918,12
10212,4919,12
10213,4920,12
10214,4921,12
10215,4922,12
10216,4923,12
10217,4924,12
10218,4925,12
10219,4926,12
10220,4927,12
10221,4928,12
10222,4929,12
10223,4930,12
10224,4931,12
10225,4932,12
10226,4933,12
10227,4934,12
10228,4935,12
10229,4936,12
10230,4937,12
10231,4938,12
10232,4939,12
10233,4940,12
10234,4941,12
10235,4942,12
10236,4943,12
10237,4944,12
10238,4945,12
10239,4946,12
10240,4947,12
10241,4948,12
10242,4949,12
10243,4950,12
10244,4951,12
10245,4952,12
10246,4953,12
10247,4954,12
10248,4955,12
10249,4956,12
10250,4957,12
10251,4958,12
10252,4959,12
10253,4960,12
10254,4961,12
10255,4962,12
10256,4963,12
10257,4964,12
10258,4965,12
10259,4966,12
10260,4967,12
10261,4968,12
10262,4969,12
10263,4970,12
10264,4971,12
10265,4972,12
10266,4973,12
10267,4974,12
10268,4975,12
10269,4976,12
10270,4977,12
10271,4978,12
10272,4979,12
10273,4980,12
10274,4981,12
10275,4982,12
10276,4983,12
10277,4984,12
10278,4985,12
10279,4986,12
10280,4987,12
10281,4988,12
10282,4989,12
10283,4990,12
10284,4991,12
10285,4992,12
10286,4993,12
10287,4994,12
10288,4995,12
10289,4996,12
10290,4997,12
10291,4998,12
10292,4999,12
10293,5000,12
10294,5001,12
10295,5002,12
10296,5003,12
10297,5004,12
10298,5005,12
10299,5006,12
10300,5007,12
10301,5008,12
10302,5009,12
10303,5010,12
10304,5011,12
10305,5012,12
10306,5013,12
10307,5014,12
10308,5015,12
10309,5016,12
10310,5017,12
10311,5018,12
10312,5019,12
10313,5020,12
10314,5021,12
10315,5022,12
10316,5023,12
10317,5024,12
10318,5025,12
10319,5026,12
10320,5027,12
10321,5028,12
10322,5029,12
10323,5030,12
10324,5031,12
10325,5032,12
10326,5033,12
10327,5034,12
10328,5035,12
10329,5036,12
10330,5037,12
10331,5038,12
10332,5039,12
10333,5040,12
10334,5041,12
10335,5042,12
10336,5043,12
10337,5044,12
10338,5045,12
10339,5046,12
10340,5047,12
10341,5048,12
10342,5049,12
10343,5050,12
10344,5051,12
10345,5052,12
10346,5053,12
10347,5054,12
10348,5055,12
10349,5056,12
10350,5057,12
10351,5058,12
10352,5059,12
10353,5060,12
10354,5061,12
10355,5062,12
10356,5063,12
10357,5064,12
10358,5065,12
10359,5066,12
10360,5067,12
10361,5068,12
10362,5069,12
10363,5070,12
10364,5071,12
10365,5072,12
10366,5073,12
10367,5074,12
10368,5075,12
10369,5076,12
10370,5077,12
10371,5078,12
10372,5079,12
10373,5080,12
10374,5081,12
10375,5082,12
10376,5083,12
10377,5084,12
10378,5085,12
10379,5086,12
10380,5087,12
10381,5088,12
10382,5089,12
10383,5090,12
10384,5091,12
10385,5092,12
10386,5093,12
10387,5094,12
10388,5095,12
10389,5096,12
10390,5097,12
10391,5098,12
10392,5099,12
10393,5100,12
10394,5101,12
10395,5102,12
10396,5103,12
10397,5104,12
10398,5105,12
10399,5106,12
10400,5107,12
10401,5108,12
10402,5109,12
10403,5110,12
10404,5111,12
10405,5112,12
10406,5113,12
10407,5114,12
10408,5115,12
10409,5116,12
10410,5117,12
10411,5118,12
10412,5119,12
10413,5120,12
10414,5121,12
10415,5122,12
10416,5123,12
10417,5124,12
10418,5125,12
10419,5126,12
10420,5127,12
10421,5128,12
10422,5129,12
10423,5130,12
10424,5131,12
10425,5132,12
10426,5133,12
10427,5134,12
10428,5135,12
10429,5136,12
10430,5137,12
10431,5138,12
10432,5139,12
10433,5140,12
10434,5141,12
10435,5142,12
10436,5143,12
10437,5144,12
10438,5145,12
10439,5146,12
10440,5147,12
10441,5148,12
10442,5149,12
10443,5150,12
10444,5151,12
10445,5152,12
10446,5153,12
10447,5154,12
10448,5155,12
10449,5156,12
10450,5157,12
10451,5158,12
10452,5159,12
10453,5160,12
10454,5161,12
10455,5162,12
10456,5163,12
10457,5164,12
10458,5165,12
10459,5166,12
10460,5167,12
10461,5168,12
10462,5169,12
10463,5170,12
10464,5171,12
10465,5172,12
10466,5173,12
10467,5174,12
10468,5175,12
10469,5176,12
10470,5177,12
10471,5178,12
10472,5179,12
10473,5180,12
10474,5181,12
10475,5182,12
10476,5183,12
10477,5184,12
10478,5185,12
10479,5186,12
10480,5187,12
10481,5188,12
10482,5189,12
10483,5190,12
10484,5191,12
10485,5192,12
10486,5193,12
10487,5194,12
10488,5195,12
10489,5196,12
10490,5197,12
10491,5198,12
10492,5199,12
10493,5200,12
10494,5201,12
10495,5202,12
10496,5203,12
10497,5204,12
10498,5205,12
10499,5206,12
10500,5207,12
10501,5208,12
10502,5209,12
10503,5210,12
10504,5211,12
10505,5212,12
10506,5213,12
10507,5214,12
10508,5215,12
10509,5216,12
10510,5217,12
10511,5218,12
10512,5219,12
10513,5220,12
10514,5221,12
10515,5222,12
10516,5223,12
10517,5224,12
10518,5225,12
10519,5226,12
10520,5227,12
10521,5228,12
10522,5229,12
10523,5230,12
10524,5231,12
10525,5232,12
10526,5233,12
10527,5234,12
10528,5235,12
10529,5236,12
10530,5237,12
10531,5238,12
10532,5239,12
10533,5240,12
10534,5241,12
10535,5242,12
10536,5243,12
10537,5244,12
10538,5245,12
10539,5246,12
10540,5247,12
10541,5248,12
10542,5249,12
10543,5250,12
10544,5251,12
10545,5252,12
10546,5253,12
10547,5254,12
10548,5255,12
10549,5256,12
10550,5257,12
10551,5258,12
10552,5259,12
10553,5260,12
10554,5261,12
10555,5262,12
10556,5263,12
10557,5264,12
10558,5265,12
10559,5266,12
10560,5267,12
10561,5268,12
10562,5269,12
10563,5270,12
10564,5271,12
10565,5272,12
10566,5273,12
10567,5274,12
10568,5275,12
10569,5276,12
10570,5277,12
10571,5278,12
10572,5279,12
10573,5280,12
10574,5281,12
10575,5282,12
10576,5283,12
10577,5284,12
10578,5285,12
10579,5286,12
10580,5287,12
10581,5288,12
10582,5289,12
10583,5290,12
10584,5291,12
10585,5292,12
10586,5293,12
10587,5294,12
10588,5295,12
10589,5296,12
10590,5297,12
10591,5298,12
10592,5299,12
10593,5300,12
10594,5301,12
10595,5302,12
10596,5303,12
10597,5304,12
10598,5305,12
10599,5306,12
10600,5307,12
10601,5308,12
10602,5309,12
10603,5310,12
10604,5311,12
10605,5312,12
10606,5313,12
10607,5314,1
10608,5315,1
10609,5316,1
10610,5317,1
10611,5318,1
10612,5319,1
10613,5320,1
10614,5321,1
10615,5322,1
10616,5323,1
10617,5324,1
10618,5325,1
10619,5326,1
10620,5327,1
10621,5328,1
10622,5329,1
10623,5330,1
10624,5331,1
10625,5332,1
10626,5333,1
10627,5314,12
10628,5315,12
10629,5316,12
10630,5317,12
10631,5318,12
10632,5319,12
10633,5320,12
10634,5321,12
10635,5322,12
10636,5323,12
10637,5324,12
10638,5325,12
10639,5326,12
10640,5327,12
10641,5328,12
10642,5329,12
10643,5330,12
10644,5331,12
10645,5332,12
10646,5333,12
10647,5334,1
10648,5335,1
10649,5336,1
10650,5334,12
10651,5335,12
10652,5336,12
10653,5337,1
10654,5338,1
10655,5339,1
10656,5340,1
10657,5341,1
10658,5342,1
10659,5343,1
10660,5344,1
10661,5345,1
10662,5346,1
10663,5347,1
10664,5348,1
10665,5349,1
10666,5350,1
10667,5351,1
10668,5352,1
10669,5353,1
10670,5354,1
10671,5355,1
10672,5356,1
10673,5357,1
10674,5358,1
10675,5359,1
10676,5360,1
10677,5361,1
10678,5362,1
10679,5363,1
10680,5364,1
10681,5365,1
10682,5366,1
10683,5367,1
10684,5368,1
10685,5369,1
10686,5370,1
10687,5371,1
10688,5372,1
10689,5373,1
10690,5374,1
10691,5375,1
10692,5376,1
10693,5377,1
10694,5378,1
10695,5379,1
10696,5380,1
10697,5381,1
10698,5382,1
10699,5383,1
10700,5384,1
10701,5385,1
10702,5386,1
10703,5387,1
10704,5388,1
10705,5389,1
10706,5390,1
10707,5337,12
10708,5338,12
10709,5339,12
10710,5340,12
10711,5341,12
10712,5342,12
10713,5343,12
10714,5344,12
10715,5345,12
10716,5346,12
10717,5347,12
10718,5348,12
10719,5349,12
10720,5350,12
10721,5351,12
10722,5352,12
10723,5353,12
10724,5354,12
10725,5355,12
10726,5356,12
10727,5357,12
10728,5358,12
10729,5359,12
10730,5360,12
10731,5361,12
10732,5362,12
10733,5363,12
10734,5364,12
10735,5365,12
10736,5366,12
10737,5367,12
10738,5368,12
10739,5369,12
10740,5370,12
10741,5371,12
10742,5372,12
10743,5373,12
10744,5374,12
10745,5375,12
10746,5376,12
10747,5377,12
10748,5378,12
10749,5379,12
10750,5380,12
10751,5381,12
10752,5382,12
10753,5383,12
10754,5384,12
10755,5385,12
10756,5386,12
10757,5387,12
10758,5388,12
10759,5389,12
10760,5390,12
10761,5391,1
10762,5392,1
10763,5393,1
10764,5394,1
10765,5395,1
10766,5396,1
10767,5397,1
10768,5398,1
10769,5399,1
10770,5400,1
10771,5401,1
10772,5402,1
10773,5403,1
10774,5404,1
10775,5405,1
10776,5406,1
10777,5407,1
10778,5408,1
10779,5391,12
10780,5392,12
10781,5393,12
10782,5394,12
10783,5395,12
10784,5396,12
10785,5397,12
10786,5398,12
10787,5399,12
10788,5400,12
10789,5401,12
10790,5402,12
10791,5403,12
10792,5404,12
10793,5405,12
10794,5406,12
10795,5407,12
10796,5408,12
10797,5409,1
10798,5410,1
10799,5411,1
10800,5412,1
10801,5413,1
10802,5414,1
10803,5415,1
10804,5416,1
10805,5417,1
10806,5418,1
10807,5419,1
10808,5420,1
10809,5421,1
10810,5422,1
10811,5423,1
10812,5424,1
10813,5425,1
10814,5426,1
10815,5427,1
10816,5428,1
10817,5429,1
10818,5430,1
10819,5431,1
10820,5432,1
10821,5433,1
10822,5434,1
10823,5435,1
10824,5436,1
10825,5437,1
10826,5438,1
10827,5439,1
10828,5440,1
10829,5441,1
10830,5442,1
10831,5443,1
10832,5444,1
10833,5445,1
10834,5446,1
10835,5447,1
10836,5448,1
10837,5449,1
10838,5450,1
10839,5451,1
10840,5452,1
10841,5453,1
10842,5454,1
10843,5455,1
10844,5456,1
10845,5457,1
10846,5458,1
10847,5459,1
10848,5460,1
10849,5461,1
10850,5462,1
10851,5463,1
10852,5464,1
10853,5465,1
10854,5466,1
10855,5467,1
10856,5468,1
10857,5469,1
10858,5470,1
10859,5471,1
10860,5409,12
10861,5410,12
10862,5411,12
10863,5412,12
10864,5413,12
10865,5414,12
10866,5415,12
10867,5416,12
10868,5417,12
10869,5418,12
10870,5419,12
10871,5420,12
10872,5421,12
10873,5422,12
10874,5423,12
10875,5424,12
10876,5425,12
10877,5426,12
10878,5427,12
10879,5428,12
10880,5429,12
10881,5430,12
10882,5431,12
10883,5432,12
10884,5433,12
10885,5434,12
10886,5435,12
10887,5436,12
10888,5437,12
10889,5438,12
10890,5439,12
10891,5440,12
10892,5441,12
10893,5442,12
10894,5443,12
10895,5444,12
10896,5445,12
10897,5446,12
10898,5447,12
10899,5448,12
10900,5449,12
10901,5450,12
10902,5451,12
10903,5452,12
10904,5453,12
10905,5454,12
10906,5455,12
10907,5456,12
10908,5457,12
10909,5458,12
10910,5459,12
10911,5460,12
10912,5461,12
10913,5462,12
10914,5463,12
10915,5464,12
10916,5465,12
10917,5466,12
10918,5467,12
10919,5468,12
10920,5469,12
10921,5470,12
10922,5471,12
10923,5472,1
10924,5473,1
10925,5474,1
10926,5475,1
10927,5476,1
10928,5477,1
10929,5478,1
10930,5479,1
10931,5480,1
10932,5481,1
10933,5482,1
10934,5483,1
10935,5484,1
10936,5485,1
10937,5486,1
10938,5487,1
10939,5488,1
10940,5489,1
10941,5490,1
10942,5491,1
10943,5492,1
10944,5493,1
10945,5494,1
10946,5495,1
10947,5496,1
10948,5497,1
10949,5498,1
10950,5499,1
10951,5500,1
10952,5501,1
10953,5502,1
10954,5503,1
10955,5504,1
10956,5505,1
10957,5506,1
10958,5507,1
10959,5508,1
10960,5509,1
10961,5510,1
10962,5511,1
10963,5512,1
10964,5513,1
10965,5514,1
10966,5515,1
10967,5516,1
10968,5517,1
10969,5518,1
10970,5519,1
10971,5520,1
10972,5521,1
10973,5522,1
10974,5523,1
10975,5524,1
10976,5525,1
10977,5526,1
10978,5527,1
10979,5528,1
10980,5529,1
10981,5530,1
10982,5531,1
10983,5532,1
10984,5533,1
10985,5534,1
10986,5535,1
10987,5536,1
10988,5537,1
10989,5538,1
10990,5539,1
10991,5540,1
10992,5541,1
10993,5542,1
10994,5543,1
10995,5544,1
10996,5545,1
10997,5546,1
10998,5547,1
10999,5548,1
11000,5549,1
11001,5550,1
11002,5551,1
11003,5552,1
11004,5553,1
11005,5554,1
11006,5555,1
11007,5556,1
11008,5557,1
11009,5558,1
11010,5559,1
11011,5560,1
11012,5561,1
11013,5562,1
11014,5563,1
11015,5564,1
11016,5565,1
11017,5566,1
11018,5567,1
11019,5568,1
11020,5569,1
11021,5570,1
11022,5571,1
11023,5572,1
11024,5573,1
11025,5574,1
11026,5575,1
11027,5576,1
11028,5577,1
11029,5578,1
11030,5579,1
11031,5580,1
11032,5581,1
11033,5582,1
11034,5583,1
11035,5584,1
11036,5585,1
11037,5586,1
11038,5587,1
11039,5588,1
11040,5589,1
11041,5590,1
11042,5591,1
11043,5592,1
11044,5593,1
11045,5594,1
11046,5595,1
11047,5596,1
11048,5597,1
11049,5598,1
11050,5599,1
11051,5600,1
11052,5601,1
11053,5602,1
11054,5603,1
11055,5604,1
11056,5605,1
11057,5606,1
11058,5607,1
11059,5608,1
11060,5609,1
11061,5610,1
11062,5611,1
11063,5612,1
11064,5613,1
11065,5614,1
11066,5615,1
11067,5616,1
11068,5617,1
11069,5618,1
11070,5619,1
11071,5620,1
11072,5621,1
11073,5622,1
11074,5623,1
11075,5624,1
11076,5625,1
11077,5626,1
11078,5627,1
11079,5628,1
11080,5629,1
11081,5630,1
11082,5631,1
11083,5632,1
11084,5633,1
11085,5634,1
11086,5635,1
11087,5636,1
11088,5637,1
11089,5638,1
11090,5639,1
11091,5640,1
11092,5641,1
11093,5642,1
11094,5643,1
11095,5644,1
11096,5645,1
11097,5646,1
11098,5647,1
11099,5648,1
11100,5649,1
11101,5650,1
11102,5651,1
11103,5652,1
11104,5653,1
11105,5654,1
11106,5655,1
11107,5656,1
11108,5657,1
11109,5658,1
11110,5659,1
11111,5660,1
11112,5661,1
11113,5662,1
11114,5663,1
11115,5664,1
11116,5665,1
11117,5666,1
11118,5667,1
11119,5668,1
11120,5669,1
11121,5670,1
11122,5671,1
11123,5672,1
11124,5673,1
11125,5674,1
11126,5675,1
11127,5676,1
11128,5677,1
11129,5678,1
11130,5679,1
11131,5680,1
11132,5681,1
11133,5682,1
11134,5683,1
11135,5684,1
11136,5685,1
11137,5686,1
11138,5687,1
11139,5472,12
11140,5473,12
11141,5474,12
11142,5475,12
11143,5476,12
11144,5477,12
11145,5478,12
11146,5479,12
11147,5480,12
11148,5481,12
11149,5482,12
11150,5483,12
11151,5484,12
11152,5485,12
11153,5486,12
11154,5487,12
11155,5488,12
11156,5489,12
11157,5490,12
11158,5491,12
11159,5492,12
11160,5493,12
11161,5494,12
11162,5495,12
11163,5496,12
11164,5497,12
11165,5498,12
11166,5499,12
11167,5500,12
11168,5501,12
11169,5502,12
11170,5503,12
11171,5504,12
11172,5505,12
11173,5506,12
11174,5507,12
11175,5508,12
11176,5509,12
11177,5510,12
11178,5511,12
11179,5512,12
11180,5513,12
11181,5514,12
11182,5515,12
11183,5516,12
11184,5517,12
11185,5518,12
11186,5519,12
11187,5520,12
11188,5521,12
11189,5522,12
11190,5523,12
11191,5524,12
11192,5525,12
11193,5526,12
11194,5527,12
11195,5528,12
11196,5529,12
11197,5530,12
11198,5531,12
11199,5532,12
11200,5533,12
11201,5534,12
11202,5535,12
11203,5536,12
11204,5537,12
11205,5538,12
11206,5539,12
11207,5540,12
11208,5541,12
11209,5542,12
11210,5543,12
11211,5544,12
11212,5545,12
11213,5546,12
11214,5547,12
11215,5548,12
11216,5549,12
11217,5550,12
11218,5551,12
11219,5552,12
11220,5553,12
11221,5554,12
11222,5555,12
11223,5556,12
11224,5557,12
11225,5558,12
11226,5559,12
11227,5560,12
11228,5561,12
11229,5562,12
11230,5563,12
11231,5564,12
11232,5565,12
11233,5566,12
11234,5567,12
11235,5568,12
11236,5569,12
11237,5570,12
11238,5571,12
11239,5572,12
11240,5573,12
11241,5574,12
11242,5575,12
11243,5576,12
11244,5577,12
11245,5578,12
11246,5579,12
11247,5580,12
11248,5581,12
11249,5582,12
11250,5583,12
11251,5584,12
11252,5585,12
11253,5586,12
11254,5587,12
11255,5588,12
11256,5589,12
11257,5590,12
11258,5591,12
11259,5592,12
11260,5593,12
11261,5594,12
11262,5595,12
11263,5596,12
11264,5597,12
11265,5598,12
11266,5599,12
11267,5600,12
11268,5601,12
11269,5602,12
11270,5603,12
11271,5604,12
11272,5605,12
11273,5606,12
11274,5607,12
11275,5608,12
11276,5609,12
11277,5610,12
11278,5611,12
11279,5612,12
11280,5613,12
11281,5614,12
11282,5615,12
11283,5616,12
11284,5617,12
11285,5618,12
11286,5619,12
11287,5620,12
11288,5621,12
11289,5622,12
11290,5623,12
11291,5624,12
11292,5625,12
11293,5626,12
11294,5627,12
11295,5628,12
11296,5629,12
11297,5630,12
11298,5631,12
11299,5632,12
11300,5633,12
11301,5634,12
11302,5635,12
11303,5636,12
11304,5637,12
11305,5638,12
11306,5639,12
11307,5640,12
11308,5641,12
11309,5642,12
11310,5643,12
11311,5644,12
11312,5645,12
11313,5646,12
11314,5647,12
11315,5648,12
11316,5649,12
11317,5650,12
11318,5651,12
11319,5652,12
11320,5653,12
11321,5654,12
11322,5655,12
11323,5656,12
11324,5657,12
11325,5658,12
11326,5659,12
11327,5660,12
11328,5661,12
11329,5662,12
11330,5663,12
11331,5664,12
11332,5665,12
11333,5666,12
11334,5667,12
11335,5668,12
11336,5669,12
11337,5670,12
11338,5671,12
11339,5672,12
11340,5673,12
11341,5674,12
11342,5675,12
11343,5676,12
11344,5677,12
11345,5678,12
11346,5679,12
11347,5680,12
11348,5681,12
11349,5682,12
11350,5683,12
11351,5684,12
11352,5685,12
11353,5686,12
11354,5687,12
11355,5688,1
11356,5689,1
11357,5690,1
11358,5691,1
11359,5692,1
11360,5693,1
11361,5694,1
11362,5695,1
11363,5696,1
11364,5697,1
11365,5698,1
11366,5699,1
11367,5700,1
11368,5701,1
11369,5702,1
11370,5703,1
11371,5704,1
11372,5705,1
11373,5706,1
11374,5707,1
11375,5708,1
11376,5709,1
11377,5710,1
11378,5711,1
11379,5712,1
11380,5713,1
11381,5714,1
11382,5715,1
11383,5688,12
11384,5689,12
11385,5690,12
11386,5691,12
11387,5692,12
11388,5693,12
11389,5694,12
11390,5695,12
11391,5696,12
11392,5697,12
11393,5698,12
11394,5699,12
11395,5700,12
11396,5701,12
11397,5702,12
11398,5703,12
11399,5704,12
11400,5705,12
11401,5706,12
11402,5707,12
11403,5708,12
11404,5709,12
11405,5710,12
11406,5711,12
11407,5712,12
11408,5713,12
11409,5714,12
11410,5715,12
11411,5716,1
11412,5717,1
11413,5718,1
11414,5719,1
11415,5720,1
11416,5721,1
11417,5722,1
11418,5723,1
11419,5724,1
11420,5725,1
11421,5726,1
11422,5727,1
11423,5728,1
11424,5729,1
11425,5716,12
11426,5717,12
11427,5718,12
11428,5719,12
11429,5720,12
11430,5721,12
11431,5722,12
11432,5723,12
11433,5724,12
11434,5725,12
11435,5726,12
11436,5727,12
11437,5728,12
11438,5729,12
11439,5730,1
11440,5731,1
11441,5732,1
11442,5733,1
11443,5734,1
11444,5735,1
11445,5736,1
11446,5737,1
11447,5738,1
11448,5730,12
11449,5731,12
11450,5732,12
11451,5733,12
11452,5734,12
11453,5735,12
11454,5736,12
11455,5737,12
11456,5738,12
11457,5739,1
11458,5740,1
11459,5741,1
11460,5742,1
11461,5743,1
11462,5744,1
11463,5745,1
11464,5746,1
11465,5747,1
11466,5739,12
11467,5740,12
11468,5741,12
11469,5742,12
11470,5743,12
11471,5744,12
11472,5745,12
11473,5746,12
11474,5747,12
11475,5748,1
11476,5749,1
11477,5750,1
11478,5748,12
11479,5749,12
11480,5750,12
11481,5751,1
11482,5752,1
11483,5753,1
11484,5751,12
11485,5752,12
11486,5753,12
11487,5754,1
11488,5755,1
11489,5754,12
11490,5755,12
11491,5756,1
11492,5756,12
11493,5757,1
11494,5758,1
11495,5759,1
11496,5760,1
11497,5761,1
11498,5762,1
11499,5763,1
11500,5764,1
11501,5765,1
11502,5766,1
11503,5767,1
11504,5768,1
11505,5757,12
11506,5758,12
11507,5759,12
11508,5760,12
11509,5761,12
11510,5762,12
11511,5763,12
11512,5764,12
11513,5765,12
11514,5766,12
11515,5767,12
11516,5768,12
11517,5769,1
11518,5769,12
11519,5770,1
11520,5771,1
11521,5772,1
11522,5770,12
11523,5771,12
11524,5772,12
11525,5773,1
11526,5774,1
11527,5775,1
11528,5776,1
11529,5777,1
11530,5778,1
11531,5773,12
11532,5774,12
11533,5775,12
11534,5776,12
11535,5777,12
11536,5778,12
11537,5779,1
11538,5780,1
11539,5781,1
11540,5782,1
11541,5783,1
11542,5784,1
11543,5785,1
11544,5786,1
11545,5787,1
11546,5788,1
11547,5789,1
11548,5790,1
11549,5791,1
11550,5792,1
11551,5793,1
11552,5794,1
11553,5795,1
11554,5796,1
11555,5797,1
11556,5798,1
11557,5799,1
11558,5800,1
11559,5801,1
11560,5802,1
11561,5803,1
11562,5804,1
11563,5805,1
11564,5806,1
11565,5807,1
11566,5808,1
11567,5809,1
11568,5810,1
11569,5811,1
11570,5812,1
11571,5813,1
11572,5814,1
11573,5815,1
11574,5816,1
11575,5817,1
11576,5818,1
11577,5819,1
11578,5820,1
11579,5821,1
11580,5822,1
11581,5823,1
11582,5824,1
11583,5825,1
11584,5826,1
11585,5827,1
11586,5828,1
11587,5829,1
11588,5830,1
11589,5831,1
11590,5832,1
11591,5833,1
11592,5834,1
11593,5835,1
11594,5836,1
11595,5837,1
11596,5838,1
11597,5839,1
11598,5840,1
11599,5841,1
11600,5842,1
11601,5843,1
11602,5844,1
11603,5845,1
11604,5846,1
11605,5847,1
11606,5848,1
11607,5779,12
11608,5780,12
11609,5781,12
11610,5782,12
11611,5783,12
11612,5784,12
11613,5785,12
11614,5786,12
11615,5787,12
11616,5788,12
11617,5789,12
11618,5790,12
11619,5791,12
11620,5792,12
11621,5793,12
11622,5794,12
11623,5795,12
11624,5796,12
11625,5797,12
11626,5798,12
11627,5799,12
11628,5800,12
11629,5801,12
11630,5802,12
11631,5803,12
11632,5804,12
11633,5805,12
11634,5806,12
11635,5807,12
11636,5808,12
11637,5809,12
11638,5810,12
11639,5811,12
11640,5812,12
11641,5813,12
11642,5814,12
11643,5815,12
11644,5816,12
11645,5817,12
11646,5818,12
11647,5819,12
11648,5820,12
11649,5821,12
11650,5822,12
11651,5823,12
11652,5824,12
11653,5825,12
11654,5826,12
11655,5827,12
11656,5828,12
11657,5829,12
11658,5830,12
11659,5831,12
11660,5832,12
11661,5833,12
11662,5834,12
11663,5835,12
11664,5836,12
11665,5837,12
11666,5838,12
11667,5839,12
11668,5840,12
11669,5841,12
11670,5842,12
11671,5843,12
11672,5844,12
11673,5845,12
11674,5846,12
11675,5847,12
11676,5848,12
11677,5849,1
11678,5850,1
11679,5851,1
11680,5852,1
11681,5853,1
11682,5854,1
11683,5855,1
11684,5856,1
11685,5857,1
11686,5858,1
11687,5859,1
11688,5860,1
11689,5861,1
11690,5862,1
11691,5863,1
11692,5864,1
11693,5865,1
11694,5866,1
11695,5867,1
11696,5868,1
11697,5869,1
11698,5870,1
11699,5871,1
11700,5872,1
11701,5873,1
11702,5874,1
11703,5875,1
11704,5876,1
11705,5877,1
11706,5878,1
11707,5879,1
11708,5880,1
11709,5881,1
11710,5882,1
11711,5883,1
11712,5884,1
11713,5885,1
11714,5886,1
11715,5887,1
11716,5888,1
11717,5889,1
11718,5890,1
11719,5891,1
11720,5892,1
11721,5893,1
11722,5894,1
11723,5895,1
11724,5896,1
11725,5897,1
11726,5898,1
11727,5899,1
11728,5900,1
11729,5901,1
11730,5902,1
11731,5903,1
11732,5904,1
11733,5905,1
11734,5906,1
11735,5907,1
11736,5908,1
11737,5909,1
11738,5910,1
11739,5911,1
11740,5912,1
11741,5913,1
11742,5914,1
11743,5915,1
11744,5916,1
11745,5917,1
11746,5918,1
11747,5849,12
11748,5850,12
11749,5851,12
11750,5852,12
11751,5853,12
11752,5854,12
11753,5855,12
11754,5856,12
11755,5857,12
11756,5858,12
11757,5859,12
11758,5860,12
11759,5861,12
11760,5862,12
11761,5863,12
11762,5864,12
11763,5865,12
11764,5866,12
11765,5867,12
11766,5868,12
11767,5869,12
11768,5870,12
11769,5871,12
11770,5872,12
11771,5873,12
11772,5874,12
11773,5875,12
11774,5876,12
11775,5877,12
11776,5878,12
11777,5879,12
11778,5880,12
11779,5881,12
11780,5882,12
11781,5883,12
11782,5884,12
11783,5885,12
11784,5886,12
11785,5887,12
11786,5888,12
11787,5889,12
11788,5890,12
11789,5891,12
11790,5892,12
11791,5893,12
11792,5894,12
11793,5895,12
11794,5896,12
11795,5897,12
11796,5898,12
11797,5899,12
11798,5900,12
11799,5901,12
11800,5902,12
11801,5903,12
11802,5904,12
11803,5905,12
11804,5906,12
11805,5907,12
11806,5908,12
11807,5909,12
11808,5910,12
11809,5911,12
11810,5912,12
11811,5913,12
11812,5914,12
11813,5915,12
11814,5916,12
11815,5917,12
11816,5918,12
11817,5919,1
11818,5920,1
11819,5921,1
11820,5922,1
11821,5923,1
11822,5924,1
11823,5925,1
11824,5926,1
11825,5927,1
11826,5928,1
11827,5929,1
11828,5930,1
11829,5931,1
11830,5932,1
11831,5933,1
11832,5934,1
11833,5935,1
11834,5936,1
11835,5937,1
11836,5938,1
11837,5939,1
11838,5940,1
11839,5941,1
11840,5942,1
11841,5943,1
11842,5944,1
11843,5945,1
11844,5946,1
11845,5947,1
11846,5948,1
11847,5949,1
11848,5950,1
11849,5951,1
11850,5952,1
11851,5953,1
11852,5954,1
11853,5955,1
11854,5956,1
11855,5957,1
11856,5958,1
11857,5959,1
11858,5960,1
11859,5961,1
11860,5962,1
11861,5963,1
11862,5964,1
11863,5965,1
11864,5966,1
11865,5967,1
11866,5968,1
11867,5969,1
11868,5970,1
11869,5971,1
11870,5972,1
11871,5973,1
11872,5974,1
11873,5975,1
11874,5976,1
11875,5977,1
11876,5978,1
11877,5979,1
11878,5980,1
11879,5981,1
11880,5982,1
11881,5983,1
11882,5984,1
11883,5985,1
11884,5986,1
11885,5987,1
11886,5988,1
11887,5989,1
11888,5990,1
11889,5991,1
11890,5992,1
11891,5993,1
11892,5994,1
11893,5995,1
11894,5996,1
11895,5997,1
11896,5998,1
11897,5919,12
11898,5920,12
11899,5921,12
11900,5922,12
11901,5923,12
11902,5924,12
11903,5925,12
11904,5926,12
11905,5927,12
11906,5928,12
11907,5929,12
11908,5930,12
11909,5931,12
11910,5932,12
11911,5933,12
11912,5934,12
11913,5935,12
11914,5936,12
11915,5937,12
11916,5938,12
11917,5939,12
11918,5940,12
11919,5941,12
11920,5942,12
11921,5943,12
11922,5944,12
11923,5945,12
11924,5946,12
11925,5947,12
11926,5948,12
11927,5949,12
11928,5950,12
11929,5951,12
11930,5952,12
11931,5953,12
11932,5954,12
11933,5955,12
11934,5956,12
11935,5957,12
11936,5958,12
11937,5959,12
11938,5960,12
11939,5961,12
11940,5962,12
11941,5963,12
11942,5964,12
11943,5965,12
11944,5966,12
11945,5967,12
11946,5968,12
11947,5969,12
11948,5970,12
11949,5971,12
11950,5972,12
11951,5973,12
11952,5974,12
11953,5975,12
11954,5976,12
11955,5977,12
11956,5978,12
11957,5979,12
11958,5980,12
11959,5981,12
11960,5982,12
11961,5983,12
11962,5984,12
11963,5985,12
11964,5986,12
11965,5987,12
11966,5988,12
11967,5989,12
11968,5990,12
11969,5991,12
11970,5992,12
11971,5993,12
11972,5994,12
11973,5995,12
11974,5996,12
11975,5997,12
11976,5998,12
11977,5999,1
11978,6000,1
11979,6001,1
11980,6002,1
11981,6003,1
11982,6004,1
11983,6005,1
11984,6006,1
11985,6007,1
11986,6008,1
11987,6009,1
11988,6010,1
11989,6011,1
11990,6012,1
11991,6013,1
11992,6014,1
11993,5999,12
11994,6000,12
11995,6001,12
11996,6002,12
11997,6003,12
11998,6004,12
11999,6005,12
12000,6006,12
12001,6007,12
12002,6008,12
12003,6009,12
12004,6010,12
12005,6011,12
12006,6012,12
12007,6013,12
12008,6014,12
12009,6015,1
12010,6016,1
12011,6017,1
12012,6018,1
12013,6019,1
12014,6020,1
12015,6021,1
12016,6022,1
12017,6023,1
12018,6024,1
12019,6025,1
12020,6026,1
12021,6027,1
12022,6028,1
12023,6029,1
12024,6030,1
12025,6031,1
12026,6032,1
12027,6033,1
12028,6034,1
12029,6035,1
12030,6036,1
12031,6037,1
12032,6038,1
12033,6039,1
12034,6040,1
12035,6041,1
12036,6042,1
12037,6043,1
12038,6044,1
12039,6045,1
12040,6046,1
12041,6047,1
12042,6048,1
12043,6049,1
12044,6050,1
12045,6051,1
12046,6052,1
12047,6053,1
12048,6054,1
12049,6055,1
12050,6056,1
12051,6057,1
12052,6058,1
12053,6059,1
12054,6060,1
12055,6061,1
12056,6062,1
12057,6063,1
12058,6064,1
12059,6065,1
12060,6066,1
12061,6067,1
12062,6068,1
12063,6069,1
12064,6070,1
12065,6071,1
12066,6072,1
12067,6073,1
12068,6074,1
12069,6075,1
12070,6076,1
12071,6077,1
12072,6078,1
12073,6079,1
12074,6080,1
12075,6081,1
12076,6082,1
12077,6083,1
12078,6084,1
12079,6085,1
12080,6086,1
12081,6087,1
12082,6088,1
12083,6089,1
12084,6090,1
12085,6091,1
12086,6092,1
12087,6093,1
12088,6094,1
12089,6095,1
12090,6096,1
12091,6097,1
12092,6098,1
12093,6099,1
12094,6100,1
12095,6101,1
12096,6102,1
12097,6103,1
12098,6104,1
12099,6105,1
12100,6106,1
12101,6107,1
12102,6108,1
12103,6109,1
12104,6110,1
12105,6111,1
12106,6112,1
12107,6113,1
12108,6114,1
12109,6115,1
12110,6116,1
12111,6117,1
12112,6118,1
12113,6119,1
12114,6120,1
12115,6121,1
12116,6122,1
12117,6123,1
12118,6124,1
12119,6125,1
12120,6126,1
12121,6127,1
12122,6128,1
12123,6129,1
12124,6130,1
12125,6131,1
12126,6132,1
12127,6133,1
12128,6134,1
12129,6135,1
12130,6136,1
12131,6137,1
12132,6138,1
12133,6139,1
12134,6140,1
12135,6141,1
12136,6142,1
12137,6143,1
12138,6144,1
12139,6145,1
12140,6146,1
12141,6147,1
12142,6148,1
12143,6149,1
12144,6150,1
12145,6151,1
12146,6152,1
12147,6153,1
12148,6154,1
12149,6155,1
12150,6156,1
12151,6157,1
12152,6158,1
12153,6015,12
12154,6016,12
12155,6017,12
12156,6018,12
12157,6019,12
12158,6020,12
12159,6021,12
12160,6022,12
12161,6023,12
12162,6024,12
12163,6025,12
12164,6026,12
12165,6027,12
12166,6028,12
12167,6029,12
12168,6030,12
12169,6031,12
12170,6032,12
12171,6033,12
12172,6034,12
12173,6035,12
12174,6036,12
12175,6037,12
12176,6038,12
12177,6039,12
12178,6040,12
12179,6041,12
12180,6042,12
12181,6043,12
12182,6044,12
12183,6045,12
12184,6046,12
12185,6047,12
12186,6048,12
12187,6049,12
12188,6050,12
12189,6051,12
12190,6052,12
12191,6053,12
12192,6054,12
12193,6055,12
12194,6056,12
12195,6057,12
12196,6058,12
12197,6059,12
12198,6060,12
12199,6061,12
12200,6062,12
12201,6063,12
12202,6064,12
12203,6065,12
12204,6066,12
12205,6067,12
12206,6068,12
12207,6069,12
12208,6070,12
12209,6071,12
12210,6072,12
12211,6073,12
12212,6074,12
12213,6075,12
12214,6076,12
12215,6077,12
12216,6078,12
12217,6079,12
12218,6080,12
12219,6081,12
12220,6082,12
12221,6083,12
12222,6084,12
12223,6085,12
12224,6086,12
12225,6087,12
12226,6088,12
12227,6089,12
12228,6090,12
12229,6091,12
12230,6092,12
12231,6093,12
12232,6094,12
12233,6095,12
12234,6096,12
12235,6097,12
12236,6098,12
12237,6099,12
12238,6100,12
12239,6101,12
12240,6102,12
12241,6103,12
12242,6104,12
12243,6105,12
12244,6106,12
12245,6107,12
12246,6108,12
12247,6109,12
12248,6110,12
12249,6111,12
12250,6112,12
12251,6113,12
12252,6114,12
12253,6115,12
12254,6116,12
12255,6117,12
12256,6118,12
12257,6119,12
12258,6120,12
12259,6121,12
12260,6122,12
12261,6123,12
12262,6124,12
12263,6125,12
12264,6126,12
12265,6127,12
12266,6128,12
12267,6129,12
12268,6130,12
12269,6131,12
12270,6132,12
12271,6133,12
12272,6134,12
12273,6135,12
12274,6136,12
12275,6137,12
12276,6138,12
12277,6139,12
12278,6140,12
12279,6141,12
12280,6142,12
12281,6143,12
12282,6144,12
12283,6145,12
12284,6146,12
12285,6147,12
12286,6148,12
12287,6149,12
12288,6150,12
12289,6151,12
12290,6152,12
12291,6153,12
12292,6154,12
12293,6155,12
12294,6156,12
12295,6157,12
12296,6158,12
12297,6159,1
12298,6160,1
12299,6161,1
12300,6162,1
12301,6163,1
12302,6164,1
12303,6165,1
12304,6166,1
12305,6167,1
12306,6168,1
12307,6169,1
12308,6170,1
12309,6171,1
12310,6172,1
12311,6173,1
12312,6174,1
12313,6175,1
12314,6176,1
12315,6177,1
12316,6178,1
12317,6179,1
12318,6180,1
12319,6181,1
12320,6182,1
12321,6183,1
12322,6184,1
12323,6185,1
12324,6186,1
12325,6187,1
12326,6188,1
12327,6189,1
12328,6190,1
12329,6191,1
12330,6192,1
12331,6193,1
12332,6194,1
12333,6159,12
12334,6160,12
12335,6161,12
12336,6162,12
12337,6163,12
12338,6164,12
12339,6165,12
12340,6166,12
12341,6167,12
12342,6168,12
12343,6169,12
12344,6170,12
12345,6171,12
12346,6172,12
12347,6173,12
12348,6174,12
12349,6175,12
12350,6176,12
12351,6177,12
12352,6178,12
12353,6179,12
12354,6180,12
12355,6181,12
12356,6182,12
12357,6183,12
12358,6184,12
12359,6185,12
12360,6186,12
12361,6187,12
12362,6188,12
12363,6189,12
12364,6190,12
12365,6191,12
12366,6192,12
12367,6193,12
12368,6194,12
12369,6195,1
12370,6196,1
12371,6197,1
12372,6198,1
12373,6199,1
12374,6200,1
12375,6195,12
12376,6196,12
12377,6197,12
12378,6198,12
12379,6199,12
12380,6200,12
12381,6201,1
12382,6202,1
12383,6203,1
12384,6204,1
12385,6205,1
12386,6206,1
12387,6207,1
12388,6208,1
12389,6209,1
12390,6210,1
12391,6211,1
12392,6212,1
12393,6213,1
12394,6214,1
12395,6201,12
12396,6202,12
12397,6203,12
12398,6204,12
12399,6205,12
12400,6206,12
12401,6207,12
12402,6208,12
12403,6209,12
12404,6210,12
12405,6211,12
12406,6212,12
12407,6213,12
12408,6214,12
12409,6215,1
12410,6216,1
12411,6217,1
12412,6218,1
12413,6215,12
12414,6216,12
12415,6217,12
12416,6218,12
12417,6219,1
12418,6220,1
12419,6221,1
12420,6222,1
12421,6223,1
12422,6224,1
12423,6225,1
12424,6226,1
12425,6227,1
12426,6228,1
12427,6219,12
12428,6220,12
12429,6221,12
12430,6222,12
12431,6223,12
12432,6224,12
12433,6225,12
12434,6226,12
12435,6227,12
12436,6228,12
12437,6229,1
12438,6230,1
12439,6231,1
12440,6232,1
12441,6233,1
12442,6234,1
12443,6235,1
12444,6236,1
12445,6237,1
12446,6238,1
12447,6239,1
12448,6240,1
12449,6241,1
12450,6242,1
12451,6243,1
12452,6229,12
12453,6230,12
12454,6231,12
12455,6232,12
12456,6233,12
12457,6234,12
12458,6235,12
12459,6236,12
12460,6237,12
12461,6238,12
12462,6239,12
12463,6240,12
12464,6241,12
12465,6242,12
12466,6243,12
12467,6244,1
12468,6245,1
12469,6246,1
12470,6247,1
12471,6248,1
12472,6249,1
12473,6250,1
12474,6251,1
12475,6252,1
12476,6253,1
12477,6254,1
12478,6255,1
12479,6256,1
12480,6257,1
12481,6258,1
12482,6244,12
12483,6245,12
12484,6246,12
12485,6247,12
12486,6248,12
12487,6249,12
12488,6250,12
12489,6251,12
12490,6252,12
12491,6253,12
12492,6254,12
12493,6255,12
12494,6256,12
12495,6257,12
12496,6258,12
12497,6259,1
12498,6260,1
12499,6261,1
12500,6262,1
12501,6263,1
12502,6264,1
12503,6265,1
12504,6266,1
12505,6267,1
12506,6268,1
12507,6269,1
12508,6270,1
12509,6271,1
12510,6272,1
12511,6273,1
12512,6274,1
12513,6275,1
12514,6276,1
12515,6277,1
12516,6278,1
12517,6279,1
12518,6280,1
12519,6281,1
12520,6282,1
12521,6283,1
12522,6284,1
12523,6285,1
12524,6286,1
12525,6287,1
12526,6259,12
12527,6260,12
12528,6261,12
12529,6262,12
12530,6263,12
12531,6264,12
12532,6265,12
12533,6266,12
12534,6267,12
12535,6268,12
12536,6269,12
12537,6270,12
12538,6271,12
12539,6272,12
12540,6273,12
12541,6274,12
12542,6275,12
12543,6276,12
12544,6277,12
12545,6278,12
12546,6279,12
12547,6280,12
12548,6281,12
12549,6282,12
12550,6283,12
12551,6284,12
12552,6285,12
12553,6286,12
12554,6287,12
12555,6288,1
12556,6289,1
12557,6288,12
12558,6289,12
12559,6290,1
12560,6291,1
12561,6292,1
12562,6293,1
12563,6294,1
12564,6295,1
12565,6296,1
12566,6297,1
12567,6298,1
12568,6299,1
12569,6300,1
12570,6301,1
12571,6302,1
12572,6303,1
12573,6304,1
12574,6305,1
12575,6306,1
12576,6307,1
12577,6308,1
12578,6309,1
12579,6310,1
12580,6311,1
12581,6312,1
12582,6313,1
12583,6314,1
12584,6315,1
12585,6316,1
12586,6317,1
12587,6318,1
12588,6319,1
12589,6320,1
12590,6321,1
12591,6322,1
12592,6323,1
12593,6324,1
12594,6325,1
12595,6326,1
12596,6327,1
12597,6328,1
12598,6329,1
12599,6330,1
12600,6331,1
12601,6332,1
12602,6333,1
12603,6334,1
12604,6335,1
12605,6336,1
12606,6337,1
12607,6338,1
12608,6339,1
12609,6340,1
12610,6341,1
12611,6342,1
12612,6343,1
12613,6344,1
12614,6345,1
12615,6346,1
12616,6347,1
12617,6348,1
12618,6349,1
12619,6350,1
12620,6351,1
12621,6352,1
12622,6353,1
12623,6354,1
12624,6355,1
12625,6356,1
12626,6357,1
12627,6358,1
12628,6359,1
12629,6360,1
12630,6361,1
12631,6362,1
12632,6363,1
12633,6364,1
12634,6365,1
12635,6366,1
12636,6367,1
12637,6368,1
12638,6369,1
12639,6370,1
12640,6371,1
12641,6372,1
12642,6373,1
12643,6374,1
12644,6375,1
12645,6376,1
12646,6377,1
12647,6378,1
12648,6379,1
12649,6380,1
12650,6381,1
12651,6382,1
12652,6383,1
12653,6384,1
12654,6385,1
12655,6386,1
12656,6387,1
12657,6388,1
12658,6389,1
12659,6390,1
12660,6391,1
12661,6392,1
12662,6393,1
12663,6394,1
12664,6395,1
12665,6396,1
12666,6397,1
12667,6398,1
12668,6399,1
12669,6400,1
12670,6401,1
12671,6402,1
12672,6403,1
12673,6404,1
12674,6405,1
12675,6406,1
12676,6407,1
12677,6408,1
12678,6409,1
12679,6410,1
12680,6411,1
12681,6412,1
12682,6413,1
12683,6414,1
12684,6415,1
12685,6416,1
12686,6417,1
12687,6418,1
12688,6419,1
12689,6420,1
12690,6421,1
12691,6422,1
12692,6423,1
12693,6424,1
12694,6425,1
12695,6426,1
12696,6427,1
12697,6428,1
12698,6429,1
12699,6430,1
12700,6431,1
12701,6432,1
12702,6433,1
12703,6434,1
12704,6435,1
12705,6436,1
12706,6437,1
12707,6438,1
12708,6439,1
12709,6440,1
12710,6441,1
12711,6290,12
12712,6291,12
12713,6292,12
12714,6293,12
12715,6294,12
12716,6295,12
12717,6296,12
12718,6297,12
12719,6298,12
12720,6299,12
12721,6300,12
12722,6301,12
12723,6302,12
12724,6303,12
12725,6304,12
12726,6305,12
12727,6306,12
12728,6307,12
12729,6308,12
12730,6309,12
12731,6310,12
12732,6311,12
12733,6312,12
12734,6313,12
12735,6314,12
12736,6315,12
12737,6316,12
12738,6317,12
12739,6318,12
12740,6319,12
12741,6320,12
12742,6321,12
12743,6322,12
12744,6323,12
12745,6324,12
12746,6325,12
12747,6326,12
12748,6327,12
12749,6328,12
12750,6329,12
12751,6330,12
12752,6331,12
12753,6332,12
12754,6333,12
12755,6334,12
12756,6335,12
12757,6336,12
12758,6337,12
12759,6338,12
12760,6339,12
12761,6340,12
12762,6341,12
12763,6342,12
12764,6343,12
12765,6344,12
12766,6345,12
12767,6346,12
12768,6347,12
12769,6348,12
12770,6349,12
12771,6350,12
12772,6351,12
12773,6352,12
12774,6353,12
12775,6354,12
12776,6355,12
12777,6356,12
12778,6357,12
12779,6358,12
12780,6359,12
12781,6360,12
12782,6361,12
12783,6362,12
12784,6363,12
12785,6364,12
12786,6365,12
12787,6366,12
12788,6367,12
12789,6368,12
12790,6369,12
12791,6370,12
12792,6371,12
12793,6372,12
12794,6373,12
12795,6374,12
12796,6375,12
12797,6376,12
12798,6377,12
12799,6378,12
12800,6379,12
12801,6380,12
12802,6381,12
12803,6382,12
12804,6383,12
12805,6384,12
12806,6385,12
12807,6386,12
12808,6387,12
12809,6388,12
12810,6389,12
12811,6390,12
12812,6391,12
12813,6392,12
12814,6393,12
12815,6394,12
12816,6395,12
12817,6396,12
12818,6397,12
12819,6398,12
12820,6399,12
12821,6400,12
12822,6401,12
12823,6402,12
12824,6403,12
12825,6404,12
12826,6405,12
12827,6406,12
12828,6407,12
12829,6408,12
12830,6409,12
12831,6410,12
12832,6411,12
12833,6412,12
12834,6413,12
12835,6414,12
12836,6415,12
12837,6416,12
12838,6417,12
12839,6418,12
12840,6419,12
12841,6420,12
12842,6421,12
12843,6422,12
12844,6423,12
12845,6424,12
12846,6425,12
12847,6426,12
12848,6427,12
12849,6428,12
12850,6429,12
12851,6430,12
12852,6431,12
12853,6432,12
12854,6433,12
12855,6434,12
12856,6435,12
12857,6436,12
12858,6437,12
12859,6438,12
12860,6439,12
12861,6440,12
12862,6441,12
12863,6442,1
12864,6442,12
12865,6443,1
12866,6443,12
12867,6444,1
12868,6445,1
12869,6446,1
12870,6447,1
12871,6448,1
12872,6449,1
12873,6450,1
12874,6451,1
12875,6452,1
12876,6453,1
12877,6454,1
12878,6455,1
12879,6456,1
12880,6457,1
12881,6458,1
12882,6444,12
12883,6445,12
12884,6446,12
12885,6447,12
12886,6448,12
12887,6449,12
12888,6450,12
12889,6451,12
12890,6452,12
12891,6453,12
12892,6454,12
12893,6455,12
12894,6456,12
12895,6457,12
12896,6458,12
12897,6459,1
12898,6459,12
12899,6460,1
12900,6461,1
12901,6462,1
12902,6463,1
12903,6460,12
12904,6461,12
12905,6462,12
12906,6463,12
12907,6464,1
12908,6464,12
12909,6465,1
12910,6466,1
12911,6467,1
12912,6468,1
12913,6469,1
12914,6470,1
12915,6471,1
12916,6472,1
12917,6473,1
12918,6465,12
12919,6466,12
12920,6467,12
12921,6468,12
12922,6469,12
12923,6470,12
12924,6471,12
12925,6472,12
12926,6473,12
12927,6474,1
12928,6474,12
12929,6475,1
12930,6476,1
12931,6477,1
12932,6478,1
12933,6479,1
12934,6480,1
12935,6481,1
12936,6482,1
12937,6475,12
12938,6476,12
12939,6477,12
12940,6478,12
12941,6479,12
12942,6480,12
12943,6481,12
12944,6482,12
12945,6483,1
12946,6484,1
12947,6485,1
12948,6483,12
12949,6484,12
12950,6485,12
12951,6486,1
12952,6487,1
12953,6488,1
12954,6489,1
12955,6490,1
12956,6491,1
12957,6492,1
12958,6493,1
12959,6494,1
12960,6495,1
12961,6496,1
12962,6497,1
12963,6498,1
12964,6499,1
12965,6500,1
12966,6501,1
12967,6502,1
12968,6503,1
12969,6504,1
12970,6505,1
12971,6506,1
12972,6507,1
12973,6508,1
12974,6509,1
12975,6510,1
12976,6511,1
12977,6512,1
12978,6513,1
12979,6514,1
12980,6515,1
12981,6516,1
12982,6517,1
12983,6518,1
12984,6519,1
12985,6520,1
12986,6521,1
12987,6522,1
12988,6523,1
12989,6524,1
12990,6525,1
12991,6526,1
12992,6527,1
12993,6528,1
12994,6529,1
12995,6530,1
12996,6531,1
12997,6532,1
12998,6533,1
12999,6534,1
13000,6535,1
13001,6536,1
13002,6537,1
13003,6538,1
13004,6539,1
13005,6540,1
13006,6541,1
13007,6542,1
13008,6543,1
13009,6544,1
13010,6545,1
13011,6546,1
13012,6547,1
13013,6548,1
13014,6549,1
13015,6550,1
13016,6551,1
13017,6552,1
13018,6553,1
13019,6554,1
13020,6555,1
13021,6556,1
13022,6557,1
13023,6558,1
13024,6559,1
13025,6560,1
13026,6486,12
13027,6487,12
13028,6488,12
13029,6489,12
13030,6490,12
13031,6491,12
13032,6492,12
13033,6493,12
13034,6494,12
13035,6495,12
13036,6496,12
13037,6497,12
13038,6498,12
13039,6499,12
13040,6500,12
13041,6501,12
13042,6502,12
13043,6503,12
13044,6504,12
13045,6505,12
13046,6506,12
13047,6507,12
13048,6508,12
13049,6509,12
13050,6510,12
13051,6511,12
13052,6512,12
13053,6513,12
13054,6514,12
13055,6515,12
13056,6516,12
13057,6517,12
13058,6518,12
13059,6519,12
13060,6520,12
13061,6521,12
13062,6522,12
13063,6523,12
13064,6524,12
13065,6525,12
13066,6526,12
13067,6527,12
13068,6528,12
13069,6529,12
13070,6530,12
13071,6531,12
13072,6532,12
13073,6533,12
13074,6534,12
13075,6535,12
13076,6536,12
13077,6537,12
13078,6538,12
13079,6539,12
13080,6540,12
13081,6541,12
13082,6542,12
13083,6543,12
13084,6544,12
13085,6545,12
13086,6546,12
13087,6547,12
13088,6548,12
13089,6549,12
13090,6550,12
13091,6551,12
13092,6552,12
13093,6553,12
13094,6554,12
13095,6555,12
13096,6556,12
13097,6557,12
13098,6558,12
13099,6559,12
13100,6560,12
13101,6561,1
13102,6562,1
13103,6563,1
13104,6564,1
13105,6565,1
13106,6566,1
13107,6567,1
13108,6568,1
13109,6569,1
13110,6570,1
13111,6571,1
13112,6572,1
13113,6573,1
13114,6574,1
13115,6575,1
13116,6576,1
13117,6577,1
13118,6578,1
13119,6579,1
13120,6580,1
13121,6581,1
13122,6582,1
13123,6583,1
13124,6584,1
13125,6585,1
13126,6586,1
13127,6587,1
13128,6561,12
13129,6562,12
13130,6563,12
13131,6564,12
13132,6565,12
13133,6566,12
13134,6567,12
13135,6568,12
13136,6569,12
13137,6570,12
13138,6571,12
13139,6572,12
13140,6573,12
13141,6574,12
13142,6575,12
13143,6576,12
13144,6577,12
13145,6578,12
13146,6579,12
13147,6580,12
13148,6581,12
13149,6582,12
13150,6583,12
13151,6584,12
13152,6585,12
13153,6586,12
13154,6587,12
13155,6588,1
13156,6589,1
13157,6588,12
13158,6589,12
13159,6590,1
13160,6591,1
13161,6592,1
13162,6593,1
13163,6594,1
13164,6595,1
13165,6596,1
13166,6597,1
13167,6598,1
13168,6599,1
13169,6600,1
13170,6601,1
13171,6602,1
13172,6603,1
13173,6604,1
13174,6605,1
13175,6606,1
13176,6607,1
13177,6608,1
13178,6609,1
13179,6610,1
13180,6611,1
13181,6612,1
13182,6613,1
13183,6614,1
13184,6615,1
13185,6616,1
13186,6617,1
13187,6618,1
13188,6619,1
13189,6620,1
13190,6621,1
13191,6622,1
13192,6623,1
13193,6624,1
13194,6625,1
13195,6626,1
13196,6627,1
13197,6628,1
13198,6629,1
13199,6630,1
13200,6631,1
13201,6632,1
13202,6633,1
13203,6634,1
13204,6635,1
13205,6636,1
13206,6637,1
13207,6638,1
13208,6639,1
13209,6640,1
13210,6641,1
13211,6642,1
13212,6643,1
13213,6644,1
13214,6645,1
13215,6646,1
13216,6647,1
13217,6648,1
13218,6649,1
13219,6650,1
13220,6651,1
13221,6652,1
13222,6653,1
13223,6654,1
13224,6655,1
13225,6656,1
13226,6657,1
13227,6658,1
13228,6659,1
13229,6660,1
13230,6661,1
13231,6662,1
13232,6663,1
13233,6664,1
13234,6665,1
13235,6666,1
13236,6667,1
13237,6668,1
13238,6669,1
13239,6670,1
13240,6671,1
13241,6672,1
13242,6673,1
13243,6674,1
13244,6675,1
13245,6676,1
13246,6677,1
13247,6678,1
13248,6590,12
13249,6591,12
13250,6592,12
13251,6593,12
13252,6594,12
13253,6595,12
13254,6596,12
13255,6597,12
13256,6598,12
13257,6599,12
13258,6600,12
13259,6601,12
13260,6602,12
13261,6603,12
13262,6604,12
13263,6605,12
13264,6606,12
13265,6607,12
13266,6608,12
13267,6609,12
13268,6610,12
13269,6611,12
13270,6612,12
13271,6613,12
13272,6614,12
13273,6615,12
13274,6616,12
13275,6617,12
13276,6618,12
13277,6619,12
13278,6620,12
13279,6621,12
13280,6622,12
13281,6623,12
13282,6624,12
13283,6625,12
13284,6626,12
13285,6627,12
13286,6628,12
13287,6629,12
13288,6630,12
13289,6631,12
13290,6632,12
13291,6633,12
13292,6634,12
13293,6635,12
13294,6636,12
13295,6637,12
13296,6638,12
13297,6639,12
13298,6640,12
13299,6641,12
13300,6642,12
13301,6643,12
13302,6644,12
13303,6645,12
13304,6646,12
13305,6647,12
13306,6648,12
13307,6649,12
13308,6650,12
13309,6651,12
13310,6652,12
13311,6653,12
13312,6654,12
13313,6655,12
13314,6656,12
13315,6657,12
13316,6658,12
13317,6659,12
13318,6660,12
13319,6661,12
13320,6662,12
13321,6663,12
13322,6664,12
13323,6665,12
13324,6666,12
13325,6667,12
13326,6668,12
13327,6669,12
13328,6670,12
13329,6671,12
13330,6672,12
13331,6673,12
13332,6674,12
13333,6675,12
13334,6676,12
13335,6677,12
13336,6678,12
13337,6679,1
13338,6680,1
13339,6681,1
13340,6682,1
13341,6679,12
13342,6680,12
13343,6681,12
13344,6682,12
13345,6683,1
13346,6683,12
13347,6684,1
13348,6685,1
13349,6684,12
13350,6685,12
13351,6686,1
13352,6687,1
13353,6688,1
13354,6689,1
13355,6690,1
13356,6691,1
13357,6692,1
13358,6693,1
13359,6694,1
13360,6686,12
13361,6687,12
13362,6688,12
13363,6689,12
13364,6690,12
13365,6691,12
13366,6692,12
13367,6693,12
13368,6694,12
13369,6695,1
13370,6696,1
13371,6697,1
13372,6695,12
13373,6696,12
13374,6697,12
13375,6698,1
13376,6699,1
13377,6700,1
13378,6701,1
13379,6702,1
13380,6703,1
13381,6704,1
13382,6705,1
13383,6706,1
13384,6707,1
13385,6708,1
13386,6709,1
13387,6710,1
13388,6711,1
13389,6712,1
13390,6713,1
13391,6714,1
13392,6715,1
13393,6716,1
13394,6717,1
13395,6718,1
13396,6698,12
13397,6699,12
13398,6700,12
13399,6701,12
13400,6702,12
13401,6703,12
13402,6704,12
13403,6705,12
13404,6706,12
13405,6707,12
13406,6708,12
13407,6709,12
13408,6710,12
13409,6711,12
13410,6712,12
13411,6713,12
13412,6714,12
13413,6715,12
13414,6716,12
13415,6717,12
13416,6718,12
13417,6719,1
13418,6720,1
13419,6721,1
13420,6722,1
13421,6723,1
13422,6724,1
13423,6725,1
13424,6726,1
13425,6727,1
13426,6728,1
13427,6729,1
13428,6730,1
13429,6731,1
13430,6732,1
13431,6733,1
13432,6719,12
13433,6720,12
13434,6721,12
13435,6722,12
13436,6723,12
13437,6724,12
13438,6725,12
13439,6726,12
13440,6727,12
13441,6728,12
13442,6729,12
13443,6730,12
13444,6731,12
13445,6732,12
13446,6733,12
13447,6734,1
13448,6735,1
13449,6736,1
13450,6737,1
13451,6738,1
13452,6739,1
13453,6740,1
13454,6741,1
13455,6742,1
13456,6743,1
13457,6744,1
13458,6745,1
13459,6746,1
13460,6747,1
13461,6748,1
13462,6749,1
13463,6750,1
13464,6751,1
13465,6734,12
13466,6735,12
13467,6736,12
13468,6737,12
13469,6738,12
13470,6739,12
13471,6740,12
13472,6741,12
13473,6742,12
13474,6743,12
13475,6744,12
13476,6745,12
13477,6746,12
13478,6747,12
13479,6748,12
13480,6749,12
13481,6750,12
13482,6751,12
13483,6752,1
13484,6753,1
13485,6754,1
13486,6755,1
13487,6756,1
13488,6757,1
13489,6758,1
13490,6759,1
13491,6760,1
13492,6761,1
13493,6762,1
13494,6763,1
13495,6764,1
13496,6765,1
13497,6766,1
13498,6767,1
13499,6768,1
13500,6769,1
13501,6770,1
13502,6771,1
13503,6772,1
13504,6773,1
13505,6774,1
13506,6775,1
13507,6776,1
13508,6777,1
13509,6778,1
13510,6779,1
13511,6780,1
13512,6781,1
13513,6782,1
13514,6783,1
13515,6784,1
13516,6785,1
13517,6786,1
13518,6787,1
13519,6788,1
13520,6789,1
13521,6790,1
13522,6791,1
13523,6792,1
13524,6793,1
13525,6794,1
13526,6795,1
13527,6796,1
13528,6797,1
13529,6798,1
13530,6799,1
13531,6800,1
13532,6801,1
13533,6802,1
13534,6803,1
13535,6804,1
13536,6805,1
13537,6806,1
13538,6807,1
13539,6808,1
13540,6809,1
13541,6810,1
13542,6811,1
13543,6812,1
13544,6813,1
13545,6814,1
13546,6815,1
13547,6816,1
13548,6817,1
13549,6818,1
13550,6819,1
13551,6820,1
13552,6821,1
13553,6822,1
13554,6823,1
13555,6824,1
13556,6825,1
13557,6826,1
13558,6827,1
13559,6828,1
13560,6829,1
13561,6830,1
13562,6831,1
13563,6832,1
13564,6833,1
13565,6834,1
13566,6835,1
13567,6836,1
13568,6837,1
13569,6838,1
13570,6839,1
13571,6840,1
13572,6841,1
13573,6842,1
13574,6843,1
13575,6844,1
13576,6845,1
13577,6846,1
13578,6847,1
13579,6848,1
13580,6849,1
13581,6850,1
13582,6851,1
13583,6852,1
13584,6853,1
13585,6854,1
13586,6855,1
13587,6856,1
13588,6857,1
13589,6858,1
13590,6859,1
13591,6860,1
13592,6861,1
13593,6862,1
13594,6863,1
13595,6864,1
13596,6865,1
13597,6866,1
13598,6867,1
13599,6868,1
13600,6869,1
13601,6870,1
13602,6871,1
13603,6872,1
13604,6873,1
13605,6874,1
13606,6875,1
13607,6876,1
13608,6877,1
13609,6878,1
13610,6879,1
13611,6880,1
13612,6881,1
13613,6882,1
13614,6883,1
13615,6884,1
13616,6885,1
13617,6886,1
13618,6887,1
13619,6888,1
13620,6889,1
13621,6890,1
13622,6891,1
13623,6892,1
13624,6893,1
13625,6894,1
13626,6895,1
13627,6896,1
13628,6897,1
13629,6898,1
13630,6899,1
13631,6900,1
13632,6901,1
13633,6902,1
13634,6903,1
13635,6904,1
13636,6905,1
13637,6906,1
13638,6907,1
13639,6908,1
13640,6909,1
13641,6910,1
13642,6911,1
13643,6912,1
13644,6913,1
13645,6914,1
13646,6915,1
13647,6916,1
13648,6917,1
13649,6918,1
13650,6919,1
13651,6920,1
13652,6921,1
13653,6922,1
13654,6923,1
13655,6924,1
13656,6925,1
13657,6926,1
13658,6927,1
13659,6928,1
13660,6929,1
13661,6930,1
13662,6931,1
13663,6932,1
13664,6933,1
13665,6934,1
13666,6935,1
13667,6936,1
13668,6937,1
13669,6938,1
13670,6939,1
13671,6940,1
13672,6941,1
13673,6942,1
13674,6943,1
13675,6944,1
13676,6945,1
13677,6946,1
13678,6947,1
13679,6948,1
13680,6949,1
13681,6950,1
13682,6951,1
13683,6952,1
13684,6953,1
13685,6954,1
13686,6955,1
13687,6956,1
13688,6957,1
13689,6958,1
13690,6959,1
13691,6960,1
13692,6961,1
13693,6962,1
13694,6963,1
13695,6964,1
13696,6965,1
13697,6966,1
13698,6967,1
13699,6968,1
13700,6969,1
13701,6970,1
13702,6971,1
13703,6972,1
13704,6973,1
13705,6974,1
13706,6975,1
13707,6976,1
13708,6977,1
13709,6978,1
13710,6979,1
13711,6980,1
13712,6981,1
13713,6982,1
13714,6983,1
13715,6984,1
13716,6985,1
13717,6986,1
13718,6987,1
13719,6988,1
13720,6989,1
13721,6990,1
13722,6991,1
13723,6992,1
13724,6993,1
13725,6994,1
13726,6995,1
13727,6996,1
13728,6997,1
13729,6998,1
13730,6999,1
13731,7000,1
13732,7001,1
13733,7002,1
13734,7003,1
13735,7004,1
13736,7005,1
13737,7006,1
13738,7007,1
13739,7008,1
13740,7009,1
13741,7010,1
13742,7011,1
13743,7012,1
13744,7013,1
13745,7014,1
13746,7015,1
13747,7016,1
13748,7017,1
13749,7018,1
13750,7019,1
13751,7020,1
13752,7021,1
13753,7022,1
13754,7023,1
13755,7024,1
13756,7025,1
13757,7026,1
13758,7027,1
13759,7028,1
13760,7029,1
13761,7030,1
13762,7031,1
13763,7032,1
13764,7033,1
13765,7034,1
13766,7035,1
13767,7036,1
13768,7037,1
13769,7038,1
13770,7039,1
13771,7040,1
13772,7041,1
13773,7042,1
13774,7043,1
13775,7044,1
13776,7045,1
13777,7046,1
13778,7047,1
13779,7048,1
13780,7049,1
13781,7050,1
13782,7051,1
13783,7052,1
13784,7053,1
13785,7054,1
13786,7055,1
13787,7056,1
13788,7057,1
13789,7058,1
13790,7059,1
13791,7060,1
13792,7061,1
13793,7062,1
13794,7063,1
13795,7064,1
13796,7065,1
13797,7066,1
13798,7067,1
13799,7068,1
13800,7069,1
13801,6752,12
13802,6753,12
13803,6754,12
13804,6755,12
13805,6756,12
13806,6757,12
13807,6758,12
13808,6759,12
13809,6760,12
13810,6761,12
13811,6762,12
13812,6763,12
13813,6764,12
13814,6765,12
13815,6766,12
13816,6767,12
13817,6768,12
13818,6769,12
13819,6770,12
13820,6771,12
13821,6772,12
13822,6773,12
13823,6774,12
13824,6775,12
13825,6776,12
13826,6777,12
13827,6778,12
13828,6779,12
13829,6780,12
13830,6781,12
13831,6782,12
13832,6783,12
13833,6784,12
13834,6785,12
13835,6786,12
13836,6787,12
13837,6788,12
13838,6789,12
13839,6790,12
13840,6791,12
13841,6792,12
13842,6793,12
13843,6794,12
13844,6795,12
13845,6796,12
13846,6797,12
13847,6798,12
13848,6799,12
13849,6800,12
13850,6801,12
13851,6802,12
13852,6803,12
13853,6804,12
13854,6805,12
13855,6806,12
13856,6807,12
13857,6808,12
13858,6809,12
13859,6810,12
13860,6811,12
13861,6812,12
13862,6813,12
13863,6814,12
13864,6815,12
13865,6816,12
13866,6817,12
13867,6818,12
13868,6819,12
13869,6820,12
13870,6821,12
13871,6822,12
13872,6823,12
13873,6824,12
13874,6825,12
13875,6826,12
13876,6827,12
13877,6828,12
13878,6829,12
13879,6830,12
13880,6831,12
13881,6832,12
13882,6833,12
13883,6834,12
13884,6835,12
13885,6836,12
13886,6837,12
13887,6838,12
13888,6839,12
13889,6840,12
13890,6841,12
13891,6842,12
13892,6843,12
13893,6844,12
13894,6845,12
13895,6846,12
13896,6847,12
13897,6848,12
13898,6849,12
13899,6850,12
13900,6851,12
13901,6852,12
13902,6853,12
13903,6854,12
13904,6855,12
13905,6856,12
13906,6857,12
13907,6858,12
13908,6859,12
13909,6860,12
13910,6861,12
13911,6862,12
13912,6863,12
13913,6864,12
13914,6865,12
13915,6866,12
13916,6867,12
13917,6868,12
13918,6869,12
13919,6870,12
13920,6871,12
13921,6872,12
13922,6873,12
13923,6874,12
13924,6875,12
13925,6876,12
13926,6877,12
13927,6878,12
13928,6879,12
13929,6880,12
13930,6881,12
13931,6882,12
13932,6883,12
13933,6884,12
13934,6885,12
13935,6886,12
13936,6887,12
13937,6888,12
13938,6889,12
13939,6890,12
13940,6891,12
13941,6892,12
13942,6893,12
13943,6894,12
13944,6895,12
13945,6896,12
13946,6897,12
13947,6898,12
13948,6899,12
13949,6900,12
13950,6901,12
13951,6902,12
13952,6903,12
13953,6904,12
13954,6905,12
13955,6906,12
13956,6907,12
13957,6908,12
13958,6909,12
13959,6910,12
13960,6911,12
13961,6912,12
13962,6913,12
13963,6914,12
13964,6915,12
13965,6916,12
13966,6917,12
13967,6918,12
13968,6919,12
13969,6920,12
13970,6921,12
13971,6922,12
13972,6923,12
13973,6924,12
13974,6925,12
13975,6926,12
13976,6927,12
13977,6928,12
13978,6929,12
13979,6930,12
13980,6931,12
13981,6932,12
13982,6933,12
13983,6934,12
13984,6935,12
13985,6936,12
13986,6937,12
13987,6938,12
13988,6939,12
13989,6940,12
13990,6941,12
13991,6942,12
13992,6943,12
13993,6944,12
13994,6945,12
13995,6946,12
13996,6947,12
13997,6948,12
13998,6949,12
13999,6950,12
14000,6951,12
14001,6952,12
14002,6953,12
14003,6954,12
14004,6955,12
14005,6956,12
14006,6957,12
14007,6958,12
14008,6959,12
14009,6960,12
14010,6961,12
14011,6962,12
14012,6963,12
14013,6964,12
14014,6965,12
14015,6966,12
14016,6967,12
14017,6968,12
14018,6969,12
14019,6970,12
14020,6971,12
14021,6972,12
14022,6973,12
14023,6974,12
14024,6975,12
14025,6976,12
14026,6977,12
14027,6978,12
14028,6979,12
14029,6980,12
14030,6981,12
14031,6982,12
14032,6983,12
14033,6984,12
14034,6985,12
14035,6986,12
14036,6987,12
14037,6988,12
14038,6989,12
14039,6990,12
14040,6991,12
14041,6992,12
14042,6993,12
14043,6994,12
14044,6995,12
14045,6996,12
14046,6997,12
14047,6998,12
14048,6999,12
14049,7000,12
14050,7001,12
14051,7002,12
14052,7003,12
14053,7004,12
14054,7005,12
14055,7006,12
14056,7007,12
14057,7008,12
14058,7009,12
14059,7010,12
14060,7011,12
14061,7012,12
14062,7013,12
14063,7014,12
14064,7015,12
14065,7016,12
14066,7017,12
14067,7018,12
14068,7019,12
14069,7020,12
14070,7021,12
14071,7022,12
14072,7023,12
14073,7024,12
14074,7025,12
14075,7026,12
14076,7027,12
14077,7028,12
14078,7029,12
14079,7030,12
14080,7031,12
14081,7032,12
14082,7033,12
14083,7034,12
14084,7035,12
14085,7036,12
14086,7037,12
14087,7038,12
14088,7039,12
14089,7040,12
14090,7041,12
14091,7042,12
14092,7043,12
14093,7044,12
14094,7045,12
14095,7046,12
14096,7047,12
14097,7048,12
14098,7049,12
14099,7050,12
14100,7051,12
14101,7052,12
14102,7053,12
14103,7054,12
14104,7055,12
14105,7056,12
14106,7057,12
14107,7058,12
14108,7059,12
14109,7060,12
14110,7061,12
14111,7062,12
14112,7063,12
14113,7064,12
14114,7065,12
14115,7066,12
14116,7067,12
14117,7068,12
14118,7069,12
14119,7070,1
14120,7071,1
14121,7072,1
14122,7073,1
14123,7074,1
14124,7075,1
14125,7070,12
14126,7071,12
14127,7072,12
14128,7073,12
14129,7074,12
14130,7075,12
14131,7076,1
14132,7077,1
14133,7078,1
14134,7079,1
14135,7080,1
14136,7081,1
14137,7082,1
14138,7083,1
14139,7084,1
14140,7085,1
14141,7076,12
14142,7077,12
14143,7078,12
14144,7079,12
14145,7080,12
14146,7081,12
14147,7082,12
14148,7083,12
14149,7084,12
14150,7085,12
14151,7086,1
14152,7087,1
14153,7088,1
14154,7089,1
14155,7090,1
14156,7091,1
14157,7092,1
14158,7093,1
14159,7094,1
14160,7095,1
14161,7096,1
14162,7097,1
14163,7098,1
14164,7099,1
14165,7100,1
14166,7101,1
14167,7102,1
14168,7103,1
14169,7104,1
14170,7105,1
14171,7106,1
14172,7107,1
14173,7108,1
14174,7109,1
14175,7110,1
14176,7111,1
14177,7112,1
14178,7113,1
14179,7114,1
14180,7115,1
14181,7116,1
14182,7117,1
14183,7118,1
14184,7119,1
14185,7120,1
14186,7121,1
14187,7122,1
14188,7123,1
14189,7124,1
14190,7125,1
14191,7126,1
14192,7127,1
14193,7128,1
14194,7129,1
14195,7130,1
14196,7131,1
14197,7132,1
14198,7133,1
14199,7134,1
14200,7135,1
14201,7136,1
14202,7137,1
14203,7138,1
14204,7139,1
14205,7140,1
14206,7141,1
14207,7142,1
14208,7143,1
14209,7144,1
14210,7145,1
14211,7146,1
14212,7147,1
14213,7148,1
14214,7149,1
14215,7086,12
14216,7087,12
14217,7088,12
14218,7089,12
14219,7090,12
14220,7091,12
14221,7092,12
14222,7093,12
14223,7094,12
14224,7095,12
14225,7096,12
14226,7097,12
14227,7098,12
14228,7099,12
14229,7100,12
14230,7101,12
14231,7102,12
14232,7103,12
14233,7104,12
14234,7105,12
14235,7106,12
14236,7107,12
14237,7108,12
14238,7109,12
14239,7110,12
14240,7111,12
14241,7112,12
14242,7113,12
14243,7114,12
14244,7115,12
14245,7116,12
14246,7117,12
14247,7118,12
14248,7119,12
14249,7120,12
14250,7121,12
14251,7122,12
14252,7123,12
14253,7124,12
14254,7125,12
14255,7126,12
14256,7127,12
14257,7128,12
14258,7129,12
14259,7130,12
14260,7131,12
14261,7132,12
14262,7133,12
14263,7134,12
14264,7135,12
14265,7136,12
14266,7137,12
14267,7138,12
14268,7139,12
14269,7140,12
14270,7141,12
14271,7142,12
14272,7143,12
14273,7144,12
14274,7145,12
14275,7146,12
14276,7147,12
14277,7148,12
14278,7149,12
14279,7150,1
14280,7150,12
14281,7151,1
14282,7152,1
14283,7153,1
14284,7154,1
14285,7155,1
14286,7156,1
14287,7157,1
14288,7158,1
14289,7159,1
14290,7160,1
14291,7161,1
14292,7162,1
14293,7163,1
14294,7164,1
14295,7165,1
14296,7166,1
14297,7167,1
14298,7168,1
14299,7169,1
14300,7170,1
14301,7171,1
14302,7172,1
14303,7173,1
14304,7174,1
14305,7175,1
14306,7176,1
14307,7177,1
14308,7178,1
14309,7179,1
14310,7180,1
14311,7181,1
14312,7182,1
14313,7183,1
14314,7184,1
14315,7185,1
14316,7186,1
14317,7187,1
14318,7188,1
14319,7189,1
14320,7190,1
14321,7191,1
14322,7192,1
14323,7193,1
14324,7194,1
14325,7195,1
14326,7196,1
14327,7197,1
14328,7198,1
14329,7199,1
14330,7200,1
14331,7201,1
14332,7202,1
14333,7203,1
14334,7204,1
14335,7205,1
14336,7206,1
14337,7207,1
14338,7208,1
14339,7209,1
14340,7210,1
14341,7211,1
14342,7212,1
14343,7213,1
14344,7214,1
14345,7215,1
14346,7216,1
14347,7217,1
14348,7218,1
14349,7219,1
14350,7220,1
14351,7221,1
14352,7222,1
14353,7223,1
14354,7224,1
14355,7225,1
14356,7226,1
14357,7227,1
14358,7228,1
14359,7229,1
14360,7230,1
14361,7231,1
14362,7232,1
14363,7233,1
14364,7234,1
14365,7235,1
14366,7236,1
14367,7237,1
14368,7238,1
14369,7239,1
14370,7240,1
14371,7241,1
14372,7242,1
14373,7243,1
14374,7244,1
14375,7245,1
14376,7246,1
14377,7151,12
14378,7152,12
14379,7153,12
14380,7154,12
14381,7155,12
14382,7156,12
14383,7157,12
14384,7158,12
14385,7159,12
14386,7160,12
14387,7161,12
14388,7162,12
14389,7163,12
14390,7164,12
14391,7165,12
14392,7166,12
14393,7167,12
14394,7168,12
14395,7169,12
14396,7170,12
14397,7171,12
14398,7172,12
14399,7173,12
14400,7174,12
14401,7175,12
14402,7176,12
14403,7177,12
14404,7178,12
14405,7179,12
14406,7180,12
14407,7181,12
14408,7182,12
14409,7183,12
14410,7184,12
14411,7185,12
14412,7186,12
14413,7187,12
14414,7188,12
14415,7189,12
14416,7190,12
14417,7191,12
14418,7192,12
14419,7193,12
14420,7194,12
14421,7195,12
14422,7196,12
14423,7197,12
14424,7198,12
14425,7199,12
14426,7200,12
14427,7201,12
14428,7202,12
14429,7203,12
14430,7204,12
14431,7205,12
14432,7206,12
14433,7207,12
14434,7208,12
14435,7209,12
14436,7210,12
14437,7211,12
14438,7212,12
14439,7213,12
14440,7214,12
14441,7215,12
14442,7216,12
14443,7217,12
14444,7218,12
14445,7219,12
14446,7220,12
14447,7221,12
14448,7222,12
14449,7223,12
14450,7224,12
14451,7225,12
14452,7226,12
14453,7227,12
14454,7228,12
14455,7229,12
14456,7230,12
14457,7231,12
14458,7232,12
14459,7233,12
14460,7234,12
14461,7235,12
14462,7236,12
14463,7237,12
14464,7238,12
14465,7239,12
14466,7240,12
14467,7241,12
14468,7242,12
14469,7243,12
14470,7244,12
14471,7245,12
14472,7246,12
14473,7247,1
14474,7248,1
14475,7249,1
14476,7250,1
14477,7251,1
14478,7252,1
14479,7247,12
14480,7248,12
14481,7249,12
14482,7250,12
14483,7251,12
14484,7252,12
14485,7253,1
14486,7254,1
14487,7255,1
14488,7256,1
14489,7257,1
14490,7258,1
14491,7259,1
14492,7260,1
14493,7261,1
14494,7262,1
14495,7263,1
14496,7264,1
14497,7265,1
14498,7266,1
14499,7267,1
14500,7253,12
14501,7254,12
14502,7255,12
14503,7256,12
14504,7257,12
14505,7258,12
14506,7259,12
14507,7260,12
14508,7261,12
14509,7262,12
14510,7263,12
14511,7264,12
14512,7265,12
14513,7266,12
14514,7267,12
14515,7268,1
14516,7269,1
14517,7270,1
14518,7268,12
14519,7269,12
14520,7270,12
14521,7271,1
14522,7272,1
14523,7271,12
14524,7272,12
14525,7273,1
14526,7274,1
14527,7275,1
14528,7276,1
14529,7277,1
14530,7278,1
14531,7279,1
14532,7273,12
14533,7274,12
14534,7275,12
14535,7276,12
14536,7277,12
14537,7278,12
14538,7279,12
14539,7280,1
14540,7281,1
14541,7282,1
14542,7283,1
14543,7284,1
14544,7285,1
14545,7286,1
14546,7287,1
14547,7288,1
14548,7289,1
14549,7290,1
14550,7291,1
14551,7280,12
14552,7281,12
14553,7282,12
14554,7283,12
14555,7284,12
14556,7285,12
14557,7286,12
14558,7287,12
14559,7288,12
14560,7289,12
14561,7290,12
14562,7291,12
14563,7292,1
14564,7293,1
14565,7294,1
14566,7295,1
14567,7296,1
14568,7297,1
14569,7298,1
14570,7299,1
14571,7300,1
14572,7301,1
14573,7302,1
14574,7303,1
14575,7304,1
14576,7305,1
14577,7306,1
14578,7292,12
14579,7293,12
14580,7294,12
14581,7295,12
14582,7296,12
14583,7297,12
14584,7298,12
14585,7299,12
14586,7300,12
14587,7301,12
14588,7302,12
14589,7303,12
14590,7304,12
14591,7305,12
14592,7306,12
14593,7307,1
14594,7308,1
14595,7309,1
14596,7310,1
14597,7311,1
14598,7312,1
14599,7313,1
14600,7314,1
14601,7315,1
14602,7316,1
14603,7317,1
14604,7318,1
14605,7319,1
14606,7320,1
14607,7321,1
14608,7322,1
14609,7323,1
14610,7324,1
14611,7325,1
14612,7326,1
14613,7327,1
14614,7328,1
14615,7329,1
14616,7330,1
14617,7331,1
14618,7332,1
14619,7333,1
14620,7334,1
14621,7335,1
14622,7336,1
14623,7337,1
14624,7338,1
14625,7307,12
14626,7308,12
14627,7309,12
14628,7310,12
14629,7311,12
14630,7312,12
14631,7313,12
14632,7314,12
14633,7315,12
14634,7316,12
14635,7317,12
14636,7318,12
14637,7319,12
14638,7320,12
14639,7321,12
14640,7322,12
14641,7323,12
14642,7324,12
14643,7325,12
14644,7326,12
14645,7327,12
14646,7328,12
14647,7329,12
14648,7330,12
14649,7331,12
14650,7332,12
14651,7333,12
14652,7334,12
14653,7335,12
14654,7336,12
14655,7337,12
14656,7338,12
14657,7339,1
14658,7340,1
14659,7339,12
14660,7340,12
14661,7341,1
14662,7342,1
14663,7343,1
14664,7344,1
14665,7345,1
14666,7346,1
14667,7347,1
14668,7348,1
14669,7349,1
14670,7350,1
14671,7351,1
14672,7352,1
14673,7353,1
14674,7354,1
14675,7355,1
14676,7356,1
14677,7357,1
14678,7358,1
14679,7359,1
14680,7360,1
14681,7361,1
14682,7362,1
14683,7363,1
14684,7364,1
14685,7365,1
14686,7366,1
14687,7367,1
14688,7368,1
14689,7369,1
14690,7370,1
14691,7371,1
14692,7372,1
14693,7373,1
14694,7374,1
14695,7375,1
14696,7376,1
14697,7377,1
14698,7378,1
14699,7379,1
14700,7380,1
14701,7381,1
14702,7341,12
14703,7342,12
14704,7343,12
14705,7344,12
14706,7345,12
14707,7346,12
14708,7347,12
14709,7348,12
14710,7349,12
14711,7350,12
14712,7351,12
14713,7352,12
14714,7353,12
14715,7354,12
14716,7355,12
14717,7356,12
14718,7357,12
14719,7358,12
14720,7359,12
14721,7360,12
14722,7361,12
14723,7362,12
14724,7363,12
14725,7364,12
14726,7365,12
14727,7366,12
14728,7367,12
14729,7368,12
14730,7369,12
14731,7370,12
14732,7371,12
14733,7372,12
14734,7373,12
14735,7374,12
14736,7375,12
14737,7376,12
14738,7377,12
14739,7378,12
14740,7379,12
14741,7380,12
14742,7381,12
14743,7382,1
14744,7383,1
14745,7384,1
14746,7382,12
14747,7383,12
14748,7384,12
14749,7385,1
14750,7386,1
14751,7387,1
14752,7388,1
14753,7389,1
14754,7390,1
14755,7391,1
14756,7392,1
14757,7393,1
14758,7394,1
14759,7395,1
14760,7396,1
14761,7397,1
14762,7398,1
14763,7399,1
14764,7400,1
14765,7401,1
14766,7402,1
14767,7403,1
14768,7404,1
14769,7405,1
14770,7406,1
14771,7407,1
14772,7408,1
14773,7409,1
14774,7410,1
14775,7411,1
14776,7412,1
14777,7413,1
14778,7414,1
14779,7415,1
14780,7416,1
14781,7417,1
14782,7418,1
14783,7419,1
14784,7420,1
14785,7421,1
14786,7422,1
14787,7423,1
14788,7424,1
14789,7425,1
14790,7426,1
14791,7427,1
14792,7428,1
14793,7429,1
14794,7430,1
14795,7431,1
14796,7432,1
14797,7433,1
14798,7434,1
14799,7435,1
14800,7436,1
14801,7437,1
14802,7438,1
14803,7439,1
14804,7440,1
14805,7385,12
14806,7386,12
14807,7387,12
14808,7388,12
14809,7389,12
14810,7390,12
14811,7391,12
14812,7392,12
14813,7393,12
14814,7394,12
14815,7395,12
14816,7396,12
14817,7397,12
14818,7398,12
14819,7399,12
14820,7400,12
14821,7401,12
14822,7402,12
14823,7403,12
14824,7404,12
14825,7405,12
14826,7406,12
14827,7407,12
14828,7408,12
14829,7409,12
14830,7410,12
14831,7411,12
14832,7412,12
14833,7413,12
14834,7414,12
14835,7415,12
14836,7416,12
14837,7417,12
14838,7418,12
14839,7419,12
14840,7420,12
14841,7421,12
14842,7422,12
14843,7423,12
14844,7424,12
14845,7425,12
14846,7426,12
14847,7427,12
14848,7428,12
14849,7429,12
14850,7430,12
14851,7431,12
14852,7432,12
14853,7433,12
14854,7434,12
14855,7435,12
14856,7436,12
14857,7437,12
14858,7438,12
14859,7439,12
14860,7440,12
14861,7441,1
14862,7442,1
14863,7443,1
14864,7444,1
14865,7445,1
14866,7446,1
14867,7447,1
14868,7448,1
14869,7449,1
14870,7450,1
14871,7451,1
14872,7452,1
14873,7453,1
14874,7441,12
14875,7442,12
14876,7443,12
14877,7444,12
14878,7445,12
14879,7446,12
14880,7447,12
14881,7448,12
14882,7449,12
14883,7450,12
14884,7451,12
14885,7452,12
14886,7453,12
14887,7454,1
14888,7455,1
14889,7454,12
14890,7455,12
14891,7456,1
14892,7457,1
14893,7458,1
14894,7459,1
14895,7460,1
14896,7461,1
14897,7462,1
14898,7463,1
14899,7464,1
14900,7465,1
14901,7466,1
14902,7467,1
14903,7468,1
14904,7469,1
14905,7470,1
14906,7471,1
14907,7472,1
14908,7473,1
14909,7474,1
14910,7475,1
14911,7476,1
14912,7477,1
14913,7478,1
14914,7479,1
14915,7480,1
14916,7481,1
14917,7482,1
14918,7483,1
14919,7484,1
14920,7485,1
14921,7486,1
14922,7487,1
14923,7488,1
14924,7489,1
14925,7490,1
14926,7491,1
14927,7492,1
14928,7493,1
14929,7494,1
14930,7495,1
14931,7496,1
14932,7497,1
14933,7498,1
14934,7499,1
14935,7500,1
14936,7501,1
14937,7502,1
14938,7503,1
14939,7504,1
14940,7505,1
14941,7506,1
14942,7507,1
14943,7508,1
14944,7509,1
14945,7510,1
14946,7511,1
14947,7512,1
14948,7513,1
14949,7514,1
14950,7515,1
14951,7516,1
14952,7517,1
14953,7518,1
14954,7519,1
14955,7520,1
14956,7521,1
14957,7522,1
14958,7523,1
14959,7524,1
14960,7525,1
14961,7526,1
14962,7527,1
14963,7528,1
14964,7529,1
14965,7530,1
14966,7531,1
14967,7532,1
14968,7533,1
14969,7534,1
14970,7535,1
14971,7536,1
14972,7537,1
14973,7538,1
14974,7539,1
14975,7540,1
14976,7541,1
14977,7542,1
14978,7543,1
14979,7544,1
14980,7545,1
14981,7546,1
14982,7547,1
14983,7548,1
14984,7549,1
14985,7550,1
14986,7551,1
14987,7552,1
14988,7553,1
14989,7554,1
14990,7555,1
14991,7556,1
14992,7557,1
14993,7558,1
14994,7559,1
14995,7560,1
14996,7561,1
14997,7562,1
14998,7563,1
14999,7564,1
15000,7565,1
15001,7566,1
15002,7567,1
15003,7568,1
15004,7569,1
15005,7570,1
15006,7571,1
15007,7572,1
15008,7573,1
15009,7574,1
15010,7575,1
15011,7576,1
15012,7577,1
15013,7578,1
15014,7579,1
15015,7580,1
15016,7581,1
15017,7582,1
15018,7583,1
15019,7584,1
15020,7585,1
15021,7586,1
15022,7587,1
15023,7588,1
15024,7589,1
15025,7590,1
15026,7591,1
15027,7592,1
15028,7593,1
15029,7594,1
15030,7595,1
15031,7596,1
15032,7597,1
15033,7598,1
15034,7599,1
15035,7600,1
15036,7601,1
15037,7602,1
15038,7603,1
15039,7604,1
15040,7605,1
15041,7606,1
15042,7607,1
15043,7608,1
15044,7609,1
15045,7610,1
15046,7611,1
15047,7612,1
15048,7613,1
15049,7614,1
15050,7615,1
15051,7616,1
15052,7617,1
15053,7618,1
15054,7619,1
15055,7620,1
15056,7621,1
15057,7622,1
15058,7623,1
15059,7624,1
15060,7625,1
15061,7626,1
15062,7627,1
15063,7628,1
15064,7629,1
15065,7630,1
15066,7631,1
15067,7632,1
15068,7633,1
15069,7634,1
15070,7635,1
15071,7636,1
15072,7637,1
15073,7638,1
15074,7639,1
15075,7640,1
15076,7641,1
15077,7642,1
15078,7643,1
15079,7644,1
15080,7645,1
15081,7646,1
15082,7647,1
15083,7648,1
15084,7649,1
15085,7650,1
15086,7651,1
15087,7652,1
15088,7653,1
15089,7654,1
15090,7655,1
15091,7656,1
15092,7657,1
15093,7658,1
15094,7659,1
15095,7660,1
15096,7661,1
15097,7662,1
15098,7663,1
15099,7664,1
15100,7665,1
15101,7666,1
15102,7667,1
15103,7668,1
15104,7669,1
15105,7670,1
15106,7671,1
15107,7672,1
15108,7673,1
15109,7674,1
15110,7675,1
15111,7676,1
15112,7677,1
15113,7678,1
15114,7679,1
15115,7680,1
15116,7681,1
15117,7682,1
15118,7683,1
15119,7684,1
15120,7685,1
15121,7686,1
15122,7687,1
15123,7688,1
15124,7689,1
15125,7690,1
15126,7691,1
15127,7692,1
15128,7693,1
15129,7694,1
15130,7695,1
15131,7696,1
15132,7697,1
15133,7698,1
15134,7699,1
15135,7700,1
15136,7701,1
15137,7702,1
15138,7703,1
15139,7704,1
15140,7705,1
15141,7706,1
15142,7707,1
15143,7708,1
15144,7709,1
15145,7710,1
15146,7711,1
15147,7712,1
15148,7713,1
15149,7714,1
15150,7715,1
15151,7716,1
15152,7717,1
15153,7718,1
15154,7719,1
15155,7720,1
15156,7721,1
15157,7722,1
15158,7723,1
15159,7724,1
15160,7725,1
15161,7726,1
15162,7727,1
15163,7728,1
15164,7729,1
15165,7730,1
15166,7731,1
15167,7732,1
15168,7733,1
15169,7734,1
15170,7735,1
15171,7736,1
15172,7737,1
15173,7738,1
15174,7739,1
15175,7740,1
15176,7741,1
15177,7742,1
15178,7743,1
15179,7744,1
15180,7745,1
15181,7746,1
15182,7747,1
15183,7748,1
15184,7749,1
15185,7750,1
15186,7751,1
15187,7752,1
15188,7753,1
15189,7754,1
15190,7755,1
15191,7756,1
15192,7757,1
15193,7758,1
15194,7759,1
15195,7760,1
15196,7761,1
15197,7762,1
15198,7763,1
15199,7764,1
15200,7765,1
15201,7766,1
15202,7767,1
15203,7768,1
15204,7769,1
15205,7770,1
15206,7771,1
15207,7772,1
15208,7773,1
15209,7774,1
15210,7775,1
15211,7776,1
15212,7777,1
15213,7778,1
15214,7779,1
15215,7780,1
15216,7781,1
15217,7782,1
15218,7783,1
15219,7784,1
15220,7785,1
15221,7786,1
15222,7787,1
15223,7788,1
15224,7789,1
15225,7790,1
15226,7791,1
15227,7792,1
15228,7793,1
15229,7794,1
15230,7795,1
15231,7796,1
15232,7797,1
15233,7798,1
15234,7799,1
15235,7800,1
15236,7801,1
15237,7802,1
15238,7803,1
15239,7804,1
15240,7805,1
15241,7806,1
15242,7807,1
15243,7808,1
15244,7809,1
15245,7810,1
15246,7811,1
15247,7812,1
15248,7813,1
15249,7814,1
15250,7815,1
15251,7816,1
15252,7817,1
15253,7818,1
15254,7819,1
15255,7820,1
15256,7821,1
15257,7822,1
15258,7823,1
15259,7824,1
15260,7825,1
15261,7826,1
15262,7827,1
15263,7828,1
15264,7829,1
15265,7830,1
15266,7831,1
15267,7832,1
15268,7833,1
15269,7834,1
15270,7835,1
15271,7836,1
15272,7837,1
15273,7838,1
15274,7839,1
15275,7840,1
15276,7841,1
15277,7842,1
15278,7843,1
15279,7844,1
15280,7845,1
15281,7846,1
15282,7847,1
15283,7848,1
15284,7849,1
15285,7850,1
15286,7851,1
15287,7852,1
15288,7853,1
15289,7854,1
15290,7855,1
15291,7856,1
15292,7857,1
15293,7858,1
15294,7859,1
15295,7860,1
15296,7861,1
15297,7862,1
15298,7863,1
15299,7864,1
15300,7865,1
15301,7866,1
15302,7867,1
15303,7868,1
15304,7869,1
15305,7870,1
15306,7871,1
15307,7872,1
15308,7873,1
15309,7874,1
15310,7875,1
15311,7876,1
15312,7877,1
15313,7878,1
15314,7879,1
15315,7880,1
15316,7881,1
15317,7882,1
15318,7883,1
15319,7884,1
15320,7885,1
15321,7886,1
15322,7887,1
15323,7888,1
15324,7889,1
15325,7890,1
15326,7891,1
15327,7892,1
15328,7893,1
15329,7894,1
15330,7895,1
15331,7896,1
15332,7897,1
15333,7898,1
15334,7899,1
15335,7900,1
15336,7901,1
15337,7902,1
15338,7903,1
15339,7904,1
15340,7905,1
15341,7906,1
15342,7907,1
15343,7908,1
15344,7909,1
15345,7910,1
15346,7911,1
15347,7912,1
15348,7913,1
15349,7914,1
15350,7915,1
15351,7916,1
15352,7917,1
15353,7918,1
15354,7919,1
15355,7920,1
15356,7921,1
15357,7922,1
15358,7923,1
15359,7924,1
15360,7925,1
15361,7926,1
15362,7927,1
15363,7928,1
15364,7929,1
15365,7930,1
15366,7931,1
15367,7932,1
15368,7933,1
15369,7934,1
15370,7935,1
15371,7936,1
15372,7937,1
15373,7938,1
15374,7939,1
15375,7940,1
15376,7941,1
15377,7942,1
15378,7943,1
15379,7944,1
15380,7945,1
15381,7946,1
15382,7947,1
15383,7948,1
15384,7949,1
15385,7950,1
15386,7951,1
15387,7952,1
15388,7953,1
15389,7954,1
15390,7955,1
15391,7956,1
15392,7957,1
15393,7958,1
15394,7959,1
15395,7960,1
15396,7961,1
15397,7962,1
15398,7963,1
15399,7964,1
15400,7965,1
15401,7966,1
15402,7967,1
15403,7968,1
15404,7969,1
15405,7970,1
15406,7971,1
15407,7972,1
15408,7973,1
15409,7974,1
15410,7975,1
15411,7976,1
15412,7977,1
15413,7978,1
15414,7979,1
15415,7980,1
15416,7981,1
15417,7982,1
15418,7983,1
15419,7984,1
15420,7985,1
15421,7986,1
15422,7987,1
15423,7988,1
15424,7989,1
15425,7990,1
15426,7991,1
15427,7992,1
15428,7993,1
15429,7994,1
15430,7995,1
15431,7996,1
15432,7997,1
15433,7998,1
15434,7999,1
15435,8000,1
15436,8001,1
15437,8002,1
15438,8003,1
15439,8004,1
15440,8005,1
15441,8006,1
15442,8007,1
15443,8008,1
15444,8009,1
15445,8010,1
15446,8011,1
15447,8012,1
15448,8013,1
15449,8014,1
15450,8015,1
15451,8016,1
15452,8017,1
15453,8018,1
15454,8019,1
15455,8020,1
15456,8021,1
15457,8022,1
15458,8023,1
15459,8024,1
15460,8025,1
15461,8026,1
15462,8027,1
15463,8028,1
15464,8029,1
15465,8030,1
15466,8031,1
15467,8032,1
15468,8033,1
15469,8034,1
15470,8035,1
15471,8036,1
15472,8037,1
15473,8038,1
15474,8039,1
15475,8040,1
15476,8041,1
15477,8042,1
15478,8043,1
15479,8044,1
15480,8045,1
15481,8046,1
15482,8047,1
15483,8048,1
15484,8049,1
15485,8050,1
15486,8051,1
15487,8052,1
15488,8053,1
15489,8054,1
15490,8055,1
15491,8056,1
15492,8057,1
15493,8058,1
15494,8059,1
15495,8060,1
15496,8061,1
15497,8062,1
15498,8063,1
15499,8064,1
15500,8065,1
15501,8066,1
15502,8067,1
15503,8068,1
15504,8069,1
15505,8070,1
15506,8071,1
15507,8072,1
15508,8073,1
15509,8074,1
15510,8075,1
15511,8076,1
15512,8077,1
15513,8078,1
15514,8079,1
15515,8080,1
15516,8081,1
15517,8082,1
15518,8083,1
15519,8084,1
15520,8085,1
15521,8086,1
15522,8087,1
15523,8088,1
15524,8089,1
15525,8090,1
15526,8091,1
15527,8092,1
15528,8093,1
15529,8094,1
15530,8095,1
15531,8096,1
15532,8097,1
15533,8098,1
15534,8099,1
15535,8100,1
15536,8101,1
15537,8102,1
15538,8103,1
15539,8104,1
15540,8105,1
15541,8106,1
15542,8107,1
15543,8108,1
15544,8109,1
15545,8110,1
15546,8111,1
15547,8112,1
15548,8113,1
15549,8114,1
15550,8115,1
15551,8116,1
15552,8117,1
15553,8118,1
15554,8119,1
15555,8120,1
15556,8121,1
15557,8122,1
15558,8123,1
15559,8124,1
15560,8125,1
15561,8126,1
15562,8127,1
15563,8128,1
15564,8129,1
15565,8130,1
15566,8131,1
15567,8132,1
15568,8133,1
15569,8134,1
15570,8135,1
15571,8136,1
15572,8137,1
15573,8138,1
15574,8139,1
15575,8140,1
15576,8141,1
15577,8142,1
15578,8143,1
15579,8144,1
15580,8145,1
15581,8146,1
15582,8147,1
15583,8148,1
15584,8149,1
15585,8150,1
15586,8151,1
15587,8152,1
15588,8153,1
15589,8154,1
15590,8155,1
15591,8156,1
15592,8157,1
15593,8158,1
15594,8159,1
15595,8160,1
15596,8161,1
15597,8162,1
15598,8163,1
15599,8164,1
15600,8165,1
15601,8166,1
15602,8167,1
15603,8168,1
15604,8169,1
15605,8170,1
15606,8171,1
15607,8172,1
15608,7456,12
15609,7457,12
15610,7458,12
15611,7459,12
15612,7460,12
15613,7461,12
15614,7462,12
15615,7463,12
15616,7464,12
15617,7465,12
15618,7466,12
15619,7467,12
15620,7468,12
15621,7469,12
15622,7470,12
15623,7471,12
15624,7472,12
15625,7473,12
15626,7474,12
15627,7475,12
15628,7476,12
15629,7477,12
15630,7478,12
15631,7479,12
15632,7480,12
15633,7481,12
15634,7482,12
15635,7483,12
15636,7484,12
15637,7485,12
15638,7486,12
15639,7487,12
15640,7488,12
15641,7489,12
15642,7490,12
15643,7491,12
15644,7492,12
15645,7493,12
15646,7494,12
15647,7495,12
15648,7496,12
15649,7497,12
15650,7498,12
15651,7499,12
15652,7500,12
15653,7501,12
15654,7502,12
15655,7503,12
15656,7504,12
15657,7505,12
15658,7506,12
15659,7507,12
15660,7508,12
15661,7509,12
15662,7510,12
15663,7511,12
15664,7512,12
15665,7513,12
15666,7514,12
15667,7515,12
15668,7516,12
15669,7517,12
15670,7518,12
15671,7519,12
15672,7520,12
15673,7521,12
15674,7522,12
15675,7523,12
15676,7524,12
15677,7525,12
15678,7526,12
15679,7527,12
15680,7528,12
15681,7529,12
15682,7530,12
15683,7531,12
15684,7532,12
15685,7533,12
15686,7534,12
15687,7535,12
15688,7536,12
15689,7537,12
15690,7538,12
15691,7539,12
15692,7540,12
15693,7541,12
15694,7542,12
15695,7543,12
15696,7544,12
15697,7545,12
15698,7546,12
15699,7547,12
15700,7548,12
15701,7549,12
15702,7550,12
15703,7551,12
15704,7552,12
15705,7553,12
15706,7554,12
15707,7555,12
15708,7556,12
15709,7557,12
15710,7558,12
15711,7559,12
15712,7560,12
15713,7561,12
15714,7562,12
15715,7563,12
15716,7564,12
15717,7565,12
15718,7566,12
15719,7567,12
15720,7568,12
15721,7569,12
15722,7570,12
15723,7571,12
15724,7572,12
15725,7573,12
15726,7574,12
15727,7575,12
15728,7576,12
15729,7577,12
15730,7578,12
15731,7579,12
15732,7580,12
15733,7581,12
15734,7582,12
15735,7583,12
15736,7584,12
15737,7585,12
15738,7586,12
15739,7587,12
15740,7588,12
15741,7589,12
15742,7590,12
15743,7591,12
15744,7592,12
15745,7593,12
15746,7594,12
15747,7595,12
15748,7596,12
15749,7597,12
15750,7598,12
15751,7599,12
15752,7600,12
15753,7601,12
15754,7602,12
15755,7603,12
15756,7604,12
15757,7605,12
15758,7606,12
15759,7607,12
15760,7608,12
15761,7609,12
15762,7610,12
15763,7611,12
15764,7612,12
15765,7613,12
15766,7614,12
15767,7615,12
15768,7616,12
15769,7617,12
15770,7618,12
15771,7619,12
15772,7620,12
15773,7621,12
15774,7622,12
15775,7623,12
15776,7624,12
15777,7625,12
15778,7626,12
15779,7627,12
15780,7628,12
15781,7629,12
15782,7630,12
15783,7631,12
15784,7632,12
15785,7633,12
15786,7634,12
15787,7635,12
15788,7636,12
15789,7637,12
15790,7638,12
15791,7639,12
15792,7640,12
15793,7641,12
15794,7642,12
15795,7643,12
15796,7644,12
15797,7645,12
15798,7646,12
15799,7647,12
15800,7648,12
15801,7649,12
15802,7650,12
15803,7651,12
15804,7652,12
15805,7653,12
15806,7654,12
15807,7655,12
15808,7656,12
15809,7657,12
15810,7658,12
15811,7659,12
15812,7660,12
15813,7661,12
15814,7662,12
15815,7663,12
15816,7664,12
15817,7665,12
15818,7666,12
15819,7667,12
15820,7668,12
15821,7669,12
15822,7670,12
15823,7671,12
15824,7672,12
15825,7673,12
15826,7674,12
15827,7675,12
15828,7676,12
15829,7677,12
15830,7678,12
15831,7679,12
15832,7680,12
15833,7681,12
15834,7682,12
15835,7683,12
15836,7684,12
15837,7685,12
15838,7686,12
15839,7687,12
15840,7688,12
15841,7689,12
15842,7690,12
15843,7691,12
15844,7692,12
15845,7693,12
15846,7694,12
15847,7695,12
15848,7696,12
15849,7697,12
15850,7698,12
15851,7699,12
15852,7700,12
15853,7701,12
15854,7702,12
15855,7703,12
15856,7704,12
15857,7705,12
15858,7706,12
15859,7707,12
15860,7708,12
15861,7709,12
15862,7710,12
15863,7711,12
15864,7712,12
15865,7713,12
15866,7714,12
15867,7715,12
15868,7716,12
15869,7717,12
15870,7718,12
15871,7719,12
15872,7720,12
15873,7721,12
15874,7722,12
15875,7723,12
15876,7724,12
15877,7725,12
15878,7726,12
15879,7727,12
15880,7728,12
15881,7729,12
15882,7730,12
15883,7731,12
15884,7732,12
15885,7733,12
15886,7734,12
15887,7735,12
15888,7736,12
15889,7737,12
15890,7738,12
15891,7739,12
15892,7740,12
15893,7741,12
15894,7742,12
15895,7743,12
15896,7744,12
15897,7745,12
15898,7746,12
15899,7747,12
15900,7748,12
15901,7749,12
15902,7750,12
15903,7751,12
15904,7752,12
15905,7753,12
15906,7754,12
15907,7755,12
15908,7756,12
15909,7757,12
15910,7758,12
15911,7759,12
15912,7760,12
15913,7761,12
15914,7762,12
15915,7763,12
15916,7764,12
15917,7765,12
15918,7766,12
15919,7767,12
15920,7768,12
15921,7769,12
15922,7770,12
15923,7771,12
15924,7772,12
15925,7773,12
15926,7774,12
15927,7775,12
15928,7776,12
15929,7777,12
15930,7778,12
15931,7779,12
15932,7780,12
15933,7781,12
15934,7782,12
15935,7783,12
15936,7784,12
15937,7785,12
15938,7786,12
15939,7787,12
15940,7788,12
15941,7789,12
15942,7790,12
15943,7791,12
15944,7792,12
15945,7793,12
15946,7794,12
15947,7795,12
15948,7796,12
15949,7797,12
15950,7798,12
15951,7799,12
15952,7800,12
15953,7801,12
15954,7802,12
15955,7803,12
15956,7804,12
15957,7805,12
15958,7806,12
15959,7807,12
15960,7808,12
15961,7809,12
15962,7810,12
15963,7811,12
15964,7812,12
15965,7813,12
15966,7814,12
15967,7815,12
15968,7816,12
15969,7817,12
15970,7818,12
15971,7819,12
15972,7820,12
15973,7821,12
15974,7822,12
15975,7823,12
15976,7824,12
15977,7825,12
15978,7826,12
15979,7827,12
15980,7828,12
15981,7829,12
15982,7830,12
15983,7831,12
15984,7832,12
15985,7833,12
15986,7834,12
15987,7835,12
15988,7836,12
15989,7837,12
15990,7838,12
15991,7839,12
15992,7840,12
15993,7841,12
15994,7842,12
15995,7843,12
15996,7844,12
15997,7845,12
15998,7846,12
15999,7847,12
16000,7848,12
16001,7849,12
16002,7850,12
16003,7851,12
16004,7852,12
16005,7853,12
16006,7854,12
16007,7855,12
16008,7856,12
16009,7857,12
16010,7858,12
16011,7859,12
16012,7860,12
16013,7861,12
16014,7862,12
16015,7863,12
16016,7864,12
16017,7865,12
16018,7866,12
16019,7867,12
16020,7868,12
16021,7869,12
16022,7870,12
16023,7871,12
16024,7872,12
16025,7873,12
16026,7874,12
16027,7875,12
16028,7876,12
16029,7877,12
16030,7878,12
16031,7879,12
16032,7880,12
16033,7881,12
16034,7882,12
16035,7883,12
16036,7884,12
16037,7885,12
16038,7886,12
16039,7887,12
16040,7888,12
16041,7889,12
16042,7890,12
16043,7891,12
16044,7892,12
16045,7893,12
16046,7894,12
16047,7895,12
16048,7896,12
16049,7897,12
16050,7898,12
16051,7899,12
16052,7900,12
16053,7901,12
16054,7902,12
16055,7903,12
16056,7904,12
16057,7905,12
16058,7906,12
16059,7907,12
16060,7908,12
16061,7909,12
16062,7910,12
16063,7911,12
16064,7912,12
16065,7913,12
16066,7914,12
16067,7915,12
16068,7916,12
16069,7917,12
16070,7918,12
16071,7919,12
16072,7920,12
16073,7921,12
16074,7922,12
16075,7923,12
16076,7924,12
16077,7925,12
16078,7926,12
16079,7927,12
16080,7928,12
16081,7929,12
16082,7930,12
16083,7931,12
16084,7932,12
16085,7933,12
16086,7934,12
16087,7935,12
16088,7936,12
16089,7937,12
16090,7938,12
16091,7939,12
16092,7940,12
16093,7941,12
16094,7942,12
16095,7943,12
16096,7944,12
16097,7945,12
16098,7946,12
16099,7947,12
16100,7948,12
16101,7949,12
16102,7950,12
16103,7951,12
16104,7952,12
16105,7953,12
16106,7954,12
16107,7955,12
16108,7956,12
16109,7957,12
16110,7958,12
16111,7959,12
16112,7960,12
16113,7961,12
16114,7962,12
16115,7963,12
16116,7964,12
16117,7965,12
16118,7966,12
16119,7967,12
16120,7968,12
16121,7969,12
16122,7970,12
16123,7971,12
16124,7972,12
16125,7973,12
16126,7974,12
16127,7975,12
16128,7976,12
16129,7977,12
16130,7978,12
16131,7979,12
16132,7980,12
16133,7981,12
16134,7982,12
16135,7983,12
16136,7984,12
16137,7985,12
16138,7986,12
16139,7987,12
16140,7988,12
16141,7989,12
16142,7990,12
16143,7991,12
16144,7992,12
16145,7993,12
16146,7994,12
16147,7995,12
16148,7996,12
16149,7997,12
16150,7998,12
16151,7999,12
16152,8000,12
16153,8001,12
16154,8002,12
16155,8003,12
16156,8004,12
16157,8005,12
16158,8006,12
16159,8007,12
16160,8008,12
16161,8009,12
16162,8010,12
16163,8011,12
16164,8012,12
16165,8013,12
16166,8014,12
16167,8015,12
16168,8016,12
16169,8017,12
16170,8018,12
16171,8019,12
16172,8020,12
16173,8021,12
16174,8022,12
16175,8023,12
16176,8024,12
16177,8025,12
16178,8026,12
16179,8027,12
16180,8028,12
16181,8029,12
16182,8030,12
16183,8031,12
16184,8032,12
16185,8033,12
16186,8034,12
16187,8035,12
16188,8036,12
16189,8037,12
16190,8038,12
16191,8039,12
16192,8040,12
16193,8041,12
16194,8042,12
16195,8043,12
16196,8044,12
16197,8045,12
16198,8046,12
16199,8047,12
16200,8048,12
16201,8049,12
16202,8050,12
16203,8051,12
16204,8052,12
16205,8053,12
16206,8054,12
16207,8055,12
16208,8056,12
16209,8057,12
16210,8058,12
16211,8059,12
16212,8060,12
16213,8061,12
16214,8062,12
16215,8063,12
16216,8064,12
16217,8065,12
16218,8066,12
16219,8067,12
16220,8068,12
16221,8069,12
16222,8070,12
16223,8071,12
16224,8072,12
16225,8073,12
16226,8074,12
16227,8075,12
16228,8076,12
16229,8077,12
16230,8078,12
16231,8079,12
16232,8080,12
16233,8081,12
16234,8082,12
16235,8083,12
16236,8084,12
16237,8085,12
16238,8086,12
16239,8087,12
16240,8088,12
16241,8089,12
16242,8090,12
16243,8091,12
16244,8092,12
16245,8093,12
16246,8094,12
16247,8095,12
16248,8096,12
16249,8097,12
16250,8098,12
16251,8099,12
16252,8100,12
16253,8101,12
16254,8102,12
16255,8103,12
16256,8104,12
16257,8105,12
16258,8106,12
16259,8107,12
16260,8108,12
16261,8109,12
16262,8110,12
16263,8111,12
16264,8112,12
16265,8113,12
16266,8114,12
16267,8115,12
16268,8116,12
16269,8117,12
16270,8118,12
16271,8119,12
16272,8120,12
16273,8121,12
16274,8122,12
16275,8123,12
16276,8124,12
16277,8125,12
16278,8126,12
16279,8127,12
16280,8128,12
16281,8129,12
16282,8130,12
16283,8131,12
16284,8132,12
16285,8133,12
16286,8134,12
16287,8135,12
16288,8136,12
16289,8137,12
16290,8138,12
16291,8139,12
16292,8140,12
16293,8141,12
16294,8142,12
16295,8143,12
16296,8144,12
16297,8145,12
16298,8146,12
16299,8147,12
16300,8148,12
16301,8149,12
16302,8150,12
16303,8151,12
16304,8152,12
16305,8153,12
16306,8154,12
16307,8155,12
16308,8156,12
16309,8157,12
16310,8158,12
16311,8159,12
16312,8160,12
16313,8161,12
16314,8162,12
16315,8163,12
16316,8164,12
16317,8165,12
16318,8166,12
16319,8167,12
16320,8168,12
16321,8169,12
16322,8170,12
16323,8171,12
16324,8172,12
16325,8173,1
16326,8174,1
16327,8175,1
16328,8176,1
16329,8177,1
16330,8178,1
16331,8179,1
16332,8180,1
16333,8181,1
16334,8182,1
16335,8183,1
16336,8184,1
16337,8185,1
16338,8186,1
16339,8187,1
16340,8188,1
16341,8189,1
16342,8190,1
16343,8191,1
16344,8192,1
16345,8193,1
16346,8194,1
16347,8195,1
16348,8196,1
16349,8197,1
16350,8173,12
16351,8174,12
16352,8175,12
16353,8176,12
16354,8177,12
16355,8178,12
16356,8179,12
16357,8180,12
16358,8181,12
16359,8182,12
16360,8183,12
16361,8184,12
16362,8185,12
16363,8186,12
16364,8187,12
16365,8188,12
16366,8189,12
16367,8190,12
16368,8191,12
16369,8192,12
16370,8193,12
16371,8194,12
16372,8195,12
16373,8196,12
16374,8197,12
16375,8198,1
16376,8199,1
16377,8200,1
16378,8201,1
16379,8202,1
16380,8203,1
16381,8204,1
16382,8205,1
16383,8206,1
16384,8198,12
16385,8199,12
16386,8200,12
16387,8201,12
16388,8202,12
16389,8203,12
16390,8204,12
16391,8205,12
16392,8206,12
16393,8207,1
16394,8208,1
16395,8209,1
16396,8210,1
16397,8211,1
16398,8212,1
16399,8213,1
16400,8214,1
16401,8215,1
16402,8216,1
16403,8217,1
16404,8218,1
16405,8219,1
16406,8220,1
16407,8221,1
16408,8222,1
16409,8223,1
16410,8224,1
16411,8225,1
16412,8226,1
16413,8227,1
16414,8228,1
16415,8229,1
16416,8230,1
16417,8231,1
16418,8232,1
16419,8233,1
16420,8234,1
16421,8235,1
16422,8236,1
16423,8237,1
16424,8238,1
16425,8239,1
16426,8240,1
16427,8241,1
16428,8242,1
16429,8243,1
16430,8244,1
16431,8245,1
16432,8246,1
16433,8247,1
16434,8248,1
16435,8249,1
16436,8250,1
16437,8251,1
16438,8252,1
16439,8253,1
16440,8254,1
16441,8255,1
16442,8256,1
16443,8257,1
16444,8258,1
16445,8259,1
16446,8260,1
16447,8261,1
16448,8262,1
16449,8263,1
16450,8264,1
16451,8265,1
16452,8266,1
16453,8267,1
16454,8268,1
16455,8269,1
16456,8270,1
16457,8271,1
16458,8272,1
16459,8273,1
16460,8274,1
16461,8275,1
16462,8276,1
16463,8277,1
16464,8278,1
16465,8279,1
16466,8280,1
16467,8281,1
16468,8282,1
16469,8283,1
16470,8284,1
16471,8285,1
16472,8286,1
16473,8287,1
16474,8288,1
16475,8289,1
16476,8290,1
16477,8291,1
16478,8292,1
16479,8293,1
16480,8294,1
16481,8295,1
16482,8296,1
16483,8297,1
16484,8207,12
16485,8208,12
16486,8209,12
16487,8210,12
16488,8211,12
16489,8212,12
16490,8213,12
16491,8214,12
16492,8215,12
16493,8216,12
16494,8217,12
16495,8218,12
16496,8219,12
16497,8220,12
16498,8221,12
16499,8222,12
16500,8223,12
16501,8224,12
16502,8225,12
16503,8226,12
16504,8227,12
16505,8228,12
16506,8229,12
16507,8230,12
16508,8231,12
16509,8232,12
16510,8233,12
16511,8234,12
16512,8235,12
16513,8236,12
16514,8237,12
16515,8238,12
16516,8239,12
16517,8240,12
16518,8241,12
16519,8242,12
16520,8243,12
16521,8244,12
16522,8245,12
16523,8246,12
16524,8247,12
16525,8248,12
16526,8249,12
16527,8250,12
16528,8251,12
16529,8252,12
16530,8253,12
16531,8254,12
16532,8255,12
16533,8256,12
16534,8257,12
16535,8258,12
16536,8259,12
16537,8260,12
16538,8261,12
16539,8262,12
16540,8263,12
16541,8264,12
16542,8265,12
16543,8266,12
16544,8267,12
16545,8268,12
16546,8269,12
16547,8270,12
16548,8271,12
16549,8272,12
16550,8273,12
16551,8274,12
16552,8275,12
16553,8276,12
16554,8277,12
16555,8278,12
16556,8279,12
16557,8280,12
16558,8281,12
16559,8282,12
16560,8283,12
16561,8284,12
16562,8285,12
16563,8286,12
16564,8287,12
16565,8288,12
16566,8289,12
16567,8290,12
16568,8291,12
16569,8292,12
16570,8293,12
16571,8294,12
16572,8295,12
16573,8296,12
16574,8297,12
16575,8298,1
16576,8299,1
16577,8300,1
16578,8301,1
16579,8298,12
16580,8299,12
16581,8300,12
16582,8301,12
16583,8302,1
16584,8303,1
16585,8304,1
16586,8305,1
16587,8306,1
16588,8307,1
16589,8308,1
16590,8309,1
16591,8310,1
16592,8311,1
16593,8312,1
16594,8313,1
16595,8314,1
16596,8315,1
16597,8316,1
16598,8317,1
16599,8302,12
16600,8303,12
16601,8304,12
16602,8305,12
16603,8306,12
16604,8307,12
16605,8308,12
16606,8309,12
16607,8310,12
16608,8311,12
16609,8312,12
16610,8313,12
16611,8314,12
16612,8315,12
16613,8316,12
16614,8317,12
16615,8318,1
16616,8319,1
16617,8320,1
16618,8321,1
16619,8322,1
16620,8323,1
16621,8324,1
16622,8325,1
16623,8326,1
16624,8327,1
16625,8328,1
16626,8329,1
16627,8330,1
16628,8331,1
16629,8332,1
16630,8333,1
16631,8334,1
16632,8318,12
16633,8319,12
16634,8320,12
16635,8321,12
16636,8322,12
16637,8323,12
16638,8324,12
16639,8325,12
16640,8326,12
16641,8327,12
16642,8328,12
16643,8329,12
16644,8330,12
16645,8331,12
16646,8332,12
16647,8333,12
16648,8334,12
16649,8335,1
16650,8336,1
16651,8337,1
16652,8338,1
16653,8339,1
16654,8340,1
16655,8341,1
16656,8342,1
16657,8343,1
16658,8344,1
16659,8345,1
16660,8346,1
16661,8347,1
16662,8348,1
16663,8349,1
16664,8350,1
16665,8351,1
16666,8352,1
16667,8353,1
16668,8354,1
16669,8355,1
16670,8356,1
16671,8357,1
16672,8358,1
16673,8359,1
16674,8360,1
16675,8361,1
16676,8362,1
16677,8363,1
16678,8364,1
16679,8365,1
16680,8366,1
16681,8367,1
16682,8368,1
16683,8369,1
16684,8370,1
16685,8371,1
16686,8372,1
16687,8373,1
16688,8374,1
16689,8375,1
16690,8376,1
16691,8377,1
16692,8378,1
16693,8379,1
16694,8380,1
16695,8381,1
16696,8382,1
16697,8383,1
16698,8384,1
16699,8385,1
16700,8386,1
16701,8387,1
16702,8388,1
16703,8389,1
16704,8390,1
16705,8391,1
16706,8392,1
16707,8393,1
16708,8394,1
16709,8395,1
16710,8396,1
16711,8397,1
16712,8398,1
16713,8399,1
16714,8400,1
16715,8401,1
16716,8402,1
16717,8403,1
16718,8404,1
16719,8405,1
16720,8406,1
16721,8407,1
16722,8408,1
16723,8409,1
16724,8410,1
16725,8411,1
16726,8412,1
16727,8413,1
16728,8414,1
16729,8415,1
16730,8416,1
16731,8417,1
16732,8418,1
16733,8419,1
16734,8420,1
16735,8421,1
16736,8422,1
16737,8423,1
16738,8424,1
16739,8425,1
16740,8426,1
16741,8427,1
16742,8428,1
16743,8429,1
16744,8430,1
16745,8431,1
16746,8432,1
16747,8433,1
16748,8434,1
16749,8435,1
16750,8436,1
16751,8437,1
16752,8438,1
16753,8439,1
16754,8440,1
16755,8441,1
16756,8442,1
16757,8443,1
16758,8444,1
16759,8445,1
16760,8446,1
16761,8447,1
16762,8448,1
16763,8449,1
16764,8450,1
16765,8451,1
16766,8452,1
16767,8453,1
16768,8454,1
16769,8455,1
16770,8456,1
16771,8457,1
16772,8458,1
16773,8459,1
16774,8460,1
16775,8461,1
16776,8462,1
16777,8463,1
16778,8464,1
16779,8465,1
16780,8466,1
16781,8467,1
16782,8468,1
16783,8469,1
16784,8470,1
16785,8471,1
16786,8472,1
16787,8473,1
16788,8474,1
16789,8475,1
16790,8476,1
16791,8477,1
16792,8478,1
16793,8479,1
16794,8480,1
16795,8481,1
16796,8482,1
16797,8483,1
16798,8484,1
16799,8485,1
16800,8486,1
16801,8487,1
16802,8488,1
16803,8489,1
16804,8490,1
16805,8491,1
16806,8492,1
16807,8493,1
16808,8494,1
16809,8495,1
16810,8496,1
16811,8497,1
16812,8498,1
16813,8499,1
16814,8500,1
16815,8501,1
16816,8502,1
16817,8503,1
16818,8504,1
16819,8505,1
16820,8506,1
16821,8507,1
16822,8508,1
16823,8509,1
16824,8510,1
16825,8511,1
16826,8512,1
16827,8513,1
16828,8514,1
16829,8515,1
16830,8516,1
16831,8517,1
16832,8518,1
16833,8519,1
16834,8520,1
16835,8521,1
16836,8522,1
16837,8523,1
16838,8524,1
16839,8525,1
16840,8526,1
16841,8527,1
16842,8528,1
16843,8529,1
16844,8530,1
16845,8531,1
16846,8532,1
16847,8533,1
16848,8534,1
16849,8535,1
16850,8536,1
16851,8537,1
16852,8538,1
16853,8539,1
16854,8540,1
16855,8541,1
16856,8542,1
16857,8543,1
16858,8544,1
16859,8545,1
16860,8546,1
16861,8547,1
16862,8548,1
16863,8549,1
16864,8550,1
16865,8551,1
16866,8552,1
16867,8553,1
16868,8554,1
16869,8555,1
16870,8556,1
16871,8557,1
16872,8558,1
16873,8559,1
16874,8560,1
16875,8561,1
16876,8562,1
16877,8563,1
16878,8564,1
16879,8565,1
16880,8566,1
16881,8567,1
16882,8568,1
16883,8569,1
16884,8570,1
16885,8571,1
16886,8572,1
16887,8573,1
16888,8574,1
16889,8575,1
16890,8576,1
16891,8577,1
16892,8578,1
16893,8579,1
16894,8580,1
16895,8581,1
16896,8582,1
16897,8583,1
16898,8584,1
16899,8585,1
16900,8586,1
16901,8587,1
16902,8588,1
16903,8589,1
16904,8590,1
16905,8591,1
16906,8592,1
16907,8593,1
16908,8594,1
16909,8595,1
16910,8596,1
16911,8597,1
16912,8598,1
16913,8599,1
16914,8600,1
16915,8601,1
16916,8602,1
16917,8603,1
16918,8604,1
16919,8605,1
16920,8606,1
16921,8607,1
16922,8608,1
16923,8609,1
16924,8610,1
16925,8611,1
16926,8612,1
16927,8613,1
16928,8614,1
16929,8615,1
16930,8616,1
16931,8617,1
16932,8618,1
16933,8619,1
16934,8620,1
16935,8621,1
16936,8622,1
16937,8623,1
16938,8624,1
16939,8625,1
16940,8626,1
16941,8627,1
16942,8628,1
16943,8629,1
16944,8630,1
16945,8631,1
16946,8632,1
16947,8633,1
16948,8634,1
16949,8635,1
16950,8636,1
16951,8637,1
16952,8638,1
16953,8639,1
16954,8640,1
16955,8641,1
16956,8642,1
16957,8643,1
16958,8644,1
16959,8645,1
16960,8646,1
16961,8647,1
16962,8648,1
16963,8649,1
16964,8650,1
16965,8651,1
16966,8652,1
16967,8653,1
16968,8654,1
16969,8655,1
16970,8656,1
16971,8657,1
16972,8658,1
16973,8659,1
16974,8660,1
16975,8661,1
16976,8662,1
16977,8663,1
16978,8664,1
16979,8665,1
16980,8666,1
16981,8667,1
16982,8668,1
16983,8669,1
16984,8670,1
16985,8671,1
16986,8672,1
16987,8673,1
16988,8674,1
16989,8675,1
16990,8676,1
16991,8677,1
16992,8678,1
16993,8679,1
16994,8680,1
16995,8681,1
16996,8682,1
16997,8683,1
16998,8684,1
16999,8685,1
17000,8686,1
17001,8687,1
17002,8688,1
17003,8689,1
17004,8690,1
17005,8691,1
17006,8692,1
17007,8693,1
17008,8694,1
17009,8695,1
17010,8696,1
17011,8697,1
17012,8698,1
17013,8699,1
17014,8700,1
17015,8701,1
17016,8702,1
17017,8703,1
17018,8704,1
17019,8705,1
17020,8706,1
17021,8707,1
17022,8708,1
17023,8709,1
17024,8710,1
17025,8711,1
17026,8712,1
17027,8713,1
17028,8714,1
17029,8715,1
17030,8716,1
17031,8717,1
17032,8718,1
17033,8719,1
17034,8720,1
17035,8721,1
17036,8722,1
17037,8723,1
17038,8724,1
17039,8725,1
17040,8726,1
17041,8727,1
17042,8728,1
17043,8729,1
17044,8730,1
17045,8731,1
17046,8732,1
17047,8733,1
17048,8734,1
17049,8735,1
17050,8736,1
17051,8737,1
17052,8738,1
17053,8739,1
17054,8740,1
17055,8741,1
17056,8742,1
17057,8743,1
17058,8744,1
17059,8745,1
17060,8746,1
17061,8747,1
17062,8748,1
17063,8749,1
17064,8750,1
17065,8751,1
17066,8752,1
17067,8753,1
17068,8754,1
17069,8755,1
17070,8756,1
17071,8757,1
17072,8758,1
17073,8759,1
17074,8760,1
17075,8761,1
17076,8762,1
17077,8763,1
17078,8764,1
17079,8765,1
17080,8766,1
17081,8767,1
17082,8768,1
17083,8769,1
17084,8770,1
17085,8771,1
17086,8772,1
17087,8773,1
17088,8774,1
17089,8775,1
17090,8776,1
17091,8777,1
17092,8778,1
17093,8779,1
17094,8780,1
17095,8781,1
17096,8782,1
17097,8783,1
17098,8784,1
17099,8785,1
17100,8786,1
17101,8787,1
17102,8788,1
17103,8789,1
17104,8790,1
17105,8791,1
17106,8792,1
17107,8793,1
17108,8794,1
17109,8795,1
17110,8796,1
17111,8797,1
17112,8798,1
17113,8799,1
17114,8800,1
17115,8801,1
17116,8802,1
17117,8803,1
17118,8804,1
17119,8805,1
17120,8806,1
17121,8807,1
17122,8808,1
17123,8809,1
17124,8810,1
17125,8811,1
17126,8812,1
17127,8813,1
17128,8814,1
17129,8815,1
17130,8816,1
17131,8817,1
17132,8818,1
17133,8819,1
17134,8820,1
17135,8821,1
17136,8822,1
17137,8823,1
17138,8824,1
17139,8825,1
17140,8826,1
17141,8827,1
17142,8828,1
17143,8829,1
17144,8830,1
17145,8831,1
17146,8832,1
17147,8833,1
17148,8834,1
17149,8835,1
17150,8836,1
17151,8837,1
17152,8838,1
17153,8839,1
17154,8840,1
17155,8841,1
17156,8842,1
17157,8843,1
17158,8844,1
17159,8845,1
17160,8846,1
17161,8847,1
17162,8848,1
17163,8849,1
17164,8850,1
17165,8851,1
17166,8852,1
17167,8853,1
17168,8854,1
17169,8855,1
17170,8856,1
17171,8857,1
17172,8858,1
17173,8859,1
17174,8860,1
17175,8861,1
17176,8862,1
17177,8863,1
17178,8864,1
17179,8865,1
17180,8866,1
17181,8867,1
17182,8868,1
17183,8869,1
17184,8870,1
17185,8871,1
17186,8872,1
17187,8873,1
17188,8874,1
17189,8875,1
17190,8876,1
17191,8877,1
17192,8878,1
17193,8879,1
17194,8880,1
17195,8881,1
17196,8882,1
17197,8883,1
17198,8884,1
17199,8885,1
17200,8886,1
17201,8887,1
17202,8888,1
17203,8889,1
17204,8890,1
17205,8891,1
17206,8892,1
17207,8893,1
17208,8894,1
17209,8895,1
17210,8896,1
17211,8897,1
17212,8898,1
17213,8899,1
17214,8900,1
17215,8901,1
17216,8902,1
17217,8903,1
17218,8904,1
17219,8905,1
17220,8906,1
17221,8907,1
17222,8908,1
17223,8909,1
17224,8910,1
17225,8911,1
17226,8912,1
17227,8913,1
17228,8914,1
17229,8915,1
17230,8916,1
17231,8917,1
17232,8918,1
17233,8919,1
17234,8920,1
17235,8921,1
17236,8922,1
17237,8923,1
17238,8924,1
17239,8925,1
17240,8926,1
17241,8927,1
17242,8928,1
17243,8929,1
17244,8930,1
17245,8931,1
17246,8932,1
17247,8933,1
17248,8934,1
17249,8935,1
17250,8936,1
17251,8937,1
17252,8938,1
17253,8939,1
17254,8940,1
17255,8941,1
17256,8942,1
17257,8943,1
17258,8944,1
17259,8945,1
17260,8946,1
17261,8947,1
17262,8948,1
17263,8949,1
17264,8950,1
17265,8951,1
17266,8952,1
17267,8953,1
17268,8954,1
17269,8955,1
17270,8956,1
17271,8957,1
17272,8958,1
17273,8959,1
17274,8960,1
17275,8961,1
17276,8962,1
17277,8963,1
17278,8964,1
17279,8965,1
17280,8966,1
17281,8967,1
17282,8968,1
17283,8969,1
17284,8970,1
17285,8971,1
17286,8972,1
17287,8973,1
17288,8974,1
17289,8975,1
17290,8976,1
17291,8977,1
17292,8978,1
17293,8979,1
17294,8980,1
17295,8981,1
17296,8982,1
17297,8983,1
17298,8984,1
17299,8985,1
17300,8986,1
17301,8987,1
17302,8988,1
17303,8989,1
17304,8990,1
17305,8991,1
17306,8992,1
17307,8993,1
17308,8994,1
17309,8995,1
17310,8996,1
17311,8997,1
17312,8998,1
17313,8999,1
17314,9000,1
17315,9001,1
17316,9002,1
17317,9003,1
17318,9004,1
17319,9005,1
17320,9006,1
17321,9007,1
17322,9008,1
17323,9009,1
17324,9010,1
17325,9011,1
17326,9012,1
17327,9013,1
17328,9014,1
17329,9015,1
17330,9016,1
17331,9017,1
17332,9018,1
17333,9019,1
17334,9020,1
17335,9021,1
17336,9022,1
17337,9023,1
17338,9024,1
17339,9025,1
17340,9026,1
17341,9027,1
17342,9028,1
17343,9029,1
17344,9030,1
17345,9031,1
17346,9032,1
17347,9033,1
17348,9034,1
17349,9035,1
17350,9036,1
17351,9037,1
17352,9038,1
17353,9039,1
17354,9040,1
17355,9041,1
17356,9042,1
17357,9043,1
17358,9044,1
17359,9045,1
17360,9046,1
17361,9047,1
17362,9048,1
17363,9049,1
17364,9050,1
17365,9051,1
17366,9052,1
17367,9053,1
17368,9054,1
17369,9055,1
17370,9056,1
17371,9057,1
17372,9058,1
17373,9059,1
17374,9060,1
17375,9061,1
17376,9062,1
17377,9063,1
17378,9064,1
17379,9065,1
17380,9066,1
17381,9067,1
17382,9068,1
17383,9069,1
17384,9070,1
17385,9071,1
17386,9072,1
17387,9073,1
17388,9074,1
17389,9075,1
17390,9076,1
17391,9077,1
17392,9078,1
17393,9079,1
17394,9080,1
17395,9081,1
17396,9082,1
17397,9083,1
17398,9084,1
17399,9085,1
17400,9086,1
17401,9087,1
17402,9088,1
17403,9089,1
17404,9090,1
17405,9091,1
17406,9092,1
17407,9093,1
17408,9094,1
17409,9095,1
17410,9096,1
17411,9097,1
17412,9098,1
17413,9099,1
17414,9100,1
17415,9101,1
17416,9102,1
17417,9103,1
17418,9104,1
17419,9105,1
17420,9106,1
17421,9107,1
17422,9108,1
17423,9109,1
17424,9110,1
17425,9111,1
17426,9112,1
17427,9113,1
17428,9114,1
17429,9115,1
17430,9116,1
17431,9117,1
17432,9118,1
17433,9119,1
17434,9120,1
17435,9121,1
17436,9122,1
17437,9123,1
17438,9124,1
17439,9125,1
17440,9126,1
17441,9127,1
17442,9128,1
17443,9129,1
17444,9130,1
17445,9131,1
17446,9132,1
17447,9133,1
17448,9134,1
17449,9135,1
17450,9136,1
17451,9137,1
17452,9138,1
17453,9139,1
17454,9140,1
17455,9141,1
17456,9142,1
17457,9143,1
17458,9144,1
17459,9145,1
17460,9146,1
17461,9147,1
17462,9148,1
17463,9149,1
17464,9150,1
17465,9151,1
17466,9152,1
17467,9153,1
17468,9154,1
17469,9155,1
17470,9156,1
17471,9157,1
17472,9158,1
17473,9159,1
17474,9160,1
17475,9161,1
17476,9162,1
17477,9163,1
17478,9164,1
17479,9165,1
17480,9166,1
17481,9167,1
17482,9168,1
17483,9169,1
17484,9170,1
17485,9171,1
17486,9172,1
17487,9173,1
17488,9174,1
17489,9175,1
17490,9176,1
17491,9177,1
17492,9178,1
17493,9179,1
17494,9180,1
17495,9181,1
17496,9182,1
17497,9183,1
17498,9184,1
17499,9185,1
17500,9186,1
17501,9187,1
17502,9188,1
17503,9189,1
17504,9190,1
17505,9191,1
17506,9192,1
17507,9193,1
17508,9194,1
17509,9195,1
17510,9196,1
17511,9197,1
17512,9198,1
17513,9199,1
17514,9200,1
17515,9201,1
17516,9202,1
17517,9203,1
17518,9204,1
17519,9205,1
17520,9206,1
17521,9207,1
17522,9208,1
17523,9209,1
17524,9210,1
17525,9211,1
17526,9212,1
17527,9213,1
17528,9214,1
17529,9215,1
17530,9216,1
17531,9217,1
17532,9218,1
17533,9219,1
17534,9220,1
17535,9221,1
17536,9222,1
17537,9223,1
17538,9224,1
17539,9225,1
17540,9226,1
17541,9227,1
17542,9228,1
17543,9229,1
17544,9230,1
17545,9231,1
17546,9232,1
17547,9233,1
17548,9234,1
17549,9235,1
17550,9236,1
17551,9237,1
17552,9238,1
17553,9239,1
17554,9240,1
17555,9241,1
17556,9242,1
17557,9243,1
17558,9244,1
17559,9245,1
17560,9246,1
17561,9247,1
17562,9248,1
17563,9249,1
17564,9250,1
17565,9251,1
17566,9252,1
17567,9253,1
17568,9254,1
17569,9255,1
17570,9256,1
17571,9257,1
17572,9258,1
17573,9259,1
17574,9260,1
17575,9261,1
17576,9262,1
17577,9263,1
17578,9264,1
17579,9265,1
17580,9266,1
17581,9267,1
17582,9268,1
17583,9269,1
17584,9270,1
17585,9271,1
17586,9272,1
17587,9273,1
17588,9274,1
17589,9275,1
17590,9276,1
17591,9277,1
17592,9278,1
17593,9279,1
17594,9280,1
17595,9281,1
17596,9282,1
17597,9283,1
17598,9284,1
17599,9285,1
17600,9286,1
17601,9287,1
17602,9288,1
17603,9289,1
17604,9290,1
17605,9291,1
17606,9292,1
17607,9293,1
17608,9294,1
17609,9295,1
17610,9296,1
17611,9297,1
17612,9298,1
17613,9299,1
17614,9300,1
17615,9301,1
17616,9302,1
17617,9303,1
17618,9304,1
17619,9305,1
17620,9306,1
17621,9307,1
17622,9308,1
17623,9309,1
17624,9310,1
17625,9311,1
17626,9312,1
17627,9313,1
17628,9314,1
17629,9315,1
17630,9316,1
17631,9317,1
17632,9318,1
17633,9319,1
17634,9320,1
17635,9321,1
17636,9322,1
17637,9323,1
17638,9324,1
17639,9325,1
17640,9326,1
17641,9327,1
17642,9328,1
17643,9329,1
17644,9330,1
17645,9331,1
17646,9332,1
17647,9333,1
17648,9334,1
17649,9335,1
17650,9336,1
17651,9337,1
17652,9338,1
17653,9339,1
17654,9340,1
17655,9341,1
17656,9342,1
17657,9343,1
17658,9344,1
17659,9345,1
17660,9346,1
17661,9347,1
17662,9348,1
17663,9349,1
17664,9350,1
17665,9351,1
17666,9352,1
17667,9353,1
17668,9354,1
17669,9355,1
17670,9356,1
17671,9357,1
17672,9358,1
17673,9359,1
17674,9360,1
17675,9361,1
17676,9362,1
17677,9363,1
17678,9364,1
17679,9365,1
17680,9366,1
17681,9367,1
17682,9368,1
17683,9369,1
17684,9370,1
17685,9371,1
17686,9372,1
17687,9373,1
17688,9374,1
17689,9375,1
17690,9376,1
17691,9377,1
17692,9378,1
17693,9379,1
17694,9380,1
17695,9381,1
17696,9382,1
17697,9383,1
17698,9384,1
17699,9385,1
17700,9386,1
17701,9387,1
17702,9388,1
17703,9389,1
17704,9390,1
17705,9391,1
17706,9392,1
17707,9393,1
17708,9394,1
17709,9395,1
17710,9396,1
17711,9397,1
17712,9398,1
17713,9399,1
17714,9400,1
17715,9401,1
17716,9402,1
17717,9403,1
17718,9404,1
17719,9405,1
17720,9406,1
17721,9407,1
17722,9408,1
17723,9409,1
17724,9410,1
17725,9411,1
17726,9412,1
17727,9413,1
17728,9414,1
17729,9415,1
17730,9416,1
17731,9417,1
17732,9418,1
17733,9419,1
17734,9420,1
17735,9421,1
17736,9422,1
17737,9423,1
17738,9424,1
17739,9425,1
17740,9426,1
17741,9427,1
17742,9428,1
17743,9429,1
17744,9430,1
17745,9431,1
17746,9432,1
17747,9433,1
17748,9434,1
17749,9435,1
17750,9436,1
17751,9437,1
17752,9438,1
17753,9439,1
17754,9440,1
17755,9441,1
17756,9442,1
17757,9443,1
17758,9444,1
17759,9445,1
17760,9446,1
17761,9447,1
17762,9448,1
17763,9449,1
17764,9450,1
17765,9451,1
17766,9452,1
17767,9453,1
17768,9454,1
17769,9455,1
17770,9456,1
17771,9457,1
17772,9458,1
17773,9459,1
17774,9460,1
17775,9461,1
17776,9462,1
17777,9463,1
17778,9464,1
17779,9465,1
17780,9466,1
17781,9467,1
17782,9468,1
17783,9469,1
17784,9470,1
17785,9471,1
17786,9472,1
17787,9473,1
17788,9474,1
17789,9475,1
17790,9476,1
17791,9477,1
17792,9478,1
17793,9479,1
17794,9480,1
17795,9481,1
17796,9482,1
17797,9483,1
17798,9484,1
17799,9485,1
17800,9486,1
17801,9487,1
17802,9488,1
17803,9489,1
17804,9490,1
17805,9491,1
17806,9492,1
17807,9493,1
17808,9494,1
17809,9495,1
17810,9496,1
17811,9497,1
17812,9498,1
17813,9499,1
17814,9500,1
17815,9501,1
17816,9502,1
17817,9503,1
17818,9504,1
17819,9505,1
17820,9506,1
17821,9507,1
17822,9508,1
17823,9509,1
17824,9510,1
17825,9511,1
17826,9512,1
17827,9513,1
17828,9514,1
17829,9515,1
17830,9516,1
17831,9517,1
17832,9518,1
17833,9519,1
17834,9520,1
17835,9521,1
17836,9522,1
17837,9523,1
17838,9524,1
17839,9525,1
17840,9526,1
17841,9527,1
17842,9528,1
17843,9529,1
17844,9530,1
17845,9531,1
17846,9532,1
17847,9533,1
17848,9534,1
17849,9535,1
17850,9536,1
17851,9537,1
17852,9538,1
17853,9539,1
17854,9540,1
17855,9541,1
17856,9542,1
17857,9543,1
17858,9544,1
17859,9545,1
17860,9546,1
17861,9547,1
17862,9548,1
17863,9549,1
17864,9550,1
17865,9551,1
17866,9552,1
17867,9553,1
17868,9554,1
17869,9555,1
17870,9556,1
17871,9557,1
17872,9558,1
17873,9559,1
17874,9560,1
17875,9561,1
17876,9562,1
17877,9563,1
17878,9564,1
17879,9565,1
17880,9566,1
17881,9567,1
17882,9568,1
17883,9569,1
17884,9570,1
17885,9571,1
17886,9572,1
17887,9573,1
17888,9574,1
17889,9575,1
17890,9576,1
17891,9577,1
17892,9578,1
17893,9579,1
17894,9580,1
17895,9581,1
17896,9582,1
17897,9583,1
17898,9584,1
17899,9585,1
17900,9586,1
17901,9587,1
17902,9588,1
17903,9589,1
17904,9590,1
17905,9591,1
17906,9592,1
17907,9593,1
17908,9594,1
17909,9595,1
17910,9596,1
17911,9597,1
17912,9598,1
17913,9599,1
17914,9600,1
17915,9601,1
17916,9602,1
17917,9603,1
17918,9604,1
17919,9605,1
17920,9606,1
17921,9607,1
17922,9608,1
17923,9609,1
17924,9610,1
17925,9611,1
17926,9612,1
17927,9613,1
17928,9614,1
17929,9615,1
17930,9616,1
17931,9617,1
17932,9618,1
17933,9619,1
17934,9620,1
17935,9621,1
17936,9622,1
17937,9623,1
17938,9624,1
17939,9625,1
17940,9626,1
17941,9627,1
17942,9628,1
17943,9629,1
17944,9630,1
17945,9631,1
17946,9632,1
17947,9633,1
17948,9634,1
17949,9635,1
17950,9636,1
17951,9637,1
17952,9638,1
17953,9639,1
17954,9640,1
17955,9641,1
17956,9642,1
17957,9643,1
17958,9644,1
17959,9645,1
17960,9646,1
17961,9647,1
17962,9648,1
17963,9649,1
17964,9650,1
17965,9651,1
17966,9652,1
17967,9653,1
17968,9654,1
17969,9655,1
17970,9656,1
17971,9657,1
17972,9658,1
17973,9659,1
17974,9660,1
17975,9661,1
17976,9662,1
17977,9663,1
17978,9664,1
17979,9665,1
17980,9666,1
17981,9667,1
17982,9668,1
17983,9669,1
17984,9670,1
17985,9671,1
17986,9672,1
17987,9673,1
17988,9674,1
17989,9675,1
17990,9676,1
17991,9677,1
17992,9678,1
17993,9679,1
17994,9680,1
17995,9681,1
17996,9682,1
17997,9683,1
17998,9684,1
17999,9685,1
18000,9686,1
18001,9687,1
18002,9688,1
18003,9689,1
18004,9690,1
18005,9691,1
18006,9692,1
18007,9693,1
18008,9694,1
18009,9695,1
18010,9696,1
18011,9697,1
18012,9698,1
18013,9699,1
18014,9700,1
18015,9701,1
18016,9702,1
18017,9703,1
18018,9704,1
18019,8335,12
18020,8336,12
18021,8337,12
18022,8338,12
18023,8339,12
18024,8340,12
18025,8341,12
18026,8342,12
18027,8343,12
18028,8344,12
18029,8345,12
18030,8346,12
18031,8347,12
18032,8348,12
18033,8349,12
18034,8350,12
18035,8351,12
18036,8352,12
18037,8353,12
18038,8354,12
18039,8355,12
18040,8356,12
18041,8357,12
18042,8358,12
18043,8359,12
18044,8360,12
18045,8361,12
18046,8362,12
18047,8363,12
18048,8364,12
18049,8365,12
18050,8366,12
18051,8367,12
18052,8368,12
18053,8369,12
18054,8370,12
18055,8371,12
18056,8372,12
18057,8373,12
18058,8374,12
18059,8375,12
18060,8376,12
18061,8377,12
18062,8378,12
18063,8379,12
18064,8380,12
18065,8381,12
18066,8382,12
18067,8383,12
18068,8384,12
18069,8385,12
18070,8386,12
18071,8387,12
18072,8388,12
18073,8389,12
18074,8390,12
18075,8391,12
18076,8392,12
18077,8393,12
18078,8394,12
18079,8395,12
18080,8396,12
18081,8397,12
18082,8398,12
18083,8399,12
18084,8400,12
18085,8401,12
18086,8402,12
18087,8403,12
18088,8404,12
18089,8405,12
18090,8406,12
18091,8407,12
18092,8408,12
18093,8409,12
18094,8410,12
18095,8411,12
18096,8412,12
18097,8413,12
18098,8414,12
18099,8415,12
18100,8416,12
18101,8417,12
18102,8418,12
18103,8419,12
18104,8420,12
18105,8421,12
18106,8422,12
18107,8423,12
18108,8424,12
18109,8425,12
18110,8426,12
18111,8427,12
18112,8428,12
18113,8429,12
18114,8430,12
18115,8431,12
18116,8432,12
18117,8433,12
18118,8434,12
18119,8435,12
18120,8436,12
18121,8437,12
18122,8438,12
18123,8439,12
18124,8440,12
18125,8441,12
18126,8442,12
18127,8443,12
18128,8444,12
18129,8445,12
18130,8446,12
18131,8447,12
18132,8448,12
18133,8449,12
18134,8450,12
18135,8451,12
18136,8452,12
18137,8453,12
18138,8454,12
18139,8455,12
18140,8456,12
18141,8457,12
18142,8458,12
18143,8459,12
18144,8460,12
18145,8461,12
18146,8462,12
18147,8463,12
18148,8464,12
18149,8465,12
18150,8466,12
18151,8467,12
18152,8468,12
18153,8469,12
18154,8470,12
18155,8471,12
18156,8472,12
18157,8473,12
18158,8474,12
18159,8475,12
18160,8476,12
18161,8477,12
18162,8478,12
18163,8479,12
18164,8480,12
18165,8481,12
18166,8482,12
18167,8483,12
18168,8484,12
18169,8485,12
18170,8486,12
18171,8487,12
18172,8488,12
18173,8489,12
18174,8490,12
18175,8491,12
18176,8492,12
18177,8493,12
18178,8494,12
18179,8495,12
18180,8496,12
18181,8497,12
18182,8498,12
18183,8499,12
18184,8500,12
18185,8501,12
18186,8502,12
18187,8503,12
18188,8504,12
18189,8505,12
18190,8506,12
18191,8507,12
18192,8508,12
18193,8509,12
18194,8510,12
18195,8511,12
18196,8512,12
18197,8513,12
18198,8514,12
18199,8515,12
18200,8516,12
18201,8517,12
18202,8518,12
18203,8519,12
18204,8520,12
18205,8521,12
18206,8522,12
18207,8523,12
18208,8524,12
18209,8525,12
18210,8526,12
18211,8527,12
18212,8528,12
18213,8529,12
18214,8530,12
18215,8531,12
18216,8532,12
18217,8533,12
18218,8534,12
18219,8535,12
18220,8536,12
18221,8537,12
18222,8538,12
18223,8539,12
18224,8540,12
18225,8541,12
18226,8542,12
18227,8543,12
18228,8544,12
18229,8545,12
18230,8546,12
18231,8547,12
18232,8548,12
18233,8549,12
18234,8550,12
18235,8551,12
18236,8552,12
18237,8553,12
18238,8554,12
18239,8555,12
18240,8556,12
18241,8557,12
18242,8558,12
18243,8559,12
18244,8560,12
18245,8561,12
18246,8562,12
18247,8563,12
18248,8564,12
18249,8565,12
18250,8566,12
18251,8567,12
18252,8568,12
18253,8569,12
18254,8570,12
18255,8571,12
18256,8572,12
18257,8573,12
18258,8574,12
18259,8575,12
18260,8576,12
18261,8577,12
18262,8578,12
18263,8579,12
18264,8580,12
18265,8581,12
18266,8582,12
18267,8583,12
18268,8584,12
18269,8585,12
18270,8586,12
18271,8587,12
18272,8588,12
18273,8589,12
18274,8590,12
18275,8591,12
18276,8592,12
18277,8593,12
18278,8594,12
18279,8595,12
18280,8596,12
18281,8597,12
18282,8598,12
18283,8599,12
18284,8600,12
18285,8601,12
18286,8602,12
18287,8603,12
18288,8604,12
18289,8605,12
18290,8606,12
18291,8607,12
18292,8608,12
18293,8609,12
18294,8610,12
18295,8611,12
18296,8612,12
18297,8613,12
18298,8614,12
18299,8615,12
18300,8616,12
18301,8617,12
18302,8618,12
18303,8619,12
18304,8620,12
18305,8621,12
18306,8622,12
18307,8623,12
18308,8624,12
18309,8625,12
18310,8626,12
18311,8627,12
18312,8628,12
18313,8629,12
18314,8630,12
18315,8631,12
18316,8632,12
18317,8633,12
18318,8634,12
18319,8635,12
18320,8636,12
18321,8637,12
18322,8638,12
18323,8639,12
18324,8640,12
18325,8641,12
18326,8642,12
18327,8643,12
18328,8644,12
18329,8645,12
18330,8646,12
18331,8647,12
18332,8648,12
18333,8649,12
18334,8650,12
18335,8651,12
18336,8652,12
18337,8653,12
18338,8654,12
18339,8655,12
18340,8656,12
18341,8657,12
18342,8658,12
18343,8659,12
18344,8660,12
18345,8661,12
18346,8662,12
18347,8663,12
18348,8664,12
18349,8665,12
18350,8666,12
18351,8667,12
18352,8668,12
18353,8669,12
18354,8670,12
18355,8671,12
18356,8672,12
18357,8673,12
18358,8674,12
18359,8675,12
18360,8676,12
18361,8677,12
18362,8678,12
18363,8679,12
18364,8680,12
18365,8681,12
18366,8682,12
18367,8683,12
18368,8684,12
18369,8685,12
18370,8686,12
18371,8687,12
18372,8688,12
18373,8689,12
18374,8690,12
18375,8691,12
18376,8692,12
18377,8693,12
18378,8694,12
18379,8695,12
18380,8696,12
18381,8697,12
18382,8698,12
18383,8699,12
18384,8700,12
18385,8701,12
18386,8702,12
18387,8703,12
18388,8704,12
18389,8705,12
18390,8706,12
18391,8707,12
18392,8708,12
18393,8709,12
18394,8710,12
18395,8711,12
18396,8712,12
18397,8713,12
18398,8714,12
18399,8715,12
18400,8716,12
18401,8717,12
18402,8718,12
18403,8719,12
18404,8720,12
18405,8721,12
18406,8722,12
18407,8723,12
18408,8724,12
18409,8725,12
18410,8726,12
18411,8727,12
18412,8728,12
18413,8729,12
18414,8730,12
18415,8731,12
18416,8732,12
18417,8733,12
18418,8734,12
18419,8735,12
18420,8736,12
18421,8737,12
18422,8738,12
18423,8739,12
18424,8740,12
18425,8741,12
18426,8742,12
18427,8743,12
18428,8744,12
18429,8745,12
18430,8746,12
18431,8747,12
18432,8748,12
18433,8749,12
18434,8750,12
18435,8751,12
18436,8752,12
18437,8753,12
18438,8754,12
18439,8755,12
18440,8756,12
18441,8757,12
18442,8758,12
18443,8759,12
18444,8760,12
18445,8761,12
18446,8762,12
18447,8763,12
18448,8764,12
18449,8765,12
18450,8766,12
18451,8767,12
18452,8768,12
18453,8769,12
18454,8770,12
18455,8771,12
18456,8772,12
18457,8773,12
18458,8774,12
18459,8775,12
18460,8776,12
18461,8777,12
18462,8778,12
18463,8779,12
18464,8780,12
18465,8781,12
18466,8782,12
18467,8783,12
18468,8784,12
18469,8785,12
18470,8786,12
18471,8787,12
18472,8788,12
18473,8789,12
18474,8790,12
18475,8791,12
18476,8792,12
18477,8793,12
18478,8794,12
18479,8795,12
18480,8796,12
18481,8797,12
18482,8798,12
18483,8799,12
18484,8800,12
18485,8801,12
18486,8802,12
18487,8803,12
18488,8804,12
18489,8805,12
18490,8806,12
18491,8807,12
18492,8808,12
18493,8809,12
18494,8810,12
18495,8811,12
18496,8812,12
18497,8813,12
18498,8814,12
18499,8815,12
18500,8816,12
18501,8817,12
18502,8818,12
18503,8819,12
18504,8820,12
18505,8821,12
18506,8822,12
18507,8823,12
18508,8824,12
18509,8825,12
18510,8826,12
18511,8827,12
18512,8828,12
18513,8829,12
18514,8830,12
18515,8831,12
18516,8832,12
18517,8833,12
18518,8834,12
18519,8835,12
18520,8836,12
18521,8837,12
18522,8838,12
18523,8839,12
18524,8840,12
18525,8841,12
18526,8842,12
18527,8843,12
18528,8844,12
18529,8845,12
18530,8846,12
18531,8847,12
18532,8848,12
18533,8849,12
18534,8850,12
18535,8851,12
18536,8852,12
18537,8853,12
18538,8854,12
18539,8855,12
18540,8856,12
18541,8857,12
18542,8858,12
18543,8859,12
18544,8860,12
18545,8861,12
18546,8862,12
18547,8863,12
18548,8864,12
18549,8865,12
18550,8866,12
18551,8867,12
18552,8868,12
18553,8869,12
18554,8870,12
18555,8871,12
18556,8872,12
18557,8873,12
18558,8874,12
18559,8875,12
18560,8876,12
18561,8877,12
18562,8878,12
18563,8879,12
18564,8880,12
18565,8881,12
18566,8882,12
18567,8883,12
18568,8884,12
18569,8885,12
18570,8886,12
18571,8887,12
18572,8888,12
18573,8889,12
18574,8890,12
18575,8891,12
18576,8892,12
18577,8893,12
18578,8894,12
18579,8895,12
18580,8896,12
18581,8897,12
18582,8898,12
18583,8899,12
18584,8900,12
18585,8901,12
18586,8902,12
18587,8903,12
18588,8904,12
18589,8905,12
18590,8906,12
18591,8907,12
18592,8908,12
18593,8909,12
18594,8910,12
18595,8911,12
18596,8912,12
18597,8913,12
18598,8914,12
18599,8915,12
18600,8916,12
18601,8917,12
18602,8918,12
18603,8919,12
18604,8920,12
18605,8921,12
18606,8922,12
18607,8923,12
18608,8924,12
18609,8925,12
18610,8926,12
18611,8927,12
18612,8928,12
18613,8929,12
18614,8930,12
18615,8931,12
18616,8932,12
18617,8933,12
18618,8934,12
18619,8935,12
18620,8936,12
18621,8937,12
18622,8938,12
18623,8939,12
18624,8940,12
18625,8941,12
18626,8942,12
18627,8943,12
18628,8944,12
18629,8945,12
18630,8946,12
18631,8947,12
18632,8948,12
18633,8949,12
18634,8950,12
18635,8951,12
18636,8952,12
18637,8953,12
18638,8954,12
18639,8955,12
18640,8956,12
18641,8957,12
18642,8958,12
18643,8959,12
18644,8960,12
18645,8961,12
18646,8962,12
18647,8963,12
18648,8964,12
18649,8965,12
18650,8966,12
18651,8967,12
18652,8968,12
18653,8969,12
18654,8970,12
18655,8971,12
18656,8972,12
18657,8973,12
18658,8974,12
18659,8975,12
18660,8976,12
18661,8977,12
18662,8978,12
18663,8979,12
18664,8980,12
18665,8981,12
18666,8982,12
18667,8983,12
18668,8984,12
18669,8985,12
18670,8986,12
18671,8987,12
18672,8988,12
18673,8989,12
18674,8990,12
18675,8991,12
18676,8992,12
18677,8993,12
18678,8994,12
18679,8995,12
18680,8996,12
18681,8997,12
18682,8998,12
18683,8999,12
18684,9000,12
18685,9001,12
18686,9002,12
18687,9003,12
18688,9004,12
18689,9005,12
18690,9006,12
18691,9007,12
18692,9008,12
18693,9009,12
18694,9010,12
18695,9011,12
18696,9012,12
18697,9013,12
18698,9014,12
18699,9015,12
18700,9016,12
18701,9017,12
18702,9018,12
18703,9019,12
18704,9020,12
18705,9021,12
18706,9022,12
18707,9023,12
18708,9024,12
18709,9025,12
18710,9026,12
18711,9027,12
18712,9028,12
18713,9029,12
18714,9030,12
18715,9031,12
18716,9032,12
18717,9033,12
18718,9034,12
18719,9035,12
18720,9036,12
18721,9037,12
18722,9038,12
18723,9039,12
18724,9040,12
18725,9041,12
18726,9042,12
18727,9043,12
18728,9044,12
18729,9045,12
18730,9046,12
18731,9047,12
18732,9048,12
18733,9049,12
18734,9050,12
18735,9051,12
18736,9052,12
18737,9053,12
18738,9054,12
18739,9055,12
18740,9056,12
18741,9057,12
18742,9058,12
18743,9059,12
18744,9060,12
18745,9061,12
18746,9062,12
18747,9063,12
18748,9064,12
18749,9065,12
18750,9066,12
18751,9067,12
18752,9068,12
18753,9069,12
18754,9070,12
18755,9071,12
18756,9072,12
18757,9073,12
18758,9074,12
18759,9075,12
18760,9076,12
18761,9077,12
18762,9078,12
18763,9079,12
18764,9080,12
18765,9081,12
18766,9082,12
18767,9083,12
18768,9084,12
18769,9085,12
18770,9086,12
18771,9087,12
18772,9088,12
18773,9089,12
18774,9090,12
18775,9091,12
18776,9092,12
18777,9093,12
18778,9094,12
18779,9095,12
18780,9096,12
18781,9097,12
18782,9098,12
18783,9099,12
18784,9100,12
18785,9101,12
18786,9102,12
18787,9103,12
18788,9104,12
18789,9105,12
18790,9106,12
18791,9107,12
18792,9108,12
18793,9109,12
18794,9110,12
18795,9111,12
18796,9112,12
18797,9113,12
18798,9114,12
18799,9115,12
18800,9116,12
18801,9117,12
18802,9118,12
18803,9119,12
18804,9120,12
18805,9121,12
18806,9122,12
18807,9123,12
18808,9124,12
18809,9125,12
18810,9126,12
18811,9127,12
18812,9128,12
18813,9129,12
18814,9130,12
18815,9131,12
18816,9132,12
18817,9133,12
18818,9134,12
18819,9135,12
18820,9136,12
18821,9137,12
18822,9138,12
18823,9139,12
18824,9140,12
18825,9141,12
18826,9142,12
18827,9143,12
18828,9144,12
18829,9145,12
18830,9146,12
18831,9147,12
18832,9148,12
18833,9149,12
18834,9150,12
18835,9151,12
18836,9152,12
18837,9153,12
18838,9154,12
18839,9155,12
18840,9156,12
18841,9157,12
18842,9158,12
18843,9159,12
18844,9160,12
18845,9161,12
18846,9162,12
18847,9163,12
18848,9164,12
18849,9165,12
18850,9166,12
18851,9167,12
18852,9168,12
18853,9169,12
18854,9170,12
18855,9171,12
18856,9172,12
18857,9173,12
18858,9174,12
18859,9175,12
18860,9176,12
18861,9177,12
18862,9178,12
18863,9179,12
18864,9180,12
18865,9181,12
18866,9182,12
18867,9183,12
18868,9184,12
18869,9185,12
18870,9186,12
18871,9187,12
18872,9188,12
18873,9189,12
18874,9190,12
18875,9191,12
18876,9192,12
18877,9193,12
18878,9194,12
18879,9195,12
18880,9196,12
18881,9197,12
18882,9198,12
18883,9199,12
18884,9200,12
18885,9201,12
18886,9202,12
18887,9203,12
18888,9204,12
18889,9205,12
18890,9206,12
18891,9207,12
18892,9208,12
18893,9209,12
18894,9210,12
18895,9211,12
18896,9212,12
18897,9213,12
18898,9214,12
18899,9215,12
18900,9216,12
18901,9217,12
18902,9218,12
18903,9219,12
18904,9220,12
18905,9221,12
18906,9222,12
18907,9223,12
18908,9224,12
18909,9225,12
18910,9226,12
18911,9227,12
18912,9228,12
18913,9229,12
18914,9230,12
18915,9231,12
18916,9232,12
18917,9233,12
18918,9234,12
18919,9235,12
18920,9236,12
18921,9237,12
18922,9238,12
18923,9239,12
18924,9240,12
18925,9241,12
18926,9242,12
18927,9243,12
18928,9244,12
18929,9245,12
18930,9246,12
18931,9247,12
18932,9248,12
18933,9249,12
18934,9250,12
18935,9251,12
18936,9252,12
18937,9253,12
18938,9254,12
18939,9255,12
18940,9256,12
18941,9257,12
18942,9258,12
18943,9259,12
18944,9260,12
18945,9261,12
18946,9262,12
18947,9263,12
18948,9264,12
18949,9265,12
18950,9266,12
18951,9267,12
18952,9268,12
18953,9269,12
18954,9270,12
18955,9271,12
18956,9272,12
18957,9273,12
18958,9274,12
18959,9275,12
18960,9276,12
18961,9277,12
18962,9278,12
18963,9279,12
18964,9280,12
18965,9281,12
18966,9282,12
18967,9283,12
18968,9284,12
18969,9285,12
18970,9286,12
18971,9287,12
18972,9288,12
18973,9289,12
18974,9290,12
18975,9291,12
18976,9292,12
18977,9293,12
18978,9294,12
18979,9295,12
18980,9296,12
18981,9297,12
18982,9298,12
18983,9299,12
18984,9300,12
18985,9301,12
18986,9302,12
18987,9303,12
18988,9304,12
18989,9305,12
18990,9306,12
18991,9307,12
18992,9308,12
18993,9309,12
18994,9310,12
18995,9311,12
18996,9312,12
18997,9313,12
18998,9314,12
18999,9315,12
19000,9316,12
19001,9317,12
19002,9318,12
19003,9319,12
19004,9320,12
19005,9321,12
19006,9322,12
19007,9323,12
19008,9324,12
19009,9325,12
19010,9326,12
19011,9327,12
19012,9328,12
19013,9329,12
19014,9330,12
19015,9331,12
19016,9332,12
19017,9333,12
19018,9334,12
19019,9335,12
19020,9336,12
19021,9337,12
19022,9338,12
19023,9339,12
19024,9340,12
19025,9341,12
19026,9342,12
19027,9343,12
19028,9344,12
19029,9345,12
19030,9346,12
19031,9347,12
19032,9348,12
19033,9349,12
19034,9350,12
19035,9351,12
19036,9352,12
19037,9353,12
19038,9354,12
19039,9355,12
19040,9356,12
19041,9357,12
19042,9358,12
19043,9359,12
19044,9360,12
19045,9361,12
19046,9362,12
19047,9363,12
19048,9364,12
19049,9365,12
19050,9366,12
19051,9367,12
19052,9368,12
19053,9369,12
19054,9370,12
19055,9371,12
19056,9372,12
19057,9373,12
19058,9374,12
19059,9375,12
19060,9376,12
19061,9377,12
19062,9378,12
19063,9379,12
19064,9380,12
19065,9381,12
19066,9382,12
19067,9383,12
19068,9384,12
19069,9385,12
19070,9386,12
19071,9387,12
19072,9388,12
19073,9389,12
19074,9390,12
19075,9391,12
19076,9392,12
19077,9393,12
19078,9394,12
19079,9395,12
19080,9396,12
19081,9397,12
19082,9398,12
19083,9399,12
19084,9400,12
19085,9401,12
19086,9402,12
19087,9403,12
19088,9404,12
19089,9405,12
19090,9406,12
19091,9407,12
19092,9408,12
19093,9409,12
19094,9410,12
19095,9411,12
19096,9412,12
19097,9413,12
19098,9414,12
19099,9415,12
19100,9416,12
19101,9417,12
19102,9418,12
19103,9419,12
19104,9420,12
19105,9421,12
19106,9422,12
19107,9423,12
19108,9424,12
19109,9425,12
19110,9426,12
19111,9427,12
19112,9428,12
19113,9429,12
19114,9430,12
19115,9431,12
19116,9432,12
19117,9433,12
19118,9434,12
19119,9435,12
19120,9436,12
19121,9437,12
19122,9438,12
19123,9439,12
19124,9440,12
19125,9441,12
19126,9442,12
19127,9443,12
19128,9444,12
19129,9445,12
19130,9446,12
19131,9447,12
19132,9448,12
19133,9449,12
19134,9450,12
19135,9451,12
19136,9452,12
19137,9453,12
19138,9454,12
19139,9455,12
19140,9456,12
19141,9457,12
19142,9458,12
19143,9459,12
19144,9460,12
19145,9461,12
19146,9462,12
19147,9463,12
19148,9464,12
19149,9465,12
19150,9466,12
19151,9467,12
19152,9468,12
19153,9469,12
19154,9470,12
19155,9471,12
19156,9472,12
19157,9473,12
19158,9474,12
19159,9475,12
19160,9476,12
19161,9477,12
19162,9478,12
19163,9479,12
19164,9480,12
19165,9481,12
19166,9482,12
19167,9483,12
19168,9484,12
19169,9485,12
19170,9486,12
19171,9487,12
19172,9488,12
19173,9489,12
19174,9490,12
19175,9491,12
19176,9492,12
19177,9493,12
19178,9494,12
19179,9495,12
19180,9496,12
19181,9497,12
19182,9498,12
19183,9499,12
19184,9500,12
19185,9501,12
19186,9502,12
19187,9503,12
19188,9504,12
19189,9505,12
19190,9506,12
19191,9507,12
19192,9508,12
19193,9509,12
19194,9510,12
19195,9511,12
19196,9512,12
19197,9513,12
19198,9514,12
19199,9515,12
19200,9516,12
19201,9517,12
19202,9518,12
19203,9519,12
19204,9520,12
19205,9521,12
19206,9522,12
19207,9523,12
19208,9524,12
19209,9525,12
19210,9526,12
19211,9527,12
19212,9528,12
19213,9529,12
19214,9530,12
19215,9531,12
19216,9532,12
19217,9533,12
19218,9534,12
19219,9535,12
19220,9536,12
19221,9537,12
19222,9538,12
19223,9539,12
19224,9540,12
19225,9541,12
19226,9542,12
19227,9543,12
19228,9544,12
19229,9545,12
19230,9546,12
19231,9547,12
19232,9548,12
19233,9549,12
19234,9550,12
19235,9551,12
19236,9552,12
19237,9553,12
19238,9554,12
19239,9555,12
19240,9556,12
19241,9557,12
19242,9558,12
19243,9559,12
19244,9560,12
19245,9561,12
19246,9562,12
19247,9563,12
19248,9564,12
19249,9565,12
19250,9566,12
19251,9567,12
19252,9568,12
19253,9569,12
19254,9570,12
19255,9571,12
19256,9572,12
19257,9573,12
19258,9574,12
19259,9575,12
19260,9576,12
19261,9577,12
19262,9578,12
19263,9579,12
19264,9580,12
19265,9581,12
19266,9582,12
19267,9583,12
19268,9584,12
19269,9585,12
19270,9586,12
19271,9587,12
19272,9588,12
19273,9589,12
19274,9590,12
19275,9591,12
19276,9592,12
19277,9593,12
19278,9594,12
19279,9595,12
19280,9596,12
19281,9597,12
19282,9598,12
19283,9599,12
19284,9600,12
19285,9601,12
19286,9602,12
19287,9603,12
19288,9604,12
19289,9605,12
19290,9606,12
19291,9607,12
19292,9608,12
19293,9609,12
19294,9610,12
19295,9611,12
19296,9612,12
19297,9613,12
19298,9614,12
19299,9615,12
19300,9616,12
19301,9617,12
19302,9618,12
19303,9619,12
19304,9620,12
19305,9621,12
19306,9622,12
19307,9623,12
19308,9624,12
19309,9625,12
19310,9626,12
19311,9627,12
19312,9628,12
19313,9629,12
19314,9630,12
19315,9631,12
19316,9632,12
19317,9633,12
19318,9634,12
19319,9635,12
19320,9636,12
19321,9637,12
19322,9638,12
19323,9639,12
19324,9640,12
19325,9641,12
19326,9642,12
19327,9643,12
19328,9644,12
19329,9645,12
19330,9646,12
19331,9647,12
19332,9648,12
19333,9649,12
19334,9650,12
19335,9651,12
19336,9652,12
19337,9653,12
19338,9654,12
19339,9655,12
19340,9656,12
19341,9657,12
19342,9658,12
19343,9659,12
19344,9660,12
19345,9661,12
19346,9662,12
19347,9663,12
19348,9664,12
19349,9665,12
19350,9666,12
19351,9667,12
19352,9668,12
19353,9669,12
19354,9670,12
19355,9671,12
19356,9672,12
19357,9673,12
19358,9674,12
19359,9675,12
19360,9676,12
19361,9677,12
19362,9678,12
19363,9679,12
19364,9680,12
19365,9681,12
19366,9682,12
19367,9683,12
19368,9684,12
19369,9685,12
19370,9686,12
19371,9687,12
19372,9688,12
19373,9689,12
19374,9690,12
19375,9691,12
19376,9692,12
19377,9693,12
19378,9694,12
19379,9695,12
19380,9696,12
19381,9697,12
19382,9698,12
19383,9699,12
19384,9700,12
19385,9701,12
19386,9702,12
19387,9703,12
19388,9704,12
19389,9705,1
19390,9706,1
19391,9707,1
19392,9708,1
19393,9709,1
19394,9710,1
19395,9711,1
19396,9712,1
19397,9713,1
19398,9705,12
19399,9706,12
19400,9707,12
19401,9708,12
19402,9709,12
19403,9710,12
19404,9711,12
19405,9712,12
19406,9713,12
19407,9714,1
19408,9715,1
19409,9716,1
19410,9717,1
19411,9718,1
19412,9719,1
19413,9720,1
19414,9721,1
19415,9722,1
19416,9723,1
19417,9724,1
19418,9725,1
19419,9714,12
19420,9715,12
19421,9716,12
19422,9717,12
19423,9718,12
19424,9719,12
19425,9720,12
19426,9721,12
19427,9722,12
19428,9723,12
19429,9724,12
19430,9725,12
19431,9726,1
19432,9727,1
19433,9728,1
19434,9729,1
19435,9730,1
19436,9731,1
19437,9732,1
19438,9733,1
19439,9734,1
19440,9735,1
19441,9736,1
19442,9737,1
19443,9738,1
19444,9739,1
19445,9740,1
19446,9741,1
19447,9742,1
19448,9743,1
19449,9744,1
19450,9745,1
19451,9746,1
19452,9747,1
19453,9748,1
19454,9749,1
19455,9750,1
19456,9751,1
19457,9752,1
19458,9753,1
19459,9754,1
19460,9755,1
19461,9756,1
19462,9757,1
19463,9758,1
19464,9759,1
19465,9760,1
19466,9761,1
19467,9762,1
19468,9763,1
19469,9764,1
19470,9765,1
19471,9766,1
19472,9767,1
19473,9768,1
19474,9769,1
19475,9770,1
19476,9771,1
19477,9772,1
19478,9773,1
19479,9774,1
19480,9775,1
19481,9776,1
19482,9777,1
19483,9778,1
19484,9779,1
19485,9780,1
19486,9781,1
19487,9782,1
19488,9783,1
19489,9784,1
19490,9785,1
19491,9786,1
19492,9787,1
19493,9788,1
19494,9789,1
19495,9790,1
19496,9791,1
19497,9792,1
19498,9793,1
19499,9794,1
19500,9795,1
19501,9796,1
19502,9797,1
19503,9798,1
19504,9799,1
19505,9800,1
19506,9801,1
19507,9802,1
19508,9803,1
19509,9804,1
19510,9805,1
19511,9806,1
19512,9807,1
19513,9808,1
19514,9809,1
19515,9810,1
19516,9811,1
19517,9812,1
19518,9813,1
19519,9814,1
19520,9815,1
19521,9816,1
19522,9817,1
19523,9818,1
19524,9819,1
19525,9820,1
19526,9821,1
19527,9726,12
19528,9727,12
19529,9728,12
19530,9729,12
19531,9730,12
19532,9731,12
19533,9732,12
19534,9733,12
19535,9734,12
19536,9735,12
19537,9736,12
19538,9737,12
19539,9738,12
19540,9739,12
19541,9740,12
19542,9741,12
19543,9742,12
19544,9743,12
19545,9744,12
19546,9745,12
19547,9746,12
19548,9747,12
19549,9748,12
19550,9749,12
19551,9750,12
19552,9751,12
19553,9752,12
19554,9753,12
19555,9754,12
19556,9755,12
19557,9756,12
19558,9757,12
19559,9758,12
19560,9759,12
19561,9760,12
19562,9761,12
19563,9762,12
19564,9763,12
19565,9764,12
19566,9765,12
19567,9766,12
19568,9767,12
19569,9768,12
19570,9769,12
19571,9770,12
19572,9771,12
19573,9772,12
19574,9773,12
19575,9774,12
19576,9775,12
19577,9776,12
19578,9777,12
19579,9778,12
19580,9779,12
19581,9780,12
19582,9781,12
19583,9782,12
19584,9783,12
19585,9784,12
19586,9785,12
19587,9786,12
19588,9787,12
19589,9788,12
19590,9789,12
19591,9790,12
19592,9791,12
19593,9792,12
19594,9793,12
19595,9794,12
19596,9795,12
19597,9796,12
19598,9797,12
19599,9798,12
19600,9799,12
19601,9800,12
19602,9801,12
19603,9802,12
19604,9803,12
19605,9804,12
19606,9805,12
19607,9806,12
19608,9807,12
19609,9808,12
19610,9809,12
19611,9810,12
19612,9811,12
19613,9812,12
19614,9813,12
19615,9814,12
19616,9815,12
19617,9816,12
19618,9817,12
19619,9818,12
19620,9819,12
19621,9820,12
19622,9821,12
19623,9822,1
19624,9823,1
19625,9824,1
19626,9825,1
19627,9826,1
19628,9827,1
19629,9828,1
19630,9829,1
19631,9830,1
19632,9831,1
19633,9832,1
19634,9833,1
19635,9834,1
19636,9835,1
19637,9836,1
19638,9837,1
19639,9838,1
19640,9839,1
19641,9822,12
19642,9823,12
19643,9824,12
19644,9825,12
19645,9826,12
19646,9827,12
19647,9828,12
19648,9829,12
19649,9830,12
19650,9831,12
19651,9832,12
19652,9833,12
19653,9834,12
19654,9835,12
19655,9836,12
19656,9837,12
19657,9838,12
19658,9839,12
19659,9840,1
19660,9841,1
19661,9842,1
19662,9843,1
19663,9844,1
19664,9845,1
19665,9840,12
19666,9841,12
19667,9842,12
19668,9843,12
19669,9844,12
19670,9845,12
19671,9846,1
19672,9847,1
19673,9848,1
19674,9849,1
19675,9850,1
19676,9851,1
19677,9852,1
19678,9853,1
19679,9854,1
19680,9855,1
19681,9856,1
19682,9857,1
19683,9858,1
19684,9859,1
19685,9860,1
19686,9861,1
19687,9862,1
19688,9863,1
19689,9864,1
19690,9865,1
19691,9866,1
19692,9867,1
19693,9868,1
19694,9869,1
19695,9870,1
19696,9871,1
19697,9872,1
19698,9873,1
19699,9874,1
19700,9875,1
19701,9876,1
19702,9877,1
19703,9878,1
19704,9879,1
19705,9880,1
19706,9881,1
19707,9846,12
19708,9847,12
19709,9848,12
19710,9849,12
19711,9850,12
19712,9851,12
19713,9852,12
19714,9853,12
19715,9854,12
19716,9855,12
19717,9856,12
19718,9857,12
19719,9858,12
19720,9859,12
19721,9860,12
19722,9861,12
19723,9862,12
19724,9863,12
19725,9864,12
19726,9865,12
19727,9866,12
19728,9867,12
19729,9868,12
19730,9869,12
19731,9870,12
19732,9871,12
19733,9872,12
19734,9873,12
19735,9874,12
19736,9875,12
19737,9876,12
19738,9877,12
19739,9878,12
19740,9879,12
19741,9880,12
19742,9881,12
19743,9882,1
19744,9883,1
19745,9884,1
19746,9885,1
19747,9886,1
19748,9887,1
19749,9888,1
19750,9889,1
19751,9890,1
19752,9891,1
19753,9892,1
19754,9893,1
19755,9894,1
19756,9895,1
19757,9896,1
19758,9882,12
19759,9883,12
19760,9884,12
19761,9885,12
19762,9886,12
19763,9887,12
19764,9888,12
19765,9889,12
19766,9890,12
19767,9891,12
19768,9892,12
19769,9893,12
19770,9894,12
19771,9895,12
19772,9896,12
19773,9897,1
19774,9898,1
19775,9899,1
19776,9900,1
19777,9901,1
19778,9902,1
19779,9903,1
19780,9904,1
19781,9905,1
19782,9906,1
19783,9907,1
19784,9908,1
19785,9909,1
19786,9910,1
19787,9911,1
19788,9912,1
19789,9913,1
19790,9914,1
19791,9915,1
19792,9916,1
19793,9917,1
19794,9918,1
19795,9919,1
19796,9920,1
19797,9921,1
19798,9922,1
19799,9923,1
19800,9924,1
19801,9925,1
19802,9926,1
19803,9927,1
19804,9928,1
19805,9929,1
19806,9930,1
19807,9931,1
19808,9932,1
19809,9933,1
19810,9934,1
19811,9935,1
19812,9936,1
19813,9937,1
19814,9938,1
19815,9939,1
19816,9940,1
19817,9941,1
19818,9942,1
19819,9943,1
19820,9944,1
19821,9945,1
19822,9946,1
19823,9947,1
19824,9948,1
19825,9949,1
19826,9950,1
19827,9951,1
19828,9952,1
19829,9953,1
19830,9954,1
19831,9955,1
19832,9956,1
19833,9957,1
19834,9958,1
19835,9959,1
19836,9960,1
19837,9961,1
19838,9962,1
19839,9963,1
19840,9964,1
19841,9965,1
19842,9966,1
19843,9967,1
19844,9968,1
19845,9969,1
19846,9970,1
19847,9971,1
19848,9972,1
19849,9973,1
19850,9974,1
19851,9975,1
19852,9976,1
19853,9977,1
19854,9978,1
19855,9979,1
19856,9980,1
19857,9981,1
19858,9982,1
19859,9983,1
19860,9984,1
19861,9985,1
19862,9986,1
19863,9987,1
19864,9988,1
19865,9989,1
19866,9990,1
19867,9991,1
19868,9992,1
19869,9993,1
19870,9994,1
19871,9995,1
19872,9996,1
19873,9997,1
19874,9998,1
19875,9999,1
19876,10000,1
19877,10001,1
19878,10002,1
19879,10003,1
19880,10004,1
19881,10005,1
19882,10006,1
19883,10007,1
19884,10008,1
19885,10009,1
19886,10010,1
19887,10011,1
19888,10012,1
19889,10013,1
19890,10014,1
19891,10015,1
19892,10016,1
19893,10017,1
19894,10018,1
19895,10019,1
19896,10020,1
19897,10021,1
19898,10022,1
19899,10023,1
19900,10024,1
19901,10025,1
19902,10026,1
19903,10027,1
19904,10028,1
19905,10029,1
19906,10030,1
19907,10031,1
19908,10032,1
19909,10033,1
19910,10034,1
19911,10035,1
19912,10036,1
19913,10037,1
19914,10038,1
19915,10039,1
19916,10040,1
19917,10041,1
19918,10042,1
19919,10043,1
19920,10044,1
19921,10045,1
19922,10046,1
19923,10047,1
19924,10048,1
19925,10049,1
19926,10050,1
19927,10051,1
19928,10052,1
19929,10053,1
19930,10054,1
19931,10055,1
19932,10056,1
19933,10057,1
19934,10058,1
19935,10059,1
19936,10060,1
19937,10061,1
19938,10062,1
19939,10063,1
19940,10064,1
19941,10065,1
19942,10066,1
19943,10067,1
19944,10068,1
19945,10069,1
19946,10070,1
19947,10071,1
19948,10072,1
19949,10073,1
19950,10074,1
19951,10075,1
19952,10076,1
19953,10077,1
19954,10078,1
19955,10079,1
19956,10080,1
19957,10081,1
19958,10082,1
19959,10083,1
19960,10084,1
19961,10085,1
19962,10086,1
19963,10087,1
19964,10088,1
19965,10089,1
19966,10090,1
19967,10091,1
19968,10092,1
19969,10093,1
19970,10094,1
19971,10095,1
19972,10096,1
19973,10097,1
19974,10098,1
19975,10099,1
19976,10100,1
19977,10101,1
19978,10102,1
19979,10103,1
19980,10104,1
19981,10105,1
19982,10106,1
19983,10107,1
19984,10108,1
19985,10109,1
19986,10110,1
19987,10111,1
19988,10112,1
19989,10113,1
19990,10114,1
19991,10115,1
19992,10116,1
19993,10117,1
19994,10118,1
19995,10119,1
19996,10120,1
19997,10121,1
19998,10122,1
19999,10123,1
20000,10124,1
20001,10125,1
20002,10126,1
20003,10127,1
20004,10128,1
20005,10129,1
20006,10130,1
20007,10131,1
20008,10132,1
20009,10133,1
20010,10134,1
20011,10135,1
20012,10136,1
20013,10137,1
20014,10138,1
20015,10139,1
20016,10140,1
20017,10141,1
20018,10142,1
20019,10143,1
20020,10144,1
20021,10145,1
20022,10146,1
20023,10147,1
20024,10148,1
20025,10149,1
20026,10150,1
20027,10151,1
20028,10152,1
20029,10153,1
20030,10154,1
20031,10155,1
20032,10156,1
20033,10157,1
20034,10158,1
20035,10159,1
20036,10160,1
20037,10161,1
20038,10162,1
20039,10163,1
20040,10164,1
20041,10165,1
20042,10166,1
20043,10167,1
20044,10168,1
20045,10169,1
20046,10170,1
20047,10171,1
20048,10172,1
20049,10173,1
20050,10174,1
20051,10175,1
20052,10176,1
20053,10177,1
20054,10178,1
20055,10179,1
20056,10180,1
20057,10181,1
20058,10182,1
20059,10183,1
20060,10184,1
20061,10185,1
20062,10186,1
20063,10187,1
20064,10188,1
20065,10189,1
20066,10190,1
20067,10191,1
20068,10192,1
20069,10193,1
20070,10194,1
20071,10195,1
20072,10196,1
20073,10197,1
20074,10198,1
20075,10199,1
20076,10200,1
20077,10201,1
20078,10202,1
20079,10203,1
20080,10204,1
20081,10205,1
20082,10206,1
20083,10207,1
20084,10208,1
20085,10209,1
20086,10210,1
20087,10211,1
20088,10212,1
20089,10213,1
20090,10214,1
20091,10215,1
20092,10216,1
20093,10217,1
20094,10218,1
20095,10219,1
20096,10220,1
20097,10221,1
20098,10222,1
20099,10223,1
20100,10224,1
20101,10225,1
20102,10226,1
20103,10227,1
20104,10228,1
20105,10229,1
20106,10230,1
20107,10231,1
20108,10232,1
20109,10233,1
20110,10234,1
20111,10235,1
20112,10236,1
20113,10237,1
20114,10238,1
20115,10239,1
20116,10240,1
20117,10241,1
20118,10242,1
20119,10243,1
20120,10244,1
20121,10245,1
20122,10246,1
20123,10247,1
20124,10248,1
20125,10249,1
20126,10250,1
20127,10251,1
20128,10252,1
20129,10253,1
20130,10254,1
20131,10255,1
20132,10256,1
20133,10257,1
20134,10258,1
20135,10259,1
20136,10260,1
20137,10261,1
20138,10262,1
20139,10263,1
20140,10264,1
20141,10265,1
20142,10266,1
20143,10267,1
20144,10268,1
20145,10269,1
20146,10270,1
20147,10271,1
20148,10272,1
20149,10273,1
20150,10274,1
20151,10275,1
20152,10276,1
20153,10277,1
20154,10278,1
20155,10279,1
20156,10280,1
20157,10281,1
20158,10282,1
20159,10283,1
20160,10284,1
20161,10285,1
20162,10286,1
20163,10287,1
20164,10288,1
20165,10289,1
20166,10290,1
20167,10291,1
20168,10292,1
20169,10293,1
20170,10294,1
20171,10295,1
20172,10296,1
20173,10297,1
20174,10298,1
20175,10299,1
20176,10300,1
20177,10301,1
20178,10302,1
20179,10303,1
20180,10304,1
20181,10305,1
20182,10306,1
20183,10307,1
20184,10308,1
20185,10309,1
20186,10310,1
20187,10311,1
20188,10312,1
20189,10313,1
20190,10314,1
20191,10315,1
20192,10316,1
20193,10317,1
20194,10318,1
20195,10319,1
20196,10320,1
20197,10321,1
20198,10322,1
20199,10323,1
20200,10324,1
20201,10325,1
20202,10326,1
20203,10327,1
20204,10328,1
20205,10329,1
20206,10330,1
20207,10331,1
20208,10332,1
20209,10333,1
20210,10334,1
20211,10335,1
20212,10336,1
20213,10337,1
20214,10338,1
20215,10339,1
20216,10340,1
20217,10341,1
20218,10342,1
20219,10343,1
20220,10344,1
20221,10345,1
20222,10346,1
20223,10347,1
20224,10348,1
20225,10349,1
20226,10350,1
20227,10351,1
20228,10352,1
20229,10353,1
20230,10354,1
20231,10355,1
20232,10356,1
20233,10357,1
20234,10358,1
20235,10359,1
20236,10360,1
20237,10361,1
20238,10362,1
20239,10363,1
20240,10364,1
20241,10365,1
20242,10366,1
20243,10367,1
20244,10368,1
20245,10369,1
20246,10370,1
20247,10371,1
20248,10372,1
20249,10373,1
20250,10374,1
20251,10375,1
20252,10376,1
20253,10377,1
20254,10378,1
20255,10379,1
20256,10380,1
20257,10381,1
20258,10382,1
20259,10383,1
20260,10384,1
20261,10385,1
20262,10386,1
20263,10387,1
20264,10388,1
20265,10389,1
20266,10390,1
20267,10391,1
20268,10392,1
20269,10393,1
20270,10394,1
20271,10395,1
20272,10396,1
20273,10397,1
20274,10398,1
20275,10399,1
20276,10400,1
20277,10401,1
20278,10402,1
20279,10403,1
20280,10404,1
20281,10405,1
20282,10406,1
20283,10407,1
20284,10408,1
20285,10409,1
20286,10410,1
20287,10411,1
20288,10412,1
20289,10413,1
20290,10414,1
20291,10415,1
20292,10416,1
20293,10417,1
20294,10418,1
20295,10419,1
20296,10420,1
20297,10421,1
20298,10422,1
20299,10423,1
20300,10424,1
20301,10425,1
20302,10426,1
20303,10427,1
20304,10428,1
20305,10429,1
20306,10430,1
20307,10431,1
20308,10432,1
20309,10433,1
20310,10434,1
20311,10435,1
20312,10436,1
20313,10437,1
20314,10438,1
20315,10439,1
20316,10440,1
20317,10441,1
20318,10442,1
20319,10443,1
20320,10444,1
20321,10445,1
20322,10446,1
20323,10447,1
20324,10448,1
20325,10449,1
20326,10450,1
20327,10451,1
20328,10452,1
20329,10453,1
20330,10454,1
20331,10455,1
20332,10456,1
20333,10457,1
20334,10458,1
20335,10459,1
20336,10460,1
20337,10461,1
20338,10462,1
20339,10463,1
20340,10464,1
20341,10465,1
20342,10466,1
20343,10467,1
20344,10468,1
20345,10469,1
20346,10470,1
20347,10471,1
20348,10472,1
20349,10473,1
20350,10474,1
20351,10475,1
20352,10476,1
20353,10477,1
20354,10478,1
20355,10479,1
20356,10480,1
20357,10481,1
20358,10482,1
20359,10483,1
20360,10484,1
20361,10485,1
20362,10486,1
20363,10487,1
20364,10488,1
20365,10489,1
20366,10490,1
20367,10491,1
20368,10492,1
20369,10493,1
20370,10494,1
20371,10495,1
20372,10496,1
20373,10497,1
20374,10498,1
20375,10499,1
20376,10500,1
20377,10501,1
20378,10502,1
20379,10503,1
20380,10504,1
20381,10505,1
20382,10506,1
20383,10507,1
20384,10508,1
20385,10509,1
20386,10510,1
20387,10511,1
20388,10512,1
20389,10513,1
20390,10514,1
20391,10515,1
20392,10516,1
20393,10517,1
20394,10518,1
20395,10519,1
20396,10520,1
20397,10521,1
20398,10522,1
20399,10523,1
20400,10524,1
20401,10525,1
20402,10526,1
20403,10527,1
20404,10528,1
20405,10529,1
20406,10530,1
20407,10531,1
20408,10532,1
20409,10533,1
20410,10534,1
20411,10535,1
20412,10536,1
20413,10537,1
20414,10538,1
20415,10539,1
20416,10540,1
20417,10541,1
20418,10542,1
20419,10543,1
20420,10544,1
20421,10545,1
20422,10546,1
20423,10547,1
20424,10548,1
20425,10549,1
20426,10550,1
20427,10551,1
20428,10552,1
20429,10553,1
20430,10554,1
20431,10555,1
20432,10556,1
20433,10557,1
20434,10558,1
20435,10559,1
20436,10560,1
20437,10561,1
20438,10562,1
20439,10563,1
20440,10564,1
20441,10565,1
20442,10566,1
20443,10567,1
20444,10568,1
20445,10569,1
20446,10570,1
20447,10571,1
20448,10572,1
20449,10573,1
20450,10574,1
20451,10575,1
20452,10576,1
20453,10577,1
20454,10578,1
20455,10579,1
20456,10580,1
20457,10581,1
20458,10582,1
20459,10583,1
20460,10584,1
20461,10585,1
20462,10586,1
20463,10587,1
20464,10588,1
20465,10589,1
20466,10590,1
20467,10591,1
20468,10592,1
20469,10593,1
20470,10594,1
20471,10595,1
20472,10596,1
20473,10597,1
20474,10598,1
20475,10599,1
20476,10600,1
20477,10601,1
20478,10602,1
20479,10603,1
20480,10604,1
20481,10605,1
20482,10606,1
20483,10607,1
20484,10608,1
20485,10609,1
20486,10610,1
20487,10611,1
20488,10612,1
20489,10613,1
20490,10614,1
20491,10615,1
20492,10616,1
20493,10617,1
20494,10618,1
20495,10619,1
20496,10620,1
20497,10621,1
20498,10622,1
20499,10623,1
20500,10624,1
20501,10625,1
20502,10626,1
20503,10627,1
20504,10628,1
20505,10629,1
20506,10630,1
20507,9897,12
20508,9898,12
20509,9899,12
20510,9900,12
20511,9901,12
20512,9902,12
20513,9903,12
20514,9904,12
20515,9905,12
20516,9906,12
20517,9907,12
20518,9908,12
20519,9909,12
20520,9910,12
20521,9911,12
20522,9912,12
20523,9913,12
20524,9914,12
20525,9915,12
20526,9916,12
20527,9917,12
20528,9918,12
20529,9919,12
20530,9920,12
20531,9921,12
20532,9922,12
20533,9923,12
20534,9924,12
20535,9925,12
20536,9926,12
20537,9927,12
20538,9928,12
20539,9929,12
20540,9930,12
20541,9931,12
20542,9932,12
20543,9933,12
20544,9934,12
20545,9935,12
20546,9936,12
20547,9937,12
20548,9938,12
20549,9939,12
20550,9940,12
20551,9941,12
20552,9942,12
20553,9943,12
20554,9944,12
20555,9945,12
20556,9946,12
20557,9947,12
20558,9948,12
20559,9949,12
20560,9950,12
20561,9951,12
20562,9952,12
20563,9953,12
20564,9954,12
20565,9955,12
20566,9956,12
20567,9957,12
20568,9958,12
20569,9959,12
20570,9960,12
20571,9961,12
20572,9962,12
20573,9963,12
20574,9964,12
20575,9965,12
20576,9966,12
20577,9967,12
20578,9968,12
20579,9969,12
20580,9970,12
20581,9971,12
20582,9972,12
20583,9973,12
20584,9974,12
20585,9975,12
20586,9976,12
20587,9977,12
20588,9978,12
20589,9979,12
20590,9980,12
20591,9981,12
20592,9982,12
20593,9983,12
20594,9984,12
20595,9985,12
20596,9986,12
20597,9987,12
20598,9988,12
20599,9989,12
20600,9990,12
20601,9991,12
20602,9992,12
20603,9993,12
20604,9994,12
20605,9995,12
20606,9996,12
20607,9997,12
20608,9998,12
20609,9999,12
20610,10000,12
20611,10001,12
20612,10002,12
20613,10003,12
20614,10004,12
20615,10005,12
20616,10006,12
20617,10007,12
20618,10008,12
20619,10009,12
20620,10010,12
20621,10011,12
20622,10012,12
20623,10013,12
20624,10014,12
20625,10015,12
20626,10016,12
20627,10017,12
20628,10018,12
20629,10019,12
20630,10020,12
20631,10021,12
20632,10022,12
20633,10023,12
20634,10024,12
20635,10025,12
20636,10026,12
20637,10027,12
20638,10028,12
20639,10029,12
20640,10030,12
20641,10031,12
20642,10032,12
20643,10033,12
20644,10034,12
20645,10035,12
20646,10036,12
20647,10037,12
20648,10038,12
20649,10039,12
20650,10040,12
20651,10041,12
20652,10042,12
20653,10043,12
20654,10044,12
20655,10045,12
20656,10046,12
20657,10047,12
20658,10048,12
20659,10049,12
20660,10050,12
20661,10051,12
20662,10052,12
20663,10053,12
20664,10054,12
20665,10055,12
20666,10056,12
20667,10057,12
20668,10058,12
20669,10059,12
20670,10060,12
20671,10061,12
20672,10062,12
20673,10063,12
20674,10064,12
20675,10065,12
20676,10066,12
20677,10067,12
20678,10068,12
20679,10069,12
20680,10070,12
20681,10071,12
20682,10072,12
20683,10073,12
20684,10074,12
20685,10075,12
20686,10076,12
20687,10077,12
20688,10078,12
20689,10079,12
20690,10080,12
20691,10081,12
20692,10082,12
20693,10083,12
20694,10084,12
20695,10085,12
20696,10086,12
20697,10087,12
20698,10088,12
20699,10089,12
20700,10090,12
20701,10091,12
20702,10092,12
20703,10093,12
20704,10094,12
20705,10095,12
20706,10096,12
20707,10097,12
20708,10098,12
20709,10099,12
20710,10100,12
20711,10101,12
20712,10102,12
20713,10103,12
20714,10104,12
20715,10105,12
20716,10106,12
20717,10107,12
20718,10108,12
20719,10109,12
20720,10110,12
20721,10111,12
20722,10112,12
20723,10113,12
20724,10114,12
20725,10115,12
20726,10116,12
20727,10117,12
20728,10118,12
20729,10119,12
20730,10120,12
20731,10121,12
20732,10122,12
20733,10123,12
20734,10124,12
20735,10125,12
20736,10126,12
20737,10127,12
20738,10128,12
20739,10129,12
20740,10130,12
20741,10131,12
20742,10132,12
20743,10133,12
20744,10134,12
20745,10135,12
20746,10136,12
20747,10137,12
20748,10138,12
20749,10139,12
20750,10140,12
20751,10141,12
20752,10142,12
20753,10143,12
20754,10144,12
20755,10145,12
20756,10146,12
20757,10147,12
20758,10148,12
20759,10149,12
20760,10150,12
20761,10151,12
20762,10152,12
20763,10153,12
20764,10154,12
20765,10155,12
20766,10156,12
20767,10157,12
20768,10158,12
20769,10159,12
20770,10160,12
20771,10161,12
20772,10162,12
20773,10163,12
20774,10164,12
20775,10165,12
20776,10166,12
20777,10167,12
20778,10168,12
20779,10169,12
20780,10170,12
20781,10171,12
20782,10172,12
20783,10173,12
20784,10174,12
20785,10175,12
20786,10176,12
20787,10177,12
20788,10178,12
20789,10179,12
20790,10180,12
20791,10181,12
20792,10182,12
20793,10183,12
20794,10184,12
20795,10185,12
20796,10186,12
20797,10187,12
20798,10188,12
20799,10189,12
20800,10190,12
20801,10191,12
20802,10192,12
20803,10193,12
20804,10194,12
20805,10195,12
20806,10196,12
20807,10197,12
20808,10198,12
20809,10199,12
20810,10200,12
20811,10201,12
20812,10202,12
20813,10203,12
20814,10204,12
20815,10205,12
20816,10206,12
20817,10207,12
20818,10208,12
20819,10209,12
20820,10210,12
20821,10211,12
20822,10212,12
20823,10213,12
20824,10214,12
20825,10215,12
20826,10216,12
20827,10217,12
20828,10218,12
20829,10219,12
20830,10220,12
20831,10221,12
20832,10222,12
20833,10223,12
20834,10224,12
20835,10225,12
20836,10226,12
20837,10227,12
20838,10228,12
20839,10229,12
20840,10230,12
20841,10231,12
20842,10232,12
20843,10233,12
20844,10234,12
20845,10235,12
20846,10236,12
20847,10237,12
20848,10238,12
20849,10239,12
20850,10240,12
20851,10241,12
20852,10242,12
20853,10243,12
20854,10244,12
20855,10245,12
20856,10246,12
20857,10247,12
20858,10248,12
20859,10249,12
20860,10250,12
20861,10251,12
20862,10252,12
20863,10253,12
20864,10254,12
20865,10255,12
20866,10256,12
20867,10257,12
20868,10258,12
20869,10259,12
20870,10260,12
20871,10261,12
20872,10262,12
20873,10263,12
20874,10264,12
20875,10265,12
20876,10266,12
20877,10267,12
20878,10268,12
20879,10269,12
20880,10270,12
20881,10271,12
20882,10272,12
20883,10273,12
20884,10274,12
20885,10275,12
20886,10276,12
20887,10277,12
20888,10278,12
20889,10279,12
20890,10280,12
20891,10281,12
20892,10282,12
20893,10283,12
20894,10284,12
20895,10285,12
20896,10286,12
20897,10287,12
20898,10288,12
20899,10289,12
20900,10290,12
20901,10291,12
20902,10292,12
20903,10293,12
20904,10294,12
20905,10295,12
20906,10296,12
20907,10297,12
20908,10298,12
20909,10299,12
20910,10300,12
20911,10301,12
20912,10302,12
20913,10303,12
20914,10304,12
20915,10305,12
20916,10306,12
20917,10307,12
20918,10308,12
20919,10309,12
20920,10310,12
20921,10311,12
20922,10312,12
20923,10313,12
20924,10314,12
20925,10315,12
20926,10316,12
20927,10317,12
20928,10318,12
20929,10319,12
20930,10320,12
20931,10321,12
20932,10322,12
20933,10323,12
20934,10324,12
20935,10325,12
20936,10326,12
20937,10327,12
20938,10328,12
20939,10329,12
20940,10330,12
20941,10331,12
20942,10332,12
20943,10333,12
20944,10334,12
20945,10335,12
20946,10336,12
20947,10337,12
20948,10338,12
20949,10339,12
20950,10340,12
20951,10341,12
20952,10342,12
20953,10343,12
20954,10344,12
20955,10345,12
20956,10346,12
20957,10347,12
20958,10348,12
20959,10349,12
20960,10350,12
20961,10351,12
20962,10352,12
20963,10353,12
20964,10354,12
20965,10355,12
20966,10356,12
20967,10357,12
20968,10358,12
20969,10359,12
20970,10360,12
20971,10361,12
20972,10362,12
20973,10363,12
20974,10364,12
20975,10365,12
20976,10366,12
20977,10367,12
20978,10368,12
20979,10369,12
20980,10370,12
20981,10371,12
20982,10372,12
20983,10373,12
20984,10374,12
20985,10375,12
20986,10376,12
20987,10377,12
20988,10378,12
20989,10379,12
20990,10380,12
20991,10381,12
20992,10382,12
20993,10383,12
20994,10384,12
20995,10385,12
20996,10386,12
20997,10387,12
20998,10388,12
20999,10389,12
21000,10390,12
21001,10391,12
21002,10392,12
21003,10393,12
21004,10394,12
21005,10395,12
21006,10396,12
21007,10397,12
21008,10398,12
21009,10399,12
21010,10400,12
21011,10401,12
21012,10402,12
21013,10403,12
21014,10404,12
21015,10405,12
21016,10406,12
21017,10407,12
21018,10408,12
21019,10409,12
21020,10410,12
21021,10411,12
21022,10412,12
21023,10413,12
21024,10414,12
21025,10415,12
21026,10416,12
21027,10417,12
21028,10418,12
21029,10419,12
21030,10420,12
21031,10421,12
21032,10422,12
21033,10423,12
21034,10424,12
21035,10425,12
21036,10426,12
21037,10427,12
21038,10428,12
21039,10429,12
21040,10430,12
21041,10431,12
21042,10432,12
21043,10433,12
21044,10434,12
21045,10435,12
21046,10436,12
21047,10437,12
21048,10438,12
21049,10439,12
21050,10440,12
21051,10441,12
21052,10442,12
21053,10443,12
21054,10444,12
21055,10445,12
21056,10446,12
21057,10447,12
21058,10448,12
21059,10449,12
21060,10450,12
21061,10451,12
21062,10452,12
21063,10453,12
21064,10454,12
21065,10455,12
21066,10456,12
21067,10457,12
21068,10458,12
21069,10459,12
21070,10460,12
21071,10461,12
21072,10462,12
21073,10463,12
21074,10464,12
21075,10465,12
21076,10466,12
21077,10467,12
21078,10468,12
21079,10469,12
21080,10470,12
21081,10471,12
21082,10472,12
21083,10473,12
21084,10474,12
21085,10475,12
21086,10476,12
21087,10477,12
21088,10478,12
21089,10479,12
21090,10480,12
21091,10481,12
21092,10482,12
21093,10483,12
21094,10484,12
21095,10485,12
21096,10486,12
21097,10487,12
21098,10488,12
21099,10489,12
21100,10490,12
21101,10491,12
21102,10492,12
21103,10493,12
21104,10494,12
21105,10495,12
21106,10496,12
21107,10497,12
21108,10498,12
21109,10499,12
21110,10500,12
21111,10501,12
21112,10502,12
21113,10503,12
21114,10504,12
21115,10505,12
21116,10506,12
21117,10507,12
21118,10508,12
21119,10509,12
21120,10510,12
21121,10511,12
21122,10512,12
21123,10513,12
21124,10514,12
21125,10515,12
21126,10516,12
21127,10517,12
21128,10518,12
21129,10519,12
21130,10520,12
21131,10521,12
21132,10522,12
21133,10523,12
21134,10524,12
21135,10525,12
21136,10526,12
21137,10527,12
21138,10528,12
21139,10529,12
21140,10530,12
21141,10531,12
21142,10532,12
21143,10533,12
21144,10534,12
21145,10535,12
21146,10536,12
21147,10537,12
21148,10538,12
21149,10539,12
21150,10540,12
21151,10541,12
21152,10542,12
21153,10543,12
21154,10544,12
21155,10545,12
21156,10546,12
21157,10547,12
21158,10548,12
21159,10549,12
21160,10550,12
21161,10551,12
21162,10552,12
21163,10553,12
21164,10554,12
21165,10555,12
21166,10556,12
21167,10557,12
21168,10558,12
21169,10559,12
21170,10560,12
21171,10561,12
21172,10562,12
21173,10563,12
21174,10564,12
21175,10565,12
21176,10566,12
21177,10567,12
21178,10568,12
21179,10569,12
21180,10570,12
21181,10571,12
21182,10572,12
21183,10573,12
21184,10574,12
21185,10575,12
21186,10576,12
21187,10577,12
21188,10578,12
21189,10579,12
21190,10580,12
21191,10581,12
21192,10582,12
21193,10583,12
21194,10584,12
21195,10585,12
21196,10586,12
21197,10587,12
21198,10588,12
21199,10589,12
21200,10590,12
21201,10591,12
21202,10592,12
21203,10593,12
21204,10594,12
21205,10595,12
21206,10596,12
21207,10597,12
21208,10598,12
21209,10599,12
21210,10600,12
21211,10601,12
21212,10602,12
21213,10603,12
21214,10604,12
21215,10605,12
21216,10606,12
21217,10607,12
21218,10608,12
21219,10609,12
21220,10610,12
21221,10611,12
21222,10612,12
21223,10613,12
21224,10614,12
21225,10615,12
21226,10616,12
21227,10617,12
21228,10618,12
21229,10619,12
21230,10620,12
21231,10621,12
21232,10622,12
21233,10623,12
21234,10624,12
21235,10625,12
21236,10626,12
21237,10627,12
21238,10628,12
21239,10629,12
21240,10630,12
21241,10631,1
21242,10632,1
21243,10633,1
21244,10634,1
21245,10635,1
21246,10636,1
21247,10637,1
21248,10638,1
21249,10639,1
21250,10640,1
21251,10641,1
21252,10642,1
21253,10643,1
21254,10644,1
21255,10645,1
21256,10646,1
21257,10647,1
21258,10648,1
21259,10649,1
21260,10650,1
21261,10651,1
21262,10652,1
21263,10653,1
21264,10654,1
21265,10655,1
21266,10656,1
21267,10657,1
21268,10658,1
21269,10659,1
21270,10660,1
21271,10661,1
21272,10662,1
21273,10663,1
21274,10664,1
21275,10665,1
21276,10666,1
21277,10667,1
21278,10668,1
21279,10669,1
21280,10670,1
21281,10671,1
21282,10672,1
21283,10673,1
21284,10674,1
21285,10675,1
21286,10676,1
21287,10677,1
21288,10678,1
21289,10679,1
21290,10680,1
21291,10681,1
21292,10682,1
21293,10631,12
21294,10632,12
21295,10633,12
21296,10634,12
21297,10635,12
21298,10636,12
21299,10637,12
21300,10638,12
21301,10639,12
21302,10640,12
21303,10641,12
21304,10642,12
21305,10643,12
21306,10644,12
21307,10645,12
21308,10646,12
21309,10647,12
21310,10648,12
21311,10649,12
21312,10650,12
21313,10651,12
21314,10652,12
21315,10653,12
21316,10654,12
21317,10655,12
21318,10656,12
21319,10657,12
21320,10658,12
21321,10659,12
21322,10660,12
21323,10661,12
21324,10662,12
21325,10663,12
21326,10664,12
21327,10665,12
21328,10666,12
21329,10667,12
21330,10668,12
21331,10669,12
21332,10670,12
21333,10671,12
21334,10672,12
21335,10673,12
21336,10674,12
21337,10675,12
21338,10676,12
21339,10677,12
21340,10678,12
21341,10679,12
21342,10680,12
21343,10681,12
21344,10682,12
21345,10683,1
21346,10684,1
21347,10685,1
21348,10683,12
21349,10684,12
21350,10685,12
21351,10686,1
21352,10687,1
21353,10688,1
21354,10689,1
21355,10690,1
21356,10691,1
21357,10692,1
21358,10693,1
21359,10694,1
21360,10695,1
21361,10696,1
21362,10697,1
21363,10698,1
21364,10699,1
21365,10700,1
21366,10701,1
21367,10702,1
21368,10703,1
21369,10704,1
21370,10705,1
21371,10706,1
21372,10707,1
21373,10708,1
21374,10709,1
21375,10710,1
21376,10711,1
21377,10712,1
21378,10713,1
21379,10714,1
21380,10715,1
21381,10716,1
21382,10717,1
21383,10718,1
21384,10719,1
21385,10720,1
21386,10721,1
21387,10722,1
21388,10723,1
21389,10724,1
21390,10725,1
21391,10726,1
21392,10727,1
21393,10728,1
21394,10729,1
21395,10686,12
21396,10687,12
21397,10688,12
21398,10689,12
21399,10690,12
21400,10691,12
21401,10692,12
21402,10693,12
21403,10694,12
21404,10695,12
21405,10696,12
21406,10697,12
21407,10698,12
21408,10699,12
21409,10700,12
21410,10701,12
21411,10702,12
21412,10703,12
21413,10704,12
21414,10705,12
21415,10706,12
21416,10707,12
21417,10708,12
21418,10709,12
21419,10710,12
21420,10711,12
21421,10712,12
21422,10713,12
21423,10714,12
21424,10715,12
21425,10716,12
21426,10717,12
21427,10718,12
21428,10719,12
21429,10720,12
21430,10721,12
21431,10722,12
21432,10723,12
21433,10724,12
21434,10725,12
21435,10726,12
21436,10727,12
21437,10728,12
21438,10729,12
21439,10730,1
21440,10731,1
21441,10732,1
21442,10733,1
21443,10734,1
21444,10735,1
21445,10736,1
21446,10737,1
21447,10738,1
21448,10739,1
21449,10740,1
21450,10741,1
21451,10730,12
21452,10731,12
21453,10732,12
21454,10733,12
21455,10734,12
21456,10735,12
21457,10736,12
21458,10737,12
21459,10738,12
21460,10739,12
21461,10740,12
21462,10741,12
21463,10742,1
21464,10743,1
21465,10744,1
21466,10745,1
21467,10746,1
21468,10747,1
21469,10748,1
21470,10749,1
21471,10750,1
21472,10751,1
21473,10752,1
21474,10753,1
21475,10754,1
21476,10755,1
21477,10756,1
21478,10757,1
21479,10758,1
21480,10759,1
21481,10760,1
21482,10761,1
21483,10762,1
21484,10763,1
21485,10764,1
21486,10765,1
21487,10766,1
21488,10767,1
21489,10768,1
21490,10769,1
21491,10770,1
21492,10771,1
21493,10772,1
21494,10773,1
21495,10774,1
21496,10775,1
21497,10776,1
21498,10777,1
21499,10778,1
21500,10779,1
21501,10780,1
21502,10781,1
21503,10782,1
21504,10783,1
21505,10784,1
21506,10785,1
21507,10786,1
21508,10787,1
21509,10788,1
21510,10789,1
21511,10790,1
21512,10791,1
21513,10792,1
21514,10793,1
21515,10794,1
21516,10795,1
21517,10796,1
21518,10797,1
21519,10798,1
21520,10799,1
21521,10800,1
21522,10801,1
21523,10802,1
21524,10803,1
21525,10804,1
21526,10805,1
21527,10806,1
21528,10807,1
21529,10808,1
21530,10809,1
21531,10810,1
21532,10811,1
21533,10812,1
21534,10813,1
21535,10814,1
21536,10815,1
21537,10816,1
21538,10817,1
21539,10818,1
21540,10819,1
21541,10820,1
21542,10821,1
21543,10822,1
21544,10823,1
21545,10824,1
21546,10825,1
21547,10826,1
21548,10827,1
21549,10828,1
21550,10829,1
21551,10830,1
21552,10831,1
21553,10832,1
21554,10833,1
21555,10834,1
21556,10835,1
21557,10836,1
21558,10837,1
21559,10838,1
21560,10839,1
21561,10840,1
21562,10841,1
21563,10842,1
21564,10843,1
21565,10844,1
21566,10845,1
21567,10846,1
21568,10847,1
21569,10848,1
21570,10849,1
21571,10850,1
21572,10851,1
21573,10852,1
21574,10853,1
21575,10854,1
21576,10855,1
21577,10856,1
21578,10857,1
21579,10858,1
21580,10859,1
21581,10860,1
21582,10861,1
21583,10862,1
21584,10863,1
21585,10864,1
21586,10865,1
21587,10866,1
21588,10867,1
21589,10868,1
21590,10869,1
21591,10870,1
21592,10871,1
21593,10872,1
21594,10873,1
21595,10874,1
21596,10875,1
21597,10876,1
21598,10877,1
21599,10878,1
21600,10879,1
21601,10880,1
21602,10881,1
21603,10882,1
21604,10883,1
21605,10884,1
21606,10885,1
21607,10886,1
21608,10887,1
21609,10888,1
21610,10889,1
21611,10890,1
21612,10891,1
21613,10892,1
21614,10893,1
21615,10894,1
21616,10895,1
21617,10896,1
21618,10897,1
21619,10898,1
21620,10899,1
21621,10900,1
21622,10901,1
21623,10902,1
21624,10903,1
21625,10904,1
21626,10905,1
21627,10906,1
21628,10907,1
21629,10908,1
21630,10909,1
21631,10910,1
21632,10911,1
21633,10912,1
21634,10913,1
21635,10914,1
21636,10915,1
21637,10916,1
21638,10917,1
21639,10918,1
21640,10919,1
21641,10920,1
21642,10921,1
21643,10922,1
21644,10923,1
21645,10924,1
21646,10925,1
21647,10926,1
21648,10927,1
21649,10928,1
21650,10929,1
21651,10930,1
21652,10931,1
21653,10932,1
21654,10933,1
21655,10934,1
21656,10935,1
21657,10936,1
21658,10937,1
21659,10938,1
21660,10939,1
21661,10940,1
21662,10941,1
21663,10942,1
21664,10943,1
21665,10944,1
21666,10945,1
21667,10946,1
21668,10947,1
21669,10948,1
21670,10949,1
21671,10950,1
21672,10951,1
21673,10952,1
21674,10953,1
21675,10954,1
21676,10955,1
21677,10956,1
21678,10957,1
21679,10958,1
21680,10959,1
21681,10960,1
21682,10961,1
21683,10962,1
21684,10963,1
21685,10964,1
21686,10965,1
21687,10966,1
21688,10967,1
21689,10968,1
21690,10969,1
21691,10970,1
21692,10971,1
21693,10972,1
21694,10973,1
21695,10974,1
21696,10975,1
21697,10976,1
21698,10977,1
21699,10978,1
21700,10979,1
21701,10980,1
21702,10981,1
21703,10982,1
21704,10983,1
21705,10984,1
21706,10985,1
21707,10986,1
21708,10987,1
21709,10988,1
21710,10989,1
21711,10990,1
21712,10991,1
21713,10992,1
21714,10993,1
21715,10994,1
21716,10995,1
21717,10996,1
21718,10997,1
21719,10998,1
21720,10999,1
21721,11000,1
21722,11001,1
21723,11002,1
21724,11003,1
21725,11004,1
21726,11005,1
21727,11006,1
21728,11007,1
21729,11008,1
21730,11009,1
21731,11010,1
21732,11011,1
21733,11012,1
21734,11013,1
21735,11014,1
21736,11015,1
21737,11016,1
21738,11017,1
21739,11018,1
21740,11019,1
21741,11020,1
21742,11021,1
21743,11022,1
21744,11023,1
21745,11024,1
21746,11025,1
21747,11026,1
21748,11027,1
21749,11028,1
21750,11029,1
21751,11030,1
21752,11031,1
21753,11032,1
21754,11033,1
21755,11034,1
21756,11035,1
21757,11036,1
21758,11037,1
21759,11038,1
21760,11039,1
21761,11040,1
21762,11041,1
21763,11042,1
21764,11043,1
21765,11044,1
21766,11045,1
21767,11046,1
21768,11047,1
21769,11048,1
21770,11049,1
21771,11050,1
21772,11051,1
21773,11052,1
21774,11053,1
21775,11054,1
21776,11055,1
21777,11056,1
21778,11057,1
21779,11058,1
21780,11059,1
21781,11060,1
21782,11061,1
21783,11062,1
21784,11063,1
21785,11064,1
21786,11065,1
21787,11066,1
21788,11067,1
21789,11068,1
21790,11069,1
21791,11070,1
21792,11071,1
21793,11072,1
21794,11073,1
21795,11074,1
21796,11075,1
21797,11076,1
21798,11077,1
21799,11078,1
21800,11079,1
21801,11080,1
21802,11081,1
21803,11082,1
21804,11083,1
21805,11084,1
21806,11085,1
21807,11086,1
21808,11087,1
21809,11088,1
21810,11089,1
21811,11090,1
21812,11091,1
21813,11092,1
21814,11093,1
21815,11094,1
21816,11095,1
21817,11096,1
21818,11097,1
21819,11098,1
21820,11099,1
21821,11100,1
21822,11101,1
21823,11102,1
21824,11103,1
21825,11104,1
21826,11105,1
21827,11106,1
21828,11107,1
21829,11108,1
21830,11109,1
21831,11110,1
21832,11111,1
21833,11112,1
21834,11113,1
21835,11114,1
21836,11115,1
21837,11116,1
21838,11117,1
21839,11118,1
21840,11119,1
21841,11120,1
21842,11121,1
21843,11122,1
21844,11123,1
21845,11124,1
21846,11125,1
21847,11126,1
21848,11127,1
21849,11128,1
21850,11129,1
21851,11130,1
21852,11131,1
21853,11132,1
21854,11133,1
21855,11134,1
21856,11135,1
21857,11136,1
21858,11137,1
21859,11138,1
21860,11139,1
21861,11140,1
21862,11141,1
21863,11142,1
21864,11143,1
21865,11144,1
21866,11145,1
21867,11146,1
21868,11147,1
21869,11148,1
21870,11149,1
21871,11150,1
21872,11151,1
21873,11152,1
21874,11153,1
21875,11154,1
21876,11155,1
21877,11156,1
21878,11157,1
21879,11158,1
21880,11159,1
21881,11160,1
21882,11161,1
21883,11162,1
21884,11163,1
21885,11164,1
21886,11165,1
21887,11166,1
21888,11167,1
21889,11168,1
21890,11169,1
21891,11170,1
21892,11171,1
21893,11172,1
21894,11173,1
21895,11174,1
21896,11175,1
21897,11176,1
21898,11177,1
21899,11178,1
21900,11179,1
21901,11180,1
21902,11181,1
21903,11182,1
21904,11183,1
21905,11184,1
21906,11185,1
21907,11186,1
21908,11187,1
21909,11188,1
21910,11189,1
21911,11190,1
21912,11191,1
21913,11192,1
21914,11193,1
21915,11194,1
21916,11195,1
21917,11196,1
21918,11197,1
21919,11198,1
21920,11199,1
21921,11200,1
21922,11201,1
21923,11202,1
21924,11203,1
21925,11204,1
21926,11205,1
21927,11206,1
21928,11207,1
21929,11208,1
21930,11209,1
21931,11210,1
21932,11211,1
21933,11212,1
21934,11213,1
21935,11214,1
21936,11215,1
21937,11216,1
21938,11217,1
21939,11218,1
21940,11219,1
21941,11220,1
21942,11221,1
21943,11222,1
21944,11223,1
21945,11224,1
21946,11225,1
21947,11226,1
21948,11227,1
21949,11228,1
21950,11229,1
21951,11230,1
21952,11231,1
21953,11232,1
21954,11233,1
21955,11234,1
21956,11235,1
21957,11236,1
21958,11237,1
21959,11238,1
21960,11239,1
21961,11240,1
21962,11241,1
21963,11242,1
21964,11243,1
21965,11244,1
21966,11245,1
21967,11246,1
21968,11247,1
21969,11248,1
21970,11249,1
21971,11250,1
21972,11251,1
21973,11252,1
21974,11253,1
21975,11254,1
21976,11255,1
21977,11256,1
21978,11257,1
21979,11258,1
21980,11259,1
21981,11260,1
21982,11261,1
21983,11262,1
21984,11263,1
21985,11264,1
21986,11265,1
21987,11266,1
21988,11267,1
21989,11268,1
21990,11269,1
21991,11270,1
21992,11271,1
21993,11272,1
21994,11273,1
21995,11274,1
21996,11275,1
21997,11276,1
21998,11277,1
21999,11278,1
22000,11279,1
22001,11280,1
22002,11281,1
22003,11282,1
22004,11283,1
22005,11284,1
22006,11285,1
22007,11286,1
22008,11287,1
22009,11288,1
22010,11289,1
22011,11290,1
22012,11291,1
22013,11292,1
22014,11293,1
22015,11294,1
22016,11295,1
22017,11296,1
22018,11297,1
22019,11298,1
22020,11299,1
22021,11300,1
22022,11301,1
22023,11302,1
22024,11303,1
22025,11304,1
22026,11305,1
22027,11306,1
22028,11307,1
22029,11308,1
22030,11309,1
22031,11310,1
22032,11311,1
22033,11312,1
22034,11313,1
22035,11314,1
22036,11315,1
22037,11316,1
22038,11317,1
22039,11318,1
22040,11319,1
22041,11320,1
22042,11321,1
22043,11322,1
22044,11323,1
22045,11324,1
22046,11325,1
22047,11326,1
22048,11327,1
22049,11328,1
22050,11329,1
22051,11330,1
22052,11331,1
22053,11332,1
22054,11333,1
22055,11334,1
22056,11335,1
22057,11336,1
22058,11337,1
22059,11338,1
22060,11339,1
22061,11340,1
22062,11341,1
22063,11342,1
22064,11343,1
22065,11344,1
22066,11345,1
22067,11346,1
22068,11347,1
22069,11348,1
22070,11349,1
22071,11350,1
22072,11351,1
22073,11352,1
22074,11353,1
22075,11354,1
22076,11355,1
22077,11356,1
22078,11357,1
22079,11358,1
22080,11359,1
22081,11360,1
22082,11361,1
22083,11362,1
22084,11363,1
22085,11364,1
22086,11365,1
22087,11366,1
22088,11367,1
22089,11368,1
22090,11369,1
22091,11370,1
22092,11371,1
22093,11372,1
22094,11373,1
22095,11374,1
22096,11375,1
22097,11376,1
22098,11377,1
22099,11378,1
22100,11379,1
22101,11380,1
22102,11381,1
22103,11382,1
22104,11383,1
22105,11384,1
22106,11385,1
22107,11386,1
22108,11387,1
22109,11388,1
22110,11389,1
22111,11390,1
22112,11391,1
22113,11392,1
22114,11393,1
22115,11394,1
22116,11395,1
22117,11396,1
22118,11397,1
22119,11398,1
22120,11399,1
22121,11400,1
22122,11401,1
22123,11402,1
22124,11403,1
22125,11404,1
22126,11405,1
22127,11406,1
22128,11407,1
22129,11408,1
22130,11409,1
22131,11410,1
22132,11411,1
22133,11412,1
22134,11413,1
22135,11414,1
22136,11415,1
22137,11416,1
22138,11417,1
22139,11418,1
22140,11419,1
22141,11420,1
22142,11421,1
22143,11422,1
22144,11423,1
22145,11424,1
22146,11425,1
22147,11426,1
22148,11427,1
22149,11428,1
22150,11429,1
22151,11430,1
22152,11431,1
22153,10742,12
22154,10743,12
22155,10744,12
22156,10745,12
22157,10746,12
22158,10747,12
22159,10748,12
22160,10749,12
22161,10750,12
22162,10751,12
22163,10752,12
22164,10753,12
22165,10754,12
22166,10755,12
22167,10756,12
22168,10757,12
22169,10758,12
22170,10759,12
22171,10760,12
22172,10761,12
22173,10762,12
22174,10763,12
22175,10764,12
22176,10765,12
22177,10766,12
22178,10767,12
22179,10768,12
22180,10769,12
22181,10770,12
22182,10771,12
22183,10772,12
22184,10773,12
22185,10774,12
22186,10775,12
22187,10776,12
22188,10777,12
22189,10778,12
22190,10779,12
22191,10780,12
22192,10781,12
22193,10782,12
22194,10783,12
22195,10784,12
22196,10785,12
22197,10786,12
22198,10787,12
22199,10788,12
22200,10789,12
22201,10790,12
22202,10791,12
22203,10792,12
22204,10793,12
22205,10794,12
22206,10795,12
22207,10796,12
22208,10797,12
22209,10798,12
22210,10799,12
22211,10800,12
22212,10801,12
22213,10802,12
22214,10803,12
22215,10804,12
22216,10805,12
22217,10806,12
22218,10807,12
22219,10808,12
22220,10809,12
22221,10810,12
22222,10811,12
22223,10812,12
22224,10813,12
22225,10814,12
22226,10815,12
22227,10816,12
22228,10817,12
22229,10818,12
22230,10819,12
22231,10820,12
22232,10821,12
22233,10822,12
22234,10823,12
22235,10824,12
22236,10825,12
22237,10826,12
22238,10827,12
22239,10828,12
22240,10829,12
22241,10830,12
22242,10831,12
22243,10832,12
22244,10833,12
22245,10834,12
22246,10835,12
22247,10836,12
22248,10837,12
22249,10838,12
22250,10839,12
22251,10840,12
22252,10841,12
22253,10842,12
22254,10843,12
22255,10844,12
22256,10845,12
22257,10846,12
22258,10847,12
22259,10848,12
22260,10849,12
22261,10850,12
22262,10851,12
22263,10852,12
22264,10853,12
22265,10854,12
22266,10855,12
22267,10856,12
22268,10857,12
22269,10858,12
22270,10859,12
22271,10860,12
22272,10861,12
22273,10862,12
22274,10863,12
22275,10864,12
22276,10865,12
22277,10866,12
22278,10867,12
22279,10868,12
22280,10869,12
22281,10870,12
22282,10871,12
22283,10872,12
22284,10873,12
22285,10874,12
22286,10875,12
22287,10876,12
22288,10877,12
22289,10878,12
22290,10879,12
22291,10880,12
22292,10881,12
22293,10882,12
22294,10883,12
22295,10884,12
22296,10885,12
22297,10886,12
22298,10887,12
22299,10888,12
22300,10889,12
22301,10890,12
22302,10891,12
22303,10892,12
22304,10893,12
22305,10894,12
22306,10895,12
22307,10896,12
22308,10897,12
22309,10898,12
22310,10899,12
22311,10900,12
22312,10901,12
22313,10902,12
22314,10903,12
22315,10904,12
22316,10905,12
22317,10906,12
22318,10907,12
22319,10908,12
22320,10909,12
22321,10910,12
22322,10911,12
22323,10912,12
22324,10913,12
22325,10914,12
22326,10915,12
22327,10916,12
22328,10917,12
22329,10918,12
22330,10919,12
22331,10920,12
22332,10921,12
22333,10922,12
22334,10923,12
22335,10924,12
22336,10925,12
22337,10926,12
22338,10927,12
22339,10928,12
22340,10929,12
22341,10930,12
22342,10931,12
22343,10932,12
22344,10933,12
22345,10934,12
22346,10935,12
22347,10936,12
22348,10937,12
22349,10938,12
22350,10939,12
22351,10940,12
22352,10941,12
22353,10942,12
22354,10943,12
22355,10944,12
22356,10945,12
22357,10946,12
22358,10947,12
22359,10948,12
22360,10949,12
22361,10950,12
22362,10951,12
22363,10952,12
22364,10953,12
22365,10954,12
22366,10955,12
22367,10956,12
22368,10957,12
22369,10958,12
22370,10959,12
22371,10960,12
22372,10961,12
22373,10962,12
22374,10963,12
22375,10964,12
22376,10965,12
22377,10966,12
22378,10967,12
22379,10968,12
22380,10969,12
22381,10970,12
22382,10971,12
22383,10972,12
22384,10973,12
22385,10974,12
22386,10975,12
22387,10976,12
22388,10977,12
22389,10978,12
22390,10979,12
22391,10980,12
22392,10981,12
22393,10982,12
22394,10983,12
22395,10984,12
22396,10985,12
22397,10986,12
22398,10987,12
22399,10988,12
22400,10989,12
22401,10990,12
22402,10991,12
22403,10992,12
22404,10993,12
22405,10994,12
22406,10995,12
22407,10996,12
22408,10997,12
22409,10998,12
22410,10999,12
22411,11000,12
22412,11001,12
22413,11002,12
22414,11003,12
22415,11004,12
22416,11005,12
22417,11006,12
22418,11007,12
22419,11008,12
22420,11009,12
22421,11010,12
22422,11011,12
22423,11012,12
22424,11013,12
22425,11014,12
22426,11015,12
22427,11016,12
22428,11017,12
22429,11018,12
22430,11019,12
22431,11020,12
22432,11021,12
22433,11022,12
22434,11023,12
22435,11024,12
22436,11025,12
22437,11026,12
22438,11027,12
22439,11028,12
22440,11029,12
22441,11030,12
22442,11031,12
22443,11032,12
22444,11033,12
22445,11034,12
22446,11035,12
22447,11036,12
22448,11037,12
22449,11038,12
22450,11039,12
22451,11040,12
22452,11041,12
22453,11042,12
22454,11043,12
22455,11044,12
22456,11045,12
22457,11046,12
22458,11047,12
22459,11048,12
22460,11049,12
22461,11050,12
22462,11051,12
22463,11052,12
22464,11053,12
22465,11054,12
22466,11055,12
22467,11056,12
22468,11057,12
22469,11058,12
22470,11059,12
22471,11060,12
22472,11061,12
22473,11062,12
22474,11063,12
22475,11064,12
22476,11065,12
22477,11066,12
22478,11067,12
22479,11068,12
22480,11069,12
22481,11070,12
22482,11071,12
22483,11072,12
22484,11073,12
22485,11074,12
22486,11075,12
22487,11076,12
22488,11077,12
22489,11078,12
22490,11079,12
22491,11080,12
22492,11081,12
22493,11082,12
22494,11083,12
22495,11084,12
22496,11085,12
22497,11086,12
22498,11087,12
22499,11088,12
22500,11089,12
22501,11090,12
22502,11091,12
22503,11092,12
22504,11093,12
22505,11094,12
22506,11095,12
22507,11096,12
22508,11097,12
22509,11098,12
22510,11099,12
22511,11100,12
22512,11101,12
22513,11102,12
22514,11103,12
22515,11104,12
22516,11105,12
22517,11106,12
22518,11107,12
22519,11108,12
22520,11109,12
22521,11110,12
22522,11111,12
22523,11112,12
22524,11113,12
22525,11114,12
22526,11115,12
22527,11116,12
22528,11117,12
22529,11118,12
22530,11119,12
22531,11120,12
22532,11121,12
22533,11122,12
22534,11123,12
22535,11124,12
22536,11125,12
22537,11126,12
22538,11127,12
22539,11128,12
22540,11129,12
22541,11130,12
22542,11131,12
22543,11132,12
22544,11133,12
22545,11134,12
22546,11135,12
22547,11136,12
22548,11137,12
22549,11138,12
22550,11139,12
22551,11140,12
22552,11141,12
22553,11142,12
22554,11143,12
22555,11144,12
22556,11145,12
22557,11146,12
22558,11147,12
22559,11148,12
22560,11149,12
22561,11150,12
22562,11151,12
22563,11152,12
22564,11153,12
22565,11154,12
22566,11155,12
22567,11156,12
22568,11157,12
22569,11158,12
22570,11159,12
22571,11160,12
22572,11161,12
22573,11162,12
22574,11163,12
22575,11164,12
22576,11165,12
22577,11166,12
22578,11167,12
22579,11168,12
22580,11169,12
22581,11170,12
22582,11171,12
22583,11172,12
22584,11173,12
22585,11174,12
22586,11175,12
22587,11176,12
22588,11177,12
22589,11178,12
22590,11179,12
22591,11180,12
22592,11181,12
22593,11182,12
22594,11183,12
22595,11184,12
22596,11185,12
22597,11186,12
22598,11187,12
22599,11188,12
22600,11189,12
22601,11190,12
22602,11191,12
22603,11192,12
22604,11193,12
22605,11194,12
22606,11195,12
22607,11196,12
22608,11197,12
22609,11198,12
22610,11199,12
22611,11200,12
22612,11201,12
22613,11202,12
22614,11203,12
22615,11204,12
22616,11205,12
22617,11206,12
22618,11207,12
22619,11208,12
22620,11209,12
22621,11210,12
22622,11211,12
22623,11212,12
22624,11213,12
22625,11214,12
22626,11215,12
22627,11216,12
22628,11217,12
22629,11218,12
22630,11219,12
22631,11220,12
22632,11221,12
22633,11222,12
22634,11223,12
22635,11224,12
22636,11225,12
22637,11226,12
22638,11227,12
22639,11228,12
22640,11229,12
22641,11230,12
22642,11231,12
22643,11232,12
22644,11233,12
22645,11234,12
22646,11235,12
22647,11236,12
22648,11237,12
22649,11238,12
22650,11239,12
22651,11240,12
22652,11241,12
22653,11242,12
22654,11243,12
22655,11244,12
22656,11245,12
22657,11246,12
22658,11247,12
22659,11248,12
22660,11249,12
22661,11250,12
22662,11251,12
22663,11252,12
22664,11253,12
22665,11254,12
22666,11255,12
22667,11256,12
22668,11257,12
22669,11258,12
22670,11259,12
22671,11260,12
22672,11261,12
22673,11262,12
22674,11263,12
22675,11264,12
22676,11265,12
22677,11266,12
22678,11267,12
22679,11268,12
22680,11269,12
22681,11270,12
22682,11271,12
22683,11272,12
22684,11273,12
22685,11274,12
22686,11275,12
22687,11276,12
22688,11277,12
22689,11278,12
22690,11279,12
22691,11280,12
22692,11281,12
22693,11282,12
22694,11283,12
22695,11284,12
22696,11285,12
22697,11286,12
22698,11287,12
22699,11288,12
22700,11289,12
22701,11290,12
22702,11291,12
22703,11292,12
22704,11293,12
22705,11294,12
22706,11295,12
22707,11296,12
22708,11297,12
22709,11298,12
22710,11299,12
22711,11300,12
22712,11301,12
22713,11302,12
22714,11303,12
22715,11304,12
22716,11305,12
22717,11306,12
22718,11307,12
22719,11308,12
22720,11309,12
22721,11310,12
22722,11311,12
22723,11312,12
22724,11313,12
22725,11314,12
22726,11315,12
22727,11316,12
22728,11317,12
22729,11318,12
22730,11319,12
22731,11320,12
22732,11321,12
22733,11322,12
22734,11323,12
22735,11324,12
22736,11325,12
22737,11326,12
22738,11327,12
22739,11328,12
22740,11329,12
22741,11330,12
22742,11331,12
22743,11332,12
22744,11333,12
22745,11334,12
22746,11335,12
22747,11336,12
22748,11337,12
22749,11338,12
22750,11339,12
22751,11340,12
22752,11341,12
22753,11342,12
22754,11343,12
22755,11344,12
22756,11345,12
22757,11346,12
22758,11347,12
22759,11348,12
22760,11349,12
22761,11350,12
22762,11351,12
22763,11352,12
22764,11353,12
22765,11354,12
22766,11355,12
22767,11356,12
22768,11357,12
22769,11358,12
22770,11359,12
22771,11360,12
22772,11361,12
22773,11362,12
22774,11363,12
22775,11364,12
22776,11365,12
22777,11366,12
22778,11367,12
22779,11368,12
22780,11369,12
22781,11370,12
22782,11371,12
22783,11372,12
22784,11373,12
22785,11374,12
22786,11375,12
22787,11376,12
22788,11377,12
22789,11378,12
22790,11379,12
22791,11380,12
22792,11381,12
22793,11382,12
22794,11383,12
22795,11384,12
22796,11385,12
22797,11386,12
22798,11387,12
22799,11388,12
22800,11389,12
22801,11390,12
22802,11391,12
22803,11392,12
22804,11393,12
22805,11394,12
22806,11395,12
22807,11396,12
22808,11397,12
22809,11398,12
22810,11399,12
22811,11400,12
22812,11401,12
22813,11402,12
22814,11403,12
22815,11404,12
22816,11405,12
22817,11406,12
22818,11407,12
22819,11408,12
22820,11409,12
22821,11410,12
22822,11411,12
22823,11412,12
22824,11413,12
22825,11414,12
22826,11415,12
22827,11416,12
22828,11417,12
22829,11418,12
22830,11419,12
22831,11420,12
22832,11421,12
22833,11422,12
22834,11423,12
22835,11424,12
22836,11425,12
22837,11426,12
22838,11427,12
22839,11428,12
22840,11429,12
22841,11430,12
22842,11431,12
22843,11432,1
22844,11433,1
22845,11434,1
22846,11435,1
22847,11436,1
22848,11437,1
22849,11438,1
22850,11439,1
22851,11440,1
22852,11441,1
22853,11442,1
22854,11443,1
22855,11444,1
22856,11445,1
22857,11446,1
22858,11447,1
22859,11448,1
22860,11449,1
22861,11450,1
22862,11451,1
22863,11452,1
22864,11453,1
22865,11454,1
22866,11455,1
22867,11456,1
22868,11457,1
22869,11458,1
22870,11459,1
22871,11460,1
22872,11461,1
22873,11462,1
22874,11463,1
22875,11464,1
22876,11465,1
22877,11466,1
22878,11467,1
22879,11468,1
22880,11469,1
22881,11470,1
22882,11471,1
22883,11472,1
22884,11473,1
22885,11474,1
22886,11475,1
22887,11476,1
22888,11477,1
22889,11478,1
22890,11479,1
22891,11480,1
22892,11481,1
22893,11482,1
22894,11483,1
22895,11484,1
22896,11485,1
22897,11486,1
22898,11487,1
22899,11488,1
22900,11489,1
22901,11490,1
22902,11491,1
22903,11492,1
22904,11493,1
22905,11494,1
22906,11495,1
22907,11496,1
22908,11497,1
22909,11498,1
22910,11499,1
22911,11500,1
22912,11501,1
22913,11502,1
22914,11503,1
22915,11504,1
22916,11505,1
22917,11506,1
22918,11507,1
22919,11508,1
22920,11509,1
22921,11510,1
22922,11511,1
22923,11512,1
22924,11513,1
22925,11514,1
22926,11515,1
22927,11516,1
22928,11517,1
22929,11518,1
22930,11519,1
22931,11520,1
22932,11521,1
22933,11522,1
22934,11523,1
22935,11524,1
22936,11525,1
22937,11526,1
22938,11527,1
22939,11528,1
22940,11529,1
22941,11530,1
22942,11531,1
22943,11532,1
22944,11533,1
22945,11534,1
22946,11535,1
22947,11536,1
22948,11537,1
22949,11538,1
22950,11539,1
22951,11540,1
22952,11541,1
22953,11542,1
22954,11543,1
22955,11544,1
22956,11545,1
22957,11546,1
22958,11547,1
22959,11548,1
22960,11549,1
22961,11550,1
22962,11551,1
22963,11552,1
22964,11553,1
22965,11554,1
22966,11555,1
22967,11556,1
22968,11557,1
22969,11558,1
22970,11559,1
22971,11560,1
22972,11561,1
22973,11562,1
22974,11563,1
22975,11564,1
22976,11565,1
22977,11566,1
22978,11567,1
22979,11568,1
22980,11569,1
22981,11570,1
22982,11571,1
22983,11572,1
22984,11573,1
22985,11574,1
22986,11575,1
22987,11576,1
22988,11577,1
22989,11578,1
22990,11579,1
22991,11580,1
22992,11581,1
22993,11582,1
22994,11583,1
22995,11584,1
22996,11585,1
22997,11586,1
22998,11587,1
22999,11588,1
23000,11589,1
23001,11590,1
23002,11591,1
23003,11592,1
23004,11593,1
23005,11594,1
23006,11595,1
23007,11596,1
23008,11597,1
23009,11598,1
23010,11599,1
23011,11600,1
23012,11601,1
23013,11602,1
23014,11603,1
23015,11604,1
23016,11605,1
23017,11606,1
23018,11607,1
23019,11608,1
23020,11609,1
23021,11610,1
23022,11611,1
23023,11612,1
23024,11613,1
23025,11614,1
23026,11615,1
23027,11616,1
23028,11617,1
23029,11618,1
23030,11619,1
23031,11620,1
23032,11621,1
23033,11622,1
23034,11623,1
23035,11624,1
23036,11625,1
23037,11626,1
23038,11627,1
23039,11628,1
23040,11629,1
23041,11630,1
23042,11631,1
23043,11632,1
23044,11633,1
23045,11634,1
23046,11635,1
23047,11636,1
23048,11637,1
23049,11638,1
23050,11639,1
23051,11640,1
23052,11641,1
23053,11642,1
23054,11643,1
23055,11644,1
23056,11645,1
23057,11646,1
23058,11647,1
23059,11648,1
23060,11649,1
23061,11650,1
23062,11651,1
23063,11652,1
23064,11653,1
23065,11654,1
23066,11655,1
23067,11656,1
23068,11657,1
23069,11658,1
23070,11659,1
23071,11660,1
23072,11661,1
23073,11662,1
23074,11663,1
23075,11664,1
23076,11665,1
23077,11666,1
23078,11667,1
23079,11668,1
23080,11669,1
23081,11670,1
23082,11671,1
23083,11672,1
23084,11673,1
23085,11674,1
23086,11675,1
23087,11676,1
23088,11677,1
23089,11678,1
23090,11679,1
23091,11680,1
23092,11681,1
23093,11682,1
23094,11683,1
23095,11684,1
23096,11685,1
23097,11686,1
23098,11687,1
23099,11688,1
23100,11689,1
23101,11690,1
23102,11691,1
23103,11692,1
23104,11693,1
23105,11694,1
23106,11695,1
23107,11696,1
23108,11697,1
23109,11698,1
23110,11699,1
23111,11700,1
23112,11701,1
23113,11702,1
23114,11703,1
23115,11704,1
23116,11705,1
23117,11706,1
23118,11707,1
23119,11708,1
23120,11709,1
23121,11710,1
23122,11711,1
23123,11712,1
23124,11713,1
23125,11714,1
23126,11715,1
23127,11716,1
23128,11717,1
23129,11718,1
23130,11719,1
23131,11720,1
23132,11721,1
23133,11722,1
23134,11723,1
23135,11724,1
23136,11725,1
23137,11726,1
23138,11727,1
23139,11728,1
23140,11729,1
23141,11730,1
23142,11731,1
23143,11732,1
23144,11733,1
23145,11734,1
23146,11735,1
23147,11736,1
23148,11737,1
23149,11738,1
23150,11739,1
23151,11740,1
23152,11741,1
23153,11742,1
23154,11743,1
23155,11744,1
23156,11745,1
23157,11746,1
23158,11747,1
23159,11748,1
23160,11749,1
23161,11750,1
23162,11751,1
23163,11752,1
23164,11753,1
23165,11754,1
23166,11755,1
23167,11756,1
23168,11757,1
23169,11758,1
23170,11759,1
23171,11760,1
23172,11761,1
23173,11762,1
23174,11763,1
23175,11764,1
23176,11765,1
23177,11766,1
23178,11767,1
23179,11768,1
23180,11769,1
23181,11770,1
23182,11771,1
23183,11772,1
23184,11773,1
23185,11774,1
23186,11775,1
23187,11776,1
23188,11777,1
23189,11778,1
23190,11779,1
23191,11780,1
23192,11781,1
23193,11782,1
23194,11783,1
23195,11784,1
23196,11785,1
23197,11786,1
23198,11787,1
23199,11788,1
23200,11789,1
23201,11790,1
23202,11791,1
23203,11792,1
23204,11793,1
23205,11794,1
23206,11795,1
23207,11796,1
23208,11797,1
23209,11798,1
23210,11799,1
23211,11800,1
23212,11801,1
23213,11802,1
23214,11803,1
23215,11804,1
23216,11805,1
23217,11806,1
23218,11807,1
23219,11808,1
23220,11809,1
23221,11810,1
23222,11811,1
23223,11812,1
23224,11813,1
23225,11814,1
23226,11815,1
23227,11816,1
23228,11817,1
23229,11818,1
23230,11819,1
23231,11820,1
23232,11821,1
23233,11822,1
23234,11823,1
23235,11824,1
23236,11825,1
23237,11826,1
23238,11827,1
23239,11828,1
23240,11829,1
23241,11830,1
23242,11831,1
23243,11832,1
23244,11833,1
23245,11834,1
23246,11835,1
23247,11836,1
23248,11837,1
23249,11838,1
23250,11839,1
23251,11840,1
23252,11841,1
23253,11842,1
23254,11843,1
23255,11844,1
23256,11845,1
23257,11846,1
23258,11847,1
23259,11848,1
23260,11849,1
23261,11850,1
23262,11851,1
23263,11852,1
23264,11853,1
23265,11854,1
23266,11855,1
23267,11856,1
23268,11857,1
23269,11858,1
23270,11859,1
23271,11860,1
23272,11861,1
23273,11862,1
23274,11863,1
23275,11864,1
23276,11865,1
23277,11866,1
23278,11867,1
23279,11868,1
23280,11869,1
23281,11870,1
23282,11871,1
23283,11872,1
23284,11873,1
23285,11874,1
23286,11875,1
23287,11876,1
23288,11877,1
23289,11878,1
23290,11879,1
23291,11880,1
23292,11881,1
23293,11882,1
23294,11883,1
23295,11884,1
23296,11885,1
23297,11886,1
23298,11887,1
23299,11888,1
23300,11889,1
23301,11890,1
23302,11891,1
23303,11892,1
23304,11893,1
23305,11894,1
23306,11895,1
23307,11896,1
23308,11897,1
23309,11898,1
23310,11899,1
23311,11900,1
23312,11901,1
23313,11902,1
23314,11903,1
23315,11904,1
23316,11905,1
23317,11906,1
23318,11907,1
23319,11908,1
23320,11909,1
23321,11910,1
23322,11911,1
23323,11912,1
23324,11913,1
23325,11914,1
23326,11915,1
23327,11916,1
23328,11917,1
23329,11918,1
23330,11919,1
23331,11920,1
23332,11921,1
23333,11922,1
23334,11923,1
23335,11924,1
23336,11925,1
23337,11926,1
23338,11927,1
23339,11928,1
23340,11929,1
23341,11930,1
23342,11931,1
23343,11932,1
23344,11933,1
23345,11934,1
23346,11935,1
23347,11936,1
23348,11937,1
23349,11938,1
23350,11939,1
23351,11940,1
23352,11941,1
23353,11942,1
23354,11943,1
23355,11944,1
23356,11945,1
23357,11946,1
23358,11947,1
23359,11948,1
23360,11949,1
23361,11950,1
23362,11951,1
23363,11952,1
23364,11953,1
23365,11954,1
23366,11955,1
23367,11956,1
23368,11957,1
23369,11958,1
23370,11959,1
23371,11960,1
23372,11961,1
23373,11962,1
23374,11963,1
23375,11964,1
23376,11965,1
23377,11966,1
23378,11967,1
23379,11968,1
23380,11969,1
23381,11970,1
23382,11971,1
23383,11972,1
23384,11973,1
23385,11974,1
23386,11975,1
23387,11976,1
23388,11977,1
23389,11978,1
23390,11979,1
23391,11980,1
23392,11981,1
23393,11982,1
23394,11983,1
23395,11984,1
23396,11985,1
23397,11986,1
23398,11987,1
23399,11988,1
23400,11989,1
23401,11990,1
23402,11991,1
23403,11992,1
23404,11993,1
23405,11994,1
23406,11995,1
23407,11996,1
23408,11997,1
23409,11998,1
23410,11999,1
23411,12000,1
23412,12001,1
23413,12002,1
23414,12003,1
23415,12004,1
23416,12005,1
23417,12006,1
23418,12007,1
23419,12008,1
23420,12009,1
23421,12010,1
23422,12011,1
23423,12012,1
23424,12013,1
23425,12014,1
23426,12015,1
23427,12016,1
23428,12017,1
23429,12018,1
23430,12019,1
23431,12020,1
23432,12021,1
23433,12022,1
23434,12023,1
23435,12024,1
23436,12025,1
23437,12026,1
23438,12027,1
23439,12028,1
23440,12029,1
23441,12030,1
23442,12031,1
23443,12032,1
23444,12033,1
23445,12034,1
23446,12035,1
23447,12036,1
23448,12037,1
23449,12038,1
23450,12039,1
23451,12040,1
23452,12041,1
23453,12042,1
23454,12043,1
23455,12044,1
23456,12045,1
23457,12046,1
23458,12047,1
23459,12048,1
23460,12049,1
23461,12050,1
23462,12051,1
23463,12052,1
23464,12053,1
23465,12054,1
23466,12055,1
23467,12056,1
23468,12057,1
23469,12058,1
23470,12059,1
23471,12060,1
23472,12061,1
23473,12062,1
23474,12063,1
23475,12064,1
23476,12065,1
23477,12066,1
23478,12067,1
23479,12068,1
23480,12069,1
23481,12070,1
23482,12071,1
23483,12072,1
23484,12073,1
23485,12074,1
23486,12075,1
23487,12076,1
23488,12077,1
23489,12078,1
23490,12079,1
23491,12080,1
23492,12081,1
23493,12082,1
23494,12083,1
23495,12084,1
23496,12085,1
23497,12086,1
23498,12087,1
23499,12088,1
23500,12089,1
23501,12090,1
23502,12091,1
23503,12092,1
23504,12093,1
23505,12094,1
23506,12095,1
23507,12096,1
23508,12097,1
23509,12098,1
23510,12099,1
23511,12100,1
23512,12101,1
23513,12102,1
23514,12103,1
23515,12104,1
23516,12105,1
23517,12106,1
23518,12107,1
23519,12108,1
23520,12109,1
23521,12110,1
23522,12111,1
23523,12112,1
23524,12113,1
23525,12114,1
23526,12115,1
23527,12116,1
23528,12117,1
23529,12118,1
23530,12119,1
23531,11432,12
23532,11433,12
23533,11434,12
23534,11435,12
23535,11436,12
23536,11437,12
23537,11438,12
23538,11439,12
23539,11440,12
23540,11441,12
23541,11442,12
23542,11443,12
23543,11444,12
23544,11445,12
23545,11446,12
23546,11447,12
23547,11448,12
23548,11449,12
23549,11450,12
23550,11451,12
23551,11452,12
23552,11453,12
23553,11454,12
23554,11455,12
23555,11456,12
23556,11457,12
23557,11458,12
23558,11459,12
23559,11460,12
23560,11461,12
23561,11462,12
23562,11463,12
23563,11464,12
23564,11465,12
23565,11466,12
23566,11467,12
23567,11468,12
23568,11469,12
23569,11470,12
23570,11471,12
23571,11472,12
23572,11473,12
23573,11474,12
23574,11475,12
23575,11476,12
23576,11477,12
23577,11478,12
23578,11479,12
23579,11480,12
23580,11481,12
23581,11482,12
23582,11483,12
23583,11484,12
23584,11485,12
23585,11486,12
23586,11487,12
23587,11488,12
23588,11489,12
23589,11490,12
23590,11491,12
23591,11492,12
23592,11493,12
23593,11494,12
23594,11495,12
23595,11496,12
23596,11497,12
23597,11498,12
23598,11499,12
23599,11500,12
23600,11501,12
23601,11502,12
23602,11503,12
23603,11504,12
23604,11505,12
23605,11506,12
23606,11507,12
23607,11508,12
23608,11509,12
23609,11510,12
23610,11511,12
23611,11512,12
23612,11513,12
23613,11514,12
23614,11515,12
23615,11516,12
23616,11517,12
23617,11518,12
23618,11519,12
23619,11520,12
23620,11521,12
23621,11522,12
23622,11523,12
23623,11524,12
23624,11525,12
23625,11526,12
23626,11527,12
23627,11528,12
23628,11529,12
23629,11530,12
23630,11531,12
23631,11532,12
23632,11533,12
23633,11534,12
23634,11535,12
23635,11536,12
23636,11537,12
23637,11538,12
23638,11539,12
23639,11540,12
23640,11541,12
23641,11542,12
23642,11543,12
23643,11544,12
23644,11545,12
23645,11546,12
23646,11547,12
23647,11548,12
23648,11549,12
23649,11550,12
23650,11551,12
23651,11552,12
23652,11553,12
23653,11554,12
23654,11555,12
23655,11556,12
23656,11557,12
23657,11558,12
23658,11559,12
23659,11560,12
23660,11561,12
23661,11562,12
23662,11563,12
23663,11564,12
23664,11565,12
23665,11566,12
23666,11567,12
23667,11568,12
23668,11569,12
23669,11570,12
23670,11571,12
23671,11572,12
23672,11573,12
23673,11574,12
23674,11575,12
23675,11576,12
23676,11577,12
23677,11578,12
23678,11579,12
23679,11580,12
23680,11581,12
23681,11582,12
23682,11583,12
23683,11584,12
23684,11585,12
23685,11586,12
23686,11587,12
23687,11588,12
23688,11589,12
23689,11590,12
23690,11591,12
23691,11592,12
23692,11593,12
23693,11594,12
23694,11595,12
23695,11596,12
23696,11597,12
23697,11598,12
23698,11599,12
23699,11600,12
23700,11601,12
23701,11602,12
23702,11603,12
23703,11604,12
23704,11605,12
23705,11606,12
23706,11607,12
23707,11608,12
23708,11609,12
23709,11610,12
23710,11611,12
23711,11612,12
23712,11613,12
23713,11614,12
23714,11615,12
23715,11616,12
23716,11617,12
23717,11618,12
23718,11619,12
23719,11620,12
23720,11621,12
23721,11622,12
23722,11623,12
23723,11624,12
23724,11625,12
23725,11626,12
23726,11627,12
23727,11628,12
23728,11629,12
23729,11630,12
23730,11631,12
23731,11632,12
23732,11633,12
23733,11634,12
23734,11635,12
23735,11636,12
23736,11637,12
23737,11638,12
23738,11639,12
23739,11640,12
23740,11641,12
23741,11642,12
23742,11643,12
23743,11644,12
23744,11645,12
23745,11646,12
23746,11647,12
23747,11648,12
23748,11649,12
23749,11650,12
23750,11651,12
23751,11652,12
23752,11653,12
23753,11654,12
23754,11655,12
23755,11656,12
23756,11657,12
23757,11658,12
23758,11659,12
23759,11660,12
23760,11661,12
23761,11662,12
23762,11663,12
23763,11664,12
23764,11665,12
23765,11666,12
23766,11667,12
23767,11668,12
23768,11669,12
23769,11670,12
23770,11671,12
23771,11672,12
23772,11673,12
23773,11674,12
23774,11675,12
23775,11676,12
23776,11677,12
23777,11678,12
23778,11679,12
23779,11680,12
23780,11681,12
23781,11682,12
23782,11683,12
23783,11684,12
23784,11685,12
23785,11686,12
23786,11687,12
23787,11688,12
23788,11689,12
23789,11690,12
23790,11691,12
23791,11692,12
23792,11693,12
23793,11694,12
23794,11695,12
23795,11696,12
23796,11697,12
23797,11698,12
23798,11699,12
23799,11700,12
23800,11701,12
23801,11702,12
23802,11703,12
23803,11704,12
23804,11705,12
23805,11706,12
23806,11707,12
23807,11708,12
23808,11709,12
23809,11710,12
23810,11711,12
23811,11712,12
23812,11713,12
23813,11714,12
23814,11715,12
23815,11716,12
23816,11717,12
23817,11718,12
23818,11719,12
23819,11720,12
23820,11721,12
23821,11722,12
23822,11723,12
23823,11724,12
23824,11725,12
23825,11726,12
23826,11727,12
23827,11728,12
23828,11729,12
23829,11730,12
23830,11731,12
23831,11732,12
23832,11733,12
23833,11734,12
23834,11735,12
23835,11736,12
23836,11737,12
23837,11738,12
23838,11739,12
23839,11740,12
23840,11741,12
23841,11742,12
23842,11743,12
23843,11744,12
23844,11745,12
23845,11746,12
23846,11747,12
23847,11748,12
23848,11749,12
23849,11750,12
23850,11751,12
23851,11752,12
23852,11753,12
23853,11754,12
23854,11755,12
23855,11756,12
23856,11757,12
23857,11758,12
23858,11759,12
23859,11760,12
23860,11761,12
23861,11762,12
23862,11763,12
23863,11764,12
23864,11765,12
23865,11766,12
23866,11767,12
23867,11768,12
23868,11769,12
23869,11770,12
23870,11771,12
23871,11772,12
23872,11773,12
23873,11774,12
23874,11775,12
23875,11776,12
23876,11777,12
23877,11778,12
23878,11779,12
23879,11780,12
23880,11781,12
23881,11782,12
23882,11783,12
23883,11784,12
23884,11785,12
23885,11786,12
23886,11787,12
23887,11788,12
23888,11789,12
23889,11790,12
23890,11791,12
23891,11792,12
23892,11793,12
23893,11794,12
23894,11795,12
23895,11796,12
23896,11797,12
23897,11798,12
23898,11799,12
23899,11800,12
23900,11801,12
23901,11802,12
23902,11803,12
23903,11804,12
23904,11805,12
23905,11806,12
23906,11807,12
23907,11808,12
23908,11809,12
23909,11810,12
23910,11811,12
23911,11812,12
23912,11813,12
23913,11814,12
23914,11815,12
23915,11816,12
23916,11817,12
23917,11818,12
23918,11819,12
23919,11820,12
23920,11821,12
23921,11822,12
23922,11823,12
23923,11824,12
23924,11825,12
23925,11826,12
23926,11827,12
23927,11828,12
23928,11829,12
23929,11830,12
23930,11831,12
23931,11832,12
23932,11833,12
23933,11834,12
23934,11835,12
23935,11836,12
23936,11837,12
23937,11838,12
23938,11839,12
23939,11840,12
23940,11841,12
23941,11842,12
23942,11843,12
23943,11844,12
23944,11845,12
23945,11846,12
23946,11847,12
23947,11848,12
23948,11849,12
23949,11850,12
23950,11851,12
23951,11852,12
23952,11853,12
23953,11854,12
23954,11855,12
23955,11856,12
23956,11857,12
23957,11858,12
23958,11859,12
23959,11860,12
23960,11861,12
23961,11862,12
23962,11863,12
23963,11864,12
23964,11865,12
23965,11866,12
23966,11867,12
23967,11868,12
23968,11869,12
23969,11870,12
23970,11871,12
23971,11872,12
23972,11873,12
23973,11874,12
23974,11875,12
23975,11876,12
23976,11877,12
23977,11878,12
23978,11879,12
23979,11880,12
23980,11881,12
23981,11882,12
23982,11883,12
23983,11884,12
23984,11885,12
23985,11886,12
23986,11887,12
23987,11888,12
23988,11889,12
23989,11890,12
23990,11891,12
23991,11892,12
23992,11893,12
23993,11894,12
23994,11895,12
23995,11896,12
23996,11897,12
23997,11898,12
23998,11899,12
23999,11900,12
24000,11901,12
24001,11902,12
24002,11903,12
24003,11904,12
24004,11905,12
24005,11906,12
24006,11907,12
24007,11908,12
24008,11909,12
24009,11910,12
24010,11911,12
24011,11912,12
24012,11913,12
24013,11914,12
24014,11915,12
24015,11916,12
24016,11917,12
24017,11918,12
24018,11919,12
24019,11920,12
24020,11921,12
24021,11922,12
24022,11923,12
24023,11924,12
24024,11925,12
24025,11926,12
24026,11927,12
24027,11928,12
24028,11929,12
24029,11930,12
24030,11931,12
24031,11932,12
24032,11933,12
24033,11934,12
24034,11935,12
24035,11936,12
24036,11937,12
24037,11938,12
24038,11939,12
24039,11940,12
24040,11941,12
24041,11942,12
24042,11943,12
24043,11944,12
24044,11945,12
24045,11946,12
24046,11947,12
24047,11948,12
24048,11949,12
24049,11950,12
24050,11951,12
24051,11952,12
24052,11953,12
24053,11954,12
24054,11955,12
24055,11956,12
24056,11957,12
24057,11958,12
24058,11959,12
24059,11960,12
24060,11961,12
24061,11962,12
24062,11963,12
24063,11964,12
24064,11965,12
24065,11966,12
24066,11967,12
24067,11968,12
24068,11969,12
24069,11970,12
24070,11971,12
24071,11972,12
24072,11973,12
24073,11974,12
24074,11975,12
24075,11976,12
24076,11977,12
24077,11978,12
24078,11979,12
24079,11980,12
24080,11981,12
24081,11982,12
24082,11983,12
24083,11984,12
24084,11985,12
24085,11986,12
24086,11987,12
24087,11988,12
24088,11989,12
24089,11990,12
24090,11991,12
24091,11992,12
24092,11993,12
24093,11994,12
24094,11995,12
24095,11996,12
24096,11997,12
24097,11998,12
24098,11999,12
24099,12000,12
24100,12001,12
24101,12002,12
24102,12003,12
24103,12004,12
24104,12005,12
24105,12006,12
24106,12007,12
24107,12008,12
24108,12009,12
24109,12010,12
24110,12011,12
24111,12012,12
24112,12013,12
24113,12014,12
24114,12015,12
24115,12016,12
24116,12017,12
24117,12018,12
24118,12019,12
24119,12020,12
24120,12021,12
24121,12022,12
24122,12023,12
24123,12024,12
24124,12025,12
24125,12026,12
24126,12027,12
24127,12028,12
24128,12029,12
24129,12030,12
24130,12031,12
24131,12032,12
24132,12033,12
24133,12034,12
24134,12035,12
24135,12036,12
24136,12037,12
24137,12038,12
24138,12039,12
24139,12040,12
24140,12041,12
24141,12042,12
24142,12043,12
24143,12044,12
24144,12045,12
24145,12046,12
24146,12047,12
24147,12048,12
24148,12049,12
24149,12050,12
24150,12051,12
24151,12052,12
24152,12053,12
24153,12054,12
24154,12055,12
24155,12056,12
24156,12057,12
24157,12058,12
24158,12059,12
24159,12060,12
24160,12061,12
24161,12062,12
24162,12063,12
24163,12064,12
24164,12065,12
24165,12066,12
24166,12067,12
24167,12068,12
24168,12069,12
24169,12070,12
24170,12071,12
24171,12072,12
24172,12073,12
24173,12074,12
24174,12075,12
24175,12076,12
24176,12077,12
24177,12078,12
24178,12079,12
24179,12080,12
24180,12081,12
24181,12082,12
24182,12083,12
24183,12084,12
24184,12085,12
24185,12086,12
24186,12087,12
24187,12088,12
24188,12089,12
24189,12090,12
24190,12091,12
24191,12092,12
24192,12093,12
24193,12094,12
24194,12095,12
24195,12096,12
24196,12097,12
24197,12098,12
24198,12099,12
24199,12100,12
24200,12101,12
24201,12102,12
24202,12103,12
24203,12104,12
24204,12105,12
24205,12106,12
24206,12107,12
24207,12108,12
24208,12109,12
24209,12110,12
24210,12111,12
24211,12112,12
24212,12113,12
24213,12114,12
24214,12115,12
24215,12116,12
24216,12117,12
24217,12118,12
24218,12119,12
24219,12120,1
24220,12121,1
24221,12120,12
24222,12121,12
24223,12122,1
24224,12123,1
24225,12124,1
24226,12125,1
24227,12126,1
24228,12127,1
24229,12128,1
24230,12129,1
24231,12130,1
24232,12131,1
24233,12132,1
24234,12133,1
24235,12134,1
24236,12135,1
24237,12136,1
24238,12137,1
24239,12138,1
24240,12139,1
24241,12140,1
24242,12141,1
24243,12142,1
24244,12143,1
24245,12144,1
24246,12145,1
24247,12146,1
24248,12147,1
24249,12148,1
24250,12149,1
24251,12150,1
24252,12151,1
24253,12152,1
24254,12153,1
24255,12154,1
24256,12155,1
24257,12156,1
24258,12157,1
24259,12158,1
24260,12159,1
24261,12160,1
24262,12161,1
24263,12162,1
24264,12163,1
24265,12164,1
24266,12165,1
24267,12166,1
24268,12167,1
24269,12168,1
24270,12169,1
24271,12170,1
24272,12171,1
24273,12172,1
24274,12173,1
24275,12174,1
24276,12175,1
24277,12176,1
24278,12177,1
24279,12178,1
24280,12179,1
24281,12180,1
24282,12181,1
24283,12182,1
24284,12183,1
24285,12184,1
24286,12185,1
24287,12186,1
24288,12187,1
24289,12188,1
24290,12189,1
24291,12190,1
24292,12191,1
24293,12192,1
24294,12193,1
24295,12194,1
24296,12195,1
24297,12196,1
24298,12197,1
24299,12198,1
24300,12199,1
24301,12122,12
24302,12123,12
24303,12124,12
24304,12125,12
24305,12126,12
24306,12127,12
24307,12128,12
24308,12129,12
24309,12130,12
24310,12131,12
24311,12132,12
24312,12133,12
24313,12134,12
24314,12135,12
24315,12136,12
24316,12137,12
24317,12138,12
24318,12139,12
24319,12140,12
24320,12141,12
24321,12142,12
24322,12143,12
24323,12144,12
24324,12145,12
24325,12146,12
24326,12147,12
24327,12148,12
24328,12149,12
24329,12150,12
24330,12151,12
24331,12152,12
24332,12153,12
24333,12154,12
24334,12155,12
24335,12156,12
24336,12157,12
24337,12158,12
24338,12159,12
24339,12160,12
24340,12161,12
24341,12162,12
24342,12163,12
24343,12164,12
24344,12165,12
24345,12166,12
24346,12167,12
24347,12168,12
24348,12169,12
24349,12170,12
24350,12171,12
24351,12172,12
24352,12173,12
24353,12174,12
24354,12175,12
24355,12176,12
24356,12177,12
24357,12178,12
24358,12179,12
24359,12180,12
24360,12181,12
24361,12182,12
24362,12183,12
24363,12184,12
24364,12185,12
24365,12186,12
24366,12187,12
24367,12188,12
24368,12189,12
24369,12190,12
24370,12191,12
24371,12192,12
24372,12193,12
24373,12194,12
24374,12195,12
24375,12196,12
24376,12197,12
24377,12198,12
24378,12199,12
24379,12200,1
24380,12201,1
24381,12202,1
24382,12203,1
24383,12200,12
24384,12201,12
24385,12202,12
24386,12203,12
24387,12204,1
24388,12205,1
24389,12206,1
24390,12207,1
24391,12208,1
24392,12209,1
24393,12210,1
24394,12211,1
24395,12212,1
24396,12213,1
24397,12214,1
24398,12215,1
24399,12204,12
24400,12205,12
24401,12206,12
24402,12207,12
24403,12208,12
24404,12209,12
24405,12210,12
24406,12211,12
24407,12212,12
24408,12213,12
24409,12214,12
24410,12215,12
24411,12216,1
24412,12216,12
24413,12217,1
24414,12218,1
24415,12219,1
24416,12220,1
24417,12221,1
24418,12222,1
24419,12223,1
24420,12224,1
24421,12217,12
24422,12218,12
24423,12219,12
24424,12220,12
24425,12221,12
24426,12222,12
24427,12223,12
24428,12224,12
24429,12225,1
24430,12226,1
24431,12227,1
24432,12228,1
24433,12229,1
24434,12230,1
24435,12225,12
24436,12226,12
24437,12227,12
24438,12228,12
24439,12229,12
24440,12230,12
24441,12231,1
24442,12232,1
24443,12233,1
24444,12234,1
24445,12235,1
24446,12236,1
24447,12237,1
24448,12238,1
24449,12239,1
24450,12240,1
24451,12241,1
24452,12242,1
24453,12243,1
24454,12244,1
24455,12245,1
24456,12246,1
24457,12247,1
24458,12248,1
24459,12249,1
24460,12250,1
24461,12251,1
24462,12252,1
24463,12253,1
24464,12254,1
24465,12255,1
24466,12256,1
24467,12257,1
24468,12258,1
24469,12259,1
24470,12260,1
24471,12261,1
24472,12262,1
24473,12263,1
24474,12264,1
24475,12265,1
24476,12266,1
24477,12267,1
24478,12268,1
24479,12269,1
24480,12270,1
24481,12271,1
24482,12272,1
24483,12273,1
24484,12274,1
24485,12275,1
24486,12276,1
24487,12277,1
24488,12278,1
24489,12279,1
24490,12280,1
24491,12281,1
24492,12282,1
24493,12283,1
24494,12284,1
24495,12285,1
24496,12286,1
24497,12287,1
24498,12288,1
24499,12289,1
24500,12290,1
24501,12291,1
24502,12292,1
24503,12293,1
24504,12294,1
24505,12295,1
24506,12296,1
24507,12297,1
24508,12298,1
24509,12299,1
24510,12300,1
24511,12301,1
24512,12302,1
24513,12303,1
24514,12304,1
24515,12305,1
24516,12306,1
24517,12307,1
24518,12308,1
24519,12309,1
24520,12310,1
24521,12311,1
24522,12312,1
24523,12313,1
24524,12314,1
24525,12315,1
24526,12316,1
24527,12317,1
24528,12318,1
24529,12319,1
24530,12320,1
24531,12321,1
24532,12322,1
24533,12323,1
24534,12324,1
24535,12325,1
24536,12326,1
24537,12327,1
24538,12328,1
24539,12329,1
24540,12330,1
24541,12331,1
24542,12332,1
24543,12333,1
24544,12334,1
24545,12335,1
24546,12336,1
24547,12337,1
24548,12338,1
24549,12339,1
24550,12340,1
24551,12341,1
24552,12342,1
24553,12343,1
24554,12344,1
24555,12345,1
24556,12346,1
24557,12347,1
24558,12348,1
24559,12349,1
24560,12350,1
24561,12351,1
24562,12352,1
24563,12353,1
24564,12354,1
24565,12355,1
24566,12356,1
24567,12357,1
24568,12358,1
24569,12359,1
24570,12360,1
24571,12361,1
24572,12362,1
24573,12363,1
24574,12364,1
24575,12365,1
24576,12366,1
24577,12367,1
24578,12368,1
24579,12369,1
24580,12370,1
24581,12371,1
24582,12372,1
24583,12373,1
24584,12374,1
24585,12375,1
24586,12376,1
24587,12377,1
24588,12378,1
24589,12379,1
24590,12380,1
24591,12381,1
24592,12382,1
24593,12383,1
24594,12384,1
24595,12385,1
24596,12386,1
24597,12387,1
24598,12388,1
24599,12389,1
24600,12390,1
24601,12391,1
24602,12392,1
24603,12231,12
24604,12232,12
24605,12233,12
24606,12234,12
24607,12235,12
24608,12236,12
24609,12237,12
24610,12238,12
24611,12239,12
24612,12240,12
24613,12241,12
24614,12242,12
24615,12243,12
24616,12244,12
24617,12245,12
24618,12246,12
24619,12247,12
24620,12248,12
24621,12249,12
24622,12250,12
24623,12251,12
24624,12252,12
24625,12253,12
24626,12254,12
24627,12255,12
24628,12256,12
24629,12257,12
24630,12258,12
24631,12259,12
24632,12260,12
24633,12261,12
24634,12262,12
24635,12263,12
24636,12264,12
24637,12265,12
24638,12266,12
24639,12267,12
24640,12268,12
24641,12269,12
24642,12270,12
24643,12271,12
24644,12272,12
24645,12273,12
24646,12274,12
24647,12275,12
24648,12276,12
24649,12277,12
24650,12278,12
24651,12279,12
24652,12280,12
24653,12281,12
24654,12282,12
24655,12283,12
24656,12284,12
24657,12285,12
24658,12286,12
24659,12287,12
24660,12288,12
24661,12289,12
24662,12290,12
24663,12291,12
24664,12292,12
24665,12293,12
24666,12294,12
24667,12295,12
24668,12296,12
24669,12297,12
24670,12298,12
24671,12299,12
24672,12300,12
24673,12301,12
24674,12302,12
24675,12303,12
24676,12304,12
24677,12305,12
24678,12306,12
24679,12307,12
24680,12308,12
24681,12309,12
24682,12310,12
24683,12311,12
24684,12312,12
24685,12313,12
24686,12314,12
24687,12315,12
24688,12316,12
24689,12317,12
24690,12318,12
24691,12319,12
24692,12320,12
24693,12321,12
24694,12322,12
24695,12323,12
24696,12324,12
24697,12325,12
24698,12326,12
24699,12327,12
24700,12328,12
24701,12329,12
24702,12330,12
24703,12331,12
24704,12332,12
24705,12333,12
24706,12334,12
24707,12335,12
24708,12336,12
24709,12337,12
24710,12338,12
24711,12339,12
24712,12340,12
24713,12341,12
24714,12342,12
24715,12343,12
24716,12344,12
24717,12345,12
24718,12346,12
24719,12347,12
24720,12348,12
24721,12349,12
24722,12350,12
24723,12351,12
24724,12352,12
24725,12353,12
24726,12354,12
24727,12355,12
24728,12356,12
24729,12357,12
24730,12358,12
24731,12359,12
24732,12360,12
24733,12361,12
24734,12362,12
24735,12363,12
24736,12364,12
24737,12365,12
24738,12366,12
24739,12367,12
24740,12368,12
24741,12369,12
24742,12370,12
24743,12371,12
24744,12372,12
24745,12373,12
24746,12374,12
24747,12375,12
24748,12376,12
24749,12377,12
24750,12378,12
24751,12379,12
24752,12380,12
24753,12381,12
24754,12382,12
24755,12383,12
24756,12384,12
24757,12385,12
24758,12386,12
24759,12387,12
24760,12388,12
24761,12389,12
24762,12390,12
24763,12391,12
24764,12392,12
24765,12393,1
24766,12394,1
24767,12395,1
24768,12396,1
24769,12397,1
24770,12398,1
24771,12399,1
24772,12400,1
24773,12401,1
24774,12402,1
24775,12403,1
24776,12404,1
24777,12405,1
24778,12406,1
24779,12407,1
24780,12408,1
24781,12409,1
24782,12410,1
24783,12411,1
24784,12412,1
24785,12413,1
24786,12414,1
24787,12415,1
24788,12416,1
24789,12417,1
24790,12418,1
24791,12419,1
24792,12420,1
24793,12421,1
24794,12422,1
24795,12423,1
24796,12424,1
24797,12425,1
24798,12426,1
24799,12427,1
24800,12428,1
24801,12429,1
24802,12430,1
24803,12431,1
24804,12432,1
24805,12433,1
24806,12434,1
24807,12435,1
24808,12436,1
24809,12437,1
24810,12438,1
24811,12439,1
24812,12440,1
24813,12441,1
24814,12442,1
24815,12443,1
24816,12444,1
24817,12445,1
24818,12446,1
24819,12447,1
24820,12393,12
24821,12394,12
24822,12395,12
24823,12396,12
24824,12397,12
24825,12398,12
24826,12399,12
24827,12400,12
24828,12401,12
24829,12402,12
24830,12403,12
24831,12404,12
24832,12405,12
24833,12406,12
24834,12407,12
24835,12408,12
24836,12409,12
24837,12410,12
24838,12411,12
24839,12412,12
24840,12413,12
24841,12414,12
24842,12415,12
24843,12416,12
24844,12417,12
24845,12418,12
24846,12419,12
24847,12420,12
24848,12421,12
24849,12422,12
24850,12423,12
24851,12424,12
24852,12425,12
24853,12426,12
24854,12427,12
24855,12428,12
24856,12429,12
24857,12430,12
24858,12431,12
24859,12432,12
24860,12433,12
24861,12434,12
24862,12435,12
24863,12436,12
24864,12437,12
24865,12438,12
24866,12439,12
24867,12440,12
24868,12441,12
24869,12442,12
24870,12443,12
24871,12444,12
24872,12445,12
24873,12446,12
24874,12447,12
24875,12448,1
24876,12449,1
24877,12450,1
24878,12451,1
24879,12452,1
24880,12453,1
24881,12454,1
24882,12455,1
24883,12456,1
24884,12457,1
24885,12458,1
24886,12459,1
24887,12448,12
24888,12449,12
24889,12450,12
24890,12451,12
24891,12452,12
24892,12453,12
24893,12454,12
24894,12455,12
24895,12456,12
24896,12457,12
24897,12458,12
24898,12459,12
24899,12460,1
24900,12461,1
24901,12462,1
24902,12463,1
24903,12464,1
24904,12465,1
24905,12466,1
24906,12467,1
24907,12468,1
24908,12469,1
24909,12470,1
24910,12471,1
24911,12472,1
24912,12473,1
24913,12474,1
24914,12475,1
24915,12476,1
24916,12477,1
24917,12478,1
24918,12479,1
24919,12480,1
24920,12481,1
24921,12482,1
24922,12483,1
24923,12484,1
24924,12485,1
24925,12486,1
24926,12487,1
24927,12488,1
24928,12489,1
24929,12490,1
24930,12491,1
24931,12492,1
24932,12493,1
24933,12494,1
24934,12495,1
24935,12496,1
24936,12497,1
24937,12498,1
24938,12499,1
24939,12500,1
24940,12501,1
24941,12502,1
24942,12503,1
24943,12460,12
24944,12461,12
24945,12462,12
24946,12463,12
24947,12464,12
24948,12465,12
24949,12466,12
24950,12467,12
24951,12468,12
24952,12469,12
24953,12470,12
24954,12471,12
24955,12472,12
24956,12473,12
24957,12474,12
24958,12475,12
24959,12476,12
24960,12477,12
24961,12478,12
24962,12479,12
24963,12480,12
24964,12481,12
24965,12482,12
24966,12483,12
24967,12484,12
24968,12485,12
24969,12486,12
24970,12487,12
24971,12488,12
24972,12489,12
24973,12490,12
24974,12491,12
24975,12492,12
24976,12493,12
24977,12494,12
24978,12495,12
24979,12496,12
24980,12497,12
24981,12498,12
24982,12499,12
24983,12500,12
24984,12501,12
24985,12502,12
24986,12503,12
24987,12504,1
24988,12505,1
24989,12506,1
24990,12507,1
24991,12508,1
24992,12509,1
24993,12510,1
24994,12511,1
24995,12512,1
24996,12513,1
24997,12514,1
24998,12515,1
24999,12516,1
25000,12517,1
25001,12518,1
25002,12519,1
25003,12520,1
25004,12521,1
25005,12522,1
25006,12523,1
25007,12524,1
25008,12525,1
25009,12526,1
25010,12527,1
25011,12528,1
25012,12529,1
25013,12530,1
25014,12531,1
25015,12532,1
25016,12533,1
25017,12534,1
25018,12535,1
25019,12536,1
25020,12537,1
25021,12538,1
25022,12539,1
25023,12540,1
25024,12541,1
25025,12542,1
25026,12543,1
25027,12544,1
25028,12545,1
25029,12546,1
25030,12547,1
25031,12548,1
25032,12549,1
25033,12550,1
25034,12551,1
25035,12552,1
25036,12553,1
25037,12554,1
25038,12555,1
25039,12556,1
25040,12557,1
25041,12558,1
25042,12559,1
25043,12560,1
25044,12561,1
25045,12562,1
25046,12563,1
25047,12564,1
25048,12565,1
25049,12566,1
25050,12567,1
25051,12568,1
25052,12569,1
25053,12570,1
25054,12571,1
25055,12572,1
25056,12573,1
25057,12574,1
25058,12575,1
25059,12576,1
25060,12577,1
25061,12578,1
25062,12579,1
25063,12580,1
25064,12581,1
25065,12504,12
25066,12505,12
25067,12506,12
25068,12507,12
25069,12508,12
25070,12509,12
25071,12510,12
25072,12511,12
25073,12512,12
25074,12513,12
25075,12514,12
25076,12515,12
25077,12516,12
25078,12517,12
25079,12518,12
25080,12519,12
25081,12520,12
25082,12521,12
25083,12522,12
25084,12523,12
25085,12524,12
25086,12525,12
25087,12526,12
25088,12527,12
25089,12528,12
25090,12529,12
25091,12530,12
25092,12531,12
25093,12532,12
25094,12533,12
25095,12534,12
25096,12535,12
25097,12536,12
25098,12537,12
25099,12538,12
25100,12539,12
25101,12540,12
25102,12541,12
25103,12542,12
25104,12543,12
25105,12544,12
25106,12545,12
25107,12546,12
25108,12547,12
25109,12548,12
25110,12549,12
25111,12550,12
25112,12551,12
25113,12552,12
25114,12553,12
25115,12554,12
25116,12555,12
25117,12556,12
25118,12557,12
25119,12558,12
25120,12559,12
25121,12560,12
25122,12561,12
25123,12562,12
25124,12563,12
25125,12564,12
25126,12565,12
25127,12566,12
25128,12567,12
25129,12568,12
25130,12569,12
25131,12570,12
25132,12571,12
25133,12572,12
25134,12573,12
25135,12574,12
25136,12575,12
25137,12576,12
25138,12577,12
25139,12578,12
25140,12579,12
25141,12580,12
25142,12581,12
25143,12582,1
25144,12583,1
25145,12584,1
25146,12585,1
25147,12586,1
25148,12587,1
25149,12588,1
25150,12589,1
25151,12590,1
25152,12591,1
25153,12592,1
25154,12593,1
25155,12594,1
25156,12595,1
25157,12596,1
25158,12597,1
25159,12598,1
25160,12599,1
25161,12600,1
25162,12601,1
25163,12602,1
25164,12603,1
25165,12604,1
25166,12605,1
25167,12606,1
25168,12607,1
25169,12608,1
25170,12609,1
25171,12610,1
25172,12611,1
25173,12612,1
25174,12613,1
25175,12614,1
25176,12615,1
25177,12616,1
25178,12617,1
25179,12618,1
25180,12619,1
25181,12620,1
25182,12621,1
25183,12622,1
25184,12623,1
25185,12624,1
25186,12625,1
25187,12626,1
25188,12627,1
25189,12628,1
25190,12629,1
25191,12630,1
25192,12631,1
25193,12632,1
25194,12633,1
25195,12634,1
25196,12635,1
25197,12636,1
25198,12637,1
25199,12638,1
25200,12639,1
25201,12640,1
25202,12641,1
25203,12642,1
25204,12643,1
25205,12644,1
25206,12645,1
25207,12646,1
25208,12647,1
25209,12648,1
25210,12649,1
25211,12650,1
25212,12651,1
25213,12652,1
25214,12653,1
25215,12654,1
25216,12655,1
25217,12656,1
25218,12657,1
25219,12582,12
25220,12583,12
25221,12584,12
25222,12585,12
25223,12586,12
25224,12587,12
25225,12588,12
25226,12589,12
25227,12590,12
25228,12591,12
25229,12592,12
25230,12593,12
25231,12594,12
25232,12595,12
25233,12596,12
25234,12597,12
25235,12598,12
25236,12599,12
25237,12600,12
25238,12601,12
25239,12602,12
25240,12603,12
25241,12604,12
25242,12605,12
25243,12606,12
25244,12607,12
25245,12608,12
25246,12609,12
25247,12610,12
25248,12611,12
25249,12612,12
25250,12613,12
25251,12614,12
25252,12615,12
25253,12616,12
25254,12617,12
25255,12618,12
25256,12619,12
25257,12620,12
25258,12621,12
25259,12622,12
25260,12623,12
25261,12624,12
25262,12625,12
25263,12626,12
25264,12627,12
25265,12628,12
25266,12629,12
25267,12630,12
25268,12631,12
25269,12632,12
25270,12633,12
25271,12634,12
25272,12635,12
25273,12636,12
25274,12637,12
25275,12638,12
25276,12639,12
25277,12640,12
25278,12641,12
25279,12642,12
25280,12643,12
25281,12644,12
25282,12645,12
25283,12646,12
25284,12647,12
25285,12648,12
25286,12649,12
25287,12650,12
25288,12651,12
25289,12652,12
25290,12653,12
25291,12654,12
25292,12655,12
25293,12656,12
25294,12657,12
25295,12658,1
25296,12659,1
25297,12660,1
25298,12661,1
25299,12662,1
25300,12663,1
25301,12664,1
25302,12665,1
25303,12666,1
25304,12667,1
25305,12668,1
25306,12669,1
25307,12670,1
25308,12671,1
25309,12672,1
25310,12673,1
25311,12674,1
25312,12675,1
25313,12676,1
25314,12677,1
25315,12658,12
25316,12659,12
25317,12660,12
25318,12661,12
25319,12662,12
25320,12663,12
25321,12664,12
25322,12665,12
25323,12666,12
25324,12667,12
25325,12668,12
25326,12669,12
25327,12670,12
25328,12671,12
25329,12672,12
25330,12673,12
25331,12674,12
25332,12675,12
25333,12676,12
25334,12677,12
25335,12678,1
25336,12679,1
25337,12680,1
25338,12681,1
25339,12682,1
25340,12683,1
25341,12684,1
25342,12685,1
25343,12686,1
25344,12687,1
25345,12688,1
25346,12689,1
25347,12690,1
25348,12691,1
25349,12692,1
25350,12693,1
25351,12694,1
25352,12695,1
25353,12696,1
25354,12697,1
25355,12698,1
25356,12699,1
25357,12700,1
25358,12701,1
25359,12702,1
25360,12703,1
25361,12704,1
25362,12705,1
25363,12706,1
25364,12707,1
25365,12708,1
25366,12709,1
25367,12710,1
25368,12711,1
25369,12712,1
25370,12713,1
25371,12714,1
25372,12715,1
25373,12716,1
25374,12717,1
25375,12718,1
25376,12719,1
25377,12720,1
25378,12721,1
25379,12722,1
25380,12723,1
25381,12724,1
25382,12725,1
25383,12726,1
25384,12727,1
25385,12678,12
25386,12679,12
25387,12680,12
25388,12681,12
25389,12682,12
25390,12683,12
25391,12684,12
25392,12685,12
25393,12686,12
25394,12687,12
25395,12688,12
25396,12689,12
25397,12690,12
25398,12691,12
25399,12692,12
25400,12693,12
25401,12694,12
25402,12695,12
25403,12696,12
25404,12697,12
25405,12698,12
25406,12699,12
25407,12700,12
25408,12701,12
25409,12702,12
25410,12703,12
25411,12704,12
25412,12705,12
25413,12706,12
25414,12707,12
25415,12708,12
25416,12709,12
25417,12710,12
25418,12711,12
25419,12712,12
25420,12713,12
25421,12714,12
25422,12715,12
25423,12716,12
25424,12717,12
25425,12718,12
25426,12719,12
25427,12720,12
25428,12721,12
25429,12722,12
25430,12723,12
25431,12724,12
25432,12725,12
25433,12726,12
25434,12727,12
25435,12728,1
25436,12729,1
25437,12730,1
25438,12731,1
25439,12732,1
25440,12733,1
25441,12734,1
25442,12735,1
25443,12736,1
25444,12737,1
25445,12738,1
25446,12739,1
25447,12740,1
25448,12741,1
25449,12742,1
25450,12743,1
25451,12744,1
25452,12745,1
25453,12746,1
25454,12747,1
25455,12748,1
25456,12749,1
25457,12750,1
25458,12751,1
25459,12752,1
25460,12753,1
25461,12754,1
25462,12755,1
25463,12756,1
25464,12757,1
25465,12758,1
25466,12759,1
25467,12760,1
25468,12761,1
25469,12762,1
25470,12763,1
25471,12764,1
25472,12765,1
25473,12766,1
25474,12767,1
25475,12768,1
25476,12769,1
25477,12770,1
25478,12771,1
25479,12772,1
25480,12773,1
25481,12774,1
25482,12775,1
25483,12776,1
25484,12777,1
25485,12778,1
25486,12779,1
25487,12780,1
25488,12781,1
25489,12782,1
25490,12783,1
25491,12728,12
25492,12729,12
25493,12730,12
25494,12731,12
25495,12732,12
25496,12733,12
25497,12734,12
25498,12735,12
25499,12736,12
25500,12737,12
25501,12738,12
25502,12739,12
25503,12740,12
25504,12741,12
25505,12742,12
25506,12743,12
25507,12744,12
25508,12745,12
25509,12746,12
25510,12747,12
25511,12748,12
25512,12749,12
25513,12750,12
25514,12751,12
25515,12752,12
25516,12753,12
25517,12754,12
25518,12755,12
25519,12756,12
25520,12757,12
25521,12758,12
25522,12759,12
25523,12760,12
25524,12761,12
25525,12762,12
25526,12763,12
25527,12764,12
25528,12765,12
25529,12766,12
25530,12767,12
25531,12768,12
25532,12769,12
25533,12770,12
25534,12771,12
25535,12772,12
25536,12773,12
25537,12774,12
25538,12775,12
25539,12776,12
25540,12777,12
25541,12778,12
25542,12779,12
25543,12780,12
25544,12781,12
25545,12782,12
25546,12783,12
25547,12784,1
25548,12785,1
25549,12786,1
25550,12787,1
25551,12788,1
25552,12789,1
25553,12790,1
25554,12791,1
25555,12792,1
25556,12793,1
25557,12794,1
25558,12795,1
25559,12796,1
25560,12797,1
25561,12798,1
25562,12799,1
25563,12800,1
25564,12801,1
25565,12802,1
25566,12803,1
25567,12804,1
25568,12805,1
25569,12806,1
25570,12807,1
25571,12808,1
25572,12809,1
25573,12810,1
25574,12811,1
25575,12812,1
25576,12813,1
25577,12814,1
25578,12815,1
25579,12816,1
25580,12817,1
25581,12818,1
25582,12819,1
25583,12820,1
25584,12821,1
25585,12822,1
25586,12823,1
25587,12824,1
25588,12825,1
25589,12826,1
25590,12827,1
25591,12784,12
25592,12785,12
25593,12786,12
25594,12787,12
25595,12788,12
25596,12789,12
25597,12790,12
25598,12791,12
25599,12792,12
25600,12793,12
25601,12794,12
25602,12795,12
25603,12796,12
25604,12797,12
25605,12798,12
25606,12799,12
25607,12800,12
25608,12801,12
25609,12802,12
25610,12803,12
25611,12804,12
25612,12805,12
25613,12806,12
25614,12807,12
25615,12808,12
25616,12809,12
25617,12810,12
25618,12811,12
25619,12812,12
25620,12813,12
25621,12814,12
25622,12815,12
25623,12816,12
25624,12817,12
25625,12818,12
25626,12819,12
25627,12820,12
25628,12821,12
25629,12822,12
25630,12823,12
25631,12824,12
25632,12825,12
25633,12826,12
25634,12827,12
25635,12828,1
25636,12829,1
25637,12830,1
25638,12831,1
25639,12832,1
25640,12833,1
25641,12834,1
25642,12835,1
25643,12836,1
25644,12837,1
25645,12838,1
25646,12839,1
25647,12840,1
25648,12841,1
25649,12842,1
25650,12843,1
25651,12844,1
25652,12845,1
25653,12846,1
25654,12847,1
25655,12848,1
25656,12849,1
25657,12850,1
25658,12851,1
25659,12852,1
25660,12853,1
25661,12854,1
25662,12855,1
25663,12856,1
25664,12857,1
25665,12858,1
25666,12859,1
25667,12828,12
25668,12829,12
25669,12830,12
25670,12831,12
25671,12832,12
25672,12833,12
25673,12834,12
25674,12835,12
25675,12836,12
25676,12837,12
25677,12838,12
25678,12839,12
25679,12840,12
25680,12841,12
25681,12842,12
25682,12843,12
25683,12844,12
25684,12845,12
25685,12846,12
25686,12847,12
25687,12848,12
25688,12849,12
25689,12850,12
25690,12851,12
25691,12852,12
25692,12853,12
25693,12854,12
25694,12855,12
25695,12856,12
25696,12857,12
25697,12858,12
25698,12859,12
25699,12860,1
25700,12861,1
25701,12862,1
25702,12863,1
25703,12864,1
25704,12865,1
25705,12866,1
25706,12867,1
25707,12868,1
25708,12869,1
25709,12870,1
25710,12871,1
25711,12872,1
25712,12873,1
25713,12874,1
25714,12875,1
25715,12876,1
25716,12877,1
25717,12878,1
25718,12879,1
25719,12880,1
25720,12881,1
25721,12882,1
25722,12883,1
25723,12884,1
25724,12885,1
25725,12886,1
25726,12887,1
25727,12860,12
25728,12861,12
25729,12862,12
25730,12863,12
25731,12864,12
25732,12865,12
25733,12866,12
25734,12867,12
25735,12868,12
25736,12869,12
25737,12870,12
25738,12871,12
25739,12872,12
25740,12873,12
25741,12874,12
25742,12875,12
25743,12876,12
25744,12877,12
25745,12878,12
25746,12879,12
25747,12880,12
25748,12881,12
25749,12882,12
25750,12883,12
25751,12884,12
25752,12885,12
25753,12886,12
25754,12887,12
25755,12888,1
25756,12889,1
25757,12890,1
25758,12891,1
25759,12892,1
25760,12893,1
25761,12894,1
25762,12895,1
25763,12896,1
25764,12897,1
25765,12898,1
25766,12899,1
25767,12900,1
25768,12901,1
25769,12902,1
25770,12903,1
25771,12904,1
25772,12905,1
25773,12906,1
25774,12907,1
25775,12908,1
25776,12909,1
25777,12910,1
25778,12911,1
25779,12912,1
25780,12913,1
25781,12914,1
25782,12915,1
25783,12916,1
25784,12917,1
25785,12918,1
25786,12919,1
25787,12920,1
25788,12921,1
25789,12922,1
25790,12923,1
25791,12924,1
25792,12925,1
25793,12926,1
25794,12927,1
25795,12928,1
25796,12929,1
25797,12930,1
25798,12931,1
25799,12932,1
25800,12933,1
25801,12934,1
25802,12935,1
25803,12936,1
25804,12937,1
25805,12938,1
25806,12939,1
25807,12940,1
25808,12941,1
25809,12942,1
25810,12943,1
25811,12944,1
25812,12945,1
25813,12946,1
25814,12947,1
25815,12948,1
25816,12949,1
25817,12950,1
25818,12951,1
25819,12952,1
25820,12953,1
25821,12954,1
25822,12955,1
25823,12956,1
25824,12957,1
25825,12958,1
25826,12959,1
25827,12960,1
25828,12961,1
25829,12962,1
25830,12963,1
25831,12964,1
25832,12965,1
25833,12966,1
25834,12967,1
25835,12968,1
25836,12969,1
25837,12970,1
25838,12971,1
25839,12972,1
25840,12973,1
25841,12974,1
25842,12975,1
25843,12976,1
25844,12977,1
25845,12978,1
25846,12979,1
25847,12980,1
25848,12981,1
25849,12982,1
25850,12983,1
25851,12984,1
25852,12985,1
25853,12986,1
25854,12987,1
25855,12988,1
25856,12989,1
25857,12990,1
25858,12991,1
25859,12992,1
25860,12993,1
25861,12994,1
25862,12995,1
25863,12996,1
25864,12997,1
25865,12998,1
25866,12999,1
25867,13000,1
25868,13001,1
25869,13002,1
25870,13003,1
25871,13004,1
25872,13005,1
25873,13006,1
25874,13007,1
25875,13008,1
25876,13009,1
25877,13010,1
25878,13011,1
25879,13012,1
25880,13013,1
25881,13014,1
25882,13015,1
25883,13016,1
25884,13017,1
25885,13018,1
25886,13019,1
25887,13020,1
25888,13021,1
25889,13022,1
25890,13023,1
25891,13024,1
25892,13025,1
25893,13026,1
25894,13027,1
25895,13028,1
25896,13029,1
25897,13030,1
25898,13031,1
25899,13032,1
25900,13033,1
25901,13034,1
25902,13035,1
25903,13036,1
25904,13037,1
25905,13038,1
25906,13039,1
25907,13040,1
25908,13041,1
25909,13042,1
25910,13043,1
25911,13044,1
25912,13045,1
25913,13046,1
25914,13047,1
25915,13048,1
25916,13049,1
25917,13050,1
25918,13051,1
25919,13052,1
25920,13053,1
25921,13054,1
25922,13055,1
25923,13056,1
25924,13057,1
25925,13058,1
25926,13059,1
25927,13060,1
25928,13061,1
25929,13062,1
25930,13063,1
25931,13064,1
25932,13065,1
25933,13066,1
25934,13067,1
25935,13068,1
25936,13069,1
25937,13070,1
25938,13071,1
25939,13072,1
25940,13073,1
25941,13074,1
25942,13075,1
25943,13076,1
25944,13077,1
25945,13078,1
25946,13079,1
25947,13080,1
25948,13081,1
25949,13082,1
25950,13083,1
25951,13084,1
25952,13085,1
25953,13086,1
25954,13087,1
25955,13088,1
25956,13089,1
25957,13090,1
25958,13091,1
25959,13092,1
25960,13093,1
25961,13094,1
25962,13095,1
25963,13096,1
25964,13097,1
25965,13098,1
25966,13099,1
25967,13100,1
25968,13101,1
25969,13102,1
25970,13103,1
25971,13104,1
25972,13105,1
25973,13106,1
25974,13107,1
25975,13108,1
25976,13109,1
25977,13110,1
25978,13111,1
25979,13112,1
25980,13113,1
25981,13114,1
25982,13115,1
25983,13116,1
25984,13117,1
25985,13118,1
25986,13119,1
25987,13120,1
25988,13121,1
25989,13122,1
25990,13123,1
25991,13124,1
25992,13125,1
25993,13126,1
25994,13127,1
25995,13128,1
25996,13129,1
25997,13130,1
25998,13131,1
25999,13132,1
26000,13133,1
26001,13134,1
26002,13135,1
26003,13136,1
26004,13137,1
26005,13138,1
26006,13139,1
26007,13140,1
26008,13141,1
26009,13142,1
26010,13143,1
26011,13144,1
26012,13145,1
26013,13146,1
26014,13147,1
26015,13148,1
26016,13149,1
26017,13150,1
26018,13151,1
26019,13152,1
26020,13153,1
26021,13154,1
26022,13155,1
26023,13156,1
26024,13157,1
26025,13158,1
26026,13159,1
26027,13160,1
26028,13161,1
26029,13162,1
26030,13163,1
26031,13164,1
26032,13165,1
26033,13166,1
26034,13167,1
26035,13168,1
26036,13169,1
26037,13170,1
26038,13171,1
26039,13172,1
26040,13173,1
26041,13174,1
26042,13175,1
26043,13176,1
26044,13177,1
26045,12888,12
26046,12889,12
26047,12890,12
26048,12891,12
26049,12892,12
26050,12893,12
26051,12894,12
26052,12895,12
26053,12896,12
26054,12897,12
26055,12898,12
26056,12899,12
26057,12900,12
26058,12901,12
26059,12902,12
26060,12903,12
26061,12904,12
26062,12905,12
26063,12906,12
26064,12907,12
26065,12908,12
26066,12909,12
26067,12910,12
26068,12911,12
26069,12912,12
26070,12913,12
26071,12914,12
26072,12915,12
26073,12916,12
26074,12917,12
26075,12918,12
26076,12919,12
26077,12920,12
26078,12921,12
26079,12922,12
26080,12923,12
26081,12924,12
26082,12925,12
26083,12926,12
26084,12927,12
26085,12928,12
26086,12929,12
26087,12930,12
26088,12931,12
26089,12932,12
26090,12933,12
26091,12934,12
26092,12935,12
26093,12936,12
26094,12937,12
26095,12938,12
26096,12939,12
26097,12940,12
26098,12941,12
26099,12942,12
26100,12943,12
26101,12944,12
26102,12945,12
26103,12946,12
26104,12947,12
26105,12948,12
26106,12949,12
26107,12950,12
26108,12951,12
26109,12952,12
26110,12953,12
26111,12954,12
26112,12955,12
26113,12956,12
26114,12957,12
26115,12958,12
26116,12959,12
26117,12960,12
26118,12961,12
26119,12962,12
26120,12963,12
26121,12964,12
26122,12965,12
26123,12966,12
26124,12967,12
26125,12968,12
26126,12969,12
26127,12970,12
26128,12971,12
26129,12972,12
26130,12973,12
26131,12974,12
26132,12975,12
26133,12976,12
26134,12977,12
26135,12978,12
26136,12979,12
26137,12980,12
26138,12981,12
26139,12982,12
26140,12983,12
26141,12984,12
26142,12985,12
26143,12986,12
26144,12987,12
26145,12988,12
26146,12989,12
26147,12990,12
26148,12991,12
26149,12992,12
26150,12993,12
26151,12994,12
26152,12995,12
26153,12996,12
26154,12997,12
26155,12998,12
26156,12999,12
26157,13000,12
26158,13001,12
26159,13002,12
26160,13003,12
26161,13004,12
26162,13005,12
26163,13006,12
26164,13007,12
26165,13008,12
26166,13009,12
26167,13010,12
26168,13011,12
26169,13012,12
26170,13013,12
26171,13014,12
26172,13015,12
26173,13016,12
26174,13017,12
26175,13018,12
26176,13019,12
26177,13020,12
26178,13021,12
26179,13022,12
26180,13023,12
26181,13024,12
26182,13025,12
26183,13026,12
26184,13027,12
26185,13028,12
26186,13029,12
26187,13030,12
26188,13031,12
26189,13032,12
26190,13033,12
26191,13034,12
26192,13035,12
26193,13036,12
26194,13037,12
26195,13038,12
26196,13039,12
26197,13040,12
26198,13041,12
26199,13042,12
26200,13043,12
26201,13044,12
26202,13045,12
26203,13046,12
26204,13047,12
26205,13048,12
26206,13049,12
26207,13050,12
26208,13051,12
26209,13052,12
26210,13053,12
26211,13054,12
26212,13055,12
26213,13056,12
26214,13057,12
26215,13058,12
26216,13059,12
26217,13060,12
26218,13061,12
26219,13062,12
26220,13063,12
26221,13064,12
26222,13065,12
26223,13066,12
26224,13067,12
26225,13068,12
26226,13069,12
26227,13070,12
26228,13071,12
26229,13072,12
26230,13073,12
26231,13074,12
26232,13075,12
26233,13076,12
26234,13077,12
26235,13078,12
26236,13079,12
26237,13080,12
26238,13081,12
26239,13082,12
26240,13083,12
26241,13084,12
26242,13085,12
26243,13086,12
26244,13087,12
26245,13088,12
26246,13089,12
26247,13090,12
26248,13091,12
26249,13092,12
26250,13093,12
26251,13094,12
26252,13095,12
26253,13096,12
26254,13097,12
26255,13098,12
26256,13099,12
26257,13100,12
26258,13101,12
26259,13102,12
26260,13103,12
26261,13104,12
26262,13105,12
26263,13106,12
26264,13107,12
26265,13108,12
26266,13109,12
26267,13110,12
26268,13111,12
26269,13112,12
26270,13113,12
26271,13114,12
26272,13115,12
26273,13116,12
26274,13117,12
26275,13118,12
26276,13119,12
26277,13120,12
26278,13121,12
26279,13122,12
26280,13123,12
26281,13124,12
26282,13125,12
26283,13126,12
26284,13127,12
26285,13128,12
26286,13129,12
26287,13130,12
26288,13131,12
26289,13132,12
26290,13133,12
26291,13134,12
26292,13135,12
26293,13136,12
26294,13137,12
26295,13138,12
26296,13139,12
26297,13140,12
26298,13141,12
26299,13142,12
26300,13143,12
26301,13144,12
26302,13145,12
26303,13146,12
26304,13147,12
26305,13148,12
26306,13149,12
26307,13150,12
26308,13151,12
26309,13152,12
26310,13153,12
26311,13154,12
26312,13155,12
26313,13156,12
26314,13157,12
26315,13158,12
26316,13159,12
26317,13160,12
26318,13161,12
26319,13162,12
26320,13163,12
26321,13164,12
26322,13165,12
26323,13166,12
26324,13167,12
26325,13168,12
26326,13169,12
26327,13170,12
26328,13171,12
26329,13172,12
26330,13173,12
26331,13174,12
26332,13175,12
26333,13176,12
26334,13177,12
26335,13178,1
26336,13179,1
26337,13180,1
26338,13181,1
26339,13182,1
26340,13183,1
26341,13184,1
26342,13185,1
26343,13186,1
26344,13187,1
26345,13188,1
26346,13189,1
26347,13190,1
26348,13191,1
26349,13192,1
26350,13193,1
26351,13194,1
26352,13195,1
26353,13196,1
26354,13197,1
26355,13198,1
26356,13199,1
26357,13200,1
26358,13201,1
26359,13202,1
26360,13203,1
26361,13204,1
26362,13205,1
26363,13206,1
26364,13207,1
26365,13208,1
26366,13209,1
26367,13210,1
26368,13211,1
26369,13212,1
26370,13213,1
26371,13214,1
26372,13215,1
26373,13216,1
26374,13217,1
26375,13218,1
26376,13219,1
26377,13220,1
26378,13221,1
26379,13222,1
26380,13223,1
26381,13224,1
26382,13225,1
26383,13226,1
26384,13227,1
26385,13228,1
26386,13229,1
26387,13230,1
26388,13231,1
26389,13232,1
26390,13233,1
26391,13234,1
26392,13235,1
26393,13236,1
26394,13237,1
26395,13238,1
26396,13239,1
26397,13240,1
26398,13241,1
26399,13242,1
26400,13243,1
26401,13244,1
26402,13245,1
26403,13246,1
26404,13247,1
26405,13248,1
26406,13249,1
26407,13250,1
26408,13251,1
26409,13252,1
26410,13253,1
26411,13254,1
26412,13255,1
26413,13256,1
26414,13257,1
26415,13258,1
26416,13259,1
26417,13260,1
26418,13261,1
26419,13262,1
26420,13263,1
26421,13264,1
26422,13265,1
26423,13266,1
26424,13267,1
26425,13268,1
26426,13269,1
26427,13270,1
26428,13271,1
26429,13272,1
26430,13273,1
26431,13274,1
26432,13275,1
26433,13276,1
26434,13277,1
26435,13278,1
26436,13279,1
26437,13280,1
26438,13281,1
26439,13282,1
26440,13283,1
26441,13284,1
26442,13285,1
26443,13286,1
26444,13287,1
26445,13288,1
26446,13289,1
26447,13290,1
26448,13291,1
26449,13292,1
26450,13293,1
26451,13294,1
26452,13295,1
26453,13296,1
26454,13297,1
26455,13298,1
26456,13299,1
26457,13300,1
26458,13301,1
26459,13302,1
26460,13303,1
26461,13304,1
26462,13305,1
26463,13306,1
26464,13307,1
26465,13308,1
26466,13178,12
26467,13179,12
26468,13180,12
26469,13181,12
26470,13182,12
26471,13183,12
26472,13184,12
26473,13185,12
26474,13186,12
26475,13187,12
26476,13188,12
26477,13189,12
26478,13190,12
26479,13191,12
26480,13192,12
26481,13193,12
26482,13194,12
26483,13195,12
26484,13196,12
26485,13197,12
26486,13198,12
26487,13199,12
26488,13200,12
26489,13201,12
26490,13202,12
26491,13203,12
26492,13204,12
26493,13205,12
26494,13206,12
26495,13207,12
26496,13208,12
26497,13209,12
26498,13210,12
26499,13211,12
26500,13212,12
26501,13213,12
26502,13214,12
26503,13215,12
26504,13216,12
26505,13217,12
26506,13218,12
26507,13219,12
26508,13220,12
26509,13221,12
26510,13222,12
26511,13223,12
26512,13224,12
26513,13225,12
26514,13226,12
26515,13227,12
26516,13228,12
26517,13229,12
26518,13230,12
26519,13231,12
26520,13232,12
26521,13233,12
26522,13234,12
26523,13235,12
26524,13236,12
26525,13237,12
26526,13238,12
26527,13239,12
26528,13240,12
26529,13241,12
26530,13242,12
26531,13243,12
26532,13244,12
26533,13245,12
26534,13246,12
26535,13247,12
26536,13248,12
26537,13249,12
26538,13250,12
26539,13251,12
26540,13252,12
26541,13253,12
26542,13254,12
26543,13255,12
26544,13256,12
26545,13257,12
26546,13258,12
26547,13259,12
26548,13260,12
26549,13261,12
26550,13262,12
26551,13263,12
26552,13264,12
26553,13265,12
26554,13266,12
26555,13267,12
26556,13268,12
26557,13269,12
26558,13270,12
26559,13271,12
26560,13272,12
26561,13273,12
26562,13274,12
26563,13275,12
26564,13276,12
26565,13277,12
26566,13278,12
26567,13279,12
26568,13280,12
26569,13281,12
26570,13282,12
26571,13283,12
26572,13284,12
26573,13285,12
26574,13286,12
26575,13287,12
26576,13288,12
26577,13289,12
26578,13290,12
26579,13291,12
26580,13292,12
26581,13293,12
26582,13294,12
26583,13295,12
26584,13296,12
26585,13297,12
26586,13298,12
26587,13299,12
26588,13300,12
26589,13301,12
26590,13302,12
26591,13303,12
26592,13304,12
26593,13305,12
26594,13306,12
26595,13307,12
26596,13308,12
26597,13309,1
26598,13310,1
26599,13311,1
26600,13312,1
26601,13313,1
26602,13314,1
26603,13315,1
26604,13316,1
26605,13317,1
26606,13318,1
26607,13319,1
26608,13320,1
26609,13321,1
26610,13322,1
26611,13323,1
26612,13324,1
26613,13325,1
26614,13326,1
26615,13327,1
26616,13328,1
26617,13329,1
26618,13330,1
26619,13331,1
26620,13332,1
26621,13333,1
26622,13334,1
26623,13335,1
26624,13336,1
26625,13337,1
26626,13338,1
26627,13339,1
26628,13340,1
26629,13341,1
26630,13342,1
26631,13343,1
26632,13344,1
26633,13345,1
26634,13346,1
26635,13347,1
26636,13348,1
26637,13349,1
26638,13350,1
26639,13351,1
26640,13352,1
26641,13353,1
26642,13354,1
26643,13309,12
26644,13310,12
26645,13311,12
26646,13312,12
26647,13313,12
26648,13314,12
26649,13315,12
26650,13316,12
26651,13317,12
26652,13318,12
26653,13319,12
26654,13320,12
26655,13321,12
26656,13322,12
26657,13323,12
26658,13324,12
26659,13325,12
26660,13326,12
26661,13327,12
26662,13328,12
26663,13329,12
26664,13330,12
26665,13331,12
26666,13332,12
26667,13333,12
26668,13334,12
26669,13335,12
26670,13336,12
26671,13337,12
26672,13338,12
26673,13339,12
26674,13340,12
26675,13341,12
26676,13342,12
26677,13343,12
26678,13344,12
26679,13345,12
26680,13346,12
26681,13347,12
26682,13348,12
26683,13349,12
26684,13350,12
26685,13351,12
26686,13352,12
26687,13353,12
26688,13354,12
26689,13355,1
26690,13356,1
26691,13357,1
26692,13358,1
26693,13359,1
26694,13360,1
26695,13361,1
26696,13362,1
26697,13363,1
26698,13364,1
26699,13365,1
26700,13366,1
26701,13367,1
26702,13368,1
26703,13369,1
26704,13370,1
26705,13371,1
26706,13372,1
26707,13373,1
26708,13374,1
26709,13355,12
26710,13356,12
26711,13357,12
26712,13358,12
26713,13359,12
26714,13360,12
26715,13361,12
26716,13362,12
26717,13363,12
26718,13364,12
26719,13365,12
26720,13366,12
26721,13367,12
26722,13368,12
26723,13369,12
26724,13370,12
26725,13371,12
26726,13372,12
26727,13373,12
26728,13374,12
26729,13375,1
26730,13376,1
26731,13377,1
26732,13378,1
26733,13379,1
26734,13380,1
26735,13381,1
26736,13382,1
26737,13383,1
26738,13384,1
26739,13385,1
26740,13386,1
26741,13387,1
26742,13388,1
26743,13389,1
26744,13390,1
26745,13391,1
26746,13392,1
26747,13393,1
26748,13394,1
26749,13395,1
26750,13396,1
26751,13397,1
26752,13398,1
26753,13399,1
26754,13400,1
26755,13401,1
26756,13402,1
26757,13375,12
26758,13376,12
26759,13377,12
26760,13378,12
26761,13379,12
26762,13380,12
26763,13381,12
26764,13382,12
26765,13383,12
26766,13384,12
26767,13385,12
26768,13386,12
26769,13387,12
26770,13388,12
26771,13389,12
26772,13390,12
26773,13391,12
26774,13392,12
26775,13393,12
26776,13394,12
26777,13395,12
26778,13396,12
26779,13397,12
26780,13398,12
26781,13399,12
26782,13400,12
26783,13401,12
26784,13402,12
26785,13403,1
26786,13404,1
26787,13405,1
26788,13406,1
26789,13407,1
26790,13408,1
26791,13409,1
26792,13410,1
26793,13411,1
26794,13412,1
26795,13413,1
26796,13414,1
26797,13415,1
26798,13416,1
26799,13403,12
26800,13404,12
26801,13405,12
26802,13406,12
26803,13407,12
26804,13408,12
26805,13409,12
26806,13410,12
26807,13411,12
26808,13412,12
26809,13413,12
26810,13414,12
26811,13415,12
26812,13416,12
26813,13417,1
26814,13418,1
26815,13417,12
26816,13418,12
26817,13419,1
26818,13420,1
26819,13421,1
26820,13422,1
26821,13423,1
26822,13424,1
26823,13425,1
26824,13426,1
26825,13427,1
26826,13428,1
26827,13429,1
26828,13430,1
26829,13431,1
26830,13432,1
26831,13433,1
26832,13434,1
26833,13435,1
26834,13436,1
26835,13437,1
26836,13438,1
26837,13439,1
26838,13440,1
26839,13441,1
26840,13442,1
26841,13443,1
26842,13444,1
26843,13445,1
26844,13446,1
26845,13447,1
26846,13448,1
26847,13449,1
26848,13450,1
26849,13451,1
26850,13452,1
26851,13453,1
26852,13454,1
26853,13455,1
26854,13456,1
26855,13457,1
26856,13458,1
26857,13419,12
26858,13420,12
26859,13421,12
26860,13422,12
26861,13423,12
26862,13424,12
26863,13425,12
26864,13426,12
26865,13427,12
26866,13428,12
26867,13429,12
26868,13430,12
26869,13431,12
26870,13432,12
26871,13433,12
26872,13434,12
26873,13435,12
26874,13436,12
26875,13437,12
26876,13438,12
26877,13439,12
26878,13440,12
26879,13441,12
26880,13442,12
26881,13443,12
26882,13444,12
26883,13445,12
26884,13446,12
26885,13447,12
26886,13448,12
26887,13449,12
26888,13450,12
26889,13451,12
26890,13452,12
26891,13453,12
26892,13454,12
26893,13455,12
26894,13456,12
26895,13457,12
26896,13458,12
26897,13459,1
26898,13460,1
26899,13461,1
26900,13462,1
26901,13463,1
26902,13464,1
26903,13465,1
26904,13466,1
26905,13467,1
26906,13468,1
26907,13469,1
26908,13470,1
26909,13471,1
26910,13472,1
26911,13473,1
26912,13474,1
26913,13475,1
26914,13476,1
26915,13477,1
26916,13478,1
26917,13479,1
26918,13480,1
26919,13481,1
26920,13482,1
26921,13483,1
26922,13484,1
26923,13485,1
26924,13486,1
26925,13487,1
26926,13488,1
26927,13489,1
26928,13490,1
26929,13491,1
26930,13492,1
26931,13493,1
26932,13494,1
26933,13495,1
26934,13496,1
26935,13497,1
26936,13498,1
26937,13499,1
26938,13500,1
26939,13501,1
26940,13502,1
26941,13503,1
26942,13504,1
26943,13505,1
26944,13506,1
26945,13507,1
26946,13508,1
26947,13509,1
26948,13510,1
26949,13459,12
26950,13460,12
26951,13461,12
26952,13462,12
26953,13463,12
26954,13464,12
26955,13465,12
26956,13466,12
26957,13467,12
26958,13468,12
26959,13469,12
26960,13470,12
26961,13471,12
26962,13472,12
26963,13473,12
26964,13474,12
26965,13475,12
26966,13476,12
26967,13477,12
26968,13478,12
26969,13479,12
26970,13480,12
26971,13481,12
26972,13482,12
26973,13483,12
26974,13484,12
26975,13485,12
26976,13486,12
26977,13487,12
26978,13488,12
26979,13489,12
26980,13490,12
26981,13491,12
26982,13492,12
26983,13493,12
26984,13494,12
26985,13495,12
26986,13496,12
26987,13497,12
26988,13498,12
26989,13499,12
26990,13500,12
26991,13501,12
26992,13502,12
26993,13503,12
26994,13504,12
26995,13505,12
26996,13506,12
26997,13507,12
26998,13508,12
26999,13509,12
27000,13510,12
27001,13511,1
27002,13512,1
27003,13513,1
27004,13514,1
27005,13515,1
27006,13516,1
27007,13517,1
27008,13518,1
27009,13519,1
27010,13520,1
27011,13521,1
27012,13522,1
27013,13523,1
27014,13524,1
27015,13525,1
27016,13526,1
27017,13527,1
27018,13528,1
27019,13529,1
27020,13530,1
27021,13531,1
27022,13532,1
27023,13533,1
27024,13534,1
27025,13535,1
27026,13536,1
27027,13537,1
27028,13538,1
27029,13539,1
27030,13540,1
27031,13541,1
27032,13542,1
27033,13543,1
27034,13544,1
27035,13511,12
27036,13512,12
27037,13513,12
27038,13514,12
27039,13515,12
27040,13516,12
27041,13517,12
27042,13518,12
27043,13519,12
27044,13520,12
27045,13521,12
27046,13522,12
27047,13523,12
27048,13524,12
27049,13525,12
27050,13526,12
27051,13527,12
27052,13528,12
27053,13529,12
27054,13530,12
27055,13531,12
27056,13532,12
27057,13533,12
27058,13534,12
27059,13535,12
27060,13536,12
27061,13537,12
27062,13538,12
27063,13539,12
27064,13540,12
27065,13541,12
27066,13542,12
27067,13543,12
27068,13544,12
27069,13545,1
27070,13546,1
27071,13547,1
27072,13548,1
27073,13549,1
27074,13550,1
27075,13551,1
27076,13552,1
27077,13553,1
27078,13554,1
27079,13555,1
27080,13556,1
27081,13557,1
27082,13558,1
27083,13559,1
27084,13560,1
27085,13561,1
27086,13562,1
27087,13563,1
27088,13564,1
27089,13565,1
27090,13566,1
27091,13567,1
27092,13568,1
27093,13569,1
27094,13570,1
27095,13571,1
27096,13572,1
27097,13573,1
27098,13574,1
27099,13575,1
27100,13576,1
27101,13577,1
27102,13578,1
27103,13579,1
27104,13580,1
27105,13581,1
27106,13582,1
27107,13583,1
27108,13584,1
27109,13585,1
27110,13586,1
27111,13587,1
27112,13588,1
27113,13589,1
27114,13590,1
27115,13591,1
27116,13592,1
27117,13593,1
27118,13594,1
27119,13595,1
27120,13596,1
27121,13597,1
27122,13598,1
27123,13599,1
27124,13600,1
27125,13601,1
27126,13602,1
27127,13603,1
27128,13604,1
27129,13605,1
27130,13606,1
27131,13607,1
27132,13608,1
27133,13545,12
27134,13546,12
27135,13547,12
27136,13548,12
27137,13549,12
27138,13550,12
27139,13551,12
27140,13552,12
27141,13553,12
27142,13554,12
27143,13555,12
27144,13556,12
27145,13557,12
27146,13558,12
27147,13559,12
27148,13560,12
27149,13561,12
27150,13562,12
27151,13563,12
27152,13564,12
27153,13565,12
27154,13566,12
27155,13567,12
27156,13568,12
27157,13569,12
27158,13570,12
27159,13571,12
27160,13572,12
27161,13573,12
27162,13574,12
27163,13575,12
27164,13576,12
27165,13577,12
27166,13578,12
27167,13579,12
27168,13580,12
27169,13581,12
27170,13582,12
27171,13583,12
27172,13584,12
27173,13585,12
27174,13586,12
27175,13587,12
27176,13588,12
27177,13589,12
27178,13590,12
27179,13591,12
27180,13592,12
27181,13593,12
27182,13594,12
27183,13595,12
27184,13596,12
27185,13597,12
27186,13598,12
27187,13599,12
27188,13600,12
27189,13601,12
27190,13602,12
27191,13603,12
27192,13604,12
27193,13605,12
27194,13606,12
27195,13607,12
27196,13608,12
27197,13609,1
27198,13610,1
27199,13611,1
27200,13612,1
27201,13613,1
27202,13614,1
27203,13615,1
27204,13616,1
27205,13617,1
27206,13618,1
27207,13619,1
27208,13620,1
27209,13621,1
27210,13622,1
27211,13623,1
27212,13624,1
27213,13609,12
27214,13610,12
27215,13611,12
27216,13612,12
27217,13613,12
27218,13614,12
27219,13615,12
27220,13616,12
27221,13617,12
27222,13618,12
27223,13619,12
27224,13620,12
27225,13621,12
27226,13622,12
27227,13623,12
27228,13624,12
27229,13625,1
27230,13626,1
27231,13627,1
27232,13628,1
27233,13629,1
27234,13630,1
27235,13631,1
27236,13632,1
27237,13633,1
27238,13634,1
27239,13635,1
27240,13636,1
27241,13637,1
27242,13638,1
27243,13639,1
27244,13640,1
27245,13641,1
27246,13642,1
27247,13625,12
27248,13626,12
27249,13627,12
27250,13628,12
27251,13629,12
27252,13630,12
27253,13631,12
27254,13632,12
27255,13633,12
27256,13634,12
27257,13635,12
27258,13636,12
27259,13637,12
27260,13638,12
27261,13639,12
27262,13640,12
27263,13641,12
27264,13642,12
27265,13643,1
27266,13644,1
27267,13645,1
27268,13646,1
27269,13647,1
27270,13648,1
27271,13643,12
27272,13644,12
27273,13645,12
27274,13646,12
27275,13647,12
27276,13648,12
27277,13649,1
27278,13650,1
27279,13651,1
27280,13652,1
27281,13653,1
27282,13654,1
27283,13655,1
27284,13656,1
27285,13657,1
27286,13658,1
27287,13659,1
27288,13660,1
27289,13661,1
27290,13662,1
27291,13663,1
27292,13664,1
27293,13665,1
27294,13666,1
27295,13667,1
27296,13668,1
27297,13669,1
27298,13670,1
27299,13671,1
27300,13672,1
27301,13673,1
27302,13674,1
27303,13675,1
27304,13676,1
27305,13677,1
27306,13649,12
27307,13650,12
27308,13651,12
27309,13652,12
27310,13653,12
27311,13654,12
27312,13655,12
27313,13656,12
27314,13657,12
27315,13658,12
27316,13659,12
27317,13660,12
27318,13661,12
27319,13662,12
27320,13663,12
27321,13664,12
27322,13665,12
27323,13666,12
27324,13667,12
27325,13668,12
27326,13669,12
27327,13670,12
27328,13671,12
27329,13672,12
27330,13673,12
27331,13674,12
27332,13675,12
27333,13676,12
27334,13677,12
27335,13678,1
27336,13679,1
27337,13680,1
27338,13681,1
27339,13682,1
27340,13683,1
27341,13684,1
27342,13685,1
27343,13686,1
27344,13687,1
27345,13688,1
27346,13689,1
27347,13690,1
27348,13691,1
27349,13692,1
27350,13693,1
27351,13694,1
27352,13695,1
27353,13696,1
27354,13697,1
27355,13698,1
27356,13699,1
27357,13700,1
27358,13701,1
27359,13702,1
27360,13703,1
27361,13704,1
27362,13705,1
27363,13706,1
27364,13707,1
27365,13708,1
27366,13709,1
27367,13710,1
27368,13711,1
27369,13712,1
27370,13713,1
27371,13714,1
27372,13715,1
27373,13716,1
27374,13717,1
27375,13718,1
27376,13719,1
27377,13720,1
27378,13721,1
27379,13722,1
27380,13723,1
27381,13724,1
27382,13725,1
27383,13726,1
27384,13727,1
27385,13728,1
27386,13729,1
27387,13730,1
27388,13731,1
27389,13732,1
27390,13733,1
27391,13734,1
27392,13735,1
27393,13736,1
27394,13737,1
27395,13738,1
27396,13739,1
27397,13740,1
27398,13741,1
27399,13742,1
27400,13743,1
27401,13678,12
27402,13679,12
27403,13680,12
27404,13681,12
27405,13682,12
27406,13683,12
27407,13684,12
27408,13685,12
27409,13686,12
27410,13687,12
27411,13688,12
27412,13689,12
27413,13690,12
27414,13691,12
27415,13692,12
27416,13693,12
27417,13694,12
27418,13695,12
27419,13696,12
27420,13697,12
27421,13698,12
27422,13699,12
27423,13700,12
27424,13701,12
27425,13702,12
27426,13703,12
27427,13704,12
27428,13705,12
27429,13706,12
27430,13707,12
27431,13708,12
27432,13709,12
27433,13710,12
27434,13711,12
27435,13712,12
27436,13713,12
27437,13714,12
27438,13715,12
27439,13716,12
27440,13717,12
27441,13718,12
27442,13719,12
27443,13720,12
27444,13721,12
27445,13722,12
27446,13723,12
27447,13724,12
27448,13725,12
27449,13726,12
27450,13727,12
27451,13728,12
27452,13729,12
27453,13730,12
27454,13731,12
27455,13732,12
27456,13733,12
27457,13734,12
27458,13735,12
27459,13736,12
27460,13737,12
27461,13738,12
27462,13739,12
27463,13740,12
27464,13741,12
27465,13742,12
27466,13743,12
27467,13744,1
27468,13745,1
27469,13746,1
27470,13747,1
27471,13744,12
27472,13745,12
27473,13746,12
27474,13747,12
27475,13748,1
27476,13749,1
27477,13750,1
27478,13751,1
27479,13752,1
27480,13753,1
27481,13754,1
27482,13755,1
27483,13756,1
27484,13757,1
27485,13758,1
27486,13759,1
27487,13748,12
27488,13749,12
27489,13750,12
27490,13751,12
27491,13752,12
27492,13753,12
27493,13754,12
27494,13755,12
27495,13756,12
27496,13757,12
27497,13758,12
27498,13759,12
27499,13760,1
27500,13761,1
27501,13762,1
27502,13763,1
27503,13764,1
27504,13765,1
27505,13766,1
27506,13767,1
27507,13768,1
27508,13769,1
27509,13760,12
27510,13761,12
27511,13762,12
27512,13763,12
27513,13764,12
27514,13765,12
27515,13766,12
27516,13767,12
27517,13768,12
27518,13769,12
27519,13770,1
27520,13771,1
27521,13772,1
27522,13773,1
27523,13774,1
27524,13775,1
27525,13776,1
27526,13777,1
27527,13778,1
27528,13779,1
27529,13780,1
27530,13781,1
27531,13782,1
27532,13783,1
27533,13784,1
27534,13785,1
27535,13786,1
27536,13787,1
27537,13788,1
27538,13789,1
27539,13790,1
27540,13791,1
27541,13792,1
27542,13793,1
27543,13794,1
27544,13795,1
27545,13796,1
27546,13797,1
27547,13798,1
27548,13799,1
27549,13800,1
27550,13801,1
27551,13802,1
27552,13803,1
27553,13804,1
27554,13805,1
27555,13806,1
27556,13807,1
27557,13808,1
27558,13809,1
27559,13810,1
27560,13811,1
27561,13812,1
27562,13813,1
27563,13770,12
27564,13771,12
27565,13772,12
27566,13773,12
27567,13774,12
27568,13775,12
27569,13776,12
27570,13777,12
27571,13778,12
27572,13779,12
27573,13780,12
27574,13781,12
27575,13782,12
27576,13783,12
27577,13784,12
27578,13785,12
27579,13786,12
27580,13787,12
27581,13788,12
27582,13789,12
27583,13790,12
27584,13791,12
27585,13792,12
27586,13793,12
27587,13794,12
27588,13795,12
27589,13796,12
27590,13797,12
27591,13798,12
27592,13799,12
27593,13800,12
27594,13801,12
27595,13802,12
27596,13803,12
27597,13804,12
27598,13805,12
27599,13806,12
27600,13807,12
27601,13808,12
27602,13809,12
27603,13810,12
27604,13811,12
27605,13812,12
27606,13813,12
27607,13814,1
27608,13815,1
27609,13816,1
27610,13817,1
27611,13818,1
27612,13819,1
27613,13820,1
27614,13821,1
27615,13822,1
27616,13823,1
27617,13824,1
27618,13825,1
27619,13826,1
27620,13827,1
27621,13828,1
27622,13829,1
27623,13830,1
27624,13831,1
27625,13832,1
27626,13833,1
27627,13834,1
27628,13835,1
27629,13836,1
27630,13837,1
27631,13838,1
27632,13839,1
27633,13840,1
27634,13841,1
27635,13842,1
27636,13843,1
27637,13844,1
27638,13845,1
27639,13846,1
27640,13847,1
27641,13848,1
27642,13849,1
27643,13850,1
27644,13814,12
27645,13815,12
27646,13816,12
27647,13817,12
27648,13818,12
27649,13819,12
27650,13820,12
27651,13821,12
27652,13822,12
27653,13823,12
27654,13824,12
27655,13825,12
27656,13826,12
27657,13827,12
27658,13828,12
27659,13829,12
27660,13830,12
27661,13831,12
27662,13832,12
27663,13833,12
27664,13834,12
27665,13835,12
27666,13836,12
27667,13837,12
27668,13838,12
27669,13839,12
27670,13840,12
27671,13841,12
27672,13842,12
27673,13843,12
27674,13844,12
27675,13845,12
27676,13846,12
27677,13847,12
27678,13848,12
27679,13849,12
27680,13850,12
27681,13851,1
27682,13852,1
27683,13853,1
27684,13854,1
27685,13855,1
27686,13856,1
27687,13857,1
27688,13858,1
27689,13859,1
27690,13860,1
27691,13861,1
27692,13862,1
27693,13863,1
27694,13864,1
27695,13865,1
27696,13866,1
27697,13851,12
27698,13852,12
27699,13853,12
27700,13854,12
27701,13855,12
27702,13856,12
27703,13857,12
27704,13858,12
27705,13859,12
27706,13860,12
27707,13861,12
27708,13862,12
27709,13863,12
27710,13864,12
27711,13865,12
27712,13866,12
27713,13867,1
27714,13868,1
27715,13869,1
27716,13870,1
27717,13871,1
27718,13872,1
27719,13873,1
27720,13874,1
27721,13875,1
27722,13876,1
27723,13877,1
27724,13878,1
27725,13879,1
27726,13880,1
27727,13881,1
27728,13882,1
27729,13883,1
27730,13884,1
27731,13885,1
27732,13886,1
27733,13887,1
27734,13888,1
27735,13889,1
27736,13890,1
27737,13891,1
27738,13892,1
27739,13893,1
27740,13894,1
27741,13895,1
27742,13867,12
27743,13868,12
27744,13869,12
27745,13870,12
27746,13871,12
27747,13872,12
27748,13873,12
27749,13874,12
27750,13875,12
27751,13876,12
27752,13877,12
27753,13878,12
27754,13879,12
27755,13880,12
27756,13881,12
27757,13882,12
27758,13883,12
27759,13884,12
27760,13885,12
27761,13886,12
27762,13887,12
27763,13888,12
27764,13889,12
27765,13890,12
27766,13891,12
27767,13892,12
27768,13893,12
27769,13894,12
27770,13895,12
27771,13896,1
27772,13897,1
27773,13898,1
27774,13899,1
27775,13900,1
27776,13901,1
27777,13902,1
27778,13903,1
27779,13904,1
27780,13905,1
27781,13906,1
27782,13907,1
27783,13908,1
27784,13909,1
27785,13910,1
27786,13911,1
27787,13912,1
27788,13913,1
27789,13914,1
27790,13915,1
27791,13916,1
27792,13917,1
27793,13918,1
27794,13919,1
27795,13920,1
27796,13921,1
27797,13922,1
27798,13896,12
27799,13897,12
27800,13898,12
27801,13899,12
27802,13900,12
27803,13901,12
27804,13902,12
27805,13903,12
27806,13904,12
27807,13905,12
27808,13906,12
27809,13907,12
27810,13908,12
27811,13909,12
27812,13910,12
27813,13911,12
27814,13912,12
27815,13913,12
27816,13914,12
27817,13915,12
27818,13916,12
27819,13917,12
27820,13918,12
27821,13919,12
27822,13920,12
27823,13921,12
27824,13922,12
27825,13923,1
27826,13924,1
27827,13925,1
27828,13926,1
27829,13927,1
27830,13928,1
27831,13929,1
27832,13930,1
27833,13931,1
27834,13932,1
27835,13933,1
27836,13934,1
27837,13935,1
27838,13936,1
27839,13937,1
27840,13938,1
27841,13939,1
27842,13940,1
27843,13941,1
27844,13942,1
27845,13943,1
27846,13944,1
27847,13945,1
27848,13946,1
27849,13947,1
27850,13948,1
27851,13949,1
27852,13950,1
27853,13951,1
27854,13952,1
27855,13953,1
27856,13954,1
27857,13955,1
27858,13956,1
27859,13957,1
27860,13958,1
27861,13959,1
27862,13960,1
27863,13961,1
27864,13962,1
27865,13963,1
27866,13964,1
27867,13965,1
27868,13966,1
27869,13967,1
27870,13968,1
27871,13969,1
27872,13970,1
27873,13971,1
27874,13972,1
27875,13973,1
27876,13974,1
27877,13975,1
27878,13976,1
27879,13977,1
27880,13978,1
27881,13979,1
27882,13980,1
27883,13981,1
27884,13982,1
27885,13983,1
27886,13984,1
27887,13985,1
27888,13986,1
27889,13987,1
27890,13988,1
27891,13989,1
27892,13990,1
27893,13991,1
27894,13992,1
27895,13993,1
27896,13994,1
27897,13995,1
27898,13996,1
27899,13997,1
27900,13998,1
27901,13999,1
27902,14000,1
27903,14001,1
27904,14002,1
27905,14003,1
27906,14004,1
27907,14005,1
27908,14006,1
27909,14007,1
27910,14008,1
27911,14009,1
27912,14010,1
27913,14011,1
27914,14012,1
27915,14013,1
27916,14014,1
27917,14015,1
27918,14016,1
27919,14017,1
27920,14018,1
27921,14019,1
27922,14020,1
27923,14021,1
27924,14022,1
27925,14023,1
27926,14024,1
27927,14025,1
27928,14026,1
27929,14027,1
27930,14028,1
27931,14029,1
27932,13923,12
27933,13924,12
27934,13925,12
27935,13926,12
27936,13927,12
27937,13928,12
27938,13929,12
27939,13930,12
27940,13931,12
27941,13932,12
27942,13933,12
27943,13934,12
27944,13935,12
27945,13936,12
27946,13937,12
27947,13938,12
27948,13939,12
27949,13940,12
27950,13941,12
27951,13942,12
27952,13943,12
27953,13944,12
27954,13945,12
27955,13946,12
27956,13947,12
27957,13948,12
27958,13949,12
27959,13950,12
27960,13951,12
27961,13952,12
27962,13953,12
27963,13954,12
27964,13955,12
27965,13956,12
27966,13957,12
27967,13958,12
27968,13959,12
27969,13960,12
27970,13961,12
27971,13962,12
27972,13963,12
27973,13964,12
27974,13965,12
27975,13966,12
27976,13967,12
27977,13968,12
27978,13969,12
27979,13970,12
27980,13971,12
27981,13972,12
27982,13973,12
27983,13974,12
27984,13975,12
27985,13976,12
27986,13977,12
27987,13978,12
27988,13979,12
27989,13980,12
27990,13981,12
27991,13982,12
27992,13983,12
27993,13984,12
27994,13985,12
27995,13986,12
27996,13987,12
27997,13988,12
27998,13989,12
27999,13990,12
28000,13991,12
28001,13992,12
28002,13993,12
28003,13994,12
28004,13995,12
28005,13996,12
28006,13997,12
28007,13998,12
28008,13999,12
28009,14000,12
28010,14001,12
28011,14002,12
28012,14003,12
28013,14004,12
28014,14005,12
28015,14006,12
28016,14007,12
28017,14008,12
28018,14009,12
28019,14010,12
28020,14011,12
28021,14012,12
28022,14013,12
28023,14014,12
28024,14015,12
28025,14016,12
28026,14017,12
28027,14018,12
28028,14019,12
28029,14020,12
28030,14021,12
28031,14022,12
28032,14023,12
28033,14024,12
28034,14025,12
28035,14026,12
28036,14027,12
28037,14028,12
28038,14029,12
28039,14030,1
28040,14031,1
28041,14032,1
28042,14033,1
28043,14034,1
28044,14035,1
28045,14036,1
28046,14037,1
28047,14038,1
28048,14039,1
28049,14040,1
28050,14041,1
28051,14042,1
28052,14043,1
28053,14044,1
28054,14045,1
28055,14046,1
28056,14047,1
28057,14048,1
28058,14049,1
28059,14050,1
28060,14051,1
28061,14052,1
28062,14053,1
28063,14054,1
28064,14055,1
28065,14056,1
28066,14057,1
28067,14058,1
28068,14059,1
28069,14060,1
28070,14061,1
28071,14062,1
28072,14063,1
28073,14064,1
28074,14065,1
28075,14066,1
28076,14067,1
28077,14068,1
28078,14069,1
28079,14070,1
28080,14071,1
28081,14072,1
28082,14073,1
28083,14074,1
28084,14075,1
28085,14076,1
28086,14077,1
28087,14078,1
28088,14079,1
28089,14080,1
28090,14081,1
28091,14082,1
28092,14083,1
28093,14084,1
28094,14085,1
28095,14086,1
28096,14087,1
28097,14088,1
28098,14089,1
28099,14090,1
28100,14091,1
28101,14092,1
28102,14093,1
28103,14030,12
28104,14031,12
28105,14032,12
28106,14033,12
28107,14034,12
28108,14035,12
28109,14036,12
28110,14037,12
28111,14038,12
28112,14039,12
28113,14040,12
28114,14041,12
28115,14042,12
28116,14043,12
28117,14044,12
28118,14045,12
28119,14046,12
28120,14047,12
28121,14048,12
28122,14049,12
28123,14050,12
28124,14051,12
28125,14052,12
28126,14053,12
28127,14054,12
28128,14055,12
28129,14056,12
28130,14057,12
28131,14058,12
28132,14059,12
28133,14060,12
28134,14061,12
28135,14062,12
28136,14063,12
28137,14064,12
28138,14065,12
28139,14066,12
28140,14067,12
28141,14068,12
28142,14069,12
28143,14070,12
28144,14071,12
28145,14072,12
28146,14073,12
28147,14074,12
28148,14075,12
28149,14076,12
28150,14077,12
28151,14078,12
28152,14079,12
28153,14080,12
28154,14081,12
28155,14082,12
28156,14083,12
28157,14084,12
28158,14085,12
28159,14086,12
28160,14087,12
28161,14088,12
28162,14089,12
28163,14090,12
28164,14091,12
28165,14092,12
28166,14093,12
28167,14094,1
28168,14095,1
28169,14096,1
28170,14097,1
28171,14098,1
28172,14099,1
28173,14100,1
28174,14101,1
28175,14102,1
28176,14103,1
28177,14104,1
28178,14105,1
28179,14106,1
28180,14107,1
28181,14108,1
28182,14109,1
28183,14110,1
28184,14111,1
28185,14112,1
28186,14113,1
28187,14114,1
28188,14115,1
28189,14116,1
28190,14117,1
28191,14118,1
28192,14119,1
28193,14120,1
28194,14121,1
28195,14122,1
28196,14123,1
28197,14124,1
28198,14125,1
28199,14126,1
28200,14127,1
28201,14128,1
28202,14129,1
28203,14130,1
28204,14131,1
28205,14132,1
28206,14133,1
28207,14134,1
28208,14135,1
28209,14136,1
28210,14137,1
28211,14138,1
28212,14139,1
28213,14140,1
28214,14141,1
28215,14142,1
28216,14143,1
28217,14144,1
28218,14145,1
28219,14146,1
28220,14147,1
28221,14148,1
28222,14149,1
28223,14150,1
28224,14151,1
28225,14152,1
28226,14153,1
28227,14154,1
28228,14155,1
28229,14156,1
28230,14157,1
28231,14158,1
28232,14159,1
28233,14160,1
28234,14161,1
28235,14162,1
28236,14163,1
28237,14164,1
28238,14165,1
28239,14166,1
28240,14167,1
28241,14094,12
28242,14095,12
28243,14096,12
28244,14097,12
28245,14098,12
28246,14099,12
28247,14100,12
28248,14101,12
28249,14102,12
28250,14103,12
28251,14104,12
28252,14105,12
28253,14106,12
28254,14107,12
28255,14108,12
28256,14109,12
28257,14110,12
28258,14111,12
28259,14112,12
28260,14113,12
28261,14114,12
28262,14115,12
28263,14116,12
28264,14117,12
28265,14118,12
28266,14119,12
28267,14120,12
28268,14121,12
28269,14122,12
28270,14123,12
28271,14124,12
28272,14125,12
28273,14126,12
28274,14127,12
28275,14128,12
28276,14129,12
28277,14130,12
28278,14131,12
28279,14132,12
28280,14133,12
28281,14134,12
28282,14135,12
28283,14136,12
28284,14137,12
28285,14138,12
28286,14139,12
28287,14140,12
28288,14141,12
28289,14142,12
28290,14143,12
28291,14144,12
28292,14145,12
28293,14146,12
28294,14147,12
28295,14148,12
28296,14149,12
28297,14150,12
28298,14151,12
28299,14152,12
28300,14153,12
28301,14154,12
28302,14155,12
28303,14156,12
28304,14157,12
28305,14158,12
28306,14159,12
28307,14160,12
28308,14161,12
28309,14162,12
28310,14163,12
28311,14164,12
28312,14165,12
28313,14166,12
28314,14167,12
28315,14168,1
28316,14169,1
28317,14170,1
28318,14171,1
28319,14172,1
28320,14173,1
28321,14174,1
28322,14175,1
28323,14176,1
28324,14177,1
28325,14178,1
28326,14179,1
28327,14180,1
28328,14181,1
28329,14182,1
28330,14183,1
28331,14184,1
28332,14185,1
28333,14186,1
28334,14187,1
28335,14188,1
28336,14189,1
28337,14190,1
28338,14191,1
28339,14192,1
28340,14193,1
28341,14194,1
28342,14195,1
28343,14196,1
28344,14197,1
28345,14198,1
28346,14199,1
28347,14200,1
28348,14201,1
28349,14202,1
28350,14203,1
28351,14204,1
28352,14205,1
28353,14206,1
28354,14207,1
28355,14208,1
28356,14209,1
28357,14168,12
28358,14169,12
28359,14170,12
28360,14171,12
28361,14172,12
28362,14173,12
28363,14174,12
28364,14175,12
28365,14176,12
28366,14177,12
28367,14178,12
28368,14179,12
28369,14180,12
28370,14181,12
28371,14182,12
28372,14183,12
28373,14184,12
28374,14185,12
28375,14186,12
28376,14187,12
28377,14188,12
28378,14189,12
28379,14190,12
28380,14191,12
28381,14192,12
28382,14193,12
28383,14194,12
28384,14195,12
28385,14196,12
28386,14197,12
28387,14198,12
28388,14199,12
28389,14200,12
28390,14201,12
28391,14202,12
28392,14203,12
28393,14204,12
28394,14205,12
28395,14206,12
28396,14207,12
28397,14208,12
28398,14209,12
28399,14210,1
28400,14211,1
28401,14212,1
28402,14210,12
28403,14211,12
28404,14212,12
28405,14213,1
28406,14214,1
28407,14213,12
28408,14214,12
28409,14215,1
28410,14216,1
28411,14217,1
28412,14218,1
28413,14219,1
28414,14220,1
28415,14221,1
28416,14222,1
28417,14223,1
28418,14224,1
28419,14225,1
28420,14226,1
28421,14227,1
28422,14228,1
28423,14229,1
28424,14230,1
28425,14231,1
28426,14232,1
28427,14233,1
28428,14234,1
28429,14235,1
28430,14236,1
28431,14237,1
28432,14238,1
28433,14239,1
28434,14240,1
28435,14241,1
28436,14242,1
28437,14243,1
28438,14244,1
28439,14245,1
28440,14246,1
28441,14247,1
28442,14248,1
28443,14249,1
28444,14250,1
28445,14251,1
28446,14252,1
28447,14253,1
28448,14254,1
28449,14255,1
28450,14215,12
28451,14216,12
28452,14217,12
28453,14218,12
28454,14219,12
28455,14220,12
28456,14221,12
28457,14222,12
28458,14223,12
28459,14224,12
28460,14225,12
28461,14226,12
28462,14227,12
28463,14228,12
28464,14229,12
28465,14230,12
28466,14231,12
28467,14232,12
28468,14233,12
28469,14234,12
28470,14235,12
28471,14236,12
28472,14237,12
28473,14238,12
28474,14239,12
28475,14240,12
28476,14241,12
28477,14242,12
28478,14243,12
28479,14244,12
28480,14245,12
28481,14246,12
28482,14247,12
28483,14248,12
28484,14249,12
28485,14250,12
28486,14251,12
28487,14252,12
28488,14253,12
28489,14254,12
28490,14255,12
